-- MySQL dump 10.13  Distrib 5.1.41, for debian-linux-gnu (x86_64)
--
-- Host: localhost    Database: db_sugarcrm
-- ------------------------------------------------------
-- Server version	5.1.41-3ubuntu12.10

/*!40101 SET @OLD_CHARACTER_SET_CLIENT=@@CHARACTER_SET_CLIENT */;
/*!40101 SET @OLD_CHARACTER_SET_RESULTS=@@CHARACTER_SET_RESULTS */;
/*!40101 SET @OLD_COLLATION_CONNECTION=@@COLLATION_CONNECTION */;
/*!40101 SET NAMES utf8 */;
/*!40103 SET @OLD_TIME_ZONE=@@TIME_ZONE */;
/*!40103 SET TIME_ZONE='+00:00' */;
/*!40014 SET @OLD_UNIQUE_CHECKS=@@UNIQUE_CHECKS, UNIQUE_CHECKS=0 */;
/*!40014 SET @OLD_FOREIGN_KEY_CHECKS=@@FOREIGN_KEY_CHECKS, FOREIGN_KEY_CHECKS=0 */;
/*!40101 SET @OLD_SQL_MODE=@@SQL_MODE, SQL_MODE='NO_AUTO_VALUE_ON_ZERO' */;
/*!40111 SET @OLD_SQL_NOTES=@@SQL_NOTES, SQL_NOTES=0 */;

--
-- Table structure for table `accounts`
--

DROP TABLE IF EXISTS `accounts`;
/*!40101 SET @saved_cs_client     = @@character_set_client */;
/*!40101 SET character_set_client = utf8 */;
CREATE TABLE `accounts` (
  `id` char(36) NOT NULL,
  `name` varchar(150) DEFAULT NULL,
  `date_entered` datetime DEFAULT NULL,
  `date_modified` datetime DEFAULT NULL,
  `modified_user_id` char(36) DEFAULT NULL,
  `created_by` char(36) DEFAULT NULL,
  `description` text,
  `deleted` tinyint(1) DEFAULT '0',
  `assigned_user_id` char(36) DEFAULT NULL,
  `account_type` varchar(50) DEFAULT NULL,
  `industry` varchar(50) DEFAULT NULL,
  `annual_revenue` varchar(100) DEFAULT NULL,
  `phone_fax` varchar(100) DEFAULT NULL,
  `billing_address_street` varchar(150) DEFAULT NULL,
  `billing_address_city` varchar(100) DEFAULT NULL,
  `billing_address_state` varchar(100) DEFAULT NULL,
  `billing_address_postalcode` varchar(20) DEFAULT NULL,
  `billing_address_country` varchar(255) DEFAULT NULL,
  `rating` varchar(100) DEFAULT NULL,
  `phone_office` varchar(100) DEFAULT NULL,
  `phone_alternate` varchar(100) DEFAULT NULL,
  `website` varchar(255) DEFAULT NULL,
  `ownership` varchar(100) DEFAULT NULL,
  `employees` varchar(10) DEFAULT NULL,
  `ticker_symbol` varchar(10) DEFAULT NULL,
  `shipping_address_street` varchar(150) DEFAULT NULL,
  `shipping_address_city` varchar(100) DEFAULT NULL,
  `shipping_address_state` varchar(100) DEFAULT NULL,
  `shipping_address_postalcode` varchar(20) DEFAULT NULL,
  `shipping_address_country` varchar(255) DEFAULT NULL,
  `parent_id` char(36) DEFAULT NULL,
  `sic_code` varchar(10) DEFAULT NULL,
  `campaign_id` char(36) DEFAULT NULL,
  PRIMARY KEY (`id`),
  KEY `idx_accnt_id_del` (`id`,`deleted`),
  KEY `idx_accnt_name_del` (`name`,`deleted`),
  KEY `idx_accnt_assigned_del` (`deleted`,`assigned_user_id`),
  KEY `idx_accnt_parent_id` (`parent_id`)
) ENGINE=MyISAM DEFAULT CHARSET=utf8;
/*!40101 SET character_set_client = @saved_cs_client */;

--
-- Dumping data for table `accounts`
--

LOCK TABLES `accounts` WRITE;
/*!40000 ALTER TABLE `accounts` DISABLE KEYS */;
INSERT INTO `accounts` VALUES ('7dbac753-3b2a-5332-e9d3-4f1ec8fe7ce8','test account','2012-01-24 15:02:51','2012-01-24 15:04:38','1','1',NULL,1,'1',NULL,NULL,NULL,NULL,NULL,NULL,NULL,NULL,NULL,NULL,NULL,NULL,'http://',NULL,NULL,NULL,NULL,NULL,NULL,NULL,NULL,NULL,NULL,NULL),('5f670136-f107-f7c3-68a9-4f2985be35cf','TCG, Inc','2012-02-01 18:32:27','2012-06-22 07:28:30','1','1','test record',0,'1',NULL,NULL,NULL,NULL,'2300 Cabot DriveSuite 250 red','Lisle','IL','60532','US',NULL,'619-889-4816',NULL,'http://',NULL,NULL,NULL,'941 Orange Ave #108','Coronado','CA','92118','US',NULL,NULL,NULL),('dc1d15d1-6522-f43d-5986-4f70abbbba24','AL Test','2012-03-26 17:47:06','2012-03-26 17:47:06','9106f88a-f272-8119-72a3-4f3165461fc6','9106f88a-f272-8119-72a3-4f3165461fc6',NULL,0,'9106f88a-f272-8119-72a3-4f3165461fc6',NULL,NULL,NULL,NULL,NULL,NULL,NULL,NULL,NULL,NULL,'858-836-0702',NULL,'http://',NULL,NULL,NULL,NULL,NULL,NULL,NULL,NULL,NULL,NULL,NULL),('1e735357-2a37-25df-facb-4fa26ff76a47','Account Test','2012-05-03 11:42:58','2012-06-19 10:33:50','1','1',NULL,0,'25c40e1c-99ae-de9c-6c6e-4fa285018290',NULL,NULL,NULL,NULL,'Some street','San Diego','CA','92101',NULL,NULL,NULL,NULL,'http://',NULL,NULL,NULL,NULL,NULL,NULL,NULL,NULL,NULL,NULL,NULL);
/*!40000 ALTER TABLE `accounts` ENABLE KEYS */;
UNLOCK TABLES;

--
-- Table structure for table `accounts_audit`
--

DROP TABLE IF EXISTS `accounts_audit`;
/*!40101 SET @saved_cs_client     = @@character_set_client */;
/*!40101 SET character_set_client = utf8 */;
CREATE TABLE `accounts_audit` (
  `id` char(36) NOT NULL,
  `parent_id` char(36) NOT NULL,
  `date_created` datetime DEFAULT NULL,
  `created_by` varchar(36) DEFAULT NULL,
  `field_name` varchar(100) DEFAULT NULL,
  `data_type` varchar(100) DEFAULT NULL,
  `before_value_string` varchar(255) DEFAULT NULL,
  `after_value_string` varchar(255) DEFAULT NULL,
  `before_value_text` text,
  `after_value_text` text,
  KEY `idx_accounts_primary` (`id`),
  KEY `idx_accounts_parent_id` (`parent_id`)
) ENGINE=MyISAM DEFAULT CHARSET=utf8;
/*!40101 SET character_set_client = @saved_cs_client */;

--
-- Dumping data for table `accounts_audit`
--

LOCK TABLES `accounts_audit` WRITE;
/*!40000 ALTER TABLE `accounts_audit` DISABLE KEYS */;
INSERT INTO `accounts_audit` VALUES ('40fcebcc-b2f5-329e-91b9-4fa285107ec4','1e735357-2a37-25df-facb-4fa26ff76a47','2012-05-03 13:17:50','1','assigned_user_id','relate','1','25c40e1c-99ae-de9c-6c6e-4fa285018290',NULL,NULL),('dea94fcb-308e-6ae0-0eed-4fbef606ca27','1e735357-2a37-25df-facb-4fa26ff76a47','2012-05-25 03:01:58','2bf53c62-efbb-f811-41f8-4f3d64001d45','name','name','Shekhar','ACCOUNT TEST',NULL,NULL),('3791d55d-71e6-3335-2b5e-4fd0fc6ddef0','1e735357-2a37-25df-facb-4fa26ff76a47','2012-06-07 19:11:52','2bf53c62-efbb-f811-41f8-4f3d64001d45','name','name','ACCOUNT TEST','Account Test',NULL,NULL);
/*!40000 ALTER TABLE `accounts_audit` ENABLE KEYS */;
UNLOCK TABLES;

--
-- Table structure for table `accounts_bugs`
--

DROP TABLE IF EXISTS `accounts_bugs`;
/*!40101 SET @saved_cs_client     = @@character_set_client */;
/*!40101 SET character_set_client = utf8 */;
CREATE TABLE `accounts_bugs` (
  `id` varchar(36) NOT NULL,
  `account_id` varchar(36) DEFAULT NULL,
  `bug_id` varchar(36) DEFAULT NULL,
  `date_modified` datetime DEFAULT NULL,
  `deleted` tinyint(1) DEFAULT '0',
  PRIMARY KEY (`id`),
  KEY `idx_acc_bug_acc` (`account_id`),
  KEY `idx_acc_bug_bug` (`bug_id`),
  KEY `idx_account_bug` (`account_id`,`bug_id`)
) ENGINE=MyISAM DEFAULT CHARSET=utf8;
/*!40101 SET character_set_client = @saved_cs_client */;

--
-- Dumping data for table `accounts_bugs`
--

LOCK TABLES `accounts_bugs` WRITE;
/*!40000 ALTER TABLE `accounts_bugs` DISABLE KEYS */;
/*!40000 ALTER TABLE `accounts_bugs` ENABLE KEYS */;
UNLOCK TABLES;

--
-- Table structure for table `accounts_cases`
--

DROP TABLE IF EXISTS `accounts_cases`;
/*!40101 SET @saved_cs_client     = @@character_set_client */;
/*!40101 SET character_set_client = utf8 */;
CREATE TABLE `accounts_cases` (
  `id` varchar(36) NOT NULL,
  `account_id` varchar(36) DEFAULT NULL,
  `case_id` varchar(36) DEFAULT NULL,
  `date_modified` datetime DEFAULT NULL,
  `deleted` tinyint(1) DEFAULT '0',
  PRIMARY KEY (`id`),
  KEY `idx_acc_case_acc` (`account_id`),
  KEY `idx_acc_acc_case` (`case_id`)
) ENGINE=MyISAM DEFAULT CHARSET=utf8;
/*!40101 SET character_set_client = @saved_cs_client */;

--
-- Dumping data for table `accounts_cases`
--

LOCK TABLES `accounts_cases` WRITE;
/*!40000 ALTER TABLE `accounts_cases` DISABLE KEYS */;
/*!40000 ALTER TABLE `accounts_cases` ENABLE KEYS */;
UNLOCK TABLES;

--
-- Table structure for table `accounts_contacts`
--

DROP TABLE IF EXISTS `accounts_contacts`;
/*!40101 SET @saved_cs_client     = @@character_set_client */;
/*!40101 SET character_set_client = utf8 */;
CREATE TABLE `accounts_contacts` (
  `id` varchar(36) NOT NULL,
  `contact_id` varchar(36) DEFAULT NULL,
  `account_id` varchar(36) DEFAULT NULL,
  `date_modified` datetime DEFAULT NULL,
  `deleted` tinyint(1) DEFAULT '0',
  PRIMARY KEY (`id`),
  KEY `idx_account_contact` (`account_id`,`contact_id`),
  KEY `idx_contid_del_accid` (`contact_id`,`deleted`,`account_id`)
) ENGINE=MyISAM DEFAULT CHARSET=utf8;
/*!40101 SET character_set_client = @saved_cs_client */;

--
-- Dumping data for table `accounts_contacts`
--

LOCK TABLES `accounts_contacts` WRITE;
/*!40000 ALTER TABLE `accounts_contacts` DISABLE KEYS */;
INSERT INTO `accounts_contacts` VALUES ('e5efd8e5-4236-d3dd-af21-4f2985f4bc0d','bc2b8613-7800-d1d4-1f0e-4f2984fdcc27','5f670136-f107-f7c3-68a9-4f2985be35cf','2012-06-22 07:28:29',0),('f3125354-5b18-43c5-a65e-4f3aafe5544d','efe96a32-66ef-938b-7286-4f3aafa95128','5f670136-f107-f7c3-68a9-4f2985be35cf','2012-02-14 19:48:51',1),('eb264e48-db3b-a386-48ed-4fa7eff142ec','e98a2c51-30f5-1050-e27a-4fa7ef984fe4','5f670136-f107-f7c3-68a9-4f2985be35cf','2012-06-06 11:57:25',1),('ce1f8ff8-30ae-7784-ed04-4fbef4320ae8','e73861cd-0ee7-b55d-98db-4fa7c74f2671','1e735357-2a37-25df-facb-4fa26ff76a47','2012-06-06 11:57:36',1),('828c219a-139a-d896-4dd6-4fcf4cd37740','7eb2386a-bc9f-f10b-84df-4fcf4c27df2a','5f670136-f107-f7c3-68a9-4f2985be35cf','2012-06-06 12:30:08',1),('a3b2ff27-6222-c697-a2bf-4fcf4cada300','9faa4fac-0690-79a6-0c6f-4fcf4cb1d5e0','5f670136-f107-f7c3-68a9-4f2985be35cf','2012-06-06 12:30:08',1),('582fe6bc-150c-5e8d-e5c0-4fcf4d2ba381','54379873-30e1-3fa9-ebc5-4fcf4d55fdb4','5f670136-f107-f7c3-68a9-4f2985be35cf','2012-06-06 12:32:29',1),('1937d3f9-d408-9eaf-82e2-4fcf4dcb6daa','155918a1-9b36-149b-1630-4fcf4d54771d','5f670136-f107-f7c3-68a9-4f2985be35cf','2012-06-06 12:32:29',1),('d569d0d2-caea-aeaf-81df-4fcf4dabad7c','d1e13ae6-8b49-5b0a-4718-4fcf4de29232','5f670136-f107-f7c3-68a9-4f2985be35cf','2012-06-06 12:35:18',1),('981c24b3-9f87-35a3-86ee-4fcf4dc1940f','94a3b1d3-c262-98fe-8681-4fcf4dc682d5','5f670136-f107-f7c3-68a9-4f2985be35cf','2012-06-06 12:35:18',1),('2036cfe3-dd36-1567-a19f-4fcf4f097689','1c5a6faa-268c-af01-d2a4-4fcf4fe7a474','5f670136-f107-f7c3-68a9-4f2985be35cf','2012-06-12 11:29:03',1),('d8e5139b-7195-b8db-0ae2-4fcf4f46d21b','d4fb30c9-2f3a-25f2-018d-4fcf4fceb81b','5f670136-f107-f7c3-68a9-4f2985be35cf','2012-06-12 11:29:03',1),('55b8bf38-39aa-5a47-701a-4fcfab0badf0','542e6ba0-fc91-fb9b-caab-4fcfab04ca3d','1e735357-2a37-25df-facb-4fa26ff76a47','2012-06-19 10:33:44',0),('1f04a7f9-2f87-b2e0-e2c7-4fd085481e47','1b0b7a07-7d32-6242-d3b8-4fd0859b0d6b','5f670136-f107-f7c3-68a9-4f2985be35cf','2012-06-12 11:29:03',1),('1c3ae127-e417-2605-7996-4fd085505e64','183da45b-536c-2e03-80a3-4fd085ca39a6','5f670136-f107-f7c3-68a9-4f2985be35cf','2012-06-12 11:29:03',1),('8c54ce16-7e19-65dc-152c-4fd08f2fb25b','884761b0-bd89-7a96-2bf1-4fd08f673ddf','5f670136-f107-f7c3-68a9-4f2985be35cf','2012-06-12 11:29:03',1),('8e86739f-1197-d032-8815-4fd08f7828e2','8ab39a46-6a4a-37ac-ad6b-4fd08f4ffd72','5f670136-f107-f7c3-68a9-4f2985be35cf','2012-06-12 11:29:03',1),('46f7fb77-91be-d081-5a55-4fd092875bd8','42caacb2-4cff-78bf-6675-4fd092b4cd04','5f670136-f107-f7c3-68a9-4f2985be35cf','2012-06-12 11:29:03',1),('3e1e6687-7910-5aa1-3db1-4fd092f3e9c5','3ab5f001-dec0-8c1b-2249-4fd09243c120','5f670136-f107-f7c3-68a9-4f2985be35cf','2012-06-12 11:29:03',1),('a8a82a25-113e-615a-5319-4fd0947b3f7b','a4d11fe7-f2d1-de6a-a163-4fd094dcad13','5f670136-f107-f7c3-68a9-4f2985be35cf','2012-06-12 11:29:03',1),('ca92230b-6416-52bd-4fb7-4fd094905f5d','c6c5bc90-5828-9104-97b2-4fd094e79393','5f670136-f107-f7c3-68a9-4f2985be35cf','2012-06-12 11:29:03',1),('f16a6ff1-1a4c-200d-bcec-4fd0949a702a','ed99e667-cd6c-ecfc-2192-4fd0945abbde','5f670136-f107-f7c3-68a9-4f2985be35cf','2012-06-12 11:29:03',1),('f2df6cbe-7869-b4b7-5b2c-4fd0947f9729','ef135f48-278a-d312-b510-4fd0946af369','5f670136-f107-f7c3-68a9-4f2985be35cf','2012-06-12 11:28:43',1),('b8ac736c-5a78-070b-d5f6-4fd0959bd2cc','b52e83c3-fde5-6458-6f55-4fd095bbe532','5f670136-f107-f7c3-68a9-4f2985be35cf','2012-06-12 11:28:43',1),('c297368d-e0d0-0af1-9c87-4fd095495b2d','bf157d01-c4b3-54aa-8ee1-4fd095aaf08b','5f670136-f107-f7c3-68a9-4f2985be35cf','2012-06-12 11:28:43',1),('a4b97b92-402f-083a-8a91-4fd72514e360','a130815e-b04f-e0d4-3383-4fd7251b0176','5f670136-f107-f7c3-68a9-4f2985be35cf','2012-06-12 11:28:43',1),('55448d44-7ec0-5ab9-cf24-4fd725439e87','51e2eace-6c81-51f2-7a88-4fd72528e2af','5f670136-f107-f7c3-68a9-4f2985be35cf','2012-06-12 11:28:43',1),('350c314d-16e4-0bf3-8987-4fd725a3019b','31b2e97f-707f-58a8-9864-4fd7250ddfda','5f670136-f107-f7c3-68a9-4f2985be35cf','2012-06-12 11:28:43',1),('d8bb6354-0bbc-d814-51ea-4fd725cc84d9','d562041a-101e-29a6-fca8-4fd725ca596d','5f670136-f107-f7c3-68a9-4f2985be35cf','2012-06-12 11:28:43',1),('94fab35c-b0a3-dd1a-1a07-4fd7281d455b','917e9629-15bf-0ba6-d1f7-4fd7287b373e','5f670136-f107-f7c3-68a9-4f2985be35cf','2012-06-21 08:40:30',1),('4cb06a53-db9f-33b7-64b9-4fd7286ab8e4','492fbf39-7702-1995-d0a3-4fd728ba4473','5f670136-f107-f7c3-68a9-4f2985be35cf','2012-06-21 08:45:22',1),('5aa86fb1-753f-81af-1114-4fd728d13d38','572134e2-5ce9-7b00-1169-4fd728888ce4','5f670136-f107-f7c3-68a9-4f2985be35cf','2012-06-12 11:30:52',0),('99840e5c-729f-f4da-c1b6-4fd728607b34','616a07d7-94a7-0e34-df50-4fd7280fda6b','5f670136-f107-f7c3-68a9-4f2985be35cf','2012-06-12 11:30:52',0),('96e004f9-1bbf-ea16-194a-4fd729fddc25','59010045-b7b6-b7ce-a997-4fd72905b659','5f670136-f107-f7c3-68a9-4f2985be35cf','2012-06-21 10:22:29',0),('332aef4f-fd4d-d6fa-b28a-4fd72981b505','2f57d841-f59c-2a43-48b4-4fd729446ede','5f670136-f107-f7c3-68a9-4f2985be35cf','2012-06-12 11:37:14',0),('f3c1a594-5cda-9ff1-0d30-4fd72de0574e','efdf6c0b-12eb-b194-4933-4fd72d836f48','5f670136-f107-f7c3-68a9-4f2985be35cf','2012-06-21 10:47:05',0),('c882c177-d318-04e3-db41-4fd72d39162b','c4813da0-f8c5-75bc-2240-4fd72d916704','5f670136-f107-f7c3-68a9-4f2985be35cf','2012-06-21 11:38:19',1),('d6df5ef7-3781-65e0-ba61-4fd736a56eaa','d2daf851-7bc6-01ea-de51-4fd7362fdd77','5f670136-f107-f7c3-68a9-4f2985be35cf','2012-06-21 08:41:29',1),('f2853df3-d189-dd64-c8a6-4fd7367c30d0','ee97571b-ce0b-d42d-866a-4fd73624daa6','5f670136-f107-f7c3-68a9-4f2985be35cf','2012-06-21 11:45:57',0),('d3e06a46-a0a5-d1b3-a809-4fd73989add6','d01375e7-5138-2fcd-a2fb-4fd739e17124','5f670136-f107-f7c3-68a9-4f2985be35cf','2012-06-21 08:48:23',1),('cf5afb0e-505d-a9fb-072b-4fd739a05e37','cb751ee3-818f-b3f8-5672-4fd739c6f812','5f670136-f107-f7c3-68a9-4f2985be35cf','2012-06-12 12:43:25',0),('75031756-766b-c7d5-ab17-4fd87e8c0007','a5cf2bca-cc8c-ae8b-16c1-4f32daf5cd68','1e735357-2a37-25df-facb-4fa26ff76a47','2012-06-13 13:19:34',0),('adfb1d1d-580b-3d93-ae01-4fdae62aa112','aa138745-e47f-c99a-236f-4fdae6ef5fb6','5f670136-f107-f7c3-68a9-4f2985be35cf','2012-06-15 07:45:54',1),('4a52cf69-4dcb-8fda-6e90-4fdae8ef6e77','467dcdae-7161-53bd-3f7e-4fdae8eda62d','5f670136-f107-f7c3-68a9-4f2985be35cf','2012-06-15 08:06:51',1),('6783fdf2-9adf-696c-05c4-4fdaed0a25a9','639abbd8-0c73-181b-1575-4fdaedcaba07','5f670136-f107-f7c3-68a9-4f2985be35cf','2012-06-15 08:12:59',1),('1c08e2d4-2fd1-b5f4-d274-4fdaf19bca75','183b2da3-5ee4-3c86-04c2-4fdaf1e74570','5f670136-f107-f7c3-68a9-4f2985be35cf','2012-06-22 07:28:30',0),('a8a4c471-3bbd-f2cb-828c-4fe055f53172','a4c6c428-7dd1-5f50-38db-4fe055d3bb93','1e735357-2a37-25df-facb-4fa26ff76a47','2012-06-19 10:33:45',0),('14802f9f-89a8-4c34-a313-4fe1bea7d544','108cea6e-7571-2e21-7a27-4fe1be0fb781','5f670136-f107-f7c3-68a9-4f2985be35cf','2012-06-22 07:25:25',0),('ef42827c-633c-4ea6-3475-4fe41ea37d3c','eb4c23bc-5091-4767-f798-4fe41e660bc4','5f670136-f107-f7c3-68a9-4f2985be35cf','2012-06-22 07:28:30',0),('7ac10355-fb7c-0634-2d6e-4fe41ee847a1','76f66c69-0e1d-b310-9aea-4fe41e5a9754','5f670136-f107-f7c3-68a9-4f2985be35cf','2012-06-22 07:28:31',0);
/*!40000 ALTER TABLE `accounts_contacts` ENABLE KEYS */;
UNLOCK TABLES;

--
-- Table structure for table `accounts_opportunities`
--

DROP TABLE IF EXISTS `accounts_opportunities`;
/*!40101 SET @saved_cs_client     = @@character_set_client */;
/*!40101 SET character_set_client = utf8 */;
CREATE TABLE `accounts_opportunities` (
  `id` varchar(36) NOT NULL,
  `opportunity_id` varchar(36) DEFAULT NULL,
  `account_id` varchar(36) DEFAULT NULL,
  `date_modified` datetime DEFAULT NULL,
  `deleted` tinyint(1) DEFAULT '0',
  PRIMARY KEY (`id`),
  KEY `idx_account_opportunity` (`account_id`,`opportunity_id`),
  KEY `idx_oppid_del_accid` (`opportunity_id`,`deleted`,`account_id`)
) ENGINE=MyISAM DEFAULT CHARSET=utf8;
/*!40101 SET character_set_client = @saved_cs_client */;

--
-- Dumping data for table `accounts_opportunities`
--

LOCK TABLES `accounts_opportunities` WRITE;
/*!40000 ALTER TABLE `accounts_opportunities` DISABLE KEYS */;
INSERT INTO `accounts_opportunities` VALUES ('cd76ff9f-0802-c897-bae3-4f2986690448','ca209b95-d565-6308-bdc0-4f2986bff41f','5f670136-f107-f7c3-68a9-4f2985be35cf','2012-04-24 21:37:32',0),('eb176ca8-3a10-b899-1274-4f68b9d82afd','e77d0167-2881-8330-58b2-4f68b94892ca','5f670136-f107-f7c3-68a9-4f2985be35cf','2012-06-21 20:44:25',0),('db07fd30-492f-c1fc-3fd0-4f70aba0c9fc','d673e118-efdb-018c-57c8-4f70abfb7274','dc1d15d1-6522-f43d-5986-4f70abbbba24','2012-04-02 22:41:56',0),('5e4683b4-b69f-1e35-b112-4fd10097596c','5a909012-e130-1832-fcb9-4fd10050d33b','5f670136-f107-f7c3-68a9-4f2985be35cf','2012-06-21 20:44:03',0),('c645d487-cc5a-95a3-9ed3-4fe3876acd7b','c20cacc6-4af0-e42f-a515-4fe38740f798','5f670136-f107-f7c3-68a9-4f2985be35cf','2012-06-21 20:44:54',0),('439592ba-d569-15d3-5daa-4fe3871d6e31','3f49f3d5-4dfd-bebc-b322-4fe387b121ab','5f670136-f107-f7c3-68a9-4f2985be35cf','2012-06-21 20:45:07',0);
/*!40000 ALTER TABLE `accounts_opportunities` ENABLE KEYS */;
UNLOCK TABLES;

--
-- Table structure for table `acl_actions`
--

DROP TABLE IF EXISTS `acl_actions`;
/*!40101 SET @saved_cs_client     = @@character_set_client */;
/*!40101 SET character_set_client = utf8 */;
CREATE TABLE `acl_actions` (
  `id` char(36) NOT NULL,
  `date_entered` datetime DEFAULT NULL,
  `date_modified` datetime DEFAULT NULL,
  `modified_user_id` char(36) DEFAULT NULL,
  `created_by` char(36) DEFAULT NULL,
  `name` varchar(150) DEFAULT NULL,
  `category` varchar(100) DEFAULT NULL,
  `acltype` varchar(100) DEFAULT NULL,
  `aclaccess` int(3) DEFAULT NULL,
  `deleted` tinyint(1) DEFAULT '0',
  PRIMARY KEY (`id`),
  KEY `idx_aclaction_id_del` (`id`,`deleted`),
  KEY `idx_category_name` (`category`,`name`)
) ENGINE=MyISAM DEFAULT CHARSET=utf8;
/*!40101 SET character_set_client = @saved_cs_client */;

--
-- Dumping data for table `acl_actions`
--

LOCK TABLES `acl_actions` WRITE;
/*!40000 ALTER TABLE `acl_actions` DISABLE KEYS */;
INSERT INTO `acl_actions` VALUES ('199db185-3fdb-aa3f-0e7b-4f187ae56c69','2012-01-19 20:18:58','2012-01-19 20:18:58','1',NULL,'access','Leads','module',89,0),('19e9f8ee-bd5d-4fea-ca65-4f187a70a25a','2012-01-19 20:18:58','2012-01-19 20:18:58','1',NULL,'view','Leads','module',90,0),('1a27f8c7-6c03-6e81-c006-4f187af4bac3','2012-01-19 20:18:58','2012-01-19 20:18:58','1',NULL,'list','Leads','module',90,0),('1a64c8bb-9749-ba63-cf15-4f187afea5b9','2012-01-19 20:18:58','2012-01-19 20:18:58','1',NULL,'edit','Leads','module',90,0),('1aa08896-a8fd-ee11-7f48-4f187a809293','2012-01-19 20:18:58','2012-01-19 20:18:58','1',NULL,'delete','Leads','module',90,0),('1ada544d-1882-1c2c-ff27-4f187a156204','2012-01-19 20:18:58','2012-01-19 20:18:58','1',NULL,'import','Leads','module',90,0),('1b14e081-3b6a-8e3f-08fd-4f187afe2ec8','2012-01-19 20:18:58','2012-01-19 20:18:58','1',NULL,'export','Leads','module',90,0),('1b4f8a66-1f7b-c747-dc30-4f187ac449a5','2012-01-19 20:18:58','2012-01-19 20:18:58','1',NULL,'massupdate','Leads','module',90,0),('2325e5f0-abc4-eafd-91e7-4f187a6ef30e','2012-01-19 20:18:58','2012-01-19 20:18:58','1',NULL,'access','Cases','module',89,0),('2367da32-6a88-c9d3-8e0c-4f187ab6121a','2012-01-19 20:18:58','2012-01-19 20:18:58','1',NULL,'view','Cases','module',90,0),('23a30193-2217-0ae1-b7b4-4f187a00420b','2012-01-19 20:18:58','2012-01-19 20:18:58','1',NULL,'list','Cases','module',90,0),('23e162db-6831-9454-ae2f-4f187a5eca7f','2012-01-19 20:18:58','2012-01-19 20:18:58','1',NULL,'edit','Cases','module',90,0),('24219b13-abb5-c859-2dfd-4f187acb4b94','2012-01-19 20:18:58','2012-01-19 20:18:58','1',NULL,'delete','Cases','module',90,0),('2460bb7c-7f52-620a-1714-4f187a39538a','2012-01-19 20:18:58','2012-01-19 20:18:58','1',NULL,'import','Cases','module',90,0),('249b6c31-0408-f3b9-44ea-4f187acaa72e','2012-01-19 20:18:58','2012-01-19 20:18:58','1',NULL,'export','Cases','module',90,0),('24d72aea-7f23-d261-4a4e-4f187a674603','2012-01-19 20:18:58','2012-01-19 20:18:58','1',NULL,'massupdate','Cases','module',90,0),('2c19d3de-62a2-a0d3-23a0-4f187ad58883','2012-01-19 20:18:58','2012-01-19 20:18:58','1',NULL,'access','Bugs','module',89,0),('2c60595e-060f-b7fb-a8e0-4f187a1894a2','2012-01-19 20:18:58','2012-01-19 20:18:58','1',NULL,'view','Bugs','module',90,0),('2c9b9543-d6da-ab5c-4d94-4f187a82c7d5','2012-01-19 20:18:58','2012-01-19 20:18:58','1',NULL,'list','Bugs','module',90,0),('2cd7e68a-69ed-22a0-03e0-4f187af7fcdf','2012-01-19 20:18:58','2012-01-19 20:18:58','1',NULL,'edit','Bugs','module',90,0),('2d1a1eb9-4bb9-2679-c215-4f187a1aea2d','2012-01-19 20:18:58','2012-01-19 20:18:58','1',NULL,'delete','Bugs','module',90,0),('2d563477-d44f-b0b8-68ee-4f187ad58555','2012-01-19 20:18:58','2012-01-19 20:18:58','1',NULL,'import','Bugs','module',90,0),('2d937057-174a-4777-8469-4f187a61691c','2012-01-19 20:18:58','2012-01-19 20:18:58','1',NULL,'export','Bugs','module',90,0),('2dcf7465-366d-5184-23d3-4f187a91dee4','2012-01-19 20:18:58','2012-01-19 20:18:58','1',NULL,'massupdate','Bugs','module',90,0),('34cc8d51-412a-c5cd-4107-4f187a06c3b6','2012-01-19 20:18:58','2012-01-19 20:18:58','1',NULL,'access','Users','module',89,0),('3516ff55-bf54-fdac-16cb-4f187a207ce9','2012-01-19 20:18:58','2012-01-19 20:18:58','1',NULL,'view','Users','module',90,0),('35576dee-b036-4a27-8e34-4f187a4b73fa','2012-01-19 20:18:58','2012-01-19 20:18:58','1',NULL,'list','Users','module',90,0),('3593e844-8d79-93dc-5b55-4f187a8d6056','2012-01-19 20:18:58','2012-01-19 20:18:58','1',NULL,'edit','Users','module',90,0),('35d230aa-732c-64c8-4661-4f187a9dde95','2012-01-19 20:18:58','2012-01-19 20:18:58','1',NULL,'delete','Users','module',90,0),('360e9f48-85f4-9a19-7f40-4f187a611cf3','2012-01-19 20:18:58','2012-01-19 20:18:58','1',NULL,'import','Users','module',90,0),('364f5b50-4f9e-100b-f9e7-4f187ae95b30','2012-01-19 20:18:58','2012-01-19 20:18:58','1',NULL,'export','Users','module',90,0),('368c8be7-dbab-5bba-9909-4f187a1439ec','2012-01-19 20:18:58','2012-01-19 20:18:58','1',NULL,'massupdate','Users','module',90,0),('3d7c2bb6-46d5-2a52-5848-4f187a24745b','2012-01-19 20:18:58','2012-01-19 20:18:58','1',NULL,'access','Project','module',89,0),('3dc2844d-408d-3884-47a9-4f187a1fb806','2012-01-19 20:18:58','2012-01-19 20:18:58','1',NULL,'view','Project','module',90,0),('3e00e37b-2b4b-8b59-c701-4f187a2e06c4','2012-01-19 20:18:58','2012-01-19 20:18:58','1',NULL,'list','Project','module',90,0),('3e3cebd5-593d-267a-a9ac-4f187af2ab0c','2012-01-19 20:18:58','2012-01-19 20:18:58','1',NULL,'edit','Project','module',90,0),('3e78b18d-856e-d65f-b7e7-4f187aea37f0','2012-01-19 20:18:58','2012-01-19 20:18:58','1',NULL,'delete','Project','module',90,0),('3eb5b3af-d67b-d16e-a041-4f187ac7463c','2012-01-19 20:18:58','2012-01-19 20:18:58','1',NULL,'import','Project','module',90,0),('3ef2c528-ab9e-da58-a6b0-4f187ae70fc2','2012-01-19 20:18:58','2012-01-19 20:18:58','1',NULL,'export','Project','module',90,0),('3f32f026-601a-ab15-7223-4f187a31654d','2012-01-19 20:18:58','2012-01-19 20:18:58','1',NULL,'massupdate','Project','module',90,0),('446f4aa6-8538-573c-b019-4f187a45f5a9','2012-01-19 20:18:58','2012-01-19 20:18:58','1',NULL,'access','ProjectTask','module',89,0),('44b739ca-61e1-a1cc-a5c0-4f187aac0316','2012-01-19 20:18:58','2012-01-19 20:18:58','1',NULL,'view','ProjectTask','module',90,0),('44f63251-60dc-b410-36c9-4f187abfd819','2012-01-19 20:18:58','2012-01-19 20:18:58','1',NULL,'list','ProjectTask','module',90,0),('45338d77-f485-3e0b-d8ab-4f187acbf91a','2012-01-19 20:18:58','2012-01-19 20:18:58','1',NULL,'edit','ProjectTask','module',90,0),('4570b3ea-a689-9712-2098-4f187ae64455','2012-01-19 20:18:58','2012-01-19 20:18:58','1',NULL,'delete','ProjectTask','module',90,0),('45ae3837-80cd-cd24-6400-4f187ad41c27','2012-01-19 20:18:58','2012-01-19 20:18:58','1',NULL,'import','ProjectTask','module',90,0),('45ff24f2-1ab6-bde7-8e07-4f187a1d4eb5','2012-01-19 20:18:58','2012-01-19 20:18:58','1',NULL,'export','ProjectTask','module',90,0),('4641d2e5-1b07-4b95-2787-4f187a9f6d66','2012-01-19 20:18:58','2012-01-19 20:18:58','1',NULL,'massupdate','ProjectTask','module',90,0),('4da5f44c-d06d-4a54-dcd9-4f187aca772d','2012-01-19 20:18:58','2012-01-19 20:18:58','1',NULL,'access','Campaigns','module',89,0),('4ded800a-af66-19d4-de9f-4f187a315058','2012-01-19 20:18:58','2012-01-19 20:18:58','1',NULL,'view','Campaigns','module',90,0),('4e2a2abb-14f6-c10c-d69f-4f187ada19f8','2012-01-19 20:18:58','2012-01-19 20:18:58','1',NULL,'list','Campaigns','module',90,0),('4e6737fd-3b06-1e7e-d856-4f187a9f9c5b','2012-01-19 20:18:58','2012-01-19 20:18:58','1',NULL,'edit','Campaigns','module',90,0),('4ea34d79-463d-8f10-0958-4f187a4aec7d','2012-01-19 20:18:58','2012-01-19 20:18:58','1',NULL,'delete','Campaigns','module',90,0),('4edef993-92ab-6f1f-4849-4f187ad9cad4','2012-01-19 20:18:58','2012-01-19 20:18:58','1',NULL,'import','Campaigns','module',90,0),('4f1bf7a6-1a5c-6db1-59d5-4f187a2b9eca','2012-01-19 20:18:58','2012-01-19 20:18:58','1',NULL,'export','Campaigns','module',90,0),('4f586112-1fc9-806e-2864-4f187af50dfa','2012-01-19 20:18:58','2012-01-19 20:18:58','1',NULL,'massupdate','Campaigns','module',90,0),('5613f595-40ec-950d-3b6f-4f187aead495','2012-01-19 20:18:58','2012-01-19 20:18:58','1',NULL,'access','ProspectLists','module',89,0),('565aabb3-e241-2317-04e3-4f187a12c911','2012-01-19 20:18:58','2012-01-19 20:18:58','1',NULL,'view','ProspectLists','module',90,0),('56994cd2-946c-0e5f-2ed5-4f187abef02f','2012-01-19 20:18:58','2012-01-19 20:18:58','1',NULL,'list','ProspectLists','module',90,0),('56d6c82b-1532-326d-7824-4f187ace408a','2012-01-19 20:18:58','2012-01-19 20:18:58','1',NULL,'edit','ProspectLists','module',90,0),('5714255c-c4ee-9b95-ae70-4f187ae1f605','2012-01-19 20:18:58','2012-01-19 20:18:58','1',NULL,'delete','ProspectLists','module',90,0),('5752cca1-3784-6fd8-9d9c-4f187acba1f8','2012-01-19 20:18:58','2012-01-19 20:18:58','1',NULL,'import','ProspectLists','module',90,0),('579864b6-1a82-36cf-7e63-4f187a5ef054','2012-01-19 20:18:58','2012-01-19 20:18:58','1',NULL,'export','ProspectLists','module',90,0),('57d67444-6f11-a44b-478c-4f187a61823b','2012-01-19 20:18:58','2012-01-19 20:18:58','1',NULL,'massupdate','ProspectLists','module',90,0),('5d0c3861-dcb8-f06a-bd2e-4f187a8ce24f','2012-01-19 20:18:58','2012-01-19 20:18:58','1',NULL,'access','Prospects','module',89,0),('5d55cb6f-f074-07a8-cc8c-4f187af6bab7','2012-01-19 20:18:58','2012-01-19 20:18:58','1',NULL,'view','Prospects','module',90,0),('5d93fc78-d7f3-3036-7712-4f187ab037ef','2012-01-19 20:18:58','2012-01-19 20:18:58','1',NULL,'list','Prospects','module',90,0),('5dd2fb11-1c6b-948e-0c48-4f187acd9a3d','2012-01-19 20:18:58','2012-01-19 20:18:58','1',NULL,'edit','Prospects','module',90,0),('5e105bf4-3229-f803-0555-4f187a69bc15','2012-01-19 20:18:58','2012-01-19 20:18:58','1',NULL,'delete','Prospects','module',90,0),('5e5a10ce-837f-822d-2e07-4f187a43828c','2012-01-19 20:18:58','2012-01-19 20:18:58','1',NULL,'import','Prospects','module',90,0),('5e9bcb06-7e54-992f-a256-4f187a021cdf','2012-01-19 20:18:58','2012-01-19 20:18:58','1',NULL,'export','Prospects','module',90,0),('5edee62a-38c7-1525-3bea-4f187a55c466','2012-01-19 20:18:58','2012-01-19 20:18:58','1',NULL,'massupdate','Prospects','module',90,0),('63a846e6-7e23-4d23-8ab4-4f187ac577f2','2012-01-19 20:18:58','2012-01-19 20:18:58','1',NULL,'access','EmailMarketing','module',89,0),('63ebf31d-ed1c-08ce-a9cc-4f187af5c125','2012-01-19 20:18:58','2012-01-19 20:18:58','1',NULL,'view','EmailMarketing','module',90,0),('64290ec1-f4a6-07a8-67db-4f187acbff27','2012-01-19 20:18:58','2012-01-19 20:18:58','1',NULL,'list','EmailMarketing','module',90,0),('64662f44-771e-0338-f646-4f187a878408','2012-01-19 20:18:58','2012-01-19 20:18:58','1',NULL,'edit','EmailMarketing','module',90,0),('64a29b10-fc19-368e-58ef-4f187a366dc7','2012-01-19 20:18:58','2012-01-19 20:18:58','1',NULL,'delete','EmailMarketing','module',90,0),('64decda2-37d2-79cb-9f3c-4f187a71d08a','2012-01-19 20:18:58','2012-01-19 20:18:58','1',NULL,'import','EmailMarketing','module',90,0),('651c8355-2a8b-d645-c0fc-4f187a5d68cb','2012-01-19 20:18:58','2012-01-19 20:18:58','1',NULL,'export','EmailMarketing','module',90,0),('6558ebec-e643-3e9e-5d2c-4f187ae28a9d','2012-01-19 20:18:58','2012-01-19 20:18:58','1',NULL,'massupdate','EmailMarketing','module',90,0),('773228d2-77d9-7016-c678-4f187ab03d72','2012-01-19 20:18:58','2012-01-19 20:18:58','1',NULL,'access','Contacts','module',89,0),('777b08f6-0d74-941a-d6b4-4f187adb02c6','2012-01-19 20:18:58','2012-01-19 20:18:58','1',NULL,'view','Contacts','module',90,0),('77b8e1b9-3eae-0c33-4346-4f187ac3b1d8','2012-01-19 20:18:58','2012-01-19 20:18:58','1',NULL,'list','Contacts','module',90,0),('77f9ef1f-8fbf-4b64-1b20-4f187a1fae0f','2012-01-19 20:18:58','2012-01-19 20:18:58','1',NULL,'edit','Contacts','module',90,0),('7836584d-ed9b-6166-0b34-4f187a5a537e','2012-01-19 20:18:58','2012-01-19 20:18:58','1',NULL,'delete','Contacts','module',90,0),('78739b0b-cb0c-2a29-3c27-4f187a75b57c','2012-01-19 20:18:58','2012-01-19 20:18:58','1',NULL,'import','Contacts','module',90,0),('78b48600-03f9-0bd9-89ab-4f187a9935f3','2012-01-19 20:18:58','2012-01-19 20:18:58','1',NULL,'export','Contacts','module',90,0),('78f13d53-faa1-e3a9-e5c9-4f187addb73e','2012-01-19 20:18:58','2012-01-19 20:18:58','1',NULL,'massupdate','Contacts','module',90,0),('81e357a6-9d43-7ffc-2251-4f187a3178f1','2012-01-19 20:18:58','2012-01-19 20:18:58','1',NULL,'access','Accounts','module',89,0),('822a1815-8b86-436f-23f8-4f187a0748cb','2012-01-19 20:18:58','2012-01-19 20:18:58','1',NULL,'view','Accounts','module',90,0),('8268caff-4d38-83c7-8a46-4f187af413ec','2012-01-19 20:18:58','2012-01-19 20:18:58','1',NULL,'list','Accounts','module',90,0),('82a5e676-add5-1c2f-d4d0-4f187a50ee5a','2012-01-19 20:18:58','2012-01-19 20:18:58','1',NULL,'edit','Accounts','module',90,0),('82e398c0-b9b2-2299-97ad-4f187af815d5','2012-01-19 20:18:58','2012-01-19 20:18:58','1',NULL,'delete','Accounts','module',90,0),('8320ad50-8471-3f2f-588c-4f187a86b66a','2012-01-19 20:18:58','2012-01-19 20:18:58','1',NULL,'import','Accounts','module',90,0),('835f43f3-ec76-83e0-b4cb-4f187a870d19','2012-01-19 20:18:58','2012-01-19 20:18:58','1',NULL,'export','Accounts','module',90,0),('839c644e-a272-9217-3f7c-4f187acf7dee','2012-01-19 20:18:58','2012-01-19 20:18:58','1',NULL,'massupdate','Accounts','module',90,0),('8c4f033e-f140-3ac5-efe0-4f187ac82a9b','2012-01-19 20:18:58','2012-01-19 20:18:58','1',NULL,'access','Opportunities','module',89,0),('8c991ff5-849f-02f1-e174-4f187a025d3e','2012-01-19 20:18:58','2012-01-19 20:18:58','1',NULL,'view','Opportunities','module',90,0),('8cd94831-d4af-cbed-7ff0-4f187afff7b5','2012-01-19 20:18:58','2012-01-19 20:18:58','1',NULL,'list','Opportunities','module',90,0),('8d194f1d-eeb2-dd76-79f4-4f187a3fdbda','2012-01-19 20:18:58','2012-01-19 20:18:58','1',NULL,'edit','Opportunities','module',90,0),('8d59071a-effc-d39b-a701-4f187abfd08b','2012-01-19 20:18:58','2012-01-19 20:18:58','1',NULL,'delete','Opportunities','module',90,0),('8d96f5d6-823c-d82d-9fbf-4f187a26275e','2012-01-19 20:18:58','2012-01-19 20:18:58','1',NULL,'import','Opportunities','module',90,0),('8dd6094d-d0cb-bd18-b4ae-4f187aef2ff4','2012-01-19 20:18:58','2012-01-19 20:18:58','1',NULL,'export','Opportunities','module',90,0),('8e14b86f-7926-04fb-7fef-4f187a292c6a','2012-01-19 20:18:58','2012-01-19 20:18:58','1',NULL,'massupdate','Opportunities','module',90,0),('95152281-a803-0fa6-c323-4f187a78212a','2012-01-19 20:18:58','2012-01-19 20:18:58','1',NULL,'access','EmailTemplates','module',89,0),('955d5509-bea4-bfb2-e74a-4f187a3a5ea8','2012-01-19 20:18:58','2012-01-19 20:18:58','1',NULL,'view','EmailTemplates','module',90,0),('959bf1c6-7539-1d8c-e741-4f187a420eef','2012-01-19 20:18:58','2012-01-19 20:18:58','1',NULL,'list','EmailTemplates','module',90,0),('95e0550e-1573-8548-50df-4f187affab7c','2012-01-19 20:18:58','2012-01-19 20:18:58','1',NULL,'edit','EmailTemplates','module',90,0),('961de181-61c3-8e53-31dc-4f187a58b982','2012-01-19 20:18:58','2012-01-19 20:18:58','1',NULL,'delete','EmailTemplates','module',90,0),('965be43c-97a4-bad3-c142-4f187acc0b6e','2012-01-19 20:18:58','2012-01-19 20:18:58','1',NULL,'import','EmailTemplates','module',90,0),('969a9208-7323-ac54-5009-4f187ac57f8c','2012-01-19 20:18:58','2012-01-19 20:18:58','1',NULL,'export','EmailTemplates','module',90,0),('96db72a8-e377-424d-35d7-4f187a9f06ed','2012-01-19 20:18:58','2012-01-19 20:18:58','1',NULL,'massupdate','EmailTemplates','module',90,0),('9aa2daa7-e74a-9a23-d1fd-4f187ab2ebe2','2012-01-19 20:18:58','2012-01-19 20:18:58','1',NULL,'access','Notes','module',89,0),('9aec9825-db2f-d9ef-fa4d-4f187ab07522','2012-01-19 20:18:58','2012-01-19 20:18:58','1',NULL,'view','Notes','module',90,0),('9b2cc777-2ef5-cdaf-0b32-4f187a55e45e','2012-01-19 20:18:58','2012-01-19 20:18:58','1',NULL,'list','Notes','module',90,0),('9b6baf3b-c93c-ab1e-719f-4f187acbfe1d','2012-01-19 20:18:58','2012-01-19 20:18:58','1',NULL,'edit','Notes','module',90,0),('9bc53bba-3981-e30e-758b-4f187a14ddd4','2012-01-19 20:18:58','2012-01-19 20:18:58','1',NULL,'delete','Notes','module',90,0),('9c0690eb-579e-d6ea-9311-4f187a64fff1','2012-01-19 20:18:58','2012-01-19 20:18:58','1',NULL,'import','Notes','module',90,0),('9c45c51e-1911-3a19-bfb3-4f187a08985e','2012-01-19 20:18:58','2012-01-19 20:18:58','1',NULL,'export','Notes','module',90,0),('9c855efb-ad4c-6371-c966-4f187a3e8fcd','2012-01-19 20:18:58','2012-01-19 20:18:58','1',NULL,'massupdate','Notes','module',90,0),('a11674cc-0d06-f6e8-72a4-4f187aede5b2','2012-01-19 20:18:58','2012-01-19 20:18:58','1',NULL,'access','Calls','module',89,0),('a15e06b2-c578-95da-efa5-4f187ab07ab3','2012-01-19 20:18:58','2012-01-19 20:18:58','1',NULL,'view','Calls','module',90,0),('a19be553-40e1-84e0-c12d-4f187a0eaf04','2012-01-19 20:18:58','2012-01-19 20:18:58','1',NULL,'list','Calls','module',90,0),('a1d8d61c-fe5e-dbac-d13f-4f187ad304d1','2012-01-19 20:18:58','2012-01-19 20:18:58','1',NULL,'edit','Calls','module',90,0),('a216bfef-adf2-b675-8889-4f187aaf5ca8','2012-01-19 20:18:58','2012-01-19 20:18:58','1',NULL,'delete','Calls','module',90,0),('a2541575-ffd5-1b02-e8be-4f187a801028','2012-01-19 20:18:58','2012-01-19 20:18:58','1',NULL,'import','Calls','module',90,0),('a2917dfc-93b2-a9a4-897e-4f187adf37aa','2012-01-19 20:18:58','2012-01-19 20:18:58','1',NULL,'export','Calls','module',90,0),('a2cfa149-e007-d97b-84a6-4f187ae5b789','2012-01-19 20:18:58','2012-01-19 20:18:58','1',NULL,'massupdate','Calls','module',90,0),('a82b0ea6-ad53-3580-86cb-4f187a545b67','2012-01-19 20:18:58','2012-01-19 20:18:58','1',NULL,'access','Emails','module',89,0),('a8748cbc-6e8e-6cd4-1757-4f187a3b91fc','2012-01-19 20:18:58','2012-01-19 20:18:58','1',NULL,'view','Emails','module',90,0),('a8b5415e-1265-6647-0deb-4f187a961054','2012-01-19 20:18:58','2012-01-19 20:18:58','1',NULL,'list','Emails','module',90,0),('a8f3f904-096a-1282-e55a-4f187a40872e','2012-01-19 20:18:58','2012-01-19 20:18:58','1',NULL,'edit','Emails','module',90,0),('a934120a-aab8-0447-e118-4f187aaef79c','2012-01-19 20:18:58','2012-01-19 20:18:58','1',NULL,'delete','Emails','module',90,0),('a972230d-6028-872d-c77f-4f187a8673db','2012-01-19 20:18:58','2012-01-19 20:18:58','1',NULL,'import','Emails','module',90,0),('a9b13da5-d886-d017-906b-4f187aedc7bc','2012-01-19 20:18:58','2012-01-19 20:18:58','1',NULL,'export','Emails','module',90,0),('a9ef6417-88a9-af0f-ea95-4f187acd0d9e','2012-01-19 20:18:58','2012-01-19 20:18:58','1',NULL,'massupdate','Emails','module',90,0),('afe38719-7077-19f0-e4e8-4f187a53b75a','2012-01-19 20:18:58','2012-01-19 20:18:58','1',NULL,'access','Meetings','module',89,0),('b02e045e-9e34-241c-7408-4f187a5e875c','2012-01-19 20:18:58','2012-01-19 20:18:58','1',NULL,'view','Meetings','module',90,0),('b06ed117-bf8f-890c-0414-4f187a47dceb','2012-01-19 20:18:58','2012-01-19 20:18:58','1',NULL,'list','Meetings','module',90,0),('b0b0a6f7-b27f-4465-431b-4f187a317c2a','2012-01-19 20:18:58','2012-01-19 20:18:58','1',NULL,'edit','Meetings','module',90,0),('b0f067cf-4fdc-1a43-c5ca-4f187aefcf91','2012-01-19 20:18:58','2012-01-19 20:18:58','1',NULL,'delete','Meetings','module',90,0),('b131e029-f856-f644-37ae-4f187aa851d8','2012-01-19 20:18:58','2012-01-19 20:18:58','1',NULL,'import','Meetings','module',90,0),('b17133b5-4d1a-769c-37b4-4f187a5c6008','2012-01-19 20:18:58','2012-01-19 20:18:58','1',NULL,'export','Meetings','module',90,0),('b1b141a4-5663-d6a9-cc31-4f187a3b5965','2012-01-19 20:18:58','2012-01-19 20:18:58','1',NULL,'massupdate','Meetings','module',90,0),('b734fc6b-92c5-f47d-7654-4f187a09aec0','2012-01-19 20:18:58','2012-01-19 20:18:58','1',NULL,'access','Tasks','module',89,0),('b781daa5-db3e-8eb2-3942-4f187a5c1bc0','2012-01-19 20:18:58','2012-01-19 20:18:58','1',NULL,'view','Tasks','module',90,0),('b7c5ff99-761d-ad42-47f3-4f187a136956','2012-01-19 20:18:58','2012-01-19 20:18:58','1',NULL,'list','Tasks','module',90,0),('b8065549-08bf-47b3-0704-4f187a67df84','2012-01-19 20:18:58','2012-01-19 20:18:58','1',NULL,'edit','Tasks','module',90,0),('b8475715-e9dd-4a9e-ea70-4f187a59883a','2012-01-19 20:18:58','2012-01-19 20:18:58','1',NULL,'delete','Tasks','module',90,0),('b8891343-be9b-9c75-a039-4f187a3043db','2012-01-19 20:18:58','2012-01-19 20:18:58','1',NULL,'import','Tasks','module',90,0),('b8c99f6d-f1d3-678f-c7ea-4f187abd3d7d','2012-01-19 20:18:58','2012-01-19 20:18:58','1',NULL,'export','Tasks','module',90,0),('b911188f-e624-77db-1d90-4f187a371afd','2012-01-19 20:18:58','2012-01-19 20:18:58','1',NULL,'massupdate','Tasks','module',90,0),('d4680a04-3c30-a954-6305-4f187ac4e46e','2012-01-19 20:18:58','2012-01-19 20:18:58','1',NULL,'access','Documents','module',89,0),('d4b36e3a-9f82-747a-02cb-4f187a7ebc72','2012-01-19 20:18:58','2012-01-19 20:18:58','1',NULL,'view','Documents','module',90,0),('d4f4ed66-bbd6-c91e-f611-4f187a18e715','2012-01-19 20:18:58','2012-01-19 20:18:58','1',NULL,'list','Documents','module',90,0),('d533d702-a286-97a4-9281-4f187a218210','2012-01-19 20:18:58','2012-01-19 20:18:58','1',NULL,'edit','Documents','module',90,0),('d57398a6-3ca7-0cef-72a5-4f187ad01135','2012-01-19 20:18:58','2012-01-19 20:18:58','1',NULL,'delete','Documents','module',90,0),('d5b51e4d-cd0c-9945-d07a-4f187af7731a','2012-01-19 20:18:58','2012-01-19 20:18:58','1',NULL,'import','Documents','module',90,0),('d5f3abc8-e04f-eb79-7097-4f187ae65643','2012-01-19 20:18:58','2012-01-19 20:18:58','1',NULL,'export','Documents','module',90,0),('d63416fb-1193-cb6e-10ed-4f187aad6faa','2012-01-19 20:18:58','2012-01-19 20:18:58','1',NULL,'massupdate','Documents','module',90,0),('f18a7248-9a8f-f376-dc8d-4f187a87e921','2012-01-19 20:18:58','2012-01-19 20:18:58','1',NULL,'access','EAPM','module',89,0),('f1d38526-44d0-b7ad-d2c7-4f187a572dab','2012-01-19 20:18:58','2012-01-19 20:18:58','1',NULL,'view','EAPM','module',90,0),('f216fd0e-1cd0-ae8d-2a7c-4f187a5738a9','2012-01-19 20:18:58','2012-01-19 20:18:58','1',NULL,'list','EAPM','module',90,0),('f255899d-54ef-4d0d-f924-4f187a4eac04','2012-01-19 20:18:58','2012-01-19 20:18:58','1',NULL,'edit','EAPM','module',90,0),('f295762b-7be3-29bc-d6da-4f187a42021e','2012-01-19 20:18:58','2012-01-19 20:18:58','1',NULL,'delete','EAPM','module',90,0),('f2d5b5c7-e30a-ef0d-71f3-4f187aa7b210','2012-01-19 20:18:58','2012-01-19 20:18:58','1',NULL,'import','EAPM','module',90,0),('f31478e3-5425-ed25-26c5-4f187a68b2bc','2012-01-19 20:18:58','2012-01-19 20:18:58','1',NULL,'export','EAPM','module',90,0),('f3537070-b1a7-c92c-9f92-4f187ac4b5a1','2012-01-19 20:18:58','2012-01-19 20:18:58','1',NULL,'massupdate','EAPM','module',90,0),('c36b5ed0-65d3-342a-cb95-4f297d13b5f3','2012-02-01 18:00:50','2012-02-01 18:00:50','1','1','access','AOS_Contracts','module',89,0),('c41c70eb-cf6e-5cda-ae2f-4f297d14a871','2012-02-01 18:00:50','2012-02-01 18:00:50','1','1','view','AOS_Contracts','module',90,0),('c461fcd1-16f0-061d-91b0-4f297dcc2030','2012-02-01 18:00:50','2012-02-01 18:00:50','1','1','list','AOS_Contracts','module',90,0),('c4a4e0d2-cb74-9ff9-2230-4f297d4435e6','2012-02-01 18:00:50','2012-02-01 18:00:50','1','1','edit','AOS_Contracts','module',90,0),('c4e8a4bd-df3e-f04a-7620-4f297d0fb152','2012-02-01 18:00:50','2012-02-01 18:00:50','1','1','delete','AOS_Contracts','module',90,0),('c52b1761-16d4-6dfc-32a4-4f297d731cf0','2012-02-01 18:00:50','2012-02-01 18:00:50','1','1','import','AOS_Contracts','module',90,0),('c56dc120-e43f-f700-6351-4f297d8b61fc','2012-02-01 18:00:50','2012-02-01 18:00:50','1','1','export','AOS_Contracts','module',90,0),('c5b6e06b-4d2d-f28b-c266-4f297d4d52dc','2012-02-01 18:00:50','2012-02-01 18:00:50','1','1','massupdate','AOS_Contracts','module',90,0),('cc305053-03ad-cdd5-d204-4f297da68cad','2012-02-01 18:00:50','2012-02-01 18:00:50','1','1','access','AOS_Invoices','module',89,0),('cc7ba872-4e55-dc6f-622a-4f297d757f7e','2012-02-01 18:00:50','2012-02-01 18:00:50','1','1','view','AOS_Invoices','module',90,0),('ccbf6490-2f9d-be3c-242b-4f297d568fc7','2012-02-01 18:00:50','2012-02-01 18:00:50','1','1','list','AOS_Invoices','module',90,0),('cd066e16-c4db-3332-8384-4f297d99d0c1','2012-02-01 18:00:50','2012-02-01 18:00:50','1','1','edit','AOS_Invoices','module',90,0),('cd4aa0ad-9121-5e5d-90e4-4f297d1c3aeb','2012-02-01 18:00:50','2012-02-01 18:00:50','1','1','delete','AOS_Invoices','module',90,0),('cd8f52ea-4c44-f78f-a1ae-4f297dbf3bbd','2012-02-01 18:00:50','2012-02-01 18:00:50','1','1','import','AOS_Invoices','module',90,0),('cdd5d812-62dc-1053-6b9b-4f297df60291','2012-02-01 18:00:50','2012-02-01 18:00:50','1','1','export','AOS_Invoices','module',90,0),('ce1b287a-ca06-775e-ab27-4f297d9e3f33','2012-02-01 18:00:50','2012-02-01 18:00:50','1','1','massupdate','AOS_Invoices','module',90,0),('d3f46248-0160-ec23-9f42-4f297dd0c3f4','2012-02-01 18:00:50','2012-02-01 18:00:50','1','1','access','AOS_PDF_Templates','module',89,0),('d4429a75-1629-6029-e233-4f297d6adefe','2012-02-01 18:00:50','2012-02-01 18:00:50','1','1','view','AOS_PDF_Templates','module',90,0),('d486ce9e-ddd5-7a42-8a08-4f297db447fb','2012-02-01 18:00:50','2012-02-01 18:00:50','1','1','list','AOS_PDF_Templates','module',90,0),('d4cb60a3-8e3c-0bd0-eade-4f297d265a6f','2012-02-01 18:00:50','2012-02-01 18:00:50','1','1','edit','AOS_PDF_Templates','module',90,0),('d51079d7-f27f-b03b-acf3-4f297de81f06','2012-02-01 18:00:50','2012-02-01 18:00:50','1','1','delete','AOS_PDF_Templates','module',90,0),('d554bdf9-77b5-95e0-0325-4f297ddfdf44','2012-02-01 18:00:50','2012-02-01 18:00:50','1','1','import','AOS_PDF_Templates','module',90,0),('d59acb65-144f-ba9d-0901-4f297d291100','2012-02-01 18:00:50','2012-02-01 18:00:50','1','1','export','AOS_PDF_Templates','module',90,0),('d5df6e52-eadb-6abf-b09b-4f297d8062ec','2012-02-01 18:00:50','2012-02-01 18:00:50','1','1','massupdate','AOS_PDF_Templates','module',90,0),('db30aea4-0197-e4c1-b7e3-4f297d44a577','2012-02-01 18:00:50','2012-02-01 18:00:50','1','1','access','AOS_Products','module',89,0),('db796411-c3f2-315e-e619-4f297d6de0b8','2012-02-01 18:00:50','2012-02-01 18:00:50','1','1','view','AOS_Products','module',90,0),('dbc15454-7d78-120b-6501-4f297dea8e48','2012-02-01 18:00:50','2012-02-01 18:00:50','1','1','list','AOS_Products','module',90,0),('dc05e29b-067b-773c-e40f-4f297dec3fc7','2012-02-01 18:00:50','2012-02-01 18:00:50','1','1','edit','AOS_Products','module',90,0),('dc4b7d9c-a926-ec02-8ea6-4f297d4cf6ea','2012-02-01 18:00:50','2012-02-01 18:00:50','1','1','delete','AOS_Products','module',90,0),('dc8f7deb-c89e-1257-cb61-4f297d740b1c','2012-02-01 18:00:50','2012-02-01 18:00:50','1','1','import','AOS_Products','module',90,0),('dcd50ff8-39c9-1052-92d0-4f297d4a2115','2012-02-01 18:00:50','2012-02-01 18:00:50','1','1','export','AOS_Products','module',90,0),('dd1977d9-b3cc-e231-f623-4f297d705099','2012-02-01 18:00:50','2012-02-01 18:00:50','1','1','massupdate','AOS_Products','module',90,0),('e314fb83-9cf8-15a0-4629-4f297dfe6655','2012-02-01 18:00:50','2012-02-01 18:00:50','1','1','access','AOS_Products_Quotes','module',89,0),('e365af28-ff3b-8cd1-a2c3-4f297d220249','2012-02-01 18:00:50','2012-02-01 18:00:50','1','1','view','AOS_Products_Quotes','module',90,0),('e3ad05e2-67dd-0ef9-6e50-4f297d2033e3','2012-02-01 18:00:50','2012-02-01 18:00:50','1','1','list','AOS_Products_Quotes','module',90,0),('e3f5917f-934a-78d9-0888-4f297d17082f','2012-02-01 18:00:50','2012-02-01 18:00:50','1','1','edit','AOS_Products_Quotes','module',90,0),('e43dd068-5565-041d-0ea2-4f297d0e4f42','2012-02-01 18:00:50','2012-02-01 18:00:50','1','1','delete','AOS_Products_Quotes','module',90,0),('e489d1a2-62ae-920a-8398-4f297d8de473','2012-02-01 18:00:50','2012-02-01 18:00:50','1','1','import','AOS_Products_Quotes','module',90,0),('e4d26653-f7d3-cb32-db9a-4f297d038e6f','2012-02-01 18:00:50','2012-02-01 18:00:50','1','1','export','AOS_Products_Quotes','module',90,0),('e51ae478-913e-0e98-9274-4f297d4d411e','2012-02-01 18:00:50','2012-02-01 18:00:50','1','1','massupdate','AOS_Products_Quotes','module',90,0),('ebf51108-5417-0986-1d7c-4f297df5f38a','2012-02-01 18:00:50','2012-02-01 18:00:50','1','1','access','AOS_Quotes','module',89,0),('ec4a69e4-40a9-ad83-25b9-4f297d0c7cbc','2012-02-01 18:00:50','2012-02-01 18:00:50','1','1','view','AOS_Quotes','module',90,0),('ec942a18-a550-9b2d-b1ca-4f297d3ed16f','2012-02-01 18:00:50','2012-02-01 18:00:50','1','1','list','AOS_Quotes','module',90,0),('ece061d2-0260-6c8b-3c23-4f297d713750','2012-02-01 18:00:50','2012-02-01 18:00:50','1','1','edit','AOS_Quotes','module',90,0),('ed27a1e3-8fbd-f294-308f-4f297d869d69','2012-02-01 18:00:50','2012-02-01 18:00:50','1','1','delete','AOS_Quotes','module',90,0),('ed6f745f-64fe-4a3c-1139-4f297db956f3','2012-02-01 18:00:50','2012-02-01 18:00:50','1','1','import','AOS_Quotes','module',90,0),('edb5511c-7c23-c366-57fc-4f297d01d0c9','2012-02-01 18:00:50','2012-02-01 18:00:50','1','1','export','AOS_Quotes','module',90,0),('edfe9d0b-730b-d1ed-18f3-4f297dac2c5d','2012-02-01 18:00:50','2012-02-01 18:00:50','1','1','massupdate','AOS_Quotes','module',90,0),('a8274819-2e5f-d95b-cb6e-4f2ad5e6a238','2012-02-02 18:26:45','2012-02-02 18:26:45','1','1','access','KReports','module',89,0),('a8f38991-6736-eab0-1993-4f2ad5b09122','2012-02-02 18:26:45','2012-02-02 18:26:45','1','1','view','KReports','module',90,0),('a93d64ea-0939-dc4e-be56-4f2ad5bc7105','2012-02-02 18:26:45','2012-02-02 18:26:45','1','1','list','KReports','module',90,0),('a9853101-2a06-89b3-bf34-4f2ad5e93b4e','2012-02-02 18:26:45','2012-02-02 18:26:45','1','1','edit','KReports','module',90,0),('a9cb84e1-ab0a-69db-0451-4f2ad5c5eb6d','2012-02-02 18:26:45','2012-02-02 18:26:45','1','1','delete','KReports','module',90,0),('aa12f93c-076c-cc50-da28-4f2ad57ccf45','2012-02-02 18:26:45','2012-02-02 18:26:45','1','1','import','KReports','module',90,0),('aa5b4811-2528-ebe2-d29a-4f2ad5f0c82b','2012-02-02 18:26:45','2012-02-02 18:26:45','1','1','export','KReports','module',90,0),('aaa40c75-3257-e59a-da58-4f2ad5e3aef4','2012-02-02 18:26:45','2012-02-02 18:26:45','1','1','massupdate','KReports','module',90,0),('1aebc7e6-64bb-473e-a07a-4f4d2396da57','2012-02-28 18:56:55','2012-02-28 18:56:55','1','1','access','nli_Pricing','module',89,0),('211d4a8c-5b45-ea72-4eed-4f4d23ff3ac1','2012-02-28 18:56:55','2012-02-28 18:56:55','1','1','view','nli_Pricing','module',90,0),('216ac242-5b3d-e74d-1211-4f4d234d4a8b','2012-02-28 18:56:55','2012-02-28 18:56:55','1','1','list','nli_Pricing','module',90,0),('21b457e5-61bf-ef0d-6faa-4f4d23f7c5b3','2012-02-28 18:56:55','2012-02-28 18:56:55','1','1','edit','nli_Pricing','module',90,0),('220052da-eec2-8c81-e8c3-4f4d233532bd','2012-02-28 18:56:55','2012-02-28 18:56:55','1','1','delete','nli_Pricing','module',90,0),('2248a667-0510-4781-72d8-4f4d233cc440','2012-02-28 18:56:55','2012-02-28 18:56:55','1','1','import','nli_Pricing','module',90,0),('22910341-98f2-e9d2-c244-4f4d23e96789','2012-02-28 18:56:55','2012-02-28 18:56:55','1','1','export','nli_Pricing','module',90,0),('22dbf3b6-cbc6-f311-ebda-4f4d23e018f7','2012-02-28 18:56:55','2012-02-28 18:56:55','1','1','massupdate','nli_Pricing','module',90,0),('702e94cb-8db0-5505-f64d-4fa385e34214','2012-05-04 07:29:52','2012-06-07 09:59:46','1','25c40e1c-99ae-de9c-6c6e-4fa285018290','access','hw_helloworld','module',89,1),('73a65208-d23a-f927-d4bd-4fa385b9048f','2012-05-04 07:29:52','2012-06-07 09:59:46','1','25c40e1c-99ae-de9c-6c6e-4fa285018290','view','hw_helloworld','module',90,1),('73f728df-cd59-d637-7e8b-4fa3858d546c','2012-05-04 07:29:52','2012-06-07 09:59:46','1','25c40e1c-99ae-de9c-6c6e-4fa285018290','list','hw_helloworld','module',90,1),('7448a25c-7390-b66d-6f1f-4fa385da5d4e','2012-05-04 07:29:52','2012-06-07 09:59:46','1','25c40e1c-99ae-de9c-6c6e-4fa285018290','edit','hw_helloworld','module',90,1),('74950b14-56fb-4525-fad9-4fa385956f75','2012-05-04 07:29:52','2012-06-07 09:59:46','1','25c40e1c-99ae-de9c-6c6e-4fa285018290','delete','hw_helloworld','module',90,1),('74e3ab86-abc4-c0c8-cb02-4fa385f1b399','2012-05-04 07:29:52','2012-06-07 09:59:46','1','25c40e1c-99ae-de9c-6c6e-4fa285018290','import','hw_helloworld','module',90,1),('75318d0a-5b3a-dd53-5295-4fa3850587b6','2012-05-04 07:29:52','2012-06-07 09:59:46','1','25c40e1c-99ae-de9c-6c6e-4fa285018290','export','hw_helloworld','module',90,1),('757f6ad2-55d7-3f00-4b56-4fa385d199f2','2012-05-04 07:29:52','2012-06-07 09:59:46','1','25c40e1c-99ae-de9c-6c6e-4fa285018290','massupdate','hw_helloworld','module',90,1),('fc4e04a7-4578-fb13-c219-4fa96380345a','2012-05-08 18:19:53','2012-05-08 18:19:53','1','1','access','nli_ServiceAddresses','module',89,0),('1650a154-c862-6f29-0888-4fa9639295de','2012-05-08 18:19:53','2012-05-08 18:19:53','1','1','view','nli_ServiceAddresses','module',90,0),('16a2d656-5f4f-ca1f-ee23-4fa963ea56a3','2012-05-08 18:19:53','2012-05-08 18:19:53','1','1','list','nli_ServiceAddresses','module',90,0),('16f1cd5e-ed3a-27ae-739d-4fa9631c18f5','2012-05-08 18:19:53','2012-05-08 18:19:53','1','1','edit','nli_ServiceAddresses','module',90,0),('173e7587-2346-e387-3677-4fa96395d453','2012-05-08 18:19:53','2012-05-08 18:19:53','1','1','delete','nli_ServiceAddresses','module',90,0),('178a46c6-433a-c7f5-dc95-4fa963246e4a','2012-05-08 18:19:53','2012-05-08 18:19:53','1','1','import','nli_ServiceAddresses','module',90,0),('17d9c451-5cf7-91a1-0211-4fa963bc973f','2012-05-08 18:19:53','2012-05-08 18:19:53','1','1','export','nli_ServiceAddresses','module',90,0),('182bb613-7a95-c03b-927e-4fa9631c9462','2012-05-08 18:19:53','2012-05-08 18:19:53','1','1','massupdate','nli_ServiceAddresses','module',90,0),('41682de9-ca98-bf6e-79fb-4fe8138aca4e','2012-06-25 07:28:13','2012-06-25 08:18:51','1','1','access','hw_salesRepMod','module',89,1),('420dcf9e-6348-c36d-f3d8-4fe813815857','2012-06-25 07:28:13','2012-06-25 08:18:51','1','1','view','hw_salesRepMod','module',90,1),('425f4395-54ab-77cd-2a14-4fe813fcd5ca','2012-06-25 07:28:13','2012-06-25 08:18:51','1','1','list','hw_salesRepMod','module',90,1),('42aed1e0-e2a4-fd54-6e7c-4fe813e3f56d','2012-06-25 07:28:13','2012-06-25 08:18:51','1','1','edit','hw_salesRepMod','module',90,1),('42ff2204-7bea-1c85-4f0e-4fe813d1246a','2012-06-25 07:28:13','2012-06-25 08:18:51','1','1','delete','hw_salesRepMod','module',90,1),('434f7d47-4243-1e36-2d41-4fe8136ef3e5','2012-06-25 07:28:13','2012-06-25 08:18:51','1','1','import','hw_salesRepMod','module',90,1),('439cdd53-ffb2-175a-225c-4fe81315341a','2012-06-25 07:28:13','2012-06-25 08:18:51','1','1','export','hw_salesRepMod','module',90,1),('43fb937b-43cb-01d9-9138-4fe813d7bcd0','2012-06-25 07:28:13','2012-06-25 08:18:51','1','1','massupdate','hw_salesRepMod','module',90,1),('718b9848-b3be-e56b-126c-4fe81eef84f5','2012-06-25 08:19:10','2012-06-25 12:19:08','1','1','access','hw_salesRepMod','module',89,1),('720ead36-d8af-5f42-63cf-4fe81e131051','2012-06-25 08:19:10','2012-06-25 12:19:08','1','1','view','hw_salesRepMod','module',90,1),('725f7cb9-6b9a-0bac-88f5-4fe81e7487e5','2012-06-25 08:19:10','2012-06-25 12:19:08','1','1','list','hw_salesRepMod','module',90,1),('72aec65a-ba73-47ff-a672-4fe81e263c3b','2012-06-25 08:19:10','2012-06-25 12:19:08','1','1','edit','hw_salesRepMod','module',90,1),('73035dcd-f5ed-de38-02c9-4fe81e3f1574','2012-06-25 08:19:10','2012-06-25 12:19:08','1','1','delete','hw_salesRepMod','module',90,1),('7353cdde-fcb1-0784-c999-4fe81e203fd9','2012-06-25 08:19:10','2012-06-25 12:19:08','1','1','import','hw_salesRepMod','module',90,1),('73a4d60f-25d4-40fc-2d34-4fe81e9fa148','2012-06-25 08:19:10','2012-06-25 12:19:08','1','1','export','hw_salesRepMod','module',90,1),('73f5892f-b3ae-aab6-4e7f-4fe81ecca634','2012-06-25 08:19:10','2012-06-25 12:19:08','1','1','massupdate','hw_salesRepMod','module',90,1),('73be3d84-6ecc-4742-354a-4fe857e7938f','2012-06-25 12:19:39','2012-06-25 12:19:39','1','1','access','hw_salesRepMod','module',89,0),('7444eac6-f38f-ad11-c5c3-4fe857a23916','2012-06-25 12:19:39','2012-06-25 12:19:39','1','1','view','hw_salesRepMod','module',90,0),('74952e6a-2b0c-7b46-9f77-4fe8571dacb8','2012-06-25 12:19:39','2012-06-25 12:19:39','1','1','list','hw_salesRepMod','module',90,0),('74e58876-f4ad-abd3-b41b-4fe857c43606','2012-06-25 12:19:39','2012-06-25 12:19:39','1','1','edit','hw_salesRepMod','module',90,0),('75346b35-3e41-14cd-8c62-4fe8570c4fef','2012-06-25 12:19:39','2012-06-25 12:19:39','1','1','delete','hw_salesRepMod','module',90,0),('758ceb48-f1a3-f4ba-5c59-4fe857d3cb38','2012-06-25 12:19:39','2012-06-25 12:19:39','1','1','import','hw_salesRepMod','module',90,0),('75dce036-41cd-1a36-6dd9-4fe857d62b59','2012-06-25 12:19:39','2012-06-25 12:19:39','1','1','export','hw_salesRepMod','module',90,0),('762d5a2a-baa4-3503-8226-4fe8570362e3','2012-06-25 12:19:39','2012-06-25 12:19:39','1','1','massupdate','hw_salesRepMod','module',90,0);
/*!40000 ALTER TABLE `acl_actions` ENABLE KEYS */;
UNLOCK TABLES;

--
-- Table structure for table `acl_roles`
--

DROP TABLE IF EXISTS `acl_roles`;
/*!40101 SET @saved_cs_client     = @@character_set_client */;
/*!40101 SET character_set_client = utf8 */;
CREATE TABLE `acl_roles` (
  `id` char(36) NOT NULL,
  `date_entered` datetime DEFAULT NULL,
  `date_modified` datetime DEFAULT NULL,
  `modified_user_id` char(36) DEFAULT NULL,
  `created_by` char(36) DEFAULT NULL,
  `name` varchar(150) DEFAULT NULL,
  `description` text,
  `deleted` tinyint(1) DEFAULT '0',
  PRIMARY KEY (`id`),
  KEY `idx_aclrole_id_del` (`id`,`deleted`)
) ENGINE=MyISAM DEFAULT CHARSET=utf8;
/*!40101 SET character_set_client = @saved_cs_client */;

--
-- Dumping data for table `acl_roles`
--

LOCK TABLES `acl_roles` WRITE;
/*!40000 ALTER TABLE `acl_roles` DISABLE KEYS */;
INSERT INTO `acl_roles` VALUES ('8d2ee3f2-6a8d-d07d-46a5-4f3d452e168a','2012-02-16 18:04:43','2012-02-16 18:12:00','1','1','Inside Sales','Inside Sales',0),('826cd3e7-35c6-2689-cebd-4f3d5f4cb02d','2012-02-16 19:55:37','2012-02-16 20:25:51','1','1','Development','Development',0),('17fe5fce-9dbc-7734-bbd1-4f4900b93f73','2012-02-25 15:37:32','2012-02-25 15:37:53','1','1','Marketing Manager','Marketing Manager Access',0),('1106e50f-d89b-aefc-75a3-4f4c5e136ac2','2012-02-28 04:57:04','2012-02-28 04:57:04','1','1','Marketing Admin','Marketing Admin - Manage Marketing specific data',0),('1183e9ea-91e4-66a8-ec88-4f4c62836cc6','2012-02-28 05:14:57','2012-06-25 09:59:25','1','1','Sales Manager','Sales Manager - Access to everything',0),('5fb57e96-8bfb-18b5-40d1-4f4c6357c797','2012-02-28 05:18:00','2012-02-28 05:18:00','1','1','Inside Sales','Inside Sales',0),('b1650fff-7c60-be4c-80a1-4f4c66821563','2012-02-28 05:31:43','2012-02-28 05:31:43','1','1','Outside Sales','Onside Sales',0),('c55f6307-f05f-86a1-a0dd-4f4c678e1b4f','2012-02-28 05:36:15','2012-02-28 21:30:49','1','1','Channel Sales Partner','Channel Sales - Limited to only their records.',0),('f18a5360-4065-3bb9-30f9-4f4c686f01c2','2012-02-28 05:37:09','2012-02-28 05:37:09','1','1','ARCs','ARCs  Role',0),('6d595e83-6aee-7155-169a-4f4d47581a11','2012-02-28 21:30:31','2012-02-28 22:10:26','1','1','Channel Manager','Channel Manager- TBD.',0);
/*!40000 ALTER TABLE `acl_roles` ENABLE KEYS */;
UNLOCK TABLES;

--
-- Table structure for table `acl_roles_actions`
--

DROP TABLE IF EXISTS `acl_roles_actions`;
/*!40101 SET @saved_cs_client     = @@character_set_client */;
/*!40101 SET character_set_client = utf8 */;
CREATE TABLE `acl_roles_actions` (
  `id` varchar(36) NOT NULL,
  `role_id` varchar(36) DEFAULT NULL,
  `action_id` varchar(36) DEFAULT NULL,
  `access_override` int(3) DEFAULT NULL,
  `date_modified` datetime DEFAULT NULL,
  `deleted` tinyint(1) DEFAULT '0',
  PRIMARY KEY (`id`),
  KEY `idx_acl_role_id` (`role_id`),
  KEY `idx_acl_action_id` (`action_id`),
  KEY `idx_aclrole_action` (`role_id`,`action_id`)
) ENGINE=MyISAM DEFAULT CHARSET=utf8;
/*!40101 SET character_set_client = @saved_cs_client */;

--
-- Dumping data for table `acl_roles_actions`
--

LOCK TABLES `acl_roles_actions` WRITE;
/*!40000 ALTER TABLE `acl_roles_actions` DISABLE KEYS */;
INSERT INTO `acl_roles_actions` VALUES ('c3810e01-d1d4-a4f2-5c3c-4f3d5f09e73a','826cd3e7-35c6-2689-cebd-4f3d5f4cb02d','81e357a6-9d43-7ffc-2251-4f187a3178f1',-98,'2012-02-16 20:06:03',0),('c6be0435-9285-db7d-439a-4f3d5f95714f','826cd3e7-35c6-2689-cebd-4f3d5f4cb02d','82e398c0-b9b2-2299-97ad-4f187af815d5',0,'2012-02-16 20:06:03',0),('c8d80a52-9897-f893-dbb9-4f3d5f9c0542','826cd3e7-35c6-2689-cebd-4f3d5f4cb02d','82a5e676-add5-1c2f-d4d0-4f187a50ee5a',0,'2012-02-16 20:06:03',0),('cad209f5-10a2-c6e4-aa84-4f3d5f70f9ff','826cd3e7-35c6-2689-cebd-4f3d5f4cb02d','835f43f3-ec76-83e0-b4cb-4f187a870d19',0,'2012-02-16 20:06:03',0),('ccb80671-b435-e105-638e-4f3d5fcc63c9','826cd3e7-35c6-2689-cebd-4f3d5f4cb02d','8320ad50-8471-3f2f-588c-4f187a86b66a',0,'2012-02-16 20:06:03',0),('ceba0ba7-58fa-f782-e889-4f3d5fb30a92','826cd3e7-35c6-2689-cebd-4f3d5f4cb02d','8268caff-4d38-83c7-8a46-4f187af413ec',0,'2012-02-16 20:06:03',0),('d0a20332-ee94-e02d-c883-4f3d5f7045b4','826cd3e7-35c6-2689-cebd-4f3d5f4cb02d','839c644e-a272-9217-3f7c-4f187acf7dee',0,'2012-02-16 20:06:03',0),('d2880037-d937-47cd-588d-4f3d5faca67a','826cd3e7-35c6-2689-cebd-4f3d5f4cb02d','822a1815-8b86-436f-23f8-4f187a0748cb',0,'2012-02-16 20:06:03',0),('d4720059-e85d-f4e2-9074-4f3d5f9cfc05','826cd3e7-35c6-2689-cebd-4f3d5f4cb02d','c36b5ed0-65d3-342a-cb95-4f297d13b5f3',-98,'2012-02-16 20:06:03',0),('d663077f-94a0-9cdb-e3f4-4f3d5f38cda7','826cd3e7-35c6-2689-cebd-4f3d5f4cb02d','c4e8a4bd-df3e-f04a-7620-4f297d0fb152',0,'2012-02-16 20:06:03',0),('d87302a2-c4db-34da-4bcd-4f3d5fa8fcd7','826cd3e7-35c6-2689-cebd-4f3d5f4cb02d','c4a4e0d2-cb74-9ff9-2230-4f297d4435e6',0,'2012-02-16 20:06:03',0),('da6a0bb5-b24d-cd76-75a0-4f3d5fb28933','826cd3e7-35c6-2689-cebd-4f3d5f4cb02d','c56dc120-e43f-f700-6351-4f297d8b61fc',0,'2012-02-16 20:06:03',0),('dc6d0dd3-d428-413f-cfdf-4f3d5f44c6db','826cd3e7-35c6-2689-cebd-4f3d5f4cb02d','c52b1761-16d4-6dfc-32a4-4f297d731cf0',0,'2012-02-16 20:06:03',0),('de92045c-0894-eb14-e9fd-4f3d5f2f11c8','826cd3e7-35c6-2689-cebd-4f3d5f4cb02d','c461fcd1-16f0-061d-91b0-4f297dcc2030',0,'2012-02-16 20:06:03',0),('e0920570-c3b4-7da9-fc7d-4f3d5fd66456','826cd3e7-35c6-2689-cebd-4f3d5f4cb02d','c5b6e06b-4d2d-f28b-c266-4f297d4d52dc',0,'2012-02-16 20:06:03',0),('e2910cde-bc3a-50e5-61ef-4f3d5f6113a2','826cd3e7-35c6-2689-cebd-4f3d5f4cb02d','c41c70eb-cf6e-5cda-ae2f-4f297d14a871',0,'2012-02-16 20:06:03',0),('e4900a7a-c860-5ec5-1230-4f3d5ff482ef','826cd3e7-35c6-2689-cebd-4f3d5f4cb02d','cc305053-03ad-cdd5-d204-4f297da68cad',-98,'2012-02-16 20:06:03',0),('e6ab0a44-6af8-4115-bef7-4f3d5f85a99b','826cd3e7-35c6-2689-cebd-4f3d5f4cb02d','cd4aa0ad-9121-5e5d-90e4-4f297d1c3aeb',0,'2012-02-16 20:06:03',0),('e8d30d98-fa1f-2092-db36-4f3d5f65cc7a','826cd3e7-35c6-2689-cebd-4f3d5f4cb02d','cd066e16-c4db-3332-8384-4f297d99d0c1',0,'2012-02-16 20:06:03',0),('eaeb0f4d-73c0-b973-de80-4f3d5f2be338','826cd3e7-35c6-2689-cebd-4f3d5f4cb02d','cdd5d812-62dc-1053-6b9b-4f297df60291',0,'2012-02-16 20:06:03',0),('ecfc0d65-e980-9776-9d5d-4f3d5f1bb1d1','826cd3e7-35c6-2689-cebd-4f3d5f4cb02d','cd8f52ea-4c44-f78f-a1ae-4f297dbf3bbd',0,'2012-02-16 20:06:03',0),('ef0a0c63-ebe1-5da4-6f16-4f3d5f1ee232','826cd3e7-35c6-2689-cebd-4f3d5f4cb02d','ccbf6490-2f9d-be3c-242b-4f297d568fc7',0,'2012-02-16 20:06:03',0),('f12209dc-8672-e1f8-8671-4f3d5fbda654','826cd3e7-35c6-2689-cebd-4f3d5f4cb02d','ce1b287a-ca06-775e-ab27-4f297d9e3f33',0,'2012-02-16 20:06:03',0),('f34c07c1-0039-0f6b-88d4-4f3d5f6e6e0c','826cd3e7-35c6-2689-cebd-4f3d5f4cb02d','cc7ba872-4e55-dc6f-622a-4f297d757f7e',0,'2012-02-16 20:06:03',0),('f5660cc8-1b19-8789-61fc-4f3d5f96f169','826cd3e7-35c6-2689-cebd-4f3d5f4cb02d','d3f46248-0160-ec23-9f42-4f297dd0c3f4',-98,'2012-02-16 20:06:03',0),('f79500a1-b793-ebf3-b22a-4f3d5fb040e9','826cd3e7-35c6-2689-cebd-4f3d5f4cb02d','d51079d7-f27f-b03b-acf3-4f297de81f06',0,'2012-02-16 20:06:03',0),('f9a405aa-b1c0-ad62-c7d6-4f3d5f1592f1','826cd3e7-35c6-2689-cebd-4f3d5f4cb02d','d4cb60a3-8e3c-0bd0-eade-4f297d265a6f',0,'2012-02-16 20:06:03',0),('fbb907db-9d33-2a79-9b73-4f3d5f300082','826cd3e7-35c6-2689-cebd-4f3d5f4cb02d','d59acb65-144f-ba9d-0901-4f297d291100',0,'2012-02-16 20:06:03',0),('fddf0193-4962-6f4d-1509-4f3d5faf352c','826cd3e7-35c6-2689-cebd-4f3d5f4cb02d','d554bdf9-77b5-95e0-0325-4f297ddfdf44',0,'2012-02-16 20:06:03',0),('fff407df-742b-f47c-6c36-4f3d5f7e359e','826cd3e7-35c6-2689-cebd-4f3d5f4cb02d','d486ce9e-ddd5-7a42-8a08-4f297db447fb',0,'2012-02-16 20:06:03',0),('1020e629-c36c-c19a-0eec-4f3d5f0dddc0','826cd3e7-35c6-2689-cebd-4f3d5f4cb02d','d5df6e52-eadb-6abf-b09b-4f297d8062ec',0,'2012-02-16 20:06:03',0),('10425241-fe11-4471-c514-4f3d5fdd9e78','826cd3e7-35c6-2689-cebd-4f3d5f4cb02d','d4429a75-1629-6029-e233-4f297d6adefe',0,'2012-02-16 20:06:03',0),('1067c394-ee41-9b21-7514-4f3d5f33766c','826cd3e7-35c6-2689-cebd-4f3d5f4cb02d','db30aea4-0197-e4c1-b7e3-4f297d44a577',-98,'2012-02-16 20:06:03',0),('108a5697-484f-aa1a-6e13-4f3d5fe1fa11','826cd3e7-35c6-2689-cebd-4f3d5f4cb02d','dc4b7d9c-a926-ec02-8ea6-4f297d4cf6ea',0,'2012-02-16 20:06:03',0),('10aca21e-51b2-1d30-dd30-4f3d5fd67ef6','826cd3e7-35c6-2689-cebd-4f3d5f4cb02d','dc05e29b-067b-773c-e40f-4f297dec3fc7',0,'2012-02-16 20:06:03',0),('10cf3167-f56f-c362-e2d2-4f3d5fa79522','826cd3e7-35c6-2689-cebd-4f3d5f4cb02d','dcd50ff8-39c9-1052-92d0-4f297d4a2115',0,'2012-02-16 20:06:03',0),('10f4d84e-0966-8870-e9b6-4f3d5f5922de','826cd3e7-35c6-2689-cebd-4f3d5f4cb02d','dc8f7deb-c89e-1257-cb61-4f297d740b1c',0,'2012-02-16 20:06:03',0),('111721e3-46ce-f5ac-cb7c-4f3d5f7c9906','826cd3e7-35c6-2689-cebd-4f3d5f4cb02d','dbc15454-7d78-120b-6501-4f297dea8e48',0,'2012-02-16 20:06:03',0),('1138c4ae-8bf2-5fd9-b47e-4f3d5f84c98d','826cd3e7-35c6-2689-cebd-4f3d5f4cb02d','dd1977d9-b3cc-e231-f623-4f297d705099',0,'2012-02-16 20:06:03',0),('115a25fc-002f-9894-e3e0-4f3d5f2a56ef','826cd3e7-35c6-2689-cebd-4f3d5f4cb02d','db796411-c3f2-315e-e619-4f297d6de0b8',0,'2012-02-16 20:06:03',0),('117b8473-e510-feeb-915b-4f3d5fcf2e38','826cd3e7-35c6-2689-cebd-4f3d5f4cb02d','e314fb83-9cf8-15a0-4629-4f297dfe6655',-98,'2012-02-16 20:06:03',0),('119f4a92-6af7-11d8-4454-4f3d5fc2d79c','826cd3e7-35c6-2689-cebd-4f3d5f4cb02d','e43dd068-5565-041d-0ea2-4f297d0e4f42',0,'2012-02-16 20:06:03',0),('11c0a555-31b6-e294-f523-4f3d5f4a39bd','826cd3e7-35c6-2689-cebd-4f3d5f4cb02d','e3f5917f-934a-78d9-0888-4f297d17082f',0,'2012-02-16 20:06:03',0),('11e272e2-4c8b-0414-eac8-4f3d5fc55f72','826cd3e7-35c6-2689-cebd-4f3d5f4cb02d','e4d26653-f7d3-cb32-db9a-4f297d038e6f',0,'2012-02-16 20:06:03',0),('1203d547-d44c-18eb-122d-4f3d5f0058a2','826cd3e7-35c6-2689-cebd-4f3d5f4cb02d','e489d1a2-62ae-920a-8398-4f297d8de473',0,'2012-02-16 20:06:03',0),('12257255-6469-9e2a-9b85-4f3d5f81cd65','826cd3e7-35c6-2689-cebd-4f3d5f4cb02d','e3ad05e2-67dd-0ef9-6e50-4f297d2033e3',0,'2012-02-16 20:06:03',0),('1247b2bb-7b4a-9390-b821-4f3d5f8e7130','826cd3e7-35c6-2689-cebd-4f3d5f4cb02d','e51ae478-913e-0e98-9274-4f297d4d411e',0,'2012-02-16 20:06:03',0),('126d2908-4b07-1d39-83e0-4f3d5ff1ce8d','826cd3e7-35c6-2689-cebd-4f3d5f4cb02d','e365af28-ff3b-8cd1-a2c3-4f297d220249',0,'2012-02-16 20:06:03',0),('128fa205-00ec-8c6a-7731-4f3d5f33a746','826cd3e7-35c6-2689-cebd-4f3d5f4cb02d','ebf51108-5417-0986-1d7c-4f297df5f38a',-98,'2012-02-16 20:06:03',0),('12b30ca6-6262-5ad8-689d-4f3d5f1ef639','826cd3e7-35c6-2689-cebd-4f3d5f4cb02d','ed27a1e3-8fbd-f294-308f-4f297d869d69',0,'2012-02-16 20:06:03',0),('12d7be2c-a81b-08a7-c39a-4f3d5f08753a','826cd3e7-35c6-2689-cebd-4f3d5f4cb02d','ece061d2-0260-6c8b-3c23-4f297d713750',0,'2012-02-16 20:06:03',0),('12fa2936-21bb-8749-4e50-4f3d5fab644c','826cd3e7-35c6-2689-cebd-4f3d5f4cb02d','edb5511c-7c23-c366-57fc-4f297d01d0c9',0,'2012-02-16 20:06:03',0),('131cd746-7095-7ac9-f47f-4f3d5f80598e','826cd3e7-35c6-2689-cebd-4f3d5f4cb02d','ed6f745f-64fe-4a3c-1139-4f297db956f3',0,'2012-02-16 20:06:03',0),('133ef238-e81b-2e8a-3368-4f3d5f8924c9','826cd3e7-35c6-2689-cebd-4f3d5f4cb02d','ec942a18-a550-9b2d-b1ca-4f297d3ed16f',0,'2012-02-16 20:06:03',0),('136540f2-c853-e688-d41f-4f3d5f27b782','826cd3e7-35c6-2689-cebd-4f3d5f4cb02d','edfe9d0b-730b-d1ed-18f3-4f297dac2c5d',0,'2012-02-16 20:06:03',0),('138ad23a-8182-edbc-6f99-4f3d5fe76412','826cd3e7-35c6-2689-cebd-4f3d5f4cb02d','ec4a69e4-40a9-ad83-25b9-4f297d0c7cbc',0,'2012-02-16 20:06:03',0),('13acf1a5-c344-e14c-e97f-4f3d5f64ee9a','826cd3e7-35c6-2689-cebd-4f3d5f4cb02d','2c19d3de-62a2-a0d3-23a0-4f187ad58883',89,'2012-02-16 20:06:03',0),('13cf2382-6bb6-5ff6-34bf-4f3d5f2a2825','826cd3e7-35c6-2689-cebd-4f3d5f4cb02d','2d1a1eb9-4bb9-2679-c215-4f187a1aea2d',0,'2012-02-16 20:06:03',0),('13f2704e-b6cb-eb48-4d5f-4f3d5fe16803','826cd3e7-35c6-2689-cebd-4f3d5f4cb02d','2cd7e68a-69ed-22a0-03e0-4f187af7fcdf',0,'2012-02-16 20:06:03',0),('14158bbf-d116-3b38-4863-4f3d5f5241f6','826cd3e7-35c6-2689-cebd-4f3d5f4cb02d','2d937057-174a-4777-8469-4f187a61691c',0,'2012-02-16 20:06:03',0),('1438612d-f05c-c383-cd60-4f3d5f253fda','826cd3e7-35c6-2689-cebd-4f3d5f4cb02d','2d563477-d44f-b0b8-68ee-4f187ad58555',0,'2012-02-16 20:06:03',0),('145ae11f-aa99-6f2a-9342-4f3d5f061711','826cd3e7-35c6-2689-cebd-4f3d5f4cb02d','2c9b9543-d6da-ab5c-4d94-4f187a82c7d5',0,'2012-02-16 20:06:03',0),('147da15d-633b-22ac-e782-4f3d5fe930e9','826cd3e7-35c6-2689-cebd-4f3d5f4cb02d','2dcf7465-366d-5184-23d3-4f187a91dee4',0,'2012-02-16 20:06:03',0),('149fd5f9-4098-cac9-7c0d-4f3d5f14b1a8','826cd3e7-35c6-2689-cebd-4f3d5f4cb02d','2c60595e-060f-b7fb-a8e0-4f187a1894a2',0,'2012-02-16 20:06:03',0),('14c4675f-653a-a908-d0eb-4f3d5fd5cbf0','826cd3e7-35c6-2689-cebd-4f3d5f4cb02d','a11674cc-0d06-f6e8-72a4-4f187aede5b2',-98,'2012-02-16 20:06:03',0),('14e93a1f-bf92-9fe1-79a4-4f3d5f2ba223','826cd3e7-35c6-2689-cebd-4f3d5f4cb02d','a216bfef-adf2-b675-8889-4f187aaf5ca8',0,'2012-02-16 20:06:03',0),('150d6719-66ec-fffc-392f-4f3d5f9eab80','826cd3e7-35c6-2689-cebd-4f3d5f4cb02d','a1d8d61c-fe5e-dbac-d13f-4f187ad304d1',0,'2012-02-16 20:06:03',0),('15369ea4-adc7-6df4-b292-4f3d5fd72990','826cd3e7-35c6-2689-cebd-4f3d5f4cb02d','a2917dfc-93b2-a9a4-897e-4f187adf37aa',0,'2012-02-16 20:06:03',0),('155bfc97-4b30-c9b7-b579-4f3d5fe7fec5','826cd3e7-35c6-2689-cebd-4f3d5f4cb02d','a2541575-ffd5-1b02-e8be-4f187a801028',0,'2012-02-16 20:06:03',0),('157f703a-f90d-fcdd-b53a-4f3d5f73e639','826cd3e7-35c6-2689-cebd-4f3d5f4cb02d','a19be553-40e1-84e0-c12d-4f187a0eaf04',0,'2012-02-16 20:06:03',0),('15a3bb9b-78a1-df8b-8e54-4f3d5f27933c','826cd3e7-35c6-2689-cebd-4f3d5f4cb02d','a2cfa149-e007-d97b-84a6-4f187ae5b789',0,'2012-02-16 20:06:03',0),('15c941ea-6f6d-49f1-b397-4f3d5f1bdf2a','826cd3e7-35c6-2689-cebd-4f3d5f4cb02d','a15e06b2-c578-95da-efa5-4f187ab07ab3',0,'2012-02-16 20:06:03',0),('15ef4fdc-3a8f-8a8d-cf60-4f3d5f22c7d3','826cd3e7-35c6-2689-cebd-4f3d5f4cb02d','4da5f44c-d06d-4a54-dcd9-4f187aca772d',-98,'2012-02-16 20:06:03',0),('161317cf-b90b-ce69-71b5-4f3d5f3fcf6c','826cd3e7-35c6-2689-cebd-4f3d5f4cb02d','4ea34d79-463d-8f10-0958-4f187a4aec7d',0,'2012-02-16 20:06:03',0),('16362d1d-887a-1802-ef08-4f3d5f8c285d','826cd3e7-35c6-2689-cebd-4f3d5f4cb02d','4e6737fd-3b06-1e7e-d856-4f187a9f9c5b',0,'2012-02-16 20:06:03',0),('165a19f3-5e3c-f13f-ecbf-4f3d5f56f4c3','826cd3e7-35c6-2689-cebd-4f3d5f4cb02d','4f1bf7a6-1a5c-6db1-59d5-4f187a2b9eca',0,'2012-02-16 20:06:03',0),('167f3770-d0c2-4395-f993-4f3d5fc73a97','826cd3e7-35c6-2689-cebd-4f3d5f4cb02d','4edef993-92ab-6f1f-4849-4f187ad9cad4',0,'2012-02-16 20:06:03',0),('16a3afab-4ed9-f76a-81c7-4f3d5fc03c6c','826cd3e7-35c6-2689-cebd-4f3d5f4cb02d','4e2a2abb-14f6-c10c-d69f-4f187ada19f8',0,'2012-02-16 20:06:03',0),('16c89e75-476b-af94-7f9f-4f3d5f12364d','826cd3e7-35c6-2689-cebd-4f3d5f4cb02d','4f586112-1fc9-806e-2864-4f187af50dfa',0,'2012-02-16 20:06:03',0),('16ed08cb-c456-40d3-1428-4f3d5fad2938','826cd3e7-35c6-2689-cebd-4f3d5f4cb02d','4ded800a-af66-19d4-de9f-4f187a315058',0,'2012-02-16 20:06:03',0),('1710c6ee-829a-0cf5-a170-4f3d5f91e629','826cd3e7-35c6-2689-cebd-4f3d5f4cb02d','2325e5f0-abc4-eafd-91e7-4f187a6ef30e',-98,'2012-02-16 20:06:03',0),('173555f4-c7b2-66ed-701a-4f3d5f0785b1','826cd3e7-35c6-2689-cebd-4f3d5f4cb02d','24219b13-abb5-c859-2dfd-4f187acb4b94',0,'2012-02-16 20:06:03',0),('1759ba6e-a542-cd81-11f0-4f3d5fb11090','826cd3e7-35c6-2689-cebd-4f3d5f4cb02d','23e162db-6831-9454-ae2f-4f187a5eca7f',0,'2012-02-16 20:06:03',0),('177e5a10-96e3-a7dd-da9a-4f3d5f86ae02','826cd3e7-35c6-2689-cebd-4f3d5f4cb02d','249b6c31-0408-f3b9-44ea-4f187acaa72e',0,'2012-02-16 20:06:03',0),('17a4d389-272c-4afc-cf5e-4f3d5f1c8432','826cd3e7-35c6-2689-cebd-4f3d5f4cb02d','2460bb7c-7f52-620a-1714-4f187a39538a',0,'2012-02-16 20:06:03',0),('17ca94f3-1c0b-5880-7395-4f3d5fd60f2b','826cd3e7-35c6-2689-cebd-4f3d5f4cb02d','23a30193-2217-0ae1-b7b4-4f187a00420b',0,'2012-02-16 20:06:03',0),('17eefaea-5846-b91b-3a49-4f3d5fe79199','826cd3e7-35c6-2689-cebd-4f3d5f4cb02d','24d72aea-7f23-d261-4a4e-4f187a674603',0,'2012-02-16 20:06:03',0),('18134a8d-510b-f063-874e-4f3d5fa4b89d','826cd3e7-35c6-2689-cebd-4f3d5f4cb02d','2367da32-6a88-c9d3-8e0c-4f187ab6121a',0,'2012-02-16 20:06:03',0),('18389bd7-026d-ca66-2c7a-4f3d5f703889','826cd3e7-35c6-2689-cebd-4f3d5f4cb02d','773228d2-77d9-7016-c678-4f187ab03d72',-98,'2012-02-16 20:06:03',0),('185f8b2f-0289-7010-b1bd-4f3d5f25d67f','826cd3e7-35c6-2689-cebd-4f3d5f4cb02d','7836584d-ed9b-6166-0b34-4f187a5a537e',0,'2012-02-16 20:06:03',0),('18852ac3-e7f3-d906-499c-4f3d5f1ffb2c','826cd3e7-35c6-2689-cebd-4f3d5f4cb02d','77f9ef1f-8fbf-4b64-1b20-4f187a1fae0f',0,'2012-02-16 20:06:03',0),('18aae9c6-4fae-32fa-0d30-4f3d5f7ceca7','826cd3e7-35c6-2689-cebd-4f3d5f4cb02d','78b48600-03f9-0bd9-89ab-4f187a9935f3',0,'2012-02-16 20:06:03',0),('18d0be8c-6d3a-3e56-84ea-4f3d5f38897d','826cd3e7-35c6-2689-cebd-4f3d5f4cb02d','78739b0b-cb0c-2a29-3c27-4f187a75b57c',0,'2012-02-16 20:06:03',0),('18f70ee3-55f9-bffa-b26f-4f3d5fb7c70f','826cd3e7-35c6-2689-cebd-4f3d5f4cb02d','77b8e1b9-3eae-0c33-4346-4f187ac3b1d8',0,'2012-02-16 20:06:03',0),('191d4d0c-c5bc-1e60-48a0-4f3d5ff24007','826cd3e7-35c6-2689-cebd-4f3d5f4cb02d','78f13d53-faa1-e3a9-e5c9-4f187addb73e',0,'2012-02-16 20:06:03',0),('194354a2-0bc0-4d98-9699-4f3d5f9d7d88','826cd3e7-35c6-2689-cebd-4f3d5f4cb02d','777b08f6-0d74-941a-d6b4-4f187adb02c6',0,'2012-02-16 20:06:03',0),('19694298-3212-9e4d-466b-4f3d5f07dc7d','826cd3e7-35c6-2689-cebd-4f3d5f4cb02d','d4680a04-3c30-a954-6305-4f187ac4e46e',-98,'2012-02-16 20:06:03',0),('1991257f-319c-cf3a-4d4e-4f3d5f1d0dd1','826cd3e7-35c6-2689-cebd-4f3d5f4cb02d','d57398a6-3ca7-0cef-72a5-4f187ad01135',0,'2012-02-16 20:06:03',0),('19b9578b-3f9b-2df0-1c99-4f3d5fbd29f1','826cd3e7-35c6-2689-cebd-4f3d5f4cb02d','d533d702-a286-97a4-9281-4f187a218210',0,'2012-02-16 20:06:03',0),('19dfa933-378c-9df1-9812-4f3d5f7776b0','826cd3e7-35c6-2689-cebd-4f3d5f4cb02d','d5f3abc8-e04f-eb79-7097-4f187ae65643',0,'2012-02-16 20:06:03',0),('1a064785-f447-2ce1-ba81-4f3d5fe870c7','826cd3e7-35c6-2689-cebd-4f3d5f4cb02d','d5b51e4d-cd0c-9945-d07a-4f187af7731a',0,'2012-02-16 20:06:03',0),('1a2fad33-9847-9066-4846-4f3d5f3fec4c','826cd3e7-35c6-2689-cebd-4f3d5f4cb02d','d4f4ed66-bbd6-c91e-f611-4f187a18e715',0,'2012-02-16 20:06:03',0),('1a55677c-e5db-12f9-e28f-4f3d5fa96abe','826cd3e7-35c6-2689-cebd-4f3d5f4cb02d','d63416fb-1193-cb6e-10ed-4f187aad6faa',0,'2012-02-16 20:06:03',0),('1a7ef4ca-2be2-e155-380b-4f3d5f780215','826cd3e7-35c6-2689-cebd-4f3d5f4cb02d','d4b36e3a-9f82-747a-02cb-4f187a7ebc72',0,'2012-02-16 20:06:03',0),('1aa77de2-5388-51fd-7a46-4f3d5f9eb7a9','826cd3e7-35c6-2689-cebd-4f3d5f4cb02d','f18a7248-9a8f-f376-dc8d-4f187a87e921',-98,'2012-02-16 20:06:03',0),('1ad09d99-ac8a-cd0e-d522-4f3d5fe945bf','826cd3e7-35c6-2689-cebd-4f3d5f4cb02d','f295762b-7be3-29bc-d6da-4f187a42021e',0,'2012-02-16 20:06:03',0),('1af84c43-83dd-f777-0c19-4f3d5f77bd20','826cd3e7-35c6-2689-cebd-4f3d5f4cb02d','f255899d-54ef-4d0d-f924-4f187a4eac04',0,'2012-02-16 20:06:03',0),('1b20132e-c5a9-53fa-7ff9-4f3d5fdd7221','826cd3e7-35c6-2689-cebd-4f3d5f4cb02d','f31478e3-5425-ed25-26c5-4f187a68b2bc',0,'2012-02-16 20:06:03',0),('1b489008-2546-eb73-eb3f-4f3d5f06befd','826cd3e7-35c6-2689-cebd-4f3d5f4cb02d','f2d5b5c7-e30a-ef0d-71f3-4f187aa7b210',0,'2012-02-16 20:06:03',0),('1b71f0c1-3843-7c31-f699-4f3d5f6812a7','826cd3e7-35c6-2689-cebd-4f3d5f4cb02d','f216fd0e-1cd0-ae8d-2a7c-4f187a5738a9',0,'2012-02-16 20:06:03',0),('1b998283-744c-cf02-6713-4f3d5f7ba291','826cd3e7-35c6-2689-cebd-4f3d5f4cb02d','f3537070-b1a7-c92c-9f92-4f187ac4b5a1',0,'2012-02-16 20:06:03',0),('1bc0e7c9-db4b-065c-6935-4f3d5ffdaa15','826cd3e7-35c6-2689-cebd-4f3d5f4cb02d','f1d38526-44d0-b7ad-d2c7-4f187a572dab',0,'2012-02-16 20:06:03',0),('1be91178-2120-27a2-234d-4f3d5fe429e6','826cd3e7-35c6-2689-cebd-4f3d5f4cb02d','63a846e6-7e23-4d23-8ab4-4f187ac577f2',-98,'2012-02-16 20:06:03',0),('1c100a47-30ab-b99e-ad6c-4f3d5ffc5e05','826cd3e7-35c6-2689-cebd-4f3d5f4cb02d','64a29b10-fc19-368e-58ef-4f187a366dc7',0,'2012-02-16 20:06:03',0),('1c37bded-4675-9a22-597f-4f3d5f376d8a','826cd3e7-35c6-2689-cebd-4f3d5f4cb02d','64662f44-771e-0338-f646-4f187a878408',0,'2012-02-16 20:06:03',0),('1c5ed2e7-6c0f-918b-b732-4f3d5fd1c27b','826cd3e7-35c6-2689-cebd-4f3d5f4cb02d','651c8355-2a8b-d645-c0fc-4f187a5d68cb',0,'2012-02-16 20:06:03',0),('1c874798-66ae-a95f-ea0a-4f3d5f391b3e','826cd3e7-35c6-2689-cebd-4f3d5f4cb02d','64decda2-37d2-79cb-9f3c-4f187a71d08a',0,'2012-02-16 20:06:03',0),('1caf7722-c2e4-8473-a789-4f3d5f758af2','826cd3e7-35c6-2689-cebd-4f3d5f4cb02d','64290ec1-f4a6-07a8-67db-4f187acbff27',0,'2012-02-16 20:06:03',0),('1cd60a89-e869-0512-e362-4f3d5f14f967','826cd3e7-35c6-2689-cebd-4f3d5f4cb02d','6558ebec-e643-3e9e-5d2c-4f187ae28a9d',0,'2012-02-16 20:06:03',0),('1cfdad92-cc52-6b47-7969-4f3d5f641d69','826cd3e7-35c6-2689-cebd-4f3d5f4cb02d','63ebf31d-ed1c-08ce-a9cc-4f187af5c125',0,'2012-02-16 20:06:03',0),('1d267fa7-74a2-47b9-4d43-4f3d5f49a9be','826cd3e7-35c6-2689-cebd-4f3d5f4cb02d','a82b0ea6-ad53-3580-86cb-4f187a545b67',-98,'2012-02-16 20:06:03',0),('1d500439-0b33-ef91-77a6-4f3d5fde395f','826cd3e7-35c6-2689-cebd-4f3d5f4cb02d','a934120a-aab8-0447-e118-4f187aaef79c',0,'2012-02-16 20:06:03',0),('1d78241f-57ac-dbd1-a480-4f3d5f83f8ed','826cd3e7-35c6-2689-cebd-4f3d5f4cb02d','a8f3f904-096a-1282-e55a-4f187a40872e',0,'2012-02-16 20:06:03',0),('1da48c75-41eb-ed33-ee69-4f3d5f9ef976','826cd3e7-35c6-2689-cebd-4f3d5f4cb02d','a9b13da5-d886-d017-906b-4f187aedc7bc',0,'2012-02-16 20:06:03',0),('1dce4db5-0f53-d25e-0b18-4f3d5fcbd6c6','826cd3e7-35c6-2689-cebd-4f3d5f4cb02d','a972230d-6028-872d-c77f-4f187a8673db',0,'2012-02-16 20:06:03',0),('1df6ef1f-56cd-ac66-993c-4f3d5fc50b2c','826cd3e7-35c6-2689-cebd-4f3d5f4cb02d','a8b5415e-1265-6647-0deb-4f187a961054',0,'2012-02-16 20:06:03',0),('1e1fc3de-d9af-b0ba-6054-4f3d5fc8d2fa','826cd3e7-35c6-2689-cebd-4f3d5f4cb02d','a9ef6417-88a9-af0f-ea95-4f187acd0d9e',0,'2012-02-16 20:06:03',0),('1e496349-5ab3-e52e-2ce7-4f3d5f0a04c9','826cd3e7-35c6-2689-cebd-4f3d5f4cb02d','a8748cbc-6e8e-6cd4-1757-4f187a3b91fc',0,'2012-02-16 20:06:03',0),('1e71b3ac-f4a7-7f1f-f31d-4f3d5f7d3f08','826cd3e7-35c6-2689-cebd-4f3d5f4cb02d','95152281-a803-0fa6-c323-4f187a78212a',-98,'2012-02-16 20:06:03',0),('1e99a275-fcdd-71cf-0892-4f3d5f309229','826cd3e7-35c6-2689-cebd-4f3d5f4cb02d','961de181-61c3-8e53-31dc-4f187a58b982',0,'2012-02-16 20:06:03',0),('1ec16421-d00c-d4c9-2deb-4f3d5f9d911d','826cd3e7-35c6-2689-cebd-4f3d5f4cb02d','95e0550e-1573-8548-50df-4f187affab7c',0,'2012-02-16 20:06:03',0),('1eebab7b-fbbc-c5c5-e4d1-4f3d5fd741c1','826cd3e7-35c6-2689-cebd-4f3d5f4cb02d','969a9208-7323-ac54-5009-4f187ac57f8c',0,'2012-02-16 20:06:03',0),('1f149818-ec70-e753-961d-4f3d5f7f5f32','826cd3e7-35c6-2689-cebd-4f3d5f4cb02d','965be43c-97a4-bad3-c142-4f187acc0b6e',0,'2012-02-16 20:06:03',0),('1f3c8aa0-3e55-cbcf-b09d-4f3d5fdb0170','826cd3e7-35c6-2689-cebd-4f3d5f4cb02d','959bf1c6-7539-1d8c-e741-4f187a420eef',0,'2012-02-16 20:06:03',0),('1f64d4d1-63bc-cbe7-5d81-4f3d5f27a31c','826cd3e7-35c6-2689-cebd-4f3d5f4cb02d','96db72a8-e377-424d-35d7-4f187a9f06ed',0,'2012-02-16 20:06:03',0),('1f8ce95b-20b4-b83c-bfd1-4f3d5fce7bd8','826cd3e7-35c6-2689-cebd-4f3d5f4cb02d','955d5509-bea4-bfb2-e74a-4f187a3a5ea8',0,'2012-02-16 20:06:03',0),('1fb721d3-f668-ba59-49b4-4f3d5fcbcd57','826cd3e7-35c6-2689-cebd-4f3d5f4cb02d','a8274819-2e5f-d95b-cb6e-4f2ad5e6a238',-98,'2012-02-16 20:06:03',0),('1fdf6e24-b116-58a1-e7b1-4f3d5fd297d1','826cd3e7-35c6-2689-cebd-4f3d5f4cb02d','a9cb84e1-ab0a-69db-0451-4f2ad5c5eb6d',0,'2012-02-16 20:06:03',0),('20065482-c284-29d8-2f91-4f3d5f22935d','826cd3e7-35c6-2689-cebd-4f3d5f4cb02d','a9853101-2a06-89b3-bf34-4f2ad5e93b4e',0,'2012-02-16 20:06:03',0),('20314f00-2900-fa60-938a-4f3d5fdb2d83','826cd3e7-35c6-2689-cebd-4f3d5f4cb02d','aa5b4811-2528-ebe2-d29a-4f2ad5f0c82b',0,'2012-02-16 20:06:03',0),('205d19d0-1a67-1f5c-ea27-4f3d5f8d9dbf','826cd3e7-35c6-2689-cebd-4f3d5f4cb02d','aa12f93c-076c-cc50-da28-4f2ad57ccf45',0,'2012-02-16 20:06:03',0),('2086307d-c41b-4d9a-253e-4f3d5f7a2b4b','826cd3e7-35c6-2689-cebd-4f3d5f4cb02d','a93d64ea-0939-dc4e-be56-4f2ad5bc7105',0,'2012-02-16 20:06:03',0),('20ada442-ad80-a1dc-c603-4f3d5f61aa64','826cd3e7-35c6-2689-cebd-4f3d5f4cb02d','aaa40c75-3257-e59a-da58-4f2ad5e3aef4',0,'2012-02-16 20:06:03',0),('20d6ad5a-ea9f-bccb-91c8-4f3d5fab4f4e','826cd3e7-35c6-2689-cebd-4f3d5f4cb02d','a8f38991-6736-eab0-1993-4f2ad5b09122',0,'2012-02-16 20:06:03',0),('2103db05-84f5-099b-736b-4f3d5feccf43','826cd3e7-35c6-2689-cebd-4f3d5f4cb02d','199db185-3fdb-aa3f-0e7b-4f187ae56c69',-98,'2012-02-16 20:06:03',0),('212a79d2-08f4-1346-39ed-4f3d5f797efc','826cd3e7-35c6-2689-cebd-4f3d5f4cb02d','1aa08896-a8fd-ee11-7f48-4f187a809293',0,'2012-02-16 20:06:03',0),('215275be-5626-b534-0173-4f3d5fd8afc7','826cd3e7-35c6-2689-cebd-4f3d5f4cb02d','1a64c8bb-9749-ba63-cf15-4f187afea5b9',0,'2012-02-16 20:06:03',0),('217dc9a2-2911-cabc-8d67-4f3d5fb33697','826cd3e7-35c6-2689-cebd-4f3d5f4cb02d','1b14e081-3b6a-8e3f-08fd-4f187afe2ec8',0,'2012-02-16 20:06:03',0),('21a7028f-fbe9-dd9c-9fd7-4f3d5f8da985','826cd3e7-35c6-2689-cebd-4f3d5f4cb02d','1ada544d-1882-1c2c-ff27-4f187a156204',0,'2012-02-16 20:06:03',0),('21ce487d-d61e-9312-10f7-4f3d5f05345c','826cd3e7-35c6-2689-cebd-4f3d5f4cb02d','1a27f8c7-6c03-6e81-c006-4f187af4bac3',0,'2012-02-16 20:06:03',0),('21f8040f-28ad-e821-257d-4f3d5fcb69b6','826cd3e7-35c6-2689-cebd-4f3d5f4cb02d','1b4f8a66-1f7b-c747-dc30-4f187ac449a5',0,'2012-02-16 20:06:03',0),('2222a8e3-0f4b-6dec-b67d-4f3d5fa18e03','826cd3e7-35c6-2689-cebd-4f3d5f4cb02d','19e9f8ee-bd5d-4fea-ca65-4f187a70a25a',0,'2012-02-16 20:06:03',0),('224ac08b-a614-cfe6-171a-4f3d5f1e12f8','826cd3e7-35c6-2689-cebd-4f3d5f4cb02d','afe38719-7077-19f0-e4e8-4f187a53b75a',-98,'2012-02-16 20:06:03',0),('2273672c-4e35-05ad-dfff-4f3d5feb7882','826cd3e7-35c6-2689-cebd-4f3d5f4cb02d','b0f067cf-4fdc-1a43-c5ca-4f187aefcf91',0,'2012-02-16 20:06:03',0),('229ef3c6-655e-67d9-4d5f-4f3d5f9751d7','826cd3e7-35c6-2689-cebd-4f3d5f4cb02d','b0b0a6f7-b27f-4465-431b-4f187a317c2a',0,'2012-02-16 20:06:03',0),('22c80f8c-023c-38b8-e2ea-4f3d5fc760ed','826cd3e7-35c6-2689-cebd-4f3d5f4cb02d','b17133b5-4d1a-769c-37b4-4f187a5c6008',0,'2012-02-16 20:06:03',0),('22f2489c-1511-b384-d062-4f3d5fbde7b8','826cd3e7-35c6-2689-cebd-4f3d5f4cb02d','b131e029-f856-f644-37ae-4f187aa851d8',0,'2012-02-16 20:06:03',0),('231cc5d1-2579-0076-49bd-4f3d5fff8852','826cd3e7-35c6-2689-cebd-4f3d5f4cb02d','b06ed117-bf8f-890c-0414-4f187a47dceb',0,'2012-02-16 20:06:03',0),('2346efd9-f067-53b2-e526-4f3d5fd6c894','826cd3e7-35c6-2689-cebd-4f3d5f4cb02d','b1b141a4-5663-d6a9-cc31-4f187a3b5965',0,'2012-02-16 20:06:03',0),('23725d04-a11c-84f5-b066-4f3d5fcec30f','826cd3e7-35c6-2689-cebd-4f3d5f4cb02d','b02e045e-9e34-241c-7408-4f187a5e875c',0,'2012-02-16 20:06:03',0),('239f3afc-a14b-4349-d7a5-4f3d5f7d11a4','826cd3e7-35c6-2689-cebd-4f3d5f4cb02d','9aa2daa7-e74a-9a23-d1fd-4f187ab2ebe2',-98,'2012-02-16 20:06:03',0),('23caf70f-1fb4-e4d7-8420-4f3d5f25441e','826cd3e7-35c6-2689-cebd-4f3d5f4cb02d','9bc53bba-3981-e30e-758b-4f187a14ddd4',0,'2012-02-16 20:06:03',0),('23fad794-0a99-239e-f693-4f3d5f9f64ab','826cd3e7-35c6-2689-cebd-4f3d5f4cb02d','9b6baf3b-c93c-ab1e-719f-4f187acbfe1d',0,'2012-02-16 20:06:03',0),('24278b24-5468-b247-7299-4f3d5f3eeed2','826cd3e7-35c6-2689-cebd-4f3d5f4cb02d','9c45c51e-1911-3a19-bfb3-4f187a08985e',0,'2012-02-16 20:06:03',0),('24544863-3642-b10e-d2af-4f3d5f1aa4f8','826cd3e7-35c6-2689-cebd-4f3d5f4cb02d','9c0690eb-579e-d6ea-9311-4f187a64fff1',0,'2012-02-16 20:06:03',0),('2480afb4-8884-093f-7643-4f3d5f7e40c3','826cd3e7-35c6-2689-cebd-4f3d5f4cb02d','9b2cc777-2ef5-cdaf-0b32-4f187a55e45e',0,'2012-02-16 20:06:03',0),('24ad8b8c-a344-d692-5df8-4f3d5feb2419','826cd3e7-35c6-2689-cebd-4f3d5f4cb02d','9c855efb-ad4c-6371-c966-4f187a3e8fcd',0,'2012-02-16 20:06:03',0),('24d99e26-b4f1-2c25-d943-4f3d5f998f74','826cd3e7-35c6-2689-cebd-4f3d5f4cb02d','9aec9825-db2f-d9ef-fa4d-4f187ab07522',0,'2012-02-16 20:06:03',0),('250551d3-91cc-6ea4-c03b-4f3d5ff517a2','826cd3e7-35c6-2689-cebd-4f3d5f4cb02d','8c4f033e-f140-3ac5-efe0-4f187ac82a9b',-98,'2012-02-16 20:06:03',0),('2533138e-2de6-cddb-3590-4f3d5f5a7439','826cd3e7-35c6-2689-cebd-4f3d5f4cb02d','8d59071a-effc-d39b-a701-4f187abfd08b',0,'2012-02-16 20:06:03',0),('255cefeb-b657-503d-fdc8-4f3d5f71b497','826cd3e7-35c6-2689-cebd-4f3d5f4cb02d','8d194f1d-eeb2-dd76-79f4-4f187a3fdbda',0,'2012-02-16 20:06:03',0),('25869828-c3e2-9409-15fe-4f3d5fe4aa9b','826cd3e7-35c6-2689-cebd-4f3d5f4cb02d','8dd6094d-d0cb-bd18-b4ae-4f187aef2ff4',0,'2012-02-16 20:06:03',0),('25b08104-fb5d-2969-5334-4f3d5f3084b0','826cd3e7-35c6-2689-cebd-4f3d5f4cb02d','8d96f5d6-823c-d82d-9fbf-4f187a26275e',0,'2012-02-16 20:06:03',0),('25dcc8b2-29aa-cd06-fcc7-4f3d5f4d0990','826cd3e7-35c6-2689-cebd-4f3d5f4cb02d','8cd94831-d4af-cbed-7ff0-4f187afff7b5',0,'2012-02-16 20:06:03',0),('26078a4b-3e73-fac7-af94-4f3d5f30eaf7','826cd3e7-35c6-2689-cebd-4f3d5f4cb02d','8e14b86f-7926-04fb-7fef-4f187a292c6a',0,'2012-02-16 20:06:03',0),('26333c13-bde2-1554-1081-4f3d5feef2c0','826cd3e7-35c6-2689-cebd-4f3d5f4cb02d','8c991ff5-849f-02f1-e174-4f187a025d3e',0,'2012-02-16 20:06:03',0),('2660d8f0-cbf3-52c6-cb6a-4f3d5fd595e4','826cd3e7-35c6-2689-cebd-4f3d5f4cb02d','3d7c2bb6-46d5-2a52-5848-4f187a24745b',89,'2012-02-16 20:06:03',0),('268b2b42-ac47-774d-f6a4-4f3d5f9dd201','826cd3e7-35c6-2689-cebd-4f3d5f4cb02d','3e78b18d-856e-d65f-b7e7-4f187aea37f0',0,'2012-02-16 20:06:03',0),('26b3aba6-8656-5ec4-8916-4f3d5fa5051b','826cd3e7-35c6-2689-cebd-4f3d5f4cb02d','3e3cebd5-593d-267a-a9ac-4f187af2ab0c',0,'2012-02-16 20:06:03',0),('26df1bd8-67ab-024a-5289-4f3d5fbb889e','826cd3e7-35c6-2689-cebd-4f3d5f4cb02d','3ef2c528-ab9e-da58-a6b0-4f187ae70fc2',0,'2012-02-16 20:06:03',0),('270b7a6d-0ba4-142b-7307-4f3d5f5663d3','826cd3e7-35c6-2689-cebd-4f3d5f4cb02d','3eb5b3af-d67b-d16e-a041-4f187ac7463c',0,'2012-02-16 20:06:03',0),('27366ffa-46bd-498d-e322-4f3d5f55de99','826cd3e7-35c6-2689-cebd-4f3d5f4cb02d','3e00e37b-2b4b-8b59-c701-4f187a2e06c4',0,'2012-02-16 20:06:03',0),('275eec50-5ab0-c27b-f824-4f3d5fa2d772','826cd3e7-35c6-2689-cebd-4f3d5f4cb02d','3f32f026-601a-ab15-7223-4f187a31654d',0,'2012-02-16 20:06:03',0),('278aa6b5-76e4-01a8-cae4-4f3d5f4fabd2','826cd3e7-35c6-2689-cebd-4f3d5f4cb02d','3dc2844d-408d-3884-47a9-4f187a1fb806',0,'2012-02-16 20:06:03',0),('27b6266c-8da7-81d2-d5e8-4f3d5f1864a3','826cd3e7-35c6-2689-cebd-4f3d5f4cb02d','446f4aa6-8538-573c-b019-4f187a45f5a9',89,'2012-02-16 20:06:03',0),('27df2037-6db5-274b-80e7-4f3d5fe6ccfd','826cd3e7-35c6-2689-cebd-4f3d5f4cb02d','4570b3ea-a689-9712-2098-4f187ae64455',0,'2012-02-16 20:06:03',0),('280ade29-d22e-ede5-7dd6-4f3d5f36c9ee','826cd3e7-35c6-2689-cebd-4f3d5f4cb02d','45338d77-f485-3e0b-d8ab-4f187acbf91a',0,'2012-02-16 20:06:03',0),('283716b1-164e-4554-756f-4f3d5f45c74f','826cd3e7-35c6-2689-cebd-4f3d5f4cb02d','45ff24f2-1ab6-bde7-8e07-4f187a1d4eb5',0,'2012-02-16 20:06:03',0),('2866a389-24d0-5897-dc79-4f3d5fdb5a33','826cd3e7-35c6-2689-cebd-4f3d5f4cb02d','45ae3837-80cd-cd24-6400-4f187ad41c27',0,'2012-02-16 20:06:03',0),('289264f6-8234-ccd3-6b62-4f3d5f32e141','826cd3e7-35c6-2689-cebd-4f3d5f4cb02d','44f63251-60dc-b410-36c9-4f187abfd819',0,'2012-02-16 20:06:03',0),('28bdf977-ef48-27e5-6e37-4f3d5f438ee0','826cd3e7-35c6-2689-cebd-4f3d5f4cb02d','4641d2e5-1b07-4b95-2787-4f187a9f6d66',0,'2012-02-16 20:06:03',0),('28e7bfe3-642a-7f4b-f44f-4f3d5f49de91','826cd3e7-35c6-2689-cebd-4f3d5f4cb02d','44b739ca-61e1-a1cc-a5c0-4f187aac0316',0,'2012-02-16 20:06:03',0),('29142df5-718f-a3e3-4c97-4f3d5f201858','826cd3e7-35c6-2689-cebd-4f3d5f4cb02d','5613f595-40ec-950d-3b6f-4f187aead495',-98,'2012-02-16 20:06:03',0),('293edf60-1ba0-2ee0-7191-4f3d5fe685c5','826cd3e7-35c6-2689-cebd-4f3d5f4cb02d','5714255c-c4ee-9b95-ae70-4f187ae1f605',0,'2012-02-16 20:06:03',0),('296a9d62-8e75-553f-15d9-4f3d5f6d7c71','826cd3e7-35c6-2689-cebd-4f3d5f4cb02d','56d6c82b-1532-326d-7824-4f187ace408a',0,'2012-02-16 20:06:03',0),('2997171a-ff39-5c18-c56b-4f3d5fe74c1d','826cd3e7-35c6-2689-cebd-4f3d5f4cb02d','579864b6-1a82-36cf-7e63-4f187a5ef054',0,'2012-02-16 20:06:03',0),('29c3a38f-c543-be36-8f33-4f3d5fb50fe2','826cd3e7-35c6-2689-cebd-4f3d5f4cb02d','5752cca1-3784-6fd8-9d9c-4f187acba1f8',0,'2012-02-16 20:06:03',0),('29edb804-8203-aaa4-1b2f-4f3d5f3ba886','826cd3e7-35c6-2689-cebd-4f3d5f4cb02d','56994cd2-946c-0e5f-2ed5-4f187abef02f',0,'2012-02-16 20:06:03',0),('2a1a0fd8-a6a8-c376-d3b1-4f3d5f9e6053','826cd3e7-35c6-2689-cebd-4f3d5f4cb02d','57d67444-6f11-a44b-478c-4f187a61823b',0,'2012-02-16 20:06:03',0),('2a4411f2-9cae-ab2e-de53-4f3d5fcee723','826cd3e7-35c6-2689-cebd-4f3d5f4cb02d','565aabb3-e241-2317-04e3-4f187a12c911',0,'2012-02-16 20:06:03',0),('2a6ebd5b-409b-ba29-f80e-4f3d5f2be3e7','826cd3e7-35c6-2689-cebd-4f3d5f4cb02d','5d0c3861-dcb8-f06a-bd2e-4f187a8ce24f',-98,'2012-02-16 20:06:03',0),('2a9a1354-4d88-2b9a-0dcf-4f3d5fbc0bc9','826cd3e7-35c6-2689-cebd-4f3d5f4cb02d','5e105bf4-3229-f803-0555-4f187a69bc15',0,'2012-02-16 20:06:03',0),('2ac83d99-b5ca-1e1c-5ad6-4f3d5fc75e1d','826cd3e7-35c6-2689-cebd-4f3d5f4cb02d','5dd2fb11-1c6b-948e-0c48-4f187acd9a3d',0,'2012-02-16 20:06:03',0),('2af29eba-9c04-669d-1ae8-4f3d5f6fe750','826cd3e7-35c6-2689-cebd-4f3d5f4cb02d','5e9bcb06-7e54-992f-a256-4f187a021cdf',0,'2012-02-16 20:06:03',0),('2b221fab-8ae0-57f2-1898-4f3d5f97295a','826cd3e7-35c6-2689-cebd-4f3d5f4cb02d','5e5a10ce-837f-822d-2e07-4f187a43828c',0,'2012-02-16 20:06:03',0),('2b4db023-6712-57de-cde5-4f3d5f5cb53f','826cd3e7-35c6-2689-cebd-4f3d5f4cb02d','5d93fc78-d7f3-3036-7712-4f187ab037ef',0,'2012-02-16 20:06:03',0),('2b7a9e96-3af4-1e3c-f526-4f3d5fd408e0','826cd3e7-35c6-2689-cebd-4f3d5f4cb02d','5edee62a-38c7-1525-3bea-4f187a55c466',0,'2012-02-16 20:06:03',0),('2ba4e333-4477-3828-e7a8-4f3d5fe3e2e8','826cd3e7-35c6-2689-cebd-4f3d5f4cb02d','5d55cb6f-f074-07a8-cc8c-4f187af6bab7',0,'2012-02-16 20:06:03',0),('2bd4dd50-2897-d4a9-a5a5-4f3d5fdc6c34','826cd3e7-35c6-2689-cebd-4f3d5f4cb02d','b734fc6b-92c5-f47d-7654-4f187a09aec0',-98,'2012-02-16 20:06:03',0),('2c03bece-6ffd-fbaf-cd4a-4f3d5f4c6eaa','826cd3e7-35c6-2689-cebd-4f3d5f4cb02d','b8475715-e9dd-4a9e-ea70-4f187a59883a',0,'2012-02-16 20:06:03',0),('2c2fdf7b-b1d6-3a6f-3618-4f3d5feea09b','826cd3e7-35c6-2689-cebd-4f3d5f4cb02d','b8065549-08bf-47b3-0704-4f187a67df84',0,'2012-02-16 20:06:03',0),('2c5e305b-0bfb-b638-91de-4f3d5f635e69','826cd3e7-35c6-2689-cebd-4f3d5f4cb02d','b8c99f6d-f1d3-678f-c7ea-4f187abd3d7d',0,'2012-02-16 20:06:03',0),('2c8e60cf-0c88-2610-7d2d-4f3d5fcd619b','826cd3e7-35c6-2689-cebd-4f3d5f4cb02d','b8891343-be9b-9c75-a039-4f187a3043db',0,'2012-02-16 20:06:03',0),('2cbd72e2-f298-dc0e-9fd1-4f3d5f01b89b','826cd3e7-35c6-2689-cebd-4f3d5f4cb02d','b7c5ff99-761d-ad42-47f3-4f187a136956',0,'2012-02-16 20:06:03',0),('2ceff892-7e9a-a202-4518-4f3d5f4cf541','826cd3e7-35c6-2689-cebd-4f3d5f4cb02d','b911188f-e624-77db-1d90-4f187a371afd',0,'2012-02-16 20:06:03',0),('2d1fb65f-d0bb-a9c3-a92f-4f3d5f2fb53f','826cd3e7-35c6-2689-cebd-4f3d5f4cb02d','b781daa5-db3e-8eb2-3942-4f187a5c1bc0',0,'2012-02-16 20:06:03',0),('78f413aa-3ffa-41b9-fa64-4f4903d9997c','17fe5fce-9dbc-7734-bbd1-4f4900b93f73','81e357a6-9d43-7ffc-2251-4f187a3178f1',89,'2012-02-28 04:55:40',0),('79371a54-9204-5f05-5254-4f4903e40e93','17fe5fce-9dbc-7734-bbd1-4f4900b93f73','82e398c0-b9b2-2299-97ad-4f187af815d5',90,'2012-02-28 04:55:40',0),('79601fad-de45-3358-7c10-4f49037f36e5','17fe5fce-9dbc-7734-bbd1-4f4900b93f73','82a5e676-add5-1c2f-d4d0-4f187a50ee5a',90,'2012-02-28 04:55:40',0),('7987d04f-c902-6ce3-e35e-4f49039d372a','17fe5fce-9dbc-7734-bbd1-4f4900b93f73','835f43f3-ec76-83e0-b4cb-4f187a870d19',90,'2012-02-28 04:55:40',0),('79ae85ba-ff19-c515-f368-4f490382ac57','17fe5fce-9dbc-7734-bbd1-4f4900b93f73','8320ad50-8471-3f2f-588c-4f187a86b66a',90,'2012-02-28 04:55:40',0),('79d7b12e-6893-e28b-df17-4f4903c599ac','17fe5fce-9dbc-7734-bbd1-4f4900b93f73','8268caff-4d38-83c7-8a46-4f187af413ec',90,'2012-02-28 04:55:40',0),('7a0081a9-c33b-4d8e-a39e-4f49030bfa92','17fe5fce-9dbc-7734-bbd1-4f4900b93f73','839c644e-a272-9217-3f7c-4f187acf7dee',90,'2012-02-28 04:55:40',0),('7a2776b8-79e6-779c-d506-4f4903c07669','17fe5fce-9dbc-7734-bbd1-4f4900b93f73','822a1815-8b86-436f-23f8-4f187a0748cb',90,'2012-02-28 04:55:40',0),('7a4f8ace-900f-cf90-43ec-4f4903382d3e','17fe5fce-9dbc-7734-bbd1-4f4900b93f73','c36b5ed0-65d3-342a-cb95-4f297d13b5f3',89,'2012-02-28 04:55:40',0),('7a7325a0-9cfb-b792-08e4-4f4903dfc902','17fe5fce-9dbc-7734-bbd1-4f4900b93f73','c4e8a4bd-df3e-f04a-7620-4f297d0fb152',90,'2012-02-28 04:55:40',0),('7a97cde5-fce8-3587-90ce-4f4903601a65','17fe5fce-9dbc-7734-bbd1-4f4900b93f73','c4a4e0d2-cb74-9ff9-2230-4f297d4435e6',90,'2012-02-28 04:55:40',0),('7abe1fac-33d4-4097-cccc-4f490323c937','17fe5fce-9dbc-7734-bbd1-4f4900b93f73','c56dc120-e43f-f700-6351-4f297d8b61fc',90,'2012-02-28 04:55:40',0),('7ae446af-0ac5-bbae-730e-4f490331591b','17fe5fce-9dbc-7734-bbd1-4f4900b93f73','c52b1761-16d4-6dfc-32a4-4f297d731cf0',90,'2012-02-28 04:55:40',0),('7b06ac60-99ea-28e3-7b5b-4f4903d5d3e1','17fe5fce-9dbc-7734-bbd1-4f4900b93f73','c461fcd1-16f0-061d-91b0-4f297dcc2030',90,'2012-02-28 04:55:40',0),('7b31cf9f-b324-f93a-94ac-4f4903532628','17fe5fce-9dbc-7734-bbd1-4f4900b93f73','c5b6e06b-4d2d-f28b-c266-4f297d4d52dc',90,'2012-02-28 04:55:40',0),('7b5787b0-0cab-8894-b86a-4f4903d93495','17fe5fce-9dbc-7734-bbd1-4f4900b93f73','c41c70eb-cf6e-5cda-ae2f-4f297d14a871',90,'2012-02-28 04:55:40',0),('7b7aa5a7-ab1a-37bc-761a-4f49034cf2d9','17fe5fce-9dbc-7734-bbd1-4f4900b93f73','cc305053-03ad-cdd5-d204-4f297da68cad',89,'2012-02-28 04:55:40',0),('7b9f1706-9173-70c3-1f0a-4f4903012e82','17fe5fce-9dbc-7734-bbd1-4f4900b93f73','cd4aa0ad-9121-5e5d-90e4-4f297d1c3aeb',90,'2012-02-28 04:55:40',0),('7bc4b7b7-e375-ce0a-0d67-4f4903250916','17fe5fce-9dbc-7734-bbd1-4f4900b93f73','cd066e16-c4db-3332-8384-4f297d99d0c1',90,'2012-02-28 04:55:40',0),('7be8c39c-6959-844e-e67e-4f4903fa4980','17fe5fce-9dbc-7734-bbd1-4f4900b93f73','cdd5d812-62dc-1053-6b9b-4f297df60291',90,'2012-02-28 04:55:40',0),('7c132e82-d16e-22b9-20f2-4f490388a351','17fe5fce-9dbc-7734-bbd1-4f4900b93f73','cd8f52ea-4c44-f78f-a1ae-4f297dbf3bbd',90,'2012-02-28 04:55:40',0),('7c388dfa-2d41-b82f-1046-4f49036a5013','17fe5fce-9dbc-7734-bbd1-4f4900b93f73','ccbf6490-2f9d-be3c-242b-4f297d568fc7',90,'2012-02-28 04:55:40',0),('7c5f48de-6ee3-b94d-3131-4f4903e0bbcd','17fe5fce-9dbc-7734-bbd1-4f4900b93f73','ce1b287a-ca06-775e-ab27-4f297d9e3f33',90,'2012-02-28 04:55:40',0),('7c8302cb-a412-1412-ef7d-4f4903289757','17fe5fce-9dbc-7734-bbd1-4f4900b93f73','cc7ba872-4e55-dc6f-622a-4f297d757f7e',90,'2012-02-28 04:55:40',0),('7ca7ba13-340a-b679-3b73-4f490389ab20','17fe5fce-9dbc-7734-bbd1-4f4900b93f73','d3f46248-0160-ec23-9f42-4f297dd0c3f4',89,'2012-02-28 04:55:40',0),('7ccbad06-e606-4086-94d9-4f49039e6341','17fe5fce-9dbc-7734-bbd1-4f4900b93f73','d51079d7-f27f-b03b-acf3-4f297de81f06',90,'2012-02-28 04:55:40',0),('7cf195fc-e5d8-1691-eea3-4f49038c2adc','17fe5fce-9dbc-7734-bbd1-4f4900b93f73','d4cb60a3-8e3c-0bd0-eade-4f297d265a6f',90,'2012-02-28 04:55:40',0),('7d1d2276-19d0-5b63-446b-4f490386b865','17fe5fce-9dbc-7734-bbd1-4f4900b93f73','d59acb65-144f-ba9d-0901-4f297d291100',90,'2012-02-28 04:55:40',0),('7d435b22-baf3-8438-dbcd-4f490346a3c2','17fe5fce-9dbc-7734-bbd1-4f4900b93f73','d554bdf9-77b5-95e0-0325-4f297ddfdf44',90,'2012-02-28 04:55:40',0),('7d6d27f2-d2ab-9b7b-dc32-4f490314c310','17fe5fce-9dbc-7734-bbd1-4f4900b93f73','d486ce9e-ddd5-7a42-8a08-4f297db447fb',90,'2012-02-28 04:55:40',0),('7d91ca75-72a9-2ff6-a89e-4f4903b77a97','17fe5fce-9dbc-7734-bbd1-4f4900b93f73','d5df6e52-eadb-6abf-b09b-4f297d8062ec',90,'2012-02-28 04:55:40',0),('7db54a82-581a-ad46-3963-4f4903cf0f25','17fe5fce-9dbc-7734-bbd1-4f4900b93f73','d4429a75-1629-6029-e233-4f297d6adefe',90,'2012-02-28 04:55:40',0),('7ddad00a-aef5-6502-1e3a-4f4903847a3d','17fe5fce-9dbc-7734-bbd1-4f4900b93f73','db30aea4-0197-e4c1-b7e3-4f297d44a577',89,'2012-02-28 04:55:40',0),('7dffaf03-2695-1d39-4c5f-4f4903d19992','17fe5fce-9dbc-7734-bbd1-4f4900b93f73','dc4b7d9c-a926-ec02-8ea6-4f297d4cf6ea',90,'2012-02-28 04:55:40',0),('7e286510-a2af-fc3b-202f-4f49031aa951','17fe5fce-9dbc-7734-bbd1-4f4900b93f73','dc05e29b-067b-773c-e40f-4f297dec3fc7',90,'2012-02-28 04:55:40',0),('7e4ddf90-02ef-119e-583a-4f4903feef46','17fe5fce-9dbc-7734-bbd1-4f4900b93f73','dcd50ff8-39c9-1052-92d0-4f297d4a2115',90,'2012-02-28 04:55:40',0),('7e70f5e8-8df0-1f70-0fd7-4f49033b3fcf','17fe5fce-9dbc-7734-bbd1-4f4900b93f73','dc8f7deb-c89e-1257-cb61-4f297d740b1c',90,'2012-02-28 04:55:40',0),('7ea6dd96-a89f-b488-c1bd-4f490300c45e','17fe5fce-9dbc-7734-bbd1-4f4900b93f73','dbc15454-7d78-120b-6501-4f297dea8e48',90,'2012-02-28 04:55:40',0),('7ee22f42-2890-dbd0-0b34-4f49037f45b4','17fe5fce-9dbc-7734-bbd1-4f4900b93f73','dd1977d9-b3cc-e231-f623-4f297d705099',90,'2012-02-28 04:55:40',0),('7f0a8d9e-6af5-dfbf-08b0-4f49035850d8','17fe5fce-9dbc-7734-bbd1-4f4900b93f73','db796411-c3f2-315e-e619-4f297d6de0b8',90,'2012-02-28 04:55:40',0),('7f2e668c-df6d-8613-7460-4f4903eeac2a','17fe5fce-9dbc-7734-bbd1-4f4900b93f73','e314fb83-9cf8-15a0-4629-4f297dfe6655',89,'2012-02-28 04:55:40',0),('7f52a6c5-3121-5fab-1576-4f49034ed129','17fe5fce-9dbc-7734-bbd1-4f4900b93f73','e43dd068-5565-041d-0ea2-4f297d0e4f42',90,'2012-02-28 04:55:40',0),('7f779d8b-dd25-8c2c-fcc1-4f49030fefde','17fe5fce-9dbc-7734-bbd1-4f4900b93f73','e3f5917f-934a-78d9-0888-4f297d17082f',90,'2012-02-28 04:55:40',0),('7f9dd644-f021-3eba-0694-4f49035211d1','17fe5fce-9dbc-7734-bbd1-4f4900b93f73','e4d26653-f7d3-cb32-db9a-4f297d038e6f',90,'2012-02-28 04:55:40',0),('7fc60ef6-f044-7505-4c6d-4f49031603d0','17fe5fce-9dbc-7734-bbd1-4f4900b93f73','e489d1a2-62ae-920a-8398-4f297d8de473',90,'2012-02-28 04:55:40',0),('7fec9af3-58e8-aa51-cfc4-4f4903bcd6bd','17fe5fce-9dbc-7734-bbd1-4f4900b93f73','e3ad05e2-67dd-0ef9-6e50-4f297d2033e3',90,'2012-02-28 04:55:40',0),('80125cce-49cc-33cd-5c1b-4f49031778ab','17fe5fce-9dbc-7734-bbd1-4f4900b93f73','e51ae478-913e-0e98-9274-4f297d4d411e',90,'2012-02-28 04:55:40',0),('803bb941-f4da-cc21-843e-4f49030faee6','17fe5fce-9dbc-7734-bbd1-4f4900b93f73','e365af28-ff3b-8cd1-a2c3-4f297d220249',90,'2012-02-28 04:55:40',0),('806e3548-46e1-f709-805e-4f49034ae8cb','17fe5fce-9dbc-7734-bbd1-4f4900b93f73','ebf51108-5417-0986-1d7c-4f297df5f38a',89,'2012-02-28 04:55:40',0),('80957b81-62db-d8a6-1bcb-4f4903617396','17fe5fce-9dbc-7734-bbd1-4f4900b93f73','ed27a1e3-8fbd-f294-308f-4f297d869d69',90,'2012-02-28 04:55:40',0),('80c3e766-763b-0271-5835-4f4903c15381','17fe5fce-9dbc-7734-bbd1-4f4900b93f73','ece061d2-0260-6c8b-3c23-4f297d713750',90,'2012-02-28 04:55:40',0),('80eb11fa-563b-f642-0a24-4f4903f6fd09','17fe5fce-9dbc-7734-bbd1-4f4900b93f73','edb5511c-7c23-c366-57fc-4f297d01d0c9',90,'2012-02-28 04:55:40',0),('81125b8c-48e1-152e-733e-4f4903230da7','17fe5fce-9dbc-7734-bbd1-4f4900b93f73','ed6f745f-64fe-4a3c-1139-4f297db956f3',90,'2012-02-28 04:55:40',0),('813a3f0e-ccf9-69a0-de6d-4f49030c7c86','17fe5fce-9dbc-7734-bbd1-4f4900b93f73','ec942a18-a550-9b2d-b1ca-4f297d3ed16f',90,'2012-02-28 04:55:40',0),('81606b20-33fc-a850-7469-4f49033545ed','17fe5fce-9dbc-7734-bbd1-4f4900b93f73','edfe9d0b-730b-d1ed-18f3-4f297dac2c5d',90,'2012-02-28 04:55:40',0),('8187df3e-443e-da19-795c-4f4903608194','17fe5fce-9dbc-7734-bbd1-4f4900b93f73','ec4a69e4-40a9-ad83-25b9-4f297d0c7cbc',90,'2012-02-28 04:55:40',0),('81ad8920-94eb-f6e0-3187-4f4903922772','17fe5fce-9dbc-7734-bbd1-4f4900b93f73','2c19d3de-62a2-a0d3-23a0-4f187ad58883',89,'2012-02-28 04:55:40',0),('81d1a24b-5a73-b218-0717-4f4903277fb0','17fe5fce-9dbc-7734-bbd1-4f4900b93f73','2d1a1eb9-4bb9-2679-c215-4f187a1aea2d',90,'2012-02-28 04:55:40',0),('81f6baa1-3010-f1af-98d6-4f490394157d','17fe5fce-9dbc-7734-bbd1-4f4900b93f73','2cd7e68a-69ed-22a0-03e0-4f187af7fcdf',90,'2012-02-28 04:55:40',0),('821fe180-f29b-5e8c-b94e-4f4903f0c472','17fe5fce-9dbc-7734-bbd1-4f4900b93f73','2d937057-174a-4777-8469-4f187a61691c',90,'2012-02-28 04:55:40',0),('8245d854-78ba-abdf-bb5d-4f49035594b1','17fe5fce-9dbc-7734-bbd1-4f4900b93f73','2d563477-d44f-b0b8-68ee-4f187ad58555',90,'2012-02-28 04:55:40',0),('826b0d84-ca4c-65a3-634d-4f4903aa5972','17fe5fce-9dbc-7734-bbd1-4f4900b93f73','2c9b9543-d6da-ab5c-4d94-4f187a82c7d5',90,'2012-02-28 04:55:40',0),('829211fa-5cf3-1778-bf90-4f49035d6aaa','17fe5fce-9dbc-7734-bbd1-4f4900b93f73','2dcf7465-366d-5184-23d3-4f187a91dee4',90,'2012-02-28 04:55:40',0),('82b949d9-dc64-6c21-ba40-4f490391c6b3','17fe5fce-9dbc-7734-bbd1-4f4900b93f73','2c60595e-060f-b7fb-a8e0-4f187a1894a2',90,'2012-02-28 04:55:40',0),('82df580e-c18c-97ae-e545-4f49037573f5','17fe5fce-9dbc-7734-bbd1-4f4900b93f73','a11674cc-0d06-f6e8-72a4-4f187aede5b2',89,'2012-02-28 04:55:40',0),('83066d7a-cbbd-f6cc-d12e-4f490338f2a8','17fe5fce-9dbc-7734-bbd1-4f4900b93f73','a216bfef-adf2-b675-8889-4f187aaf5ca8',90,'2012-02-28 04:55:40',0),('832d005b-e681-3716-96f3-4f4903a97efe','17fe5fce-9dbc-7734-bbd1-4f4900b93f73','a1d8d61c-fe5e-dbac-d13f-4f187ad304d1',90,'2012-02-28 04:55:40',0),('83525d7b-7a05-b755-5714-4f4903cbb899','17fe5fce-9dbc-7734-bbd1-4f4900b93f73','a2917dfc-93b2-a9a4-897e-4f187adf37aa',90,'2012-02-28 04:55:40',0),('837b6118-2fdf-b407-46e5-4f49033e45f3','17fe5fce-9dbc-7734-bbd1-4f4900b93f73','a2541575-ffd5-1b02-e8be-4f187a801028',90,'2012-02-28 04:55:40',0),('83a412dc-2a44-a760-32f9-4f4903c2b47d','17fe5fce-9dbc-7734-bbd1-4f4900b93f73','a19be553-40e1-84e0-c12d-4f187a0eaf04',90,'2012-02-28 04:55:40',0),('83cc1032-e247-0f3e-9fe4-4f4903638f99','17fe5fce-9dbc-7734-bbd1-4f4900b93f73','a2cfa149-e007-d97b-84a6-4f187ae5b789',90,'2012-02-28 04:55:40',0),('83f1a15d-26fd-3ca1-57ec-4f4903ea900c','17fe5fce-9dbc-7734-bbd1-4f4900b93f73','a15e06b2-c578-95da-efa5-4f187ab07ab3',90,'2012-02-28 04:55:40',0),('84187442-01cc-3f1e-6421-4f4903cfd91e','17fe5fce-9dbc-7734-bbd1-4f4900b93f73','4da5f44c-d06d-4a54-dcd9-4f187aca772d',89,'2012-02-28 04:55:40',0),('8440659c-fe21-1bd2-e83c-4f4903d2f03c','17fe5fce-9dbc-7734-bbd1-4f4900b93f73','4ea34d79-463d-8f10-0958-4f187a4aec7d',90,'2012-02-28 04:55:40',0),('8466f9a2-2921-9a8c-bf84-4f4903160929','17fe5fce-9dbc-7734-bbd1-4f4900b93f73','4e6737fd-3b06-1e7e-d856-4f187a9f9c5b',90,'2012-02-28 04:55:40',0),('848dd3c7-8f6a-eea7-0495-4f49034dc26e','17fe5fce-9dbc-7734-bbd1-4f4900b93f73','4f1bf7a6-1a5c-6db1-59d5-4f187a2b9eca',90,'2012-02-28 04:55:40',0),('84b9c794-3fbb-b0b3-9ff4-4f4903be94ff','17fe5fce-9dbc-7734-bbd1-4f4900b93f73','4edef993-92ab-6f1f-4849-4f187ad9cad4',90,'2012-02-28 04:55:40',0),('84dfd262-93e3-a067-a34c-4f4903c6072f','17fe5fce-9dbc-7734-bbd1-4f4900b93f73','4e2a2abb-14f6-c10c-d69f-4f187ada19f8',90,'2012-02-28 04:55:40',0),('8505e070-6e10-519e-a2f0-4f4903938115','17fe5fce-9dbc-7734-bbd1-4f4900b93f73','4f586112-1fc9-806e-2864-4f187af50dfa',90,'2012-02-28 04:55:40',0),('852b767a-6c21-f3ec-4df0-4f4903f6e4fe','17fe5fce-9dbc-7734-bbd1-4f4900b93f73','4ded800a-af66-19d4-de9f-4f187a315058',90,'2012-02-28 04:55:40',0),('85538f68-0c47-a0f4-709e-4f490382e6b3','17fe5fce-9dbc-7734-bbd1-4f4900b93f73','2325e5f0-abc4-eafd-91e7-4f187a6ef30e',89,'2012-02-28 04:55:40',0),('857a1f3c-aa84-ce1b-cc89-4f490366cdb6','17fe5fce-9dbc-7734-bbd1-4f4900b93f73','24219b13-abb5-c859-2dfd-4f187acb4b94',90,'2012-02-28 04:55:40',0),('85a151e1-f4c0-6bbc-f2ca-4f4903f10441','17fe5fce-9dbc-7734-bbd1-4f4900b93f73','23e162db-6831-9454-ae2f-4f187a5eca7f',90,'2012-02-28 04:55:40',0),('85d1fbd5-99c3-0904-a39a-4f49034e324b','17fe5fce-9dbc-7734-bbd1-4f4900b93f73','249b6c31-0408-f3b9-44ea-4f187acaa72e',90,'2012-02-28 04:55:40',0),('85fb9db2-5d22-36b4-a211-4f49036cea10','17fe5fce-9dbc-7734-bbd1-4f4900b93f73','2460bb7c-7f52-620a-1714-4f187a39538a',90,'2012-02-28 04:55:40',0),('86262fe6-f6a3-c501-67d4-4f49039b6191','17fe5fce-9dbc-7734-bbd1-4f4900b93f73','23a30193-2217-0ae1-b7b4-4f187a00420b',90,'2012-02-28 04:55:40',0),('864df892-c27a-0e38-801c-4f49034d61bd','17fe5fce-9dbc-7734-bbd1-4f4900b93f73','24d72aea-7f23-d261-4a4e-4f187a674603',90,'2012-02-28 04:55:40',0),('8674f37b-5846-29c8-ebfa-4f4903b2dc8d','17fe5fce-9dbc-7734-bbd1-4f4900b93f73','2367da32-6a88-c9d3-8e0c-4f187ab6121a',90,'2012-02-28 04:55:40',0),('869bcf3b-2315-4f5c-12fe-4f4903f87356','17fe5fce-9dbc-7734-bbd1-4f4900b93f73','773228d2-77d9-7016-c678-4f187ab03d72',89,'2012-02-28 04:55:40',0),('86c4db18-06a5-e514-6577-4f49039d17d6','17fe5fce-9dbc-7734-bbd1-4f4900b93f73','7836584d-ed9b-6166-0b34-4f187a5a537e',90,'2012-02-28 04:55:40',0),('86ecd0fa-82f7-dea2-af3d-4f4903ad2a46','17fe5fce-9dbc-7734-bbd1-4f4900b93f73','77f9ef1f-8fbf-4b64-1b20-4f187a1fae0f',90,'2012-02-28 04:55:40',0),('8716c379-ce0b-3fe2-68e0-4f490330900e','17fe5fce-9dbc-7734-bbd1-4f4900b93f73','78b48600-03f9-0bd9-89ab-4f187a9935f3',90,'2012-02-28 04:55:40',0),('873edc72-3608-42b7-df17-4f490385d425','17fe5fce-9dbc-7734-bbd1-4f4900b93f73','78739b0b-cb0c-2a29-3c27-4f187a75b57c',90,'2012-02-28 04:55:40',0),('87660cdb-1ad7-1ee2-2c56-4f4903eb71a9','17fe5fce-9dbc-7734-bbd1-4f4900b93f73','77b8e1b9-3eae-0c33-4346-4f187ac3b1d8',90,'2012-02-28 04:55:40',0),('878e8fbd-7b0b-1b59-fdbf-4f49039e0ff4','17fe5fce-9dbc-7734-bbd1-4f4900b93f73','78f13d53-faa1-e3a9-e5c9-4f187addb73e',90,'2012-02-28 04:55:40',0),('87b84064-c66a-2d47-ead1-4f4903bbc191','17fe5fce-9dbc-7734-bbd1-4f4900b93f73','777b08f6-0d74-941a-d6b4-4f187adb02c6',90,'2012-02-28 04:55:40',0),('87e06329-30c7-1381-547c-4f4903775574','17fe5fce-9dbc-7734-bbd1-4f4900b93f73','d4680a04-3c30-a954-6305-4f187ac4e46e',89,'2012-02-28 04:55:40',0),('880a82b1-a800-4391-84e5-4f4903709652','17fe5fce-9dbc-7734-bbd1-4f4900b93f73','d57398a6-3ca7-0cef-72a5-4f187ad01135',90,'2012-02-28 04:55:40',0),('88334574-b1cd-322d-694d-4f4903d6d93f','17fe5fce-9dbc-7734-bbd1-4f4900b93f73','d533d702-a286-97a4-9281-4f187a218210',90,'2012-02-28 04:55:40',0),('885cc784-4e1f-958e-7f04-4f49039a317c','17fe5fce-9dbc-7734-bbd1-4f4900b93f73','d5f3abc8-e04f-eb79-7097-4f187ae65643',90,'2012-02-28 04:55:40',0),('8889800c-d4d7-fbb6-ad1e-4f4903113de1','17fe5fce-9dbc-7734-bbd1-4f4900b93f73','d5b51e4d-cd0c-9945-d07a-4f187af7731a',90,'2012-02-28 04:55:40',0),('88b30524-fd89-4db1-c443-4f4903ab0790','17fe5fce-9dbc-7734-bbd1-4f4900b93f73','d4f4ed66-bbd6-c91e-f611-4f187a18e715',90,'2012-02-28 04:55:40',0),('88de6456-aa3f-5180-0892-4f49033f7065','17fe5fce-9dbc-7734-bbd1-4f4900b93f73','d63416fb-1193-cb6e-10ed-4f187aad6faa',90,'2012-02-28 04:55:40',0),('8907cf1d-d09b-43ed-17db-4f490355238b','17fe5fce-9dbc-7734-bbd1-4f4900b93f73','d4b36e3a-9f82-747a-02cb-4f187a7ebc72',90,'2012-02-28 04:55:40',0),('8930a2c3-b7cc-c8de-e8bf-4f4903f97c36','17fe5fce-9dbc-7734-bbd1-4f4900b93f73','f18a7248-9a8f-f376-dc8d-4f187a87e921',89,'2012-02-28 04:55:40',0),('89596e61-fe14-238b-994a-4f4903b27f05','17fe5fce-9dbc-7734-bbd1-4f4900b93f73','f295762b-7be3-29bc-d6da-4f187a42021e',90,'2012-02-28 04:55:40',0),('89849f93-fc16-4369-cafd-4f4903134a60','17fe5fce-9dbc-7734-bbd1-4f4900b93f73','f255899d-54ef-4d0d-f924-4f187a4eac04',90,'2012-02-28 04:55:40',0),('89af0129-3222-d32a-18e4-4f4903476696','17fe5fce-9dbc-7734-bbd1-4f4900b93f73','f31478e3-5425-ed25-26c5-4f187a68b2bc',90,'2012-02-28 04:55:40',0),('89d8ee8f-1fa0-09af-d6e3-4f4903935cc1','17fe5fce-9dbc-7734-bbd1-4f4900b93f73','f2d5b5c7-e30a-ef0d-71f3-4f187aa7b210',90,'2012-02-28 04:55:40',0),('8a02a3b2-9ac3-05ea-2cc5-4f490386bec8','17fe5fce-9dbc-7734-bbd1-4f4900b93f73','f216fd0e-1cd0-ae8d-2a7c-4f187a5738a9',90,'2012-02-28 04:55:40',0),('8a2ebcd1-aac7-bb9e-07cd-4f4903bc5e62','17fe5fce-9dbc-7734-bbd1-4f4900b93f73','f3537070-b1a7-c92c-9f92-4f187ac4b5a1',90,'2012-02-28 04:55:40',0),('8a59099c-846d-c691-4999-4f4903eccccb','17fe5fce-9dbc-7734-bbd1-4f4900b93f73','f1d38526-44d0-b7ad-d2c7-4f187a572dab',90,'2012-02-28 04:55:40',0),('8a818c03-1862-ada8-689e-4f4903f3bd84','17fe5fce-9dbc-7734-bbd1-4f4900b93f73','63a846e6-7e23-4d23-8ab4-4f187ac577f2',89,'2012-02-28 04:55:40',0),('8aa97cdd-4f54-ab6d-68d7-4f49030753f6','17fe5fce-9dbc-7734-bbd1-4f4900b93f73','64a29b10-fc19-368e-58ef-4f187a366dc7',90,'2012-02-28 04:55:40',0),('8ad2673b-ddcc-7cef-4a17-4f4903b14d87','17fe5fce-9dbc-7734-bbd1-4f4900b93f73','64662f44-771e-0338-f646-4f187a878408',90,'2012-02-28 04:55:40',0),('8aff86b9-170e-08aa-7860-4f49038f5945','17fe5fce-9dbc-7734-bbd1-4f4900b93f73','651c8355-2a8b-d645-c0fc-4f187a5d68cb',90,'2012-02-28 04:55:40',0),('8b2a9e60-be2b-7994-8420-4f4903536555','17fe5fce-9dbc-7734-bbd1-4f4900b93f73','64decda2-37d2-79cb-9f3c-4f187a71d08a',90,'2012-02-28 04:55:40',0),('8b531ef1-831c-0d9a-ea04-4f49031f9b21','17fe5fce-9dbc-7734-bbd1-4f4900b93f73','64290ec1-f4a6-07a8-67db-4f187acbff27',90,'2012-02-28 04:55:40',0),('8b7c4967-94c8-c342-2e61-4f4903ea4e84','17fe5fce-9dbc-7734-bbd1-4f4900b93f73','6558ebec-e643-3e9e-5d2c-4f187ae28a9d',90,'2012-02-28 04:55:40',0),('8ba785e4-1d81-193a-76be-4f49034278d1','17fe5fce-9dbc-7734-bbd1-4f4900b93f73','63ebf31d-ed1c-08ce-a9cc-4f187af5c125',90,'2012-02-28 04:55:40',0),('8bd15ea1-afb2-cc16-d079-4f4903dfae2e','17fe5fce-9dbc-7734-bbd1-4f4900b93f73','a82b0ea6-ad53-3580-86cb-4f187a545b67',89,'2012-02-28 04:55:40',0),('8bfc210d-0756-2ace-a139-4f4903f8319d','17fe5fce-9dbc-7734-bbd1-4f4900b93f73','a934120a-aab8-0447-e118-4f187aaef79c',90,'2012-02-28 04:55:40',0),('8c25818d-7d32-432e-b5bc-4f4903307be9','17fe5fce-9dbc-7734-bbd1-4f4900b93f73','a8f3f904-096a-1282-e55a-4f187a40872e',90,'2012-02-28 04:55:40',0),('8c4eb475-1181-d766-3d6e-4f4903d0f2e0','17fe5fce-9dbc-7734-bbd1-4f4900b93f73','a9b13da5-d886-d017-906b-4f187aedc7bc',90,'2012-02-28 04:55:40',0),('8c793709-a24e-02de-163a-4f490312c433','17fe5fce-9dbc-7734-bbd1-4f4900b93f73','a972230d-6028-872d-c77f-4f187a8673db',90,'2012-02-28 04:55:40',0),('8ca56a07-72fa-77f2-6abb-4f49030cd246','17fe5fce-9dbc-7734-bbd1-4f4900b93f73','a8b5415e-1265-6647-0deb-4f187a961054',90,'2012-02-28 04:55:40',0),('8cd0ed4f-6589-7999-d707-4f4903b28007','17fe5fce-9dbc-7734-bbd1-4f4900b93f73','a9ef6417-88a9-af0f-ea95-4f187acd0d9e',90,'2012-02-28 04:55:40',0),('8cfb9edc-1042-c4dc-35a0-4f490381e83e','17fe5fce-9dbc-7734-bbd1-4f4900b93f73','a8748cbc-6e8e-6cd4-1757-4f187a3b91fc',90,'2012-02-28 04:55:40',0),('8d293d0d-5b22-bfc8-a530-4f4903c92e99','17fe5fce-9dbc-7734-bbd1-4f4900b93f73','95152281-a803-0fa6-c323-4f187a78212a',89,'2012-02-28 04:55:40',0),('8d556a5e-422f-b792-b8b3-4f49031195e4','17fe5fce-9dbc-7734-bbd1-4f4900b93f73','961de181-61c3-8e53-31dc-4f187a58b982',90,'2012-02-28 04:55:40',0),('8d834cc6-d925-2d5f-32b3-4f4903e00503','17fe5fce-9dbc-7734-bbd1-4f4900b93f73','95e0550e-1573-8548-50df-4f187affab7c',90,'2012-02-28 04:55:40',0),('8db20934-c712-62ff-4047-4f490378ee35','17fe5fce-9dbc-7734-bbd1-4f4900b93f73','969a9208-7323-ac54-5009-4f187ac57f8c',90,'2012-02-28 04:55:40',0),('8ddd68df-5ec6-4640-1ec9-4f49036b92e7','17fe5fce-9dbc-7734-bbd1-4f4900b93f73','965be43c-97a4-bad3-c142-4f187acc0b6e',90,'2012-02-28 04:55:40',0),('8e08894d-4a4f-ea01-638a-4f49032b9d8d','17fe5fce-9dbc-7734-bbd1-4f4900b93f73','959bf1c6-7539-1d8c-e741-4f187a420eef',90,'2012-02-28 04:55:40',0),('8e358d9f-121d-922c-f50a-4f4903199809','17fe5fce-9dbc-7734-bbd1-4f4900b93f73','96db72a8-e377-424d-35d7-4f187a9f06ed',90,'2012-02-28 04:55:40',0),('8e621a48-8f23-1844-e11e-4f4903161588','17fe5fce-9dbc-7734-bbd1-4f4900b93f73','955d5509-bea4-bfb2-e74a-4f187a3a5ea8',90,'2012-02-28 04:55:40',0),('8e8bcaff-0e95-4c2f-d475-4f490331cb8b','17fe5fce-9dbc-7734-bbd1-4f4900b93f73','a8274819-2e5f-d95b-cb6e-4f2ad5e6a238',89,'2012-02-28 04:55:40',0),('8eb6ecfa-ef6b-0539-9d37-4f4903653dce','17fe5fce-9dbc-7734-bbd1-4f4900b93f73','a9cb84e1-ab0a-69db-0451-4f2ad5c5eb6d',90,'2012-02-28 04:55:40',0),('8ee2c7f0-8047-4de2-f5c3-4f49039e7793','17fe5fce-9dbc-7734-bbd1-4f4900b93f73','a9853101-2a06-89b3-bf34-4f2ad5e93b4e',90,'2012-02-28 04:55:40',0),('8f0f9ee0-48a2-93bf-4d3a-4f49038b648d','17fe5fce-9dbc-7734-bbd1-4f4900b93f73','aa5b4811-2528-ebe2-d29a-4f2ad5f0c82b',90,'2012-02-28 04:55:40',0),('8f3b9c43-4a99-3452-2a7f-4f49036cf185','17fe5fce-9dbc-7734-bbd1-4f4900b93f73','aa12f93c-076c-cc50-da28-4f2ad57ccf45',90,'2012-02-28 04:55:40',0),('8f68594e-b57a-0354-7d35-4f4903527e1f','17fe5fce-9dbc-7734-bbd1-4f4900b93f73','a93d64ea-0939-dc4e-be56-4f2ad5bc7105',90,'2012-02-28 04:55:40',0),('8f947e5e-ad11-80d5-8455-4f49032076ca','17fe5fce-9dbc-7734-bbd1-4f4900b93f73','aaa40c75-3257-e59a-da58-4f2ad5e3aef4',90,'2012-02-28 04:55:40',0),('8fc0b2ae-05b2-5048-9e37-4f49039b355e','17fe5fce-9dbc-7734-bbd1-4f4900b93f73','a8f38991-6736-eab0-1993-4f2ad5b09122',90,'2012-02-28 04:55:40',0),('8fed3fc5-ec2b-f7ea-a5aa-4f490364aa25','17fe5fce-9dbc-7734-bbd1-4f4900b93f73','199db185-3fdb-aa3f-0e7b-4f187ae56c69',89,'2012-02-28 04:55:40',0),('9016e5a3-12e9-f400-3bcf-4f4903490131','17fe5fce-9dbc-7734-bbd1-4f4900b93f73','1aa08896-a8fd-ee11-7f48-4f187a809293',90,'2012-02-28 04:55:40',0),('9040948c-70c0-0412-50a5-4f49039d78f3','17fe5fce-9dbc-7734-bbd1-4f4900b93f73','1a64c8bb-9749-ba63-cf15-4f187afea5b9',90,'2012-02-28 04:55:40',0),('906bb636-ebbc-e642-784f-4f4903a97d09','17fe5fce-9dbc-7734-bbd1-4f4900b93f73','1b14e081-3b6a-8e3f-08fd-4f187afe2ec8',90,'2012-02-28 04:55:40',0),('909837be-24ef-63f1-97ad-4f490374076b','17fe5fce-9dbc-7734-bbd1-4f4900b93f73','1ada544d-1882-1c2c-ff27-4f187a156204',90,'2012-02-28 04:55:40',0),('90c55fb3-e48c-8160-da42-4f4903e0194c','17fe5fce-9dbc-7734-bbd1-4f4900b93f73','1a27f8c7-6c03-6e81-c006-4f187af4bac3',90,'2012-02-28 04:55:40',0),('90f16065-52d8-0886-0890-4f490320e763','17fe5fce-9dbc-7734-bbd1-4f4900b93f73','1b4f8a66-1f7b-c747-dc30-4f187ac449a5',90,'2012-02-28 04:55:40',0),('911cefb8-42a0-d017-1385-4f4903ce7764','17fe5fce-9dbc-7734-bbd1-4f4900b93f73','19e9f8ee-bd5d-4fea-ca65-4f187a70a25a',90,'2012-02-28 04:55:40',0),('914a49dd-b1d7-6ca7-78f2-4f49031b5c3a','17fe5fce-9dbc-7734-bbd1-4f4900b93f73','afe38719-7077-19f0-e4e8-4f187a53b75a',89,'2012-02-28 04:55:40',0),('917b2b9f-c3d7-6002-d8b3-4f49038b4255','17fe5fce-9dbc-7734-bbd1-4f4900b93f73','b0f067cf-4fdc-1a43-c5ca-4f187aefcf91',90,'2012-02-28 04:55:40',0),('91a9a5ea-8f1b-a2bc-6bb8-4f490380055b','17fe5fce-9dbc-7734-bbd1-4f4900b93f73','b0b0a6f7-b27f-4465-431b-4f187a317c2a',90,'2012-02-28 04:55:40',0),('91d5d842-1fe6-bd64-9c8c-4f490363f905','17fe5fce-9dbc-7734-bbd1-4f4900b93f73','b17133b5-4d1a-769c-37b4-4f187a5c6008',90,'2012-02-28 04:55:40',0),('9201b5b4-bd08-5502-c636-4f4903f0a752','17fe5fce-9dbc-7734-bbd1-4f4900b93f73','b131e029-f856-f644-37ae-4f187aa851d8',90,'2012-02-28 04:55:40',0),('922cd07d-f5e3-e9a1-1468-4f490332af6d','17fe5fce-9dbc-7734-bbd1-4f4900b93f73','b06ed117-bf8f-890c-0414-4f187a47dceb',90,'2012-02-28 04:55:40',0),('925bcf06-92f3-ee58-2f1a-4f490306e225','17fe5fce-9dbc-7734-bbd1-4f4900b93f73','b1b141a4-5663-d6a9-cc31-4f187a3b5965',90,'2012-02-28 04:55:40',0),('92891b6f-6885-1186-4c18-4f490385c6a6','17fe5fce-9dbc-7734-bbd1-4f4900b93f73','b02e045e-9e34-241c-7408-4f187a5e875c',90,'2012-02-28 04:55:40',0),('92b4d604-2015-dcde-9a23-4f4903b8023a','17fe5fce-9dbc-7734-bbd1-4f4900b93f73','9aa2daa7-e74a-9a23-d1fd-4f187ab2ebe2',89,'2012-02-28 04:55:40',0),('92e22830-bf07-aa28-0456-4f4903db2871','17fe5fce-9dbc-7734-bbd1-4f4900b93f73','9bc53bba-3981-e30e-758b-4f187a14ddd4',90,'2012-02-28 04:55:40',0),('930f22b1-0d75-5bf1-f53c-4f490382741f','17fe5fce-9dbc-7734-bbd1-4f4900b93f73','9b6baf3b-c93c-ab1e-719f-4f187acbfe1d',90,'2012-02-28 04:55:40',0),('933d0a34-dc2b-f0ad-619e-4f4903f62960','17fe5fce-9dbc-7734-bbd1-4f4900b93f73','9c45c51e-1911-3a19-bfb3-4f187a08985e',90,'2012-02-28 04:55:40',0),('93677cb1-d91c-3ddb-120c-4f4903fdd019','17fe5fce-9dbc-7734-bbd1-4f4900b93f73','9c0690eb-579e-d6ea-9311-4f187a64fff1',90,'2012-02-28 04:55:40',0),('939208f3-540d-0a63-febc-4f490382290f','17fe5fce-9dbc-7734-bbd1-4f4900b93f73','9b2cc777-2ef5-cdaf-0b32-4f187a55e45e',90,'2012-02-28 04:55:40',0),('93bb9782-19f3-abfb-2491-4f49038aa70c','17fe5fce-9dbc-7734-bbd1-4f4900b93f73','9c855efb-ad4c-6371-c966-4f187a3e8fcd',90,'2012-02-28 04:55:40',0),('93e5701e-20be-7a15-682f-4f4903613b6d','17fe5fce-9dbc-7734-bbd1-4f4900b93f73','9aec9825-db2f-d9ef-fa4d-4f187ab07522',90,'2012-02-28 04:55:40',0),('940ffc51-a6c1-2344-e05b-4f49038d2362','17fe5fce-9dbc-7734-bbd1-4f4900b93f73','8c4f033e-f140-3ac5-efe0-4f187ac82a9b',89,'2012-02-28 04:55:40',0),('9439ad47-340d-4bb1-d5e2-4f4903d6be09','17fe5fce-9dbc-7734-bbd1-4f4900b93f73','8d59071a-effc-d39b-a701-4f187abfd08b',90,'2012-02-28 04:55:40',0),('94633905-5dcf-d7f7-0305-4f49031013ac','17fe5fce-9dbc-7734-bbd1-4f4900b93f73','8d194f1d-eeb2-dd76-79f4-4f187a3fdbda',90,'2012-02-28 04:55:40',0),('948dc19d-d79b-57c6-0afd-4f4903e3f086','17fe5fce-9dbc-7734-bbd1-4f4900b93f73','8dd6094d-d0cb-bd18-b4ae-4f187aef2ff4',90,'2012-02-28 04:55:40',0),('94baca10-8a64-da8e-0078-4f49030c6bad','17fe5fce-9dbc-7734-bbd1-4f4900b93f73','8d96f5d6-823c-d82d-9fbf-4f187a26275e',90,'2012-02-28 04:55:40',0),('94e5ccb5-f017-a840-a8c8-4f49030744be','17fe5fce-9dbc-7734-bbd1-4f4900b93f73','8cd94831-d4af-cbed-7ff0-4f187afff7b5',90,'2012-02-28 04:55:40',0),('950fee59-6c6a-712c-da8d-4f490360bb1d','17fe5fce-9dbc-7734-bbd1-4f4900b93f73','8e14b86f-7926-04fb-7fef-4f187a292c6a',90,'2012-02-28 04:55:40',0),('953a29e6-0226-7e93-5a8e-4f4903fc7eb1','17fe5fce-9dbc-7734-bbd1-4f4900b93f73','8c991ff5-849f-02f1-e174-4f187a025d3e',90,'2012-02-28 04:55:40',0),('9564afd9-7c13-87d0-15d6-4f49030cdbff','17fe5fce-9dbc-7734-bbd1-4f4900b93f73','3d7c2bb6-46d5-2a52-5848-4f187a24745b',89,'2012-02-28 04:55:40',0),('958e7b33-149f-e08a-74b9-4f49033c6aa9','17fe5fce-9dbc-7734-bbd1-4f4900b93f73','3e78b18d-856e-d65f-b7e7-4f187aea37f0',90,'2012-02-28 04:55:40',0),('95b9c359-e0e2-5bc7-6776-4f49034f18d3','17fe5fce-9dbc-7734-bbd1-4f4900b93f73','3e3cebd5-593d-267a-a9ac-4f187af2ab0c',90,'2012-02-28 04:55:40',0),('95e4d126-a7f6-4f76-7a96-4f4903490494','17fe5fce-9dbc-7734-bbd1-4f4900b93f73','3ef2c528-ab9e-da58-a6b0-4f187ae70fc2',90,'2012-02-28 04:55:40',0),('96102fdb-7498-0430-0210-4f4903a3d9c2','17fe5fce-9dbc-7734-bbd1-4f4900b93f73','3eb5b3af-d67b-d16e-a041-4f187ac7463c',90,'2012-02-28 04:55:40',0),('963a105d-63f6-9afc-4e95-4f4903dd001c','17fe5fce-9dbc-7734-bbd1-4f4900b93f73','3e00e37b-2b4b-8b59-c701-4f187a2e06c4',90,'2012-02-28 04:55:40',0),('96655ee0-55ee-f494-20b6-4f49035ae9a9','17fe5fce-9dbc-7734-bbd1-4f4900b93f73','3f32f026-601a-ab15-7223-4f187a31654d',90,'2012-02-28 04:55:40',0),('968f9986-25ba-9f8e-d4a6-4f49035ed816','17fe5fce-9dbc-7734-bbd1-4f4900b93f73','3dc2844d-408d-3884-47a9-4f187a1fb806',90,'2012-02-28 04:55:40',0),('96ba0c5f-c25a-3b31-3fb8-4f4903472562','17fe5fce-9dbc-7734-bbd1-4f4900b93f73','446f4aa6-8538-573c-b019-4f187a45f5a9',89,'2012-02-28 04:55:40',0),('96e4e9d1-ba2c-cae5-88d2-4f4903ebb351','17fe5fce-9dbc-7734-bbd1-4f4900b93f73','4570b3ea-a689-9712-2098-4f187ae64455',90,'2012-02-28 04:55:40',0),('970ffa9d-9359-1c8b-d4f5-4f4903ad93b5','17fe5fce-9dbc-7734-bbd1-4f4900b93f73','45338d77-f485-3e0b-d8ab-4f187acbf91a',90,'2012-02-28 04:55:40',0),('973fb157-6b33-ca30-3247-4f4903b906ca','17fe5fce-9dbc-7734-bbd1-4f4900b93f73','45ff24f2-1ab6-bde7-8e07-4f187a1d4eb5',90,'2012-02-28 04:55:40',0),('976a9eac-d517-6a64-c868-4f490396aafa','17fe5fce-9dbc-7734-bbd1-4f4900b93f73','45ae3837-80cd-cd24-6400-4f187ad41c27',90,'2012-02-28 04:55:40',0),('97961da1-0b94-1669-08d6-4f49033028fc','17fe5fce-9dbc-7734-bbd1-4f4900b93f73','44f63251-60dc-b410-36c9-4f187abfd819',90,'2012-02-28 04:55:40',0),('97c113bc-5d1c-222e-e439-4f490378567c','17fe5fce-9dbc-7734-bbd1-4f4900b93f73','4641d2e5-1b07-4b95-2787-4f187a9f6d66',90,'2012-02-28 04:55:40',0),('97ed8afe-8631-c509-48b4-4f4903466de0','17fe5fce-9dbc-7734-bbd1-4f4900b93f73','44b739ca-61e1-a1cc-a5c0-4f187aac0316',90,'2012-02-28 04:55:40',0),('981a9a45-5205-d678-682a-4f4903bb4c5c','17fe5fce-9dbc-7734-bbd1-4f4900b93f73','5613f595-40ec-950d-3b6f-4f187aead495',89,'2012-02-28 04:55:40',0),('9846af30-01f7-474b-cb6a-4f490380f0a6','17fe5fce-9dbc-7734-bbd1-4f4900b93f73','5714255c-c4ee-9b95-ae70-4f187ae1f605',90,'2012-02-28 04:55:40',0),('9870cfa2-3428-2b3e-efc3-4f4903420a20','17fe5fce-9dbc-7734-bbd1-4f4900b93f73','56d6c82b-1532-326d-7824-4f187ace408a',90,'2012-02-28 04:55:40',0),('989cd74c-0c4c-d3a7-810b-4f4903289a1e','17fe5fce-9dbc-7734-bbd1-4f4900b93f73','579864b6-1a82-36cf-7e63-4f187a5ef054',90,'2012-02-28 04:55:40',0),('98c947c9-f3e0-952f-4f07-4f4903932ac8','17fe5fce-9dbc-7734-bbd1-4f4900b93f73','5752cca1-3784-6fd8-9d9c-4f187acba1f8',90,'2012-02-28 04:55:40',0),('98f50fff-2d08-1084-2dd6-4f49032e369a','17fe5fce-9dbc-7734-bbd1-4f4900b93f73','56994cd2-946c-0e5f-2ed5-4f187abef02f',90,'2012-02-28 04:55:40',0),('9921e1e7-13a2-7ae5-daec-4f4903f831e4','17fe5fce-9dbc-7734-bbd1-4f4900b93f73','57d67444-6f11-a44b-478c-4f187a61823b',90,'2012-02-28 04:55:40',0),('994dbbef-2299-ce3a-107c-4f49035afec0','17fe5fce-9dbc-7734-bbd1-4f4900b93f73','565aabb3-e241-2317-04e3-4f187a12c911',90,'2012-02-28 04:55:40',0),('997bbd00-7eb5-e9b2-13c6-4f4903fbd637','17fe5fce-9dbc-7734-bbd1-4f4900b93f73','5d0c3861-dcb8-f06a-bd2e-4f187a8ce24f',89,'2012-02-28 04:55:40',0),('99aac16c-8339-d62d-e1b8-4f4903d6834f','17fe5fce-9dbc-7734-bbd1-4f4900b93f73','5e105bf4-3229-f803-0555-4f187a69bc15',90,'2012-02-28 04:55:40',0),('99d6dab6-bb20-61ce-59bb-4f49035b2ccd','17fe5fce-9dbc-7734-bbd1-4f4900b93f73','5dd2fb11-1c6b-948e-0c48-4f187acd9a3d',90,'2012-02-28 04:55:40',0),('9a02ac60-ec4a-43f6-35fe-4f4903d93c04','17fe5fce-9dbc-7734-bbd1-4f4900b93f73','5e9bcb06-7e54-992f-a256-4f187a021cdf',90,'2012-02-28 04:55:40',0),('9a2eae88-24eb-3200-aff8-4f49033d4d7e','17fe5fce-9dbc-7734-bbd1-4f4900b93f73','5e5a10ce-837f-822d-2e07-4f187a43828c',90,'2012-02-28 04:55:40',0),('9a5bcccd-3a6c-8168-e022-4f490361854b','17fe5fce-9dbc-7734-bbd1-4f4900b93f73','5d93fc78-d7f3-3036-7712-4f187ab037ef',90,'2012-02-28 04:55:40',0),('9a8a7a78-c006-38e5-a9ed-4f49033e270d','17fe5fce-9dbc-7734-bbd1-4f4900b93f73','5edee62a-38c7-1525-3bea-4f187a55c466',90,'2012-02-28 04:55:40',0),('9ab78aea-4ae7-d629-81ea-4f4903d529d2','17fe5fce-9dbc-7734-bbd1-4f4900b93f73','5d55cb6f-f074-07a8-cc8c-4f187af6bab7',90,'2012-02-28 04:55:40',0),('9ae253be-9a11-a6b5-7386-4f4903059a8e','17fe5fce-9dbc-7734-bbd1-4f4900b93f73','b734fc6b-92c5-f47d-7654-4f187a09aec0',89,'2012-02-28 04:55:40',0),('9b0fd182-7c47-432a-debb-4f4903c550a6','17fe5fce-9dbc-7734-bbd1-4f4900b93f73','b8475715-e9dd-4a9e-ea70-4f187a59883a',90,'2012-02-28 04:55:40',0),('9b3ba679-86e2-23f9-e32d-4f49033c0e59','17fe5fce-9dbc-7734-bbd1-4f4900b93f73','b8065549-08bf-47b3-0704-4f187a67df84',90,'2012-02-28 04:55:40',0),('9b68a647-1297-6c87-0b6b-4f4903c52e9c','17fe5fce-9dbc-7734-bbd1-4f4900b93f73','b8c99f6d-f1d3-678f-c7ea-4f187abd3d7d',90,'2012-02-28 04:55:40',0),('9b962735-11b5-02d6-debb-4f490340eb60','17fe5fce-9dbc-7734-bbd1-4f4900b93f73','b8891343-be9b-9c75-a039-4f187a3043db',90,'2012-02-28 04:55:40',0),('9bc35a16-682b-e213-6816-4f49034b0cd2','17fe5fce-9dbc-7734-bbd1-4f4900b93f73','b7c5ff99-761d-ad42-47f3-4f187a136956',90,'2012-02-28 04:55:40',0),('9bf0a2b9-cef2-894c-87ed-4f4903e641e1','17fe5fce-9dbc-7734-bbd1-4f4900b93f73','b911188f-e624-77db-1d90-4f187a371afd',90,'2012-02-28 04:55:40',0),('9c20a399-4b84-0070-7117-4f49037b99f7','17fe5fce-9dbc-7734-bbd1-4f4900b93f73','b781daa5-db3e-8eb2-3942-4f187a5c1bc0',90,'2012-02-28 04:55:40',0),('7fdfd94d-ce63-48b4-acde-4f4c62d9bfcb','1106e50f-d89b-aefc-75a3-4f4c5e136ac2','81e357a6-9d43-7ffc-2251-4f187a3178f1',89,'2012-02-28 05:14:00',0),('8032a1cd-f921-bc8e-e9fe-4f4c62b24dca','1106e50f-d89b-aefc-75a3-4f4c5e136ac2','82e398c0-b9b2-2299-97ad-4f187af815d5',-99,'2012-02-28 05:14:00',0),('805d4f89-c3a5-4348-c655-4f4c625edb08','1106e50f-d89b-aefc-75a3-4f4c5e136ac2','82a5e676-add5-1c2f-d4d0-4f187a50ee5a',-99,'2012-02-28 05:14:00',0),('808b51c4-4e81-f6a5-3dfd-4f4c62e2b75e','1106e50f-d89b-aefc-75a3-4f4c5e136ac2','835f43f3-ec76-83e0-b4cb-4f187a870d19',90,'2012-02-28 05:14:00',0),('80b1d8d6-adf3-8190-418a-4f4c623c2843','1106e50f-d89b-aefc-75a3-4f4c5e136ac2','8320ad50-8471-3f2f-588c-4f187a86b66a',90,'2012-02-28 05:14:00',0),('80d7a5b2-e8dc-db58-b189-4f4c6215b7eb','1106e50f-d89b-aefc-75a3-4f4c5e136ac2','8268caff-4d38-83c7-8a46-4f187af413ec',90,'2012-02-28 05:14:00',0),('810072fc-722c-ca97-65e0-4f4c62159a62','1106e50f-d89b-aefc-75a3-4f4c5e136ac2','839c644e-a272-9217-3f7c-4f187acf7dee',90,'2012-02-28 05:14:00',0),('81277043-5ac9-7385-3d1a-4f4c624b3233','1106e50f-d89b-aefc-75a3-4f4c5e136ac2','822a1815-8b86-436f-23f8-4f187a0748cb',90,'2012-02-28 05:14:00',0),('814ead97-a5b1-2b5a-a80a-4f4c62870d96','1106e50f-d89b-aefc-75a3-4f4c5e136ac2','c36b5ed0-65d3-342a-cb95-4f297d13b5f3',-98,'2012-02-28 05:14:00',0),('81760a76-4f5f-52df-3927-4f4c6227e88e','1106e50f-d89b-aefc-75a3-4f4c5e136ac2','c4e8a4bd-df3e-f04a-7620-4f297d0fb152',-99,'2012-02-28 05:14:00',0),('819ac060-7946-bc0d-557c-4f4c62af76ec','1106e50f-d89b-aefc-75a3-4f4c5e136ac2','c4a4e0d2-cb74-9ff9-2230-4f297d4435e6',-99,'2012-02-28 05:14:00',0),('81c11573-cc2f-cb17-c154-4f4c6251b717','1106e50f-d89b-aefc-75a3-4f4c5e136ac2','c56dc120-e43f-f700-6351-4f297d8b61fc',-99,'2012-02-28 05:14:00',0),('81e8f026-b3db-7151-72df-4f4c623e6f14','1106e50f-d89b-aefc-75a3-4f4c5e136ac2','c52b1761-16d4-6dfc-32a4-4f297d731cf0',-99,'2012-02-28 05:14:00',0),('820da63a-3b7f-2196-8750-4f4c621ac7d7','1106e50f-d89b-aefc-75a3-4f4c5e136ac2','c461fcd1-16f0-061d-91b0-4f297dcc2030',-99,'2012-02-28 05:14:00',0),('8233ef3b-9510-29dc-9410-4f4c6240faf9','1106e50f-d89b-aefc-75a3-4f4c5e136ac2','c5b6e06b-4d2d-f28b-c266-4f297d4d52dc',-99,'2012-02-28 05:14:00',0),('8262d567-2eaf-d011-8ef7-4f4c62ce53e4','1106e50f-d89b-aefc-75a3-4f4c5e136ac2','c41c70eb-cf6e-5cda-ae2f-4f297d14a871',-99,'2012-02-28 05:14:00',0),('8285ea44-d1b3-4901-4d0a-4f4c620673a9','1106e50f-d89b-aefc-75a3-4f4c5e136ac2','cc305053-03ad-cdd5-d204-4f297da68cad',-98,'2012-02-28 05:14:00',0),('82ab8e50-2f34-042d-3885-4f4c629cdedd','1106e50f-d89b-aefc-75a3-4f4c5e136ac2','cd4aa0ad-9121-5e5d-90e4-4f297d1c3aeb',-99,'2012-02-28 05:14:00',0),('82ce560a-1240-8a1d-bd2a-4f4c62da0c0d','1106e50f-d89b-aefc-75a3-4f4c5e136ac2','cd066e16-c4db-3332-8384-4f297d99d0c1',-99,'2012-02-28 05:14:00',0),('82f5825a-0498-d710-92f7-4f4c62266695','1106e50f-d89b-aefc-75a3-4f4c5e136ac2','cdd5d812-62dc-1053-6b9b-4f297df60291',-99,'2012-02-28 05:14:00',0),('831af8d7-ae9a-71ed-6b1f-4f4c625003b4','1106e50f-d89b-aefc-75a3-4f4c5e136ac2','cd8f52ea-4c44-f78f-a1ae-4f297dbf3bbd',-99,'2012-02-28 05:14:00',0),('8342e6b2-4bc1-65ed-e0c1-4f4c62d94015','1106e50f-d89b-aefc-75a3-4f4c5e136ac2','ccbf6490-2f9d-be3c-242b-4f297d568fc7',-99,'2012-02-28 05:14:00',0),('836c2e8d-c5e3-8099-3e2b-4f4c62f93007','1106e50f-d89b-aefc-75a3-4f4c5e136ac2','ce1b287a-ca06-775e-ab27-4f297d9e3f33',-99,'2012-02-28 05:14:00',0),('8391d344-90b7-ce0d-8fec-4f4c626ed5d8','1106e50f-d89b-aefc-75a3-4f4c5e136ac2','cc7ba872-4e55-dc6f-622a-4f297d757f7e',-99,'2012-02-28 05:14:00',0),('83b83230-d061-86c1-b7c5-4f4c629da9ff','1106e50f-d89b-aefc-75a3-4f4c5e136ac2','d3f46248-0160-ec23-9f42-4f297dd0c3f4',89,'2012-02-28 05:14:00',0),('83dc6f04-36c7-fa80-8fb5-4f4c62168fba','1106e50f-d89b-aefc-75a3-4f4c5e136ac2','d51079d7-f27f-b03b-acf3-4f297de81f06',-99,'2012-02-28 05:14:00',0),('8404acea-615a-5c38-01f8-4f4c62069097','1106e50f-d89b-aefc-75a3-4f4c5e136ac2','d4cb60a3-8e3c-0bd0-eade-4f297d265a6f',-99,'2012-02-28 05:14:00',0),('842c49fd-8f37-eda0-41d9-4f4c629b6b71','1106e50f-d89b-aefc-75a3-4f4c5e136ac2','d59acb65-144f-ba9d-0901-4f297d291100',90,'2012-02-28 05:14:00',0),('8450340c-4dfb-423d-d03e-4f4c62257cbd','1106e50f-d89b-aefc-75a3-4f4c5e136ac2','d554bdf9-77b5-95e0-0325-4f297ddfdf44',90,'2012-02-28 05:14:00',0),('8477632f-ae3c-8e6e-c209-4f4c62d7c8fb','1106e50f-d89b-aefc-75a3-4f4c5e136ac2','d486ce9e-ddd5-7a42-8a08-4f297db447fb',90,'2012-02-28 05:14:00',0),('849db7c5-ab4a-bba6-4ed1-4f4c625f0f12','1106e50f-d89b-aefc-75a3-4f4c5e136ac2','d5df6e52-eadb-6abf-b09b-4f297d8062ec',90,'2012-02-28 05:14:00',0),('84d2af2c-8f50-c5c4-ef83-4f4c62ec0bc2','1106e50f-d89b-aefc-75a3-4f4c5e136ac2','d4429a75-1629-6029-e233-4f297d6adefe',90,'2012-02-28 05:14:00',0),('84fd9c94-3a24-af09-0d88-4f4c6297aa10','1106e50f-d89b-aefc-75a3-4f4c5e136ac2','db30aea4-0197-e4c1-b7e3-4f297d44a577',-98,'2012-02-28 05:14:00',0),('8525e63f-0c0f-0036-93e5-4f4c6278b64e','1106e50f-d89b-aefc-75a3-4f4c5e136ac2','dc4b7d9c-a926-ec02-8ea6-4f297d4cf6ea',-99,'2012-02-28 05:14:00',0),('854e0ec1-9403-dfb7-05cd-4f4c62bceeb5','1106e50f-d89b-aefc-75a3-4f4c5e136ac2','dc05e29b-067b-773c-e40f-4f297dec3fc7',-99,'2012-02-28 05:14:00',0),('8574cdb7-f57b-3907-cbd3-4f4c62505f74','1106e50f-d89b-aefc-75a3-4f4c5e136ac2','dcd50ff8-39c9-1052-92d0-4f297d4a2115',-99,'2012-02-28 05:14:00',0),('859b81d6-942a-b66b-9137-4f4c62a063c4','1106e50f-d89b-aefc-75a3-4f4c5e136ac2','dc8f7deb-c89e-1257-cb61-4f297d740b1c',-99,'2012-02-28 05:14:00',0),('85c3c267-399e-8b4b-a0e6-4f4c62df21f6','1106e50f-d89b-aefc-75a3-4f4c5e136ac2','dbc15454-7d78-120b-6501-4f297dea8e48',-99,'2012-02-28 05:14:00',0),('85ea9a14-927d-ab51-e6d2-4f4c6233ca01','1106e50f-d89b-aefc-75a3-4f4c5e136ac2','dd1977d9-b3cc-e231-f623-4f297d705099',-99,'2012-02-28 05:14:00',0),('8618302d-4f5e-bd46-ee1f-4f4c6292cd59','1106e50f-d89b-aefc-75a3-4f4c5e136ac2','db796411-c3f2-315e-e619-4f297d6de0b8',-99,'2012-02-28 05:14:00',0),('86407a1b-84b3-b260-8df7-4f4c624ba945','1106e50f-d89b-aefc-75a3-4f4c5e136ac2','e314fb83-9cf8-15a0-4629-4f297dfe6655',-98,'2012-02-28 05:14:00',0),('866719bd-cd0c-f615-b526-4f4c62feaaec','1106e50f-d89b-aefc-75a3-4f4c5e136ac2','e43dd068-5565-041d-0ea2-4f297d0e4f42',-99,'2012-02-28 05:14:00',0),('868dd03e-b9f7-25c9-27d4-4f4c621efce8','1106e50f-d89b-aefc-75a3-4f4c5e136ac2','e3f5917f-934a-78d9-0888-4f297d17082f',-99,'2012-02-28 05:14:00',0),('86b79171-b16c-0ebf-4a88-4f4c622d7942','1106e50f-d89b-aefc-75a3-4f4c5e136ac2','e4d26653-f7d3-cb32-db9a-4f297d038e6f',-99,'2012-02-28 05:14:00',0),('86dd1011-07a1-1f91-9e1e-4f4c627a3777','1106e50f-d89b-aefc-75a3-4f4c5e136ac2','e489d1a2-62ae-920a-8398-4f297d8de473',-99,'2012-02-28 05:14:00',0),('8704783a-735c-9a1e-16f7-4f4c62d3192b','1106e50f-d89b-aefc-75a3-4f4c5e136ac2','e3ad05e2-67dd-0ef9-6e50-4f297d2033e3',-99,'2012-02-28 05:14:00',0),('872a8795-4382-9c38-532d-4f4c62c394bd','1106e50f-d89b-aefc-75a3-4f4c5e136ac2','e51ae478-913e-0e98-9274-4f297d4d411e',-99,'2012-02-28 05:14:00',0),('87548698-7ebb-910c-f4eb-4f4c62314197','1106e50f-d89b-aefc-75a3-4f4c5e136ac2','e365af28-ff3b-8cd1-a2c3-4f297d220249',-99,'2012-02-28 05:14:00',0),('877c37fc-e65e-3d91-5a7f-4f4c62ce21cd','1106e50f-d89b-aefc-75a3-4f4c5e136ac2','ebf51108-5417-0986-1d7c-4f297df5f38a',-98,'2012-02-28 05:14:00',0),('87a595fb-69de-e59b-9376-4f4c626e4350','1106e50f-d89b-aefc-75a3-4f4c5e136ac2','ed27a1e3-8fbd-f294-308f-4f297d869d69',-99,'2012-02-28 05:14:00',0),('87d1138a-1b5d-39da-a765-4f4c627fc764','1106e50f-d89b-aefc-75a3-4f4c5e136ac2','ece061d2-0260-6c8b-3c23-4f297d713750',-99,'2012-02-28 05:14:00',0),('87fa9650-8e6a-b803-0879-4f4c628655cc','1106e50f-d89b-aefc-75a3-4f4c5e136ac2','edb5511c-7c23-c366-57fc-4f297d01d0c9',-99,'2012-02-28 05:14:00',0),('88236985-fe9c-e2f2-e156-4f4c621fb730','1106e50f-d89b-aefc-75a3-4f4c5e136ac2','ed6f745f-64fe-4a3c-1139-4f297db956f3',-99,'2012-02-28 05:14:00',0),('884d19e6-d16a-a983-dd72-4f4c62ff050c','1106e50f-d89b-aefc-75a3-4f4c5e136ac2','ec942a18-a550-9b2d-b1ca-4f297d3ed16f',-99,'2012-02-28 05:14:00',0),('8878976e-a3d8-35eb-ff23-4f4c62950eb8','1106e50f-d89b-aefc-75a3-4f4c5e136ac2','edfe9d0b-730b-d1ed-18f3-4f297dac2c5d',-99,'2012-02-28 05:14:00',0),('889f02df-c541-d167-9f6d-4f4c62d21b01','1106e50f-d89b-aefc-75a3-4f4c5e136ac2','ec4a69e4-40a9-ad83-25b9-4f297d0c7cbc',-99,'2012-02-28 05:14:00',0),('88c57966-6f35-0671-6049-4f4c62431dbc','1106e50f-d89b-aefc-75a3-4f4c5e136ac2','2c19d3de-62a2-a0d3-23a0-4f187ad58883',-98,'2012-02-28 05:14:00',0),('88ecbb52-134e-675e-7331-4f4c620d9ac1','1106e50f-d89b-aefc-75a3-4f4c5e136ac2','2d1a1eb9-4bb9-2679-c215-4f187a1aea2d',-99,'2012-02-28 05:14:00',0),('8911a18d-3d45-a22f-6114-4f4c624f5ae8','1106e50f-d89b-aefc-75a3-4f4c5e136ac2','2cd7e68a-69ed-22a0-03e0-4f187af7fcdf',-99,'2012-02-28 05:14:00',0),('89393d37-2171-531d-326c-4f4c620b4c4e','1106e50f-d89b-aefc-75a3-4f4c5e136ac2','2d937057-174a-4777-8469-4f187a61691c',-99,'2012-02-28 05:14:00',0),('8960cf67-e094-1b0f-7b8f-4f4c621e438b','1106e50f-d89b-aefc-75a3-4f4c5e136ac2','2d563477-d44f-b0b8-68ee-4f187ad58555',-99,'2012-02-28 05:14:00',0),('898639e1-dbbb-c072-dea4-4f4c6209b466','1106e50f-d89b-aefc-75a3-4f4c5e136ac2','2c9b9543-d6da-ab5c-4d94-4f187a82c7d5',-99,'2012-02-28 05:14:00',0),('89ae279d-f5a4-c091-c188-4f4c62ac3878','1106e50f-d89b-aefc-75a3-4f4c5e136ac2','2dcf7465-366d-5184-23d3-4f187a91dee4',-99,'2012-02-28 05:14:00',0),('89d82a90-e1b1-4dfa-859a-4f4c62aea668','1106e50f-d89b-aefc-75a3-4f4c5e136ac2','2c60595e-060f-b7fb-a8e0-4f187a1894a2',-99,'2012-02-28 05:14:00',0),('8a0271a5-0b4f-a96e-ec21-4f4c6267520f','1106e50f-d89b-aefc-75a3-4f4c5e136ac2','a11674cc-0d06-f6e8-72a4-4f187aede5b2',-98,'2012-02-28 05:14:00',0),('8a2ed378-8bcb-a70f-6ebc-4f4c62edfa7f','1106e50f-d89b-aefc-75a3-4f4c5e136ac2','a216bfef-adf2-b675-8889-4f187aaf5ca8',-99,'2012-02-28 05:14:00',0),('8a592e57-b56d-4e91-b27a-4f4c62f06385','1106e50f-d89b-aefc-75a3-4f4c5e136ac2','a1d8d61c-fe5e-dbac-d13f-4f187ad304d1',-99,'2012-02-28 05:14:00',0),('8a81da2c-e0e6-9454-08f2-4f4c6261fcfd','1106e50f-d89b-aefc-75a3-4f4c5e136ac2','a2917dfc-93b2-a9a4-897e-4f187adf37aa',-99,'2012-02-28 05:14:00',0),('8aaeb654-7d42-9ee6-74c0-4f4c6292d9ed','1106e50f-d89b-aefc-75a3-4f4c5e136ac2','a2541575-ffd5-1b02-e8be-4f187a801028',-99,'2012-02-28 05:14:00',0),('8ad689c3-3165-7e75-8ea2-4f4c6220895e','1106e50f-d89b-aefc-75a3-4f4c5e136ac2','a19be553-40e1-84e0-c12d-4f187a0eaf04',-99,'2012-02-28 05:14:00',0),('8afd1e00-e980-8b23-b1f0-4f4c627cc2a0','1106e50f-d89b-aefc-75a3-4f4c5e136ac2','a2cfa149-e007-d97b-84a6-4f187ae5b789',-99,'2012-02-28 05:14:00',0),('8b264684-5972-d2fa-6eff-4f4c62cbc318','1106e50f-d89b-aefc-75a3-4f4c5e136ac2','a15e06b2-c578-95da-efa5-4f187ab07ab3',-99,'2012-02-28 05:14:00',0),('8b522313-1146-6561-97b3-4f4c6240ea38','1106e50f-d89b-aefc-75a3-4f4c5e136ac2','4da5f44c-d06d-4a54-dcd9-4f187aca772d',89,'2012-02-28 05:14:00',0),('8b7ae17a-e96c-44fd-afed-4f4c6280a129','1106e50f-d89b-aefc-75a3-4f4c5e136ac2','4ea34d79-463d-8f10-0958-4f187a4aec7d',-99,'2012-02-28 05:14:00',0),('8ba428fd-348e-06c7-9877-4f4c62007d8b','1106e50f-d89b-aefc-75a3-4f4c5e136ac2','4e6737fd-3b06-1e7e-d856-4f187a9f9c5b',-99,'2012-02-28 05:14:00',0),('8bcdf878-e9dc-746e-d675-4f4c624de5df','1106e50f-d89b-aefc-75a3-4f4c5e136ac2','4f1bf7a6-1a5c-6db1-59d5-4f187a2b9eca',90,'2012-02-28 05:14:00',0),('8bf70bd2-4b36-94f1-9579-4f4c62f68e77','1106e50f-d89b-aefc-75a3-4f4c5e136ac2','4edef993-92ab-6f1f-4849-4f187ad9cad4',90,'2012-02-28 05:14:00',0),('8c1eebfd-b376-2aa7-d39e-4f4c624729b7','1106e50f-d89b-aefc-75a3-4f4c5e136ac2','4e2a2abb-14f6-c10c-d69f-4f187ada19f8',90,'2012-02-28 05:14:00',0),('8c453a07-2b29-784c-7e35-4f4c623dcda9','1106e50f-d89b-aefc-75a3-4f4c5e136ac2','4f586112-1fc9-806e-2864-4f187af50dfa',90,'2012-02-28 05:14:00',0),('8c7079ff-8cf6-4783-f777-4f4c6259e698','1106e50f-d89b-aefc-75a3-4f4c5e136ac2','4ded800a-af66-19d4-de9f-4f187a315058',90,'2012-02-28 05:14:00',0),('8c98d94b-5c3d-08c6-c43c-4f4c62e779c2','1106e50f-d89b-aefc-75a3-4f4c5e136ac2','2325e5f0-abc4-eafd-91e7-4f187a6ef30e',89,'2012-02-28 05:14:00',0),('8cc22798-280c-b59a-3176-4f4c62986903','1106e50f-d89b-aefc-75a3-4f4c5e136ac2','24219b13-abb5-c859-2dfd-4f187acb4b94',-99,'2012-02-28 05:14:00',0),('8ceaebf6-e067-8c7a-2f70-4f4c625aeb9f','1106e50f-d89b-aefc-75a3-4f4c5e136ac2','23e162db-6831-9454-ae2f-4f187a5eca7f',-99,'2012-02-28 05:14:00',0),('8d164206-672f-4e80-cd63-4f4c622b7a93','1106e50f-d89b-aefc-75a3-4f4c5e136ac2','249b6c31-0408-f3b9-44ea-4f187acaa72e',90,'2012-02-28 05:14:00',0),('8d3fc5a7-bdb3-e00b-4d4c-4f4c6216f160','1106e50f-d89b-aefc-75a3-4f4c5e136ac2','2460bb7c-7f52-620a-1714-4f187a39538a',90,'2012-02-28 05:14:00',0),('8d6847a5-6d03-294a-f4c5-4f4c62ba942c','1106e50f-d89b-aefc-75a3-4f4c5e136ac2','23a30193-2217-0ae1-b7b4-4f187a00420b',90,'2012-02-28 05:14:00',0),('8d920a33-370d-4998-7093-4f4c6230bf59','1106e50f-d89b-aefc-75a3-4f4c5e136ac2','24d72aea-7f23-d261-4a4e-4f187a674603',90,'2012-02-28 05:14:00',0),('8dbbd92e-e30b-5d7f-34dc-4f4c622eeaf8','1106e50f-d89b-aefc-75a3-4f4c5e136ac2','2367da32-6a88-c9d3-8e0c-4f187ab6121a',90,'2012-02-28 05:14:00',0),('8de63ac5-ae73-3f33-ea4d-4f4c62690269','1106e50f-d89b-aefc-75a3-4f4c5e136ac2','773228d2-77d9-7016-c678-4f187ab03d72',89,'2012-02-28 05:14:00',0),('8e114700-5b45-3b0d-2eb4-4f4c62b12a01','1106e50f-d89b-aefc-75a3-4f4c5e136ac2','7836584d-ed9b-6166-0b34-4f187a5a537e',-99,'2012-02-28 05:14:00',0),('8e3bf4f6-d7e6-21c4-e73f-4f4c6279757f','1106e50f-d89b-aefc-75a3-4f4c5e136ac2','77f9ef1f-8fbf-4b64-1b20-4f187a1fae0f',-99,'2012-02-28 05:14:00',0),('8e658b86-b8c1-2ae0-7639-4f4c6270a8c3','1106e50f-d89b-aefc-75a3-4f4c5e136ac2','78b48600-03f9-0bd9-89ab-4f187a9935f3',90,'2012-02-28 05:14:00',0),('8e8f6153-4227-92da-42b6-4f4c6297f854','1106e50f-d89b-aefc-75a3-4f4c5e136ac2','78739b0b-cb0c-2a29-3c27-4f187a75b57c',90,'2012-02-28 05:14:00',0),('8ebbbf95-d9c7-fe25-2c34-4f4c62b4ae7a','1106e50f-d89b-aefc-75a3-4f4c5e136ac2','77b8e1b9-3eae-0c33-4346-4f187ac3b1d8',90,'2012-02-28 05:14:00',0),('8ee6c228-8204-5e7c-f39d-4f4c62728f4b','1106e50f-d89b-aefc-75a3-4f4c5e136ac2','78f13d53-faa1-e3a9-e5c9-4f187addb73e',90,'2012-02-28 05:14:00',0),('8f0f8992-d025-fdbe-05f4-4f4c62e4da4e','1106e50f-d89b-aefc-75a3-4f4c5e136ac2','777b08f6-0d74-941a-d6b4-4f187adb02c6',90,'2012-02-28 05:14:00',0),('8f39769d-1ac5-f0ea-575e-4f4c62a44ea9','1106e50f-d89b-aefc-75a3-4f4c5e136ac2','d4680a04-3c30-a954-6305-4f187ac4e46e',-98,'2012-02-28 05:14:00',0),('8f63ec0e-25ae-c8fc-52b0-4f4c621a0bcc','1106e50f-d89b-aefc-75a3-4f4c5e136ac2','d57398a6-3ca7-0cef-72a5-4f187ad01135',-99,'2012-02-28 05:14:00',0),('8f926b88-aa41-8d54-9f62-4f4c62e11701','1106e50f-d89b-aefc-75a3-4f4c5e136ac2','d533d702-a286-97a4-9281-4f187a218210',-99,'2012-02-28 05:14:00',0),('8fbdde27-55f7-dd13-d3c1-4f4c62c7dc2a','1106e50f-d89b-aefc-75a3-4f4c5e136ac2','d5f3abc8-e04f-eb79-7097-4f187ae65643',-99,'2012-02-28 05:14:00',0),('8fe82318-73a4-5096-9822-4f4c626d7f6c','1106e50f-d89b-aefc-75a3-4f4c5e136ac2','d5b51e4d-cd0c-9945-d07a-4f187af7731a',-99,'2012-02-28 05:14:00',0),('9015d882-1a3b-3d8f-e72b-4f4c62a97223','1106e50f-d89b-aefc-75a3-4f4c5e136ac2','d4f4ed66-bbd6-c91e-f611-4f187a18e715',-99,'2012-02-28 05:14:00',0),('90438ed6-7421-ca18-288f-4f4c6204fbea','1106e50f-d89b-aefc-75a3-4f4c5e136ac2','d63416fb-1193-cb6e-10ed-4f187aad6faa',-99,'2012-02-28 05:14:00',0),('9070cdc5-8368-b447-52f9-4f4c62f537da','1106e50f-d89b-aefc-75a3-4f4c5e136ac2','d4b36e3a-9f82-747a-02cb-4f187a7ebc72',-99,'2012-02-28 05:14:00',0),('909e55f1-12ff-a0ad-19ef-4f4c626af552','1106e50f-d89b-aefc-75a3-4f4c5e136ac2','f18a7248-9a8f-f376-dc8d-4f187a87e921',-98,'2012-02-28 05:14:00',0),('90ca87f8-e177-afc5-1a23-4f4c62117b6c','1106e50f-d89b-aefc-75a3-4f4c5e136ac2','f295762b-7be3-29bc-d6da-4f187a42021e',-99,'2012-02-28 05:14:00',0),('90f90ae3-42e4-6689-f770-4f4c623fee68','1106e50f-d89b-aefc-75a3-4f4c5e136ac2','f255899d-54ef-4d0d-f924-4f187a4eac04',-99,'2012-02-28 05:14:00',0),('9124f402-e20b-7954-78ac-4f4c62631910','1106e50f-d89b-aefc-75a3-4f4c5e136ac2','f31478e3-5425-ed25-26c5-4f187a68b2bc',-99,'2012-02-28 05:14:00',0),('915568d2-72f9-3525-2255-4f4c62b91d06','1106e50f-d89b-aefc-75a3-4f4c5e136ac2','f2d5b5c7-e30a-ef0d-71f3-4f187aa7b210',-99,'2012-02-28 05:14:00',0),('91821b25-2494-dda8-1124-4f4c623c8c44','1106e50f-d89b-aefc-75a3-4f4c5e136ac2','f216fd0e-1cd0-ae8d-2a7c-4f187a5738a9',-99,'2012-02-28 05:14:00',0),('91b0b542-44a7-b227-40ba-4f4c62a31ab1','1106e50f-d89b-aefc-75a3-4f4c5e136ac2','f3537070-b1a7-c92c-9f92-4f187ac4b5a1',-99,'2012-02-28 05:14:00',0),('91deeef3-e778-4de1-0be2-4f4c62a8f70b','1106e50f-d89b-aefc-75a3-4f4c5e136ac2','f1d38526-44d0-b7ad-d2c7-4f187a572dab',-99,'2012-02-28 05:14:00',0),('920a10a5-d357-4336-925f-4f4c62d482af','1106e50f-d89b-aefc-75a3-4f4c5e136ac2','63a846e6-7e23-4d23-8ab4-4f187ac577f2',89,'2012-02-28 05:14:00',0),('92370e80-91f4-91c9-73c3-4f4c6299e9b5','1106e50f-d89b-aefc-75a3-4f4c5e136ac2','64a29b10-fc19-368e-58ef-4f187a366dc7',-99,'2012-02-28 05:14:00',0),('926371d3-52ad-1d13-85c4-4f4c6236d659','1106e50f-d89b-aefc-75a3-4f4c5e136ac2','64662f44-771e-0338-f646-4f187a878408',-99,'2012-02-28 05:14:00',0),('928e685b-c349-bf00-db63-4f4c622217f7','1106e50f-d89b-aefc-75a3-4f4c5e136ac2','651c8355-2a8b-d645-c0fc-4f187a5d68cb',90,'2012-02-28 05:14:00',0),('92bbd093-be83-d396-da55-4f4c62f8e644','1106e50f-d89b-aefc-75a3-4f4c5e136ac2','64decda2-37d2-79cb-9f3c-4f187a71d08a',90,'2012-02-28 05:14:00',0),('92e8a521-4cd4-3cbc-7c92-4f4c62dbff1c','1106e50f-d89b-aefc-75a3-4f4c5e136ac2','64290ec1-f4a6-07a8-67db-4f187acbff27',90,'2012-02-28 05:14:00',0),('93127196-2651-d468-c6e2-4f4c621ac5c4','1106e50f-d89b-aefc-75a3-4f4c5e136ac2','6558ebec-e643-3e9e-5d2c-4f187ae28a9d',90,'2012-02-28 05:14:00',0),('933c627d-1e07-1edb-8a64-4f4c6277df1f','1106e50f-d89b-aefc-75a3-4f4c5e136ac2','63ebf31d-ed1c-08ce-a9cc-4f187af5c125',90,'2012-02-28 05:14:00',0),('9368b5a9-3301-4228-417a-4f4c6258f784','1106e50f-d89b-aefc-75a3-4f4c5e136ac2','a82b0ea6-ad53-3580-86cb-4f187a545b67',89,'2012-02-28 05:14:00',0),('939591fd-c501-4f05-3577-4f4c6275b717','1106e50f-d89b-aefc-75a3-4f4c5e136ac2','a934120a-aab8-0447-e118-4f187aaef79c',-99,'2012-02-28 05:14:00',0),('93c1dc0c-2919-4d3b-a48a-4f4c624d1d54','1106e50f-d89b-aefc-75a3-4f4c5e136ac2','a8f3f904-096a-1282-e55a-4f187a40872e',-99,'2012-02-28 05:14:00',0),('93ee0fd5-cf08-b314-93cd-4f4c620f6598','1106e50f-d89b-aefc-75a3-4f4c5e136ac2','a9b13da5-d886-d017-906b-4f187aedc7bc',90,'2012-02-28 05:14:00',0),('941a4ce8-03de-57b4-1561-4f4c62f8c318','1106e50f-d89b-aefc-75a3-4f4c5e136ac2','a972230d-6028-872d-c77f-4f187a8673db',90,'2012-02-28 05:14:00',0),('944504a6-157d-840e-dfb0-4f4c62e3062f','1106e50f-d89b-aefc-75a3-4f4c5e136ac2','a8b5415e-1265-6647-0deb-4f187a961054',90,'2012-02-28 05:14:00',0),('94748cc3-311a-6d04-19b5-4f4c62691c74','1106e50f-d89b-aefc-75a3-4f4c5e136ac2','a9ef6417-88a9-af0f-ea95-4f187acd0d9e',90,'2012-02-28 05:14:00',0),('94a24892-297b-b55d-5d6d-4f4c62ea43ec','1106e50f-d89b-aefc-75a3-4f4c5e136ac2','a8748cbc-6e8e-6cd4-1757-4f187a3b91fc',90,'2012-02-28 05:14:00',0),('94d1cc3b-80d5-8b13-3ef8-4f4c62c4699e','1106e50f-d89b-aefc-75a3-4f4c5e136ac2','95152281-a803-0fa6-c323-4f187a78212a',89,'2012-02-28 05:14:00',0),('94fe0f58-04d3-855e-49e0-4f4c6255619b','1106e50f-d89b-aefc-75a3-4f4c5e136ac2','961de181-61c3-8e53-31dc-4f187a58b982',-99,'2012-02-28 05:14:00',0),('952a471e-7173-2d7e-a471-4f4c62d91081','1106e50f-d89b-aefc-75a3-4f4c5e136ac2','95e0550e-1573-8548-50df-4f187affab7c',-99,'2012-02-28 05:14:00',0),('955852dc-58a3-6b63-7145-4f4c62c02614','1106e50f-d89b-aefc-75a3-4f4c5e136ac2','969a9208-7323-ac54-5009-4f187ac57f8c',90,'2012-02-28 05:14:00',0),('95887496-a3bb-a131-d511-4f4c62e2698b','1106e50f-d89b-aefc-75a3-4f4c5e136ac2','965be43c-97a4-bad3-c142-4f187acc0b6e',90,'2012-02-28 05:14:00',0),('95b4b35f-727a-caa6-201d-4f4c6226e613','1106e50f-d89b-aefc-75a3-4f4c5e136ac2','959bf1c6-7539-1d8c-e741-4f187a420eef',90,'2012-02-28 05:14:00',0),('95e3a66a-b4bf-4ec6-28e9-4f4c62f77afb','1106e50f-d89b-aefc-75a3-4f4c5e136ac2','96db72a8-e377-424d-35d7-4f187a9f06ed',90,'2012-02-28 05:14:00',0),('9611723c-295c-55da-210c-4f4c6241dc80','1106e50f-d89b-aefc-75a3-4f4c5e136ac2','955d5509-bea4-bfb2-e74a-4f187a3a5ea8',90,'2012-02-28 05:14:00',0),('963ceb1b-a037-59ee-2859-4f4c622aeb77','1106e50f-d89b-aefc-75a3-4f4c5e136ac2','a8274819-2e5f-d95b-cb6e-4f2ad5e6a238',-98,'2012-02-28 05:14:00',0),('966b8c69-936a-cc21-ff2b-4f4c62beab75','1106e50f-d89b-aefc-75a3-4f4c5e136ac2','a9cb84e1-ab0a-69db-0451-4f2ad5c5eb6d',-99,'2012-02-28 05:14:00',0),('969cf8aa-85e5-0d96-e881-4f4c626c08c9','1106e50f-d89b-aefc-75a3-4f4c5e136ac2','a9853101-2a06-89b3-bf34-4f2ad5e93b4e',-99,'2012-02-28 05:14:00',0),('96c8322b-e6a9-e48b-d145-4f4c62dc0dd1','1106e50f-d89b-aefc-75a3-4f4c5e136ac2','aa5b4811-2528-ebe2-d29a-4f2ad5f0c82b',-99,'2012-02-28 05:14:00',0),('96f7c8d8-3edd-cc8c-fd1a-4f4c62926291','1106e50f-d89b-aefc-75a3-4f4c5e136ac2','aa12f93c-076c-cc50-da28-4f2ad57ccf45',-99,'2012-02-28 05:14:00',0),('972200c9-4097-8e64-2926-4f4c621f388c','1106e50f-d89b-aefc-75a3-4f4c5e136ac2','a93d64ea-0939-dc4e-be56-4f2ad5bc7105',-99,'2012-02-28 05:14:00',0),('974e3834-9397-bd5e-6335-4f4c62b58ff4','1106e50f-d89b-aefc-75a3-4f4c5e136ac2','aaa40c75-3257-e59a-da58-4f2ad5e3aef4',-99,'2012-02-28 05:14:00',0),('977a00b2-5f76-2ed3-f185-4f4c6274f223','1106e50f-d89b-aefc-75a3-4f4c5e136ac2','a8f38991-6736-eab0-1993-4f2ad5b09122',-99,'2012-02-28 05:14:00',0),('97a223f1-835a-b508-31ff-4f4c62e98a35','1106e50f-d89b-aefc-75a3-4f4c5e136ac2','199db185-3fdb-aa3f-0e7b-4f187ae56c69',89,'2012-02-28 05:14:00',0),('97cc0646-33f0-cca7-67d3-4f4c62bb9538','1106e50f-d89b-aefc-75a3-4f4c5e136ac2','1aa08896-a8fd-ee11-7f48-4f187a809293',-99,'2012-02-28 05:14:00',0),('9804419d-af84-c432-8984-4f4c62fd2126','1106e50f-d89b-aefc-75a3-4f4c5e136ac2','1a64c8bb-9749-ba63-cf15-4f187afea5b9',-99,'2012-02-28 05:14:00',0),('982fe44a-1ff7-80f7-f8a5-4f4c628fe4b8','1106e50f-d89b-aefc-75a3-4f4c5e136ac2','1b14e081-3b6a-8e3f-08fd-4f187afe2ec8',90,'2012-02-28 05:14:00',0),('985e1ea5-1cd8-9fab-7ef4-4f4c62622384','1106e50f-d89b-aefc-75a3-4f4c5e136ac2','1ada544d-1882-1c2c-ff27-4f187a156204',90,'2012-02-28 05:14:00',0),('98874e06-03b1-2bf0-e039-4f4c62f7ecee','1106e50f-d89b-aefc-75a3-4f4c5e136ac2','1a27f8c7-6c03-6e81-c006-4f187af4bac3',90,'2012-02-28 05:14:00',0),('98b7f009-cf32-bbc9-d91f-4f4c62afb411','1106e50f-d89b-aefc-75a3-4f4c5e136ac2','1b4f8a66-1f7b-c747-dc30-4f187ac449a5',90,'2012-02-28 05:14:00',0),('98e12d3b-819c-6a5e-8752-4f4c622c48c6','1106e50f-d89b-aefc-75a3-4f4c5e136ac2','19e9f8ee-bd5d-4fea-ca65-4f187a70a25a',90,'2012-02-28 05:14:00',0),('990c6011-50dd-fb4f-3df5-4f4c622c01e2','1106e50f-d89b-aefc-75a3-4f4c5e136ac2','afe38719-7077-19f0-e4e8-4f187a53b75a',89,'2012-02-28 05:14:00',0),('9938ba3b-1610-98bd-c497-4f4c62cb5f8b','1106e50f-d89b-aefc-75a3-4f4c5e136ac2','b0f067cf-4fdc-1a43-c5ca-4f187aefcf91',-99,'2012-02-28 05:14:00',0),('9969c9c1-355a-838f-9532-4f4c62321c45','1106e50f-d89b-aefc-75a3-4f4c5e136ac2','b0b0a6f7-b27f-4465-431b-4f187a317c2a',-99,'2012-02-28 05:14:00',0),('9996afd9-b3dc-008e-d314-4f4c62279d0a','1106e50f-d89b-aefc-75a3-4f4c5e136ac2','b17133b5-4d1a-769c-37b4-4f187a5c6008',90,'2012-02-28 05:14:00',0),('99c451c8-35c0-6f00-e446-4f4c62e5dbec','1106e50f-d89b-aefc-75a3-4f4c5e136ac2','b131e029-f856-f644-37ae-4f187aa851d8',90,'2012-02-28 05:14:00',0),('99ef57f3-d6c6-2807-58a5-4f4c62d3910d','1106e50f-d89b-aefc-75a3-4f4c5e136ac2','b06ed117-bf8f-890c-0414-4f187a47dceb',90,'2012-02-28 05:14:00',0),('9a1bb31a-7b10-9c96-e2e0-4f4c62f167eb','1106e50f-d89b-aefc-75a3-4f4c5e136ac2','b1b141a4-5663-d6a9-cc31-4f187a3b5965',90,'2012-02-28 05:14:00',0),('9a4853e0-02e0-de8b-8ded-4f4c6289bf9e','1106e50f-d89b-aefc-75a3-4f4c5e136ac2','b02e045e-9e34-241c-7408-4f187a5e875c',90,'2012-02-28 05:14:00',0),('9a73c907-2030-7d45-1e1b-4f4c62f58856','1106e50f-d89b-aefc-75a3-4f4c5e136ac2','9aa2daa7-e74a-9a23-d1fd-4f187ab2ebe2',89,'2012-02-28 05:14:00',0),('9a9fa3d0-dc72-98d0-3930-4f4c62c6486a','1106e50f-d89b-aefc-75a3-4f4c5e136ac2','9bc53bba-3981-e30e-758b-4f187a14ddd4',-99,'2012-02-28 05:14:00',0),('9acbd1ba-5ce6-68c0-fb7a-4f4c62816e10','1106e50f-d89b-aefc-75a3-4f4c5e136ac2','9b6baf3b-c93c-ab1e-719f-4f187acbfe1d',-99,'2012-02-28 05:14:00',0),('9af858da-e253-dc91-0499-4f4c621b600b','1106e50f-d89b-aefc-75a3-4f4c5e136ac2','9c45c51e-1911-3a19-bfb3-4f187a08985e',90,'2012-02-28 05:14:00',0),('9b264084-b631-30a4-d009-4f4c629ace88','1106e50f-d89b-aefc-75a3-4f4c5e136ac2','9c0690eb-579e-d6ea-9311-4f187a64fff1',90,'2012-02-28 05:14:00',0),('9b537d7e-5c92-ee29-97de-4f4c62ae2622','1106e50f-d89b-aefc-75a3-4f4c5e136ac2','9b2cc777-2ef5-cdaf-0b32-4f187a55e45e',90,'2012-02-28 05:14:00',0),('9b7ea2ae-8cb1-69d3-b94b-4f4c6209cf44','1106e50f-d89b-aefc-75a3-4f4c5e136ac2','9c855efb-ad4c-6371-c966-4f187a3e8fcd',90,'2012-02-28 05:14:00',0),('9ba9dd71-cf31-835a-36b9-4f4c62241610','1106e50f-d89b-aefc-75a3-4f4c5e136ac2','9aec9825-db2f-d9ef-fa4d-4f187ab07522',90,'2012-02-28 05:14:00',0),('9bd6dea9-088e-74cf-36de-4f4c62cc6eae','1106e50f-d89b-aefc-75a3-4f4c5e136ac2','8c4f033e-f140-3ac5-efe0-4f187ac82a9b',-98,'2012-02-28 05:14:00',0),('9c03a121-a043-b754-996b-4f4c62af5081','1106e50f-d89b-aefc-75a3-4f4c5e136ac2','8d59071a-effc-d39b-a701-4f187abfd08b',-99,'2012-02-28 05:14:00',0),('9c340a1e-d0e2-f93c-90cf-4f4c62b48fe1','1106e50f-d89b-aefc-75a3-4f4c5e136ac2','8d194f1d-eeb2-dd76-79f4-4f187a3fdbda',-99,'2012-02-28 05:14:00',0),('9c629ab2-05cf-2145-af17-4f4c625b48ef','1106e50f-d89b-aefc-75a3-4f4c5e136ac2','8dd6094d-d0cb-bd18-b4ae-4f187aef2ff4',-99,'2012-02-28 05:14:00',0),('9c9185c2-aeb6-80a0-b399-4f4c62cf211f','1106e50f-d89b-aefc-75a3-4f4c5e136ac2','8d96f5d6-823c-d82d-9fbf-4f187a26275e',-99,'2012-02-28 05:14:00',0),('9cbebf88-9c74-a65c-afa1-4f4c62c93d37','1106e50f-d89b-aefc-75a3-4f4c5e136ac2','8cd94831-d4af-cbed-7ff0-4f187afff7b5',-99,'2012-02-28 05:14:00',0),('9cec73a7-fe44-6091-6c5c-4f4c62cd7c2a','1106e50f-d89b-aefc-75a3-4f4c5e136ac2','8e14b86f-7926-04fb-7fef-4f187a292c6a',-99,'2012-02-28 05:14:00',0),('9d1bdfad-4070-8132-94f1-4f4c625ca193','1106e50f-d89b-aefc-75a3-4f4c5e136ac2','8c991ff5-849f-02f1-e174-4f187a025d3e',-99,'2012-02-28 05:14:00',0),('9d461382-c55c-f3f2-e6c1-4f4c62ba24a3','1106e50f-d89b-aefc-75a3-4f4c5e136ac2','3d7c2bb6-46d5-2a52-5848-4f187a24745b',89,'2012-02-28 05:14:00',0),('9d753085-c431-4f75-a94d-4f4c62f3f1bc','1106e50f-d89b-aefc-75a3-4f4c5e136ac2','3e78b18d-856e-d65f-b7e7-4f187aea37f0',-99,'2012-02-28 05:14:00',0),('9d9f8407-fe75-f628-f852-4f4c62d057c4','1106e50f-d89b-aefc-75a3-4f4c5e136ac2','3e3cebd5-593d-267a-a9ac-4f187af2ab0c',-99,'2012-02-28 05:14:00',0),('9dcd1bcc-bba0-9124-b2a6-4f4c629a2aee','1106e50f-d89b-aefc-75a3-4f4c5e136ac2','3ef2c528-ab9e-da58-a6b0-4f187ae70fc2',90,'2012-02-28 05:14:00',0),('9df89cb5-5ec7-afe2-a671-4f4c62a90085','1106e50f-d89b-aefc-75a3-4f4c5e136ac2','3eb5b3af-d67b-d16e-a041-4f187ac7463c',90,'2012-02-28 05:14:00',0),('9e25356f-cf4d-e126-209e-4f4c623a2828','1106e50f-d89b-aefc-75a3-4f4c5e136ac2','3e00e37b-2b4b-8b59-c701-4f187a2e06c4',90,'2012-02-28 05:14:00',0),('9e53c535-98c9-fb28-0218-4f4c62f5627e','1106e50f-d89b-aefc-75a3-4f4c5e136ac2','3f32f026-601a-ab15-7223-4f187a31654d',90,'2012-02-28 05:14:00',0),('9e7f724a-fee7-fe0a-4c56-4f4c62e86b84','1106e50f-d89b-aefc-75a3-4f4c5e136ac2','3dc2844d-408d-3884-47a9-4f187a1fb806',90,'2012-02-28 05:14:00',0),('9eadf750-e4aa-99ed-d6d8-4f4c62a6245b','1106e50f-d89b-aefc-75a3-4f4c5e136ac2','446f4aa6-8538-573c-b019-4f187a45f5a9',89,'2012-02-28 05:14:00',0),('9eda8675-994f-85e7-1043-4f4c62d020da','1106e50f-d89b-aefc-75a3-4f4c5e136ac2','4570b3ea-a689-9712-2098-4f187ae64455',-99,'2012-02-28 05:14:00',0),('9f0968eb-2e03-7738-9c0f-4f4c6249214e','1106e50f-d89b-aefc-75a3-4f4c5e136ac2','45338d77-f485-3e0b-d8ab-4f187acbf91a',-99,'2012-02-28 05:14:00',0),('9f379e0a-5f5a-4371-d4e3-4f4c6224eb86','1106e50f-d89b-aefc-75a3-4f4c5e136ac2','45ff24f2-1ab6-bde7-8e07-4f187a1d4eb5',90,'2012-02-28 05:14:00',0),('9f65d407-c096-84c8-6498-4f4c6200bafc','1106e50f-d89b-aefc-75a3-4f4c5e136ac2','45ae3837-80cd-cd24-6400-4f187ad41c27',90,'2012-02-28 05:14:00',0),('9f951085-3168-2b0a-11b5-4f4c622150c8','1106e50f-d89b-aefc-75a3-4f4c5e136ac2','44f63251-60dc-b410-36c9-4f187abfd819',90,'2012-02-28 05:14:00',0),('9fc297a1-0f81-b5af-ae85-4f4c62b922eb','1106e50f-d89b-aefc-75a3-4f4c5e136ac2','4641d2e5-1b07-4b95-2787-4f187a9f6d66',90,'2012-02-28 05:14:00',0),('9ff34f8c-5aa5-a17d-afd7-4f4c62671bd0','1106e50f-d89b-aefc-75a3-4f4c5e136ac2','44b739ca-61e1-a1cc-a5c0-4f187aac0316',90,'2012-02-28 05:14:00',0),('a01fd30b-4660-5e5e-d656-4f4c62b8d77b','1106e50f-d89b-aefc-75a3-4f4c5e136ac2','5613f595-40ec-950d-3b6f-4f187aead495',89,'2012-02-28 05:14:00',0),('a04df011-3b9d-1626-8ed4-4f4c622a5c2f','1106e50f-d89b-aefc-75a3-4f4c5e136ac2','5714255c-c4ee-9b95-ae70-4f187ae1f605',-99,'2012-02-28 05:14:00',0),('a07c8993-e4e4-f4ad-efc7-4f4c625bcaee','1106e50f-d89b-aefc-75a3-4f4c5e136ac2','56d6c82b-1532-326d-7824-4f187ace408a',-99,'2012-02-28 05:14:00',0),('a0aba5dc-9d30-3f90-34c4-4f4c6297422d','1106e50f-d89b-aefc-75a3-4f4c5e136ac2','579864b6-1a82-36cf-7e63-4f187a5ef054',90,'2012-02-28 05:14:00',0),('a0db1043-5aae-7bd8-3beb-4f4c62d1ec3b','1106e50f-d89b-aefc-75a3-4f4c5e136ac2','5752cca1-3784-6fd8-9d9c-4f187acba1f8',90,'2012-02-28 05:14:00',0),('a10a2061-cfa1-043a-3c7b-4f4c62ff5e11','1106e50f-d89b-aefc-75a3-4f4c5e136ac2','56994cd2-946c-0e5f-2ed5-4f187abef02f',90,'2012-02-28 05:14:00',0),('a137914f-85de-56b9-f0af-4f4c6249f21c','1106e50f-d89b-aefc-75a3-4f4c5e136ac2','57d67444-6f11-a44b-478c-4f187a61823b',90,'2012-02-28 05:14:00',0),('a165d59d-f142-b69a-50e8-4f4c622f6efe','1106e50f-d89b-aefc-75a3-4f4c5e136ac2','565aabb3-e241-2317-04e3-4f187a12c911',90,'2012-02-28 05:14:00',0),('a194b7e5-41aa-6bd4-6b53-4f4c62d630fb','1106e50f-d89b-aefc-75a3-4f4c5e136ac2','5d0c3861-dcb8-f06a-bd2e-4f187a8ce24f',89,'2012-02-28 05:14:00',0),('a1c296d1-adc1-74f2-c50a-4f4c621ff02a','1106e50f-d89b-aefc-75a3-4f4c5e136ac2','5e105bf4-3229-f803-0555-4f187a69bc15',-99,'2012-02-28 05:14:00',0),('a1efa19f-efd9-4a88-da60-4f4c621183b7','1106e50f-d89b-aefc-75a3-4f4c5e136ac2','5dd2fb11-1c6b-948e-0c48-4f187acd9a3d',-99,'2012-02-28 05:14:00',0),('a21e70a3-2530-465d-6ef3-4f4c6278dd6b','1106e50f-d89b-aefc-75a3-4f4c5e136ac2','5e9bcb06-7e54-992f-a256-4f187a021cdf',90,'2012-02-28 05:14:00',0),('a24ccfeb-6e96-c92f-5aa8-4f4c6270e15f','1106e50f-d89b-aefc-75a3-4f4c5e136ac2','5e5a10ce-837f-822d-2e07-4f187a43828c',90,'2012-02-28 05:14:00',0),('a27aa13b-e39b-9b65-905c-4f4c62acfe23','1106e50f-d89b-aefc-75a3-4f4c5e136ac2','5d93fc78-d7f3-3036-7712-4f187ab037ef',90,'2012-02-28 05:14:00',0),('a2a8832d-d110-1ef1-b393-4f4c6230eeeb','1106e50f-d89b-aefc-75a3-4f4c5e136ac2','5edee62a-38c7-1525-3bea-4f187a55c466',90,'2012-02-28 05:14:00',0),('a2db5562-eff9-8bb7-a7ae-4f4c622e3122','1106e50f-d89b-aefc-75a3-4f4c5e136ac2','5d55cb6f-f074-07a8-cc8c-4f187af6bab7',90,'2012-02-28 05:14:00',0),('a309c344-0f0f-74ce-6b02-4f4c62cdc1da','1106e50f-d89b-aefc-75a3-4f4c5e136ac2','b734fc6b-92c5-f47d-7654-4f187a09aec0',89,'2012-02-28 05:14:00',0),('a33b9249-76fd-5cb5-d085-4f4c62044db3','1106e50f-d89b-aefc-75a3-4f4c5e136ac2','b8475715-e9dd-4a9e-ea70-4f187a59883a',-99,'2012-02-28 05:14:00',0),('a369a7e8-35ab-aa1e-f6d1-4f4c623d88e8','1106e50f-d89b-aefc-75a3-4f4c5e136ac2','b8065549-08bf-47b3-0704-4f187a67df84',-99,'2012-02-28 05:14:00',0),('a3986f10-d15e-cab5-7d39-4f4c629748c0','1106e50f-d89b-aefc-75a3-4f4c5e136ac2','b8c99f6d-f1d3-678f-c7ea-4f187abd3d7d',90,'2012-02-28 05:14:00',0),('a3c8a7e9-3638-6ec8-bbf4-4f4c62502059','1106e50f-d89b-aefc-75a3-4f4c5e136ac2','b8891343-be9b-9c75-a039-4f187a3043db',90,'2012-02-28 05:14:00',0),('a3f83807-36ea-90df-1a55-4f4c62be622b','1106e50f-d89b-aefc-75a3-4f4c5e136ac2','b7c5ff99-761d-ad42-47f3-4f187a136956',90,'2012-02-28 05:14:00',0),('a429ad41-efb4-ebd0-56c0-4f4c625f96d0','1106e50f-d89b-aefc-75a3-4f4c5e136ac2','b911188f-e624-77db-1d90-4f187a371afd',90,'2012-02-28 05:14:00',0),('a459eff7-c471-9432-96d7-4f4c62c10004','1106e50f-d89b-aefc-75a3-4f4c5e136ac2','b781daa5-db3e-8eb2-3942-4f187a5c1bc0',90,'2012-02-28 05:14:00',0),('7a77b59d-29e9-e87a-7521-4f4c629078e7','1183e9ea-91e4-66a8-ec88-4f4c62836cc6','81e357a6-9d43-7ffc-2251-4f187a3178f1',89,'2012-02-28 05:15:33',0),('7aafa0b8-20ee-c054-360e-4f4c62fd9620','1183e9ea-91e4-66a8-ec88-4f4c62836cc6','82e398c0-b9b2-2299-97ad-4f187af815d5',90,'2012-02-28 05:15:33',0),('7adaa3e7-eda7-5151-4fc7-4f4c62a3e93f','1183e9ea-91e4-66a8-ec88-4f4c62836cc6','82a5e676-add5-1c2f-d4d0-4f187a50ee5a',90,'2012-02-28 05:15:33',0),('7b02740f-3fcb-e568-c96d-4f4c62c95b48','1183e9ea-91e4-66a8-ec88-4f4c62836cc6','835f43f3-ec76-83e0-b4cb-4f187a870d19',90,'2012-02-28 05:15:33',0),('7b294af8-c4c0-961b-cab2-4f4c62812816','1183e9ea-91e4-66a8-ec88-4f4c62836cc6','8320ad50-8471-3f2f-588c-4f187a86b66a',90,'2012-02-28 05:15:33',0),('7b5188c8-9ce5-97cb-65d6-4f4c62f913c7','1183e9ea-91e4-66a8-ec88-4f4c62836cc6','8268caff-4d38-83c7-8a46-4f187af413ec',90,'2012-02-28 05:15:33',0),('7b794d11-c616-8b98-294c-4f4c62ab0a4b','1183e9ea-91e4-66a8-ec88-4f4c62836cc6','839c644e-a272-9217-3f7c-4f187acf7dee',90,'2012-02-28 05:15:33',0),('7ba17987-336c-db87-a381-4f4c6241744b','1183e9ea-91e4-66a8-ec88-4f4c62836cc6','822a1815-8b86-436f-23f8-4f187a0748cb',90,'2012-02-28 05:15:33',0),('7bcc1b9f-d24d-53fa-f07f-4f4c62ffab5a','1183e9ea-91e4-66a8-ec88-4f4c62836cc6','c36b5ed0-65d3-342a-cb95-4f297d13b5f3',89,'2012-02-28 05:15:33',0),('7bf60fe3-6765-bcfc-e696-4f4c622347c1','1183e9ea-91e4-66a8-ec88-4f4c62836cc6','c4e8a4bd-df3e-f04a-7620-4f297d0fb152',90,'2012-02-28 05:15:33',0),('7c1dc7a4-12a6-923c-6cba-4f4c62971d66','1183e9ea-91e4-66a8-ec88-4f4c62836cc6','c4a4e0d2-cb74-9ff9-2230-4f297d4435e6',90,'2012-02-28 05:15:33',0),('7c48f723-29c9-4681-c423-4f4c628a7408','1183e9ea-91e4-66a8-ec88-4f4c62836cc6','c56dc120-e43f-f700-6351-4f297d8b61fc',90,'2012-02-28 05:15:33',0),('7c72e55b-711d-0aa2-68d3-4f4c6255ae9d','1183e9ea-91e4-66a8-ec88-4f4c62836cc6','c52b1761-16d4-6dfc-32a4-4f297d731cf0',90,'2012-02-28 05:15:33',0),('7c9abcbe-40e5-9b6e-91f4-4f4c62c59fc6','1183e9ea-91e4-66a8-ec88-4f4c62836cc6','c461fcd1-16f0-061d-91b0-4f297dcc2030',90,'2012-02-28 05:15:33',0),('7cc49c16-eb0f-ff60-f070-4f4c62ec1b91','1183e9ea-91e4-66a8-ec88-4f4c62836cc6','c5b6e06b-4d2d-f28b-c266-4f297d4d52dc',90,'2012-02-28 05:15:33',0),('7cedfa10-db19-acae-6d4e-4f4c624842cf','1183e9ea-91e4-66a8-ec88-4f4c62836cc6','c41c70eb-cf6e-5cda-ae2f-4f297d14a871',90,'2012-02-28 05:15:33',0),('7d17bdde-043e-e03e-a386-4f4c62619e4c','1183e9ea-91e4-66a8-ec88-4f4c62836cc6','cc305053-03ad-cdd5-d204-4f297da68cad',89,'2012-02-28 05:15:33',0),('7d40f235-fd77-f837-ce63-4f4c624675c1','1183e9ea-91e4-66a8-ec88-4f4c62836cc6','cd4aa0ad-9121-5e5d-90e4-4f297d1c3aeb',90,'2012-02-28 05:15:33',0),('7d689c88-bf8d-53b6-50ea-4f4c62118bee','1183e9ea-91e4-66a8-ec88-4f4c62836cc6','cd066e16-c4db-3332-8384-4f297d99d0c1',90,'2012-02-28 05:15:33',0),('7d90631e-111b-80f8-6882-4f4c62327370','1183e9ea-91e4-66a8-ec88-4f4c62836cc6','cdd5d812-62dc-1053-6b9b-4f297df60291',90,'2012-02-28 05:15:33',0),('7db8742c-a33d-24cd-65a2-4f4c623ad3a8','1183e9ea-91e4-66a8-ec88-4f4c62836cc6','cd8f52ea-4c44-f78f-a1ae-4f297dbf3bbd',90,'2012-02-28 05:15:33',0),('7de27aea-464a-f09c-9690-4f4c62e31f12','1183e9ea-91e4-66a8-ec88-4f4c62836cc6','ccbf6490-2f9d-be3c-242b-4f297d568fc7',90,'2012-02-28 05:15:33',0),('7e0ab1b0-f573-5d8b-b063-4f4c6290f419','1183e9ea-91e4-66a8-ec88-4f4c62836cc6','ce1b287a-ca06-775e-ab27-4f297d9e3f33',90,'2012-02-28 05:15:33',0),('7e35180c-b5be-395c-a41a-4f4c6297c976','1183e9ea-91e4-66a8-ec88-4f4c62836cc6','cc7ba872-4e55-dc6f-622a-4f297d757f7e',90,'2012-02-28 05:15:33',0),('7e5dabfa-8e07-4ac2-2241-4f4c6243bbe1','1183e9ea-91e4-66a8-ec88-4f4c62836cc6','d3f46248-0160-ec23-9f42-4f297dd0c3f4',89,'2012-02-28 05:15:33',0),('7e85ce2f-2201-b4a6-281b-4f4c62dfc28a','1183e9ea-91e4-66a8-ec88-4f4c62836cc6','d51079d7-f27f-b03b-acf3-4f297de81f06',90,'2012-02-28 05:15:33',0),('7eaef99f-d759-15f1-b3b3-4f4c62c0f832','1183e9ea-91e4-66a8-ec88-4f4c62836cc6','d4cb60a3-8e3c-0bd0-eade-4f297d265a6f',90,'2012-02-28 05:15:33',0),('7ed9e83d-7201-79cb-669f-4f4c622c4c79','1183e9ea-91e4-66a8-ec88-4f4c62836cc6','d59acb65-144f-ba9d-0901-4f297d291100',90,'2012-02-28 05:15:33',0),('7f01df5b-ba49-1e23-dd4b-4f4c62f729b2','1183e9ea-91e4-66a8-ec88-4f4c62836cc6','d554bdf9-77b5-95e0-0325-4f297ddfdf44',90,'2012-02-28 05:15:33',0),('7f292f2d-7bbb-052b-ef3e-4f4c62470fbb','1183e9ea-91e4-66a8-ec88-4f4c62836cc6','d486ce9e-ddd5-7a42-8a08-4f297db447fb',90,'2012-02-28 05:15:33',0),('7f526b95-8be1-55cc-c9bb-4f4c622a21f4','1183e9ea-91e4-66a8-ec88-4f4c62836cc6','d5df6e52-eadb-6abf-b09b-4f297d8062ec',90,'2012-02-28 05:15:33',0),('7f7ca234-3025-9425-b8ca-4f4c624d4c3c','1183e9ea-91e4-66a8-ec88-4f4c62836cc6','d4429a75-1629-6029-e233-4f297d6adefe',90,'2012-02-28 05:15:33',0),('7fa85f7f-d091-bc85-76eb-4f4c62e18aab','1183e9ea-91e4-66a8-ec88-4f4c62836cc6','db30aea4-0197-e4c1-b7e3-4f297d44a577',89,'2012-02-28 05:15:33',0),('7fd15aea-0507-3cbb-e1db-4f4c628218b5','1183e9ea-91e4-66a8-ec88-4f4c62836cc6','dc4b7d9c-a926-ec02-8ea6-4f297d4cf6ea',90,'2012-02-28 05:15:33',0),('7ffcf8cb-fea9-bf38-7c49-4f4c62005854','1183e9ea-91e4-66a8-ec88-4f4c62836cc6','dc05e29b-067b-773c-e40f-4f297dec3fc7',90,'2012-02-28 05:15:33',0),('80268d43-daae-a013-305d-4f4c62c9488c','1183e9ea-91e4-66a8-ec88-4f4c62836cc6','dcd50ff8-39c9-1052-92d0-4f297d4a2115',90,'2012-02-28 05:15:33',0),('8050fe9e-9288-0f17-50b6-4f4c62e23e98','1183e9ea-91e4-66a8-ec88-4f4c62836cc6','dc8f7deb-c89e-1257-cb61-4f297d740b1c',90,'2012-02-28 05:15:33',0),('8079fe98-c275-318c-ee09-4f4c62542ebb','1183e9ea-91e4-66a8-ec88-4f4c62836cc6','dbc15454-7d78-120b-6501-4f297dea8e48',90,'2012-02-28 05:15:33',0),('80a894e8-6d4a-f746-27ff-4f4c62a7546c','1183e9ea-91e4-66a8-ec88-4f4c62836cc6','dd1977d9-b3cc-e231-f623-4f297d705099',90,'2012-02-28 05:15:33',0),('80d45a82-1529-a60c-4e38-4f4c62e86495','1183e9ea-91e4-66a8-ec88-4f4c62836cc6','db796411-c3f2-315e-e619-4f297d6de0b8',90,'2012-02-28 05:15:33',0),('80fd0be9-985a-26f8-2d69-4f4c62e39558','1183e9ea-91e4-66a8-ec88-4f4c62836cc6','e314fb83-9cf8-15a0-4629-4f297dfe6655',89,'2012-02-28 05:15:33',0),('8125ccbc-6394-f426-4503-4f4c627027e4','1183e9ea-91e4-66a8-ec88-4f4c62836cc6','e43dd068-5565-041d-0ea2-4f297d0e4f42',90,'2012-02-28 05:15:33',0),('814ef20a-52a1-bc55-f777-4f4c62b06369','1183e9ea-91e4-66a8-ec88-4f4c62836cc6','e3f5917f-934a-78d9-0888-4f297d17082f',90,'2012-02-28 05:15:33',0),('81786d31-42b4-2a88-d70f-4f4c62e206d2','1183e9ea-91e4-66a8-ec88-4f4c62836cc6','e4d26653-f7d3-cb32-db9a-4f297d038e6f',90,'2012-02-28 05:15:33',0),('81a0f439-a4f8-d055-033d-4f4c6211fb9e','1183e9ea-91e4-66a8-ec88-4f4c62836cc6','e489d1a2-62ae-920a-8398-4f297d8de473',90,'2012-02-28 05:15:33',0),('81c9c884-25b1-ea1c-58fd-4f4c62eb84d2','1183e9ea-91e4-66a8-ec88-4f4c62836cc6','e3ad05e2-67dd-0ef9-6e50-4f297d2033e3',90,'2012-02-28 05:15:33',0),('81f31174-967e-e9fd-9438-4f4c6294147a','1183e9ea-91e4-66a8-ec88-4f4c62836cc6','e51ae478-913e-0e98-9274-4f297d4d411e',90,'2012-02-28 05:15:33',0),('821d1992-93a2-935d-412a-4f4c62203788','1183e9ea-91e4-66a8-ec88-4f4c62836cc6','e365af28-ff3b-8cd1-a2c3-4f297d220249',90,'2012-02-28 05:15:33',0),('82465879-e2c9-0f16-f8dc-4f4c622b93fa','1183e9ea-91e4-66a8-ec88-4f4c62836cc6','ebf51108-5417-0986-1d7c-4f297df5f38a',89,'2012-02-28 05:15:33',0),('826feb09-9f45-ab33-c682-4f4c62690e1b','1183e9ea-91e4-66a8-ec88-4f4c62836cc6','ed27a1e3-8fbd-f294-308f-4f297d869d69',90,'2012-02-28 05:15:33',0),('829b13da-27c0-3585-b288-4f4c62d6c4d1','1183e9ea-91e4-66a8-ec88-4f4c62836cc6','ece061d2-0260-6c8b-3c23-4f297d713750',90,'2012-02-28 05:15:33',0),('82c63fdb-85cc-1424-590d-4f4c62638d73','1183e9ea-91e4-66a8-ec88-4f4c62836cc6','edb5511c-7c23-c366-57fc-4f297d01d0c9',90,'2012-02-28 05:15:33',0),('82f04da3-b53b-d9d9-f2dd-4f4c62cf46e7','1183e9ea-91e4-66a8-ec88-4f4c62836cc6','ed6f745f-64fe-4a3c-1139-4f297db956f3',90,'2012-02-28 05:15:33',0),('831d11fa-9c3a-08f5-4577-4f4c62183c1b','1183e9ea-91e4-66a8-ec88-4f4c62836cc6','ec942a18-a550-9b2d-b1ca-4f297d3ed16f',90,'2012-02-28 05:15:33',0),('8346b98b-3525-8bd7-d543-4f4c6284ec21','1183e9ea-91e4-66a8-ec88-4f4c62836cc6','edfe9d0b-730b-d1ed-18f3-4f297dac2c5d',90,'2012-02-28 05:15:33',0),('83760a70-eee0-830c-e093-4f4c62c4c776','1183e9ea-91e4-66a8-ec88-4f4c62836cc6','ec4a69e4-40a9-ad83-25b9-4f297d0c7cbc',90,'2012-02-28 05:15:33',0),('83a5b1b4-fab2-f254-4215-4f4c623fb5cf','1183e9ea-91e4-66a8-ec88-4f4c62836cc6','2c19d3de-62a2-a0d3-23a0-4f187ad58883',89,'2012-02-28 05:15:33',0),('83cffaa1-41d7-65f2-4555-4f4c62ff1f5c','1183e9ea-91e4-66a8-ec88-4f4c62836cc6','2d1a1eb9-4bb9-2679-c215-4f187a1aea2d',90,'2012-02-28 05:15:33',0),('83f96369-6044-533e-16b4-4f4c623cd987','1183e9ea-91e4-66a8-ec88-4f4c62836cc6','2cd7e68a-69ed-22a0-03e0-4f187af7fcdf',90,'2012-02-28 05:15:33',0),('84274a53-8a19-6a62-030c-4f4c62f7de4c','1183e9ea-91e4-66a8-ec88-4f4c62836cc6','2d937057-174a-4777-8469-4f187a61691c',90,'2012-02-28 05:15:33',0),('845195ee-0832-d1c8-c74a-4f4c625e80bf','1183e9ea-91e4-66a8-ec88-4f4c62836cc6','2d563477-d44f-b0b8-68ee-4f187ad58555',90,'2012-02-28 05:15:33',0),('847b1611-f1e9-085b-4bd5-4f4c62a5ec44','1183e9ea-91e4-66a8-ec88-4f4c62836cc6','2c9b9543-d6da-ab5c-4d94-4f187a82c7d5',90,'2012-02-28 05:15:33',0),('84a91302-3fcb-70f5-8f4b-4f4c62746661','1183e9ea-91e4-66a8-ec88-4f4c62836cc6','2dcf7465-366d-5184-23d3-4f187a91dee4',90,'2012-02-28 05:15:33',0),('84d2ea1a-98e1-5e70-d73f-4f4c62599829','1183e9ea-91e4-66a8-ec88-4f4c62836cc6','2c60595e-060f-b7fb-a8e0-4f187a1894a2',90,'2012-02-28 05:15:33',0),('84fd46ff-2e24-81ac-4475-4f4c621b7fcd','1183e9ea-91e4-66a8-ec88-4f4c62836cc6','a11674cc-0d06-f6e8-72a4-4f187aede5b2',89,'2012-02-28 05:15:33',0),('852fba5b-30b4-153f-380f-4f4c62f6377a','1183e9ea-91e4-66a8-ec88-4f4c62836cc6','a216bfef-adf2-b675-8889-4f187aaf5ca8',90,'2012-02-28 05:15:33',0),('855cfa57-4689-0495-2931-4f4c624da8cf','1183e9ea-91e4-66a8-ec88-4f4c62836cc6','a1d8d61c-fe5e-dbac-d13f-4f187ad304d1',90,'2012-02-28 05:15:33',0),('858823a0-f54d-296e-a20b-4f4c6251d060','1183e9ea-91e4-66a8-ec88-4f4c62836cc6','a2917dfc-93b2-a9a4-897e-4f187adf37aa',90,'2012-02-28 05:15:33',0),('85b3eaab-b937-34b4-1885-4f4c62c9e37a','1183e9ea-91e4-66a8-ec88-4f4c62836cc6','a2541575-ffd5-1b02-e8be-4f187a801028',90,'2012-02-28 05:15:33',0),('85df239b-c846-2102-ad9a-4f4c62d53b60','1183e9ea-91e4-66a8-ec88-4f4c62836cc6','a19be553-40e1-84e0-c12d-4f187a0eaf04',90,'2012-02-28 05:15:33',0),('8609481c-a65f-5b46-5999-4f4c62372120','1183e9ea-91e4-66a8-ec88-4f4c62836cc6','a2cfa149-e007-d97b-84a6-4f187ae5b789',90,'2012-02-28 05:15:33',0),('86374ef3-3a9f-3778-0b24-4f4c62a81d17','1183e9ea-91e4-66a8-ec88-4f4c62836cc6','a15e06b2-c578-95da-efa5-4f187ab07ab3',90,'2012-02-28 05:15:33',0),('86622fe1-a85a-7b13-1557-4f4c62226a01','1183e9ea-91e4-66a8-ec88-4f4c62836cc6','4da5f44c-d06d-4a54-dcd9-4f187aca772d',89,'2012-02-28 05:15:33',0),('868cc782-0542-281d-ab7e-4f4c624c5525','1183e9ea-91e4-66a8-ec88-4f4c62836cc6','4ea34d79-463d-8f10-0958-4f187a4aec7d',90,'2012-02-28 05:15:33',0),('86b87c54-524a-4072-2d02-4f4c62a0e76f','1183e9ea-91e4-66a8-ec88-4f4c62836cc6','4e6737fd-3b06-1e7e-d856-4f187a9f9c5b',90,'2012-02-28 05:15:33',0),('86e32aee-a646-830d-a5f2-4f4c62228fca','1183e9ea-91e4-66a8-ec88-4f4c62836cc6','4f1bf7a6-1a5c-6db1-59d5-4f187a2b9eca',90,'2012-02-28 05:15:33',0),('870d7bda-a144-bd09-a2dd-4f4c62fce5d2','1183e9ea-91e4-66a8-ec88-4f4c62836cc6','4edef993-92ab-6f1f-4849-4f187ad9cad4',90,'2012-02-28 05:15:33',0),('8737ec58-cee1-0ae3-41f5-4f4c623626c1','1183e9ea-91e4-66a8-ec88-4f4c62836cc6','4e2a2abb-14f6-c10c-d69f-4f187ada19f8',90,'2012-02-28 05:15:33',0),('8763e33c-662f-68ea-b1de-4f4c62df00d5','1183e9ea-91e4-66a8-ec88-4f4c62836cc6','4f586112-1fc9-806e-2864-4f187af50dfa',90,'2012-02-28 05:15:33',0),('87916a9f-7b96-c546-ce49-4f4c626c776a','1183e9ea-91e4-66a8-ec88-4f4c62836cc6','4ded800a-af66-19d4-de9f-4f187a315058',90,'2012-02-28 05:15:33',0),('87bb7788-73c5-1d81-facf-4f4c6237fe48','1183e9ea-91e4-66a8-ec88-4f4c62836cc6','2325e5f0-abc4-eafd-91e7-4f187a6ef30e',89,'2012-02-28 05:15:33',0),('87e52827-9d0e-a9ad-c470-4f4c6231619a','1183e9ea-91e4-66a8-ec88-4f4c62836cc6','24219b13-abb5-c859-2dfd-4f187acb4b94',90,'2012-02-28 05:15:33',0),('880f59c5-0fda-d236-0d8b-4f4c627e46a2','1183e9ea-91e4-66a8-ec88-4f4c62836cc6','23e162db-6831-9454-ae2f-4f187a5eca7f',90,'2012-02-28 05:15:33',0),('883c3834-dcd9-08da-83fe-4f4c62369de5','1183e9ea-91e4-66a8-ec88-4f4c62836cc6','249b6c31-0408-f3b9-44ea-4f187acaa72e',90,'2012-02-28 05:15:33',0),('8866a1f7-8617-263e-e8de-4f4c62a417d6','1183e9ea-91e4-66a8-ec88-4f4c62836cc6','2460bb7c-7f52-620a-1714-4f187a39538a',90,'2012-02-28 05:15:33',0),('889a645e-8d2d-ad37-4521-4f4c6222ba2e','1183e9ea-91e4-66a8-ec88-4f4c62836cc6','23a30193-2217-0ae1-b7b4-4f187a00420b',90,'2012-02-28 05:15:33',0),('88ca1226-0477-5354-c527-4f4c62aefc33','1183e9ea-91e4-66a8-ec88-4f4c62836cc6','24d72aea-7f23-d261-4a4e-4f187a674603',90,'2012-02-28 05:15:33',0),('88f77571-7003-498f-c767-4f4c6223917a','1183e9ea-91e4-66a8-ec88-4f4c62836cc6','2367da32-6a88-c9d3-8e0c-4f187ab6121a',90,'2012-02-28 05:15:33',0),('8925a53a-5829-2e3e-c10b-4f4c62d977d2','1183e9ea-91e4-66a8-ec88-4f4c62836cc6','773228d2-77d9-7016-c678-4f187ab03d72',89,'2012-02-28 05:15:33',0),('8956a0e1-5e6f-94de-c288-4f4c6207170e','1183e9ea-91e4-66a8-ec88-4f4c62836cc6','7836584d-ed9b-6166-0b34-4f187a5a537e',90,'2012-02-28 05:15:33',0),('8982b858-f541-4834-303f-4f4c62c71991','1183e9ea-91e4-66a8-ec88-4f4c62836cc6','77f9ef1f-8fbf-4b64-1b20-4f187a1fae0f',90,'2012-02-28 05:15:33',0),('89ae73a3-9a73-f5ef-7757-4f4c6261f7ee','1183e9ea-91e4-66a8-ec88-4f4c62836cc6','78b48600-03f9-0bd9-89ab-4f187a9935f3',90,'2012-02-28 05:15:33',0),('89db1e4c-a934-072c-a90b-4f4c626c8866','1183e9ea-91e4-66a8-ec88-4f4c62836cc6','78739b0b-cb0c-2a29-3c27-4f187a75b57c',90,'2012-02-28 05:15:33',0),('8a0968c5-dd56-49ce-bb1a-4f4c62121813','1183e9ea-91e4-66a8-ec88-4f4c62836cc6','77b8e1b9-3eae-0c33-4346-4f187ac3b1d8',90,'2012-02-28 05:15:33',0),('8a35a81e-0951-2eb1-e8a2-4f4c623a0680','1183e9ea-91e4-66a8-ec88-4f4c62836cc6','78f13d53-faa1-e3a9-e5c9-4f187addb73e',90,'2012-02-28 05:15:33',0),('8a61710b-d3b3-258b-e1be-4f4c622ff3a0','1183e9ea-91e4-66a8-ec88-4f4c62836cc6','777b08f6-0d74-941a-d6b4-4f187adb02c6',90,'2012-02-28 05:15:33',0),('8a8d0a72-ed6e-c5c7-5225-4f4c62e9b2bb','1183e9ea-91e4-66a8-ec88-4f4c62836cc6','d4680a04-3c30-a954-6305-4f187ac4e46e',89,'2012-02-28 05:15:33',0),('8abb4015-9fe9-1c2d-1faa-4f4c62a59316','1183e9ea-91e4-66a8-ec88-4f4c62836cc6','d57398a6-3ca7-0cef-72a5-4f187ad01135',90,'2012-02-28 05:15:33',0),('8ae7b956-0a6e-7bff-0bd8-4f4c62fa7227','1183e9ea-91e4-66a8-ec88-4f4c62836cc6','d533d702-a286-97a4-9281-4f187a218210',90,'2012-02-28 05:15:33',0),('8b17d3c5-701a-f60a-2939-4f4c62a6fa83','1183e9ea-91e4-66a8-ec88-4f4c62836cc6','d5f3abc8-e04f-eb79-7097-4f187ae65643',90,'2012-02-28 05:15:33',0),('8b450062-44d4-6d15-5904-4f4c628f7271','1183e9ea-91e4-66a8-ec88-4f4c62836cc6','d5b51e4d-cd0c-9945-d07a-4f187af7731a',90,'2012-02-28 05:15:33',0),('8b724291-c3ce-3f94-d85d-4f4c629ce51f','1183e9ea-91e4-66a8-ec88-4f4c62836cc6','d4f4ed66-bbd6-c91e-f611-4f187a18e715',90,'2012-02-28 05:15:33',0),('8b9f97a7-43e8-936d-e6cf-4f4c627c14f3','1183e9ea-91e4-66a8-ec88-4f4c62836cc6','d63416fb-1193-cb6e-10ed-4f187aad6faa',90,'2012-02-28 05:15:33',0),('8bceb7a1-6207-f488-a067-4f4c62426375','1183e9ea-91e4-66a8-ec88-4f4c62836cc6','d4b36e3a-9f82-747a-02cb-4f187a7ebc72',90,'2012-02-28 05:15:33',0),('8bfb76f7-abdd-0e66-6724-4f4c621fb37e','1183e9ea-91e4-66a8-ec88-4f4c62836cc6','f18a7248-9a8f-f376-dc8d-4f187a87e921',89,'2012-02-28 05:15:33',0),('8c285ed1-6003-ae86-7eb8-4f4c62d31178','1183e9ea-91e4-66a8-ec88-4f4c62836cc6','f295762b-7be3-29bc-d6da-4f187a42021e',90,'2012-02-28 05:15:33',0),('8c556341-a807-fdf3-c9cf-4f4c626b68b6','1183e9ea-91e4-66a8-ec88-4f4c62836cc6','f255899d-54ef-4d0d-f924-4f187a4eac04',90,'2012-02-28 05:15:33',0),('8c84742c-2416-1d39-5715-4f4c624cf254','1183e9ea-91e4-66a8-ec88-4f4c62836cc6','f31478e3-5425-ed25-26c5-4f187a68b2bc',90,'2012-02-28 05:15:33',0),('8cb1da48-6a6b-8ea4-4f71-4f4c62e2f765','1183e9ea-91e4-66a8-ec88-4f4c62836cc6','f2d5b5c7-e30a-ef0d-71f3-4f187aa7b210',90,'2012-02-28 05:15:33',0),('8cdeea38-0327-bc23-70dd-4f4c62a0c1c2','1183e9ea-91e4-66a8-ec88-4f4c62836cc6','f216fd0e-1cd0-ae8d-2a7c-4f187a5738a9',90,'2012-02-28 05:15:33',0),('8d0d7539-ad07-b310-4258-4f4c629b01d4','1183e9ea-91e4-66a8-ec88-4f4c62836cc6','f3537070-b1a7-c92c-9f92-4f187ac4b5a1',90,'2012-02-28 05:15:33',0),('8d3c56a5-25e9-0e80-e221-4f4c624cc146','1183e9ea-91e4-66a8-ec88-4f4c62836cc6','f1d38526-44d0-b7ad-d2c7-4f187a572dab',90,'2012-02-28 05:15:33',0),('8d6a2a5c-b9fd-7c81-e654-4f4c6247ef0e','1183e9ea-91e4-66a8-ec88-4f4c62836cc6','63a846e6-7e23-4d23-8ab4-4f187ac577f2',89,'2012-02-28 05:15:33',0),('8d92f7ae-1a11-c305-06eb-4f4c62f1de12','1183e9ea-91e4-66a8-ec88-4f4c62836cc6','64a29b10-fc19-368e-58ef-4f187a366dc7',90,'2012-02-28 05:15:33',0),('8dbb2b91-64fb-f251-0cff-4f4c62b9713d','1183e9ea-91e4-66a8-ec88-4f4c62836cc6','64662f44-771e-0338-f646-4f187a878408',90,'2012-02-28 05:15:33',0),('8de361bb-0e13-9989-6511-4f4c62bb29e5','1183e9ea-91e4-66a8-ec88-4f4c62836cc6','651c8355-2a8b-d645-c0fc-4f187a5d68cb',90,'2012-02-28 05:15:33',0),('8e0c0654-88fd-92c5-8c5f-4f4c623168c1','1183e9ea-91e4-66a8-ec88-4f4c62836cc6','64decda2-37d2-79cb-9f3c-4f187a71d08a',90,'2012-02-28 05:15:33',0),('8e356b01-4452-7878-288a-4f4c628fa224','1183e9ea-91e4-66a8-ec88-4f4c62836cc6','64290ec1-f4a6-07a8-67db-4f187acbff27',90,'2012-02-28 05:15:33',0),('8e5d5c5b-b093-9c4a-0718-4f4c62c1616a','1183e9ea-91e4-66a8-ec88-4f4c62836cc6','6558ebec-e643-3e9e-5d2c-4f187ae28a9d',90,'2012-02-28 05:15:33',0),('8e85b77a-6261-953d-c66f-4f4c62867ecf','1183e9ea-91e4-66a8-ec88-4f4c62836cc6','63ebf31d-ed1c-08ce-a9cc-4f187af5c125',90,'2012-02-28 05:15:33',0),('8eae1a84-4f5e-d75a-2908-4f4c623a59d5','1183e9ea-91e4-66a8-ec88-4f4c62836cc6','a82b0ea6-ad53-3580-86cb-4f187a545b67',89,'2012-02-28 05:15:33',0),('8ed87475-d2c8-110f-8acc-4f4c62251983','1183e9ea-91e4-66a8-ec88-4f4c62836cc6','a934120a-aab8-0447-e118-4f187aaef79c',90,'2012-02-28 05:15:33',0),('8f01ef98-8446-81e8-4e96-4f4c62877319','1183e9ea-91e4-66a8-ec88-4f4c62836cc6','a8f3f904-096a-1282-e55a-4f187a40872e',90,'2012-02-28 05:15:33',0),('8f2ca836-cafb-803f-dcf8-4f4c62cd975e','1183e9ea-91e4-66a8-ec88-4f4c62836cc6','a9b13da5-d886-d017-906b-4f187aedc7bc',90,'2012-02-28 05:15:33',0),('8f568ef5-63eb-f6b5-93e6-4f4c6296f8ad','1183e9ea-91e4-66a8-ec88-4f4c62836cc6','a972230d-6028-872d-c77f-4f187a8673db',90,'2012-02-28 05:15:33',0),('8f7fdcd0-1653-b87e-b771-4f4c62da2751','1183e9ea-91e4-66a8-ec88-4f4c62836cc6','a8b5415e-1265-6647-0deb-4f187a961054',90,'2012-02-28 05:15:33',0),('8faa3633-3f2f-6800-c3dc-4f4c62f4a3ae','1183e9ea-91e4-66a8-ec88-4f4c62836cc6','a9ef6417-88a9-af0f-ea95-4f187acd0d9e',90,'2012-02-28 05:15:33',0),('8fd56d0e-cdb1-57ff-5af3-4f4c6268cc50','1183e9ea-91e4-66a8-ec88-4f4c62836cc6','a8748cbc-6e8e-6cd4-1757-4f187a3b91fc',90,'2012-02-28 05:15:33',0),('9000b852-4aea-37a9-a7bb-4f4c621ea0c7','1183e9ea-91e4-66a8-ec88-4f4c62836cc6','95152281-a803-0fa6-c323-4f187a78212a',89,'2012-02-28 05:15:33',0),('90299308-6e90-5e09-f83f-4f4c62fbb5d3','1183e9ea-91e4-66a8-ec88-4f4c62836cc6','961de181-61c3-8e53-31dc-4f187a58b982',90,'2012-02-28 05:15:33',0),('905257f3-3381-d276-1955-4f4c62eb6f1e','1183e9ea-91e4-66a8-ec88-4f4c62836cc6','95e0550e-1573-8548-50df-4f187affab7c',90,'2012-02-28 05:15:33',0),('907b5287-0c7f-4289-5a74-4f4c62a63a2e','1183e9ea-91e4-66a8-ec88-4f4c62836cc6','969a9208-7323-ac54-5009-4f187ac57f8c',90,'2012-02-28 05:15:33',0),('90a6472b-e23b-44bb-844d-4f4c620ba6d5','1183e9ea-91e4-66a8-ec88-4f4c62836cc6','965be43c-97a4-bad3-c142-4f187acc0b6e',90,'2012-02-28 05:15:33',0),('90cf4886-1bd7-26da-5886-4f4c62e0a435','1183e9ea-91e4-66a8-ec88-4f4c62836cc6','959bf1c6-7539-1d8c-e741-4f187a420eef',90,'2012-02-28 05:15:33',0),('90f91ef8-ddba-11c6-b4d4-4f4c62f6f573','1183e9ea-91e4-66a8-ec88-4f4c62836cc6','96db72a8-e377-424d-35d7-4f187a9f06ed',90,'2012-02-28 05:15:33',0),('9122e355-6798-193c-5330-4f4c629952d6','1183e9ea-91e4-66a8-ec88-4f4c62836cc6','955d5509-bea4-bfb2-e74a-4f187a3a5ea8',90,'2012-02-28 05:15:33',0),('914c8903-43b1-95e1-d0ef-4f4c62425bbc','1183e9ea-91e4-66a8-ec88-4f4c62836cc6','a8274819-2e5f-d95b-cb6e-4f2ad5e6a238',89,'2012-02-28 05:15:33',0),('91750fbf-58c6-772f-def3-4f4c6275d60c','1183e9ea-91e4-66a8-ec88-4f4c62836cc6','a9cb84e1-ab0a-69db-0451-4f2ad5c5eb6d',90,'2012-02-28 05:15:33',0),('919e0585-c5de-e4cf-3ea3-4f4c62866930','1183e9ea-91e4-66a8-ec88-4f4c62836cc6','a9853101-2a06-89b3-bf34-4f2ad5e93b4e',90,'2012-02-28 05:15:33',0),('91c6eb05-6b62-2759-f7a3-4f4c62754c6a','1183e9ea-91e4-66a8-ec88-4f4c62836cc6','aa5b4811-2528-ebe2-d29a-4f2ad5f0c82b',90,'2012-02-28 05:15:33',0),('91efd423-3bd4-8985-9005-4f4c6201c55a','1183e9ea-91e4-66a8-ec88-4f4c62836cc6','aa12f93c-076c-cc50-da28-4f2ad57ccf45',90,'2012-02-28 05:15:33',0),('921af043-cf2c-aaff-2b6e-4f4c62401ba4','1183e9ea-91e4-66a8-ec88-4f4c62836cc6','a93d64ea-0939-dc4e-be56-4f2ad5bc7105',90,'2012-02-28 05:15:33',0),('9246afbe-1a97-d565-5349-4f4c62d1bf21','1183e9ea-91e4-66a8-ec88-4f4c62836cc6','aaa40c75-3257-e59a-da58-4f2ad5e3aef4',90,'2012-02-28 05:15:33',0),('92710ea0-dd96-b816-45be-4f4c62d3ae40','1183e9ea-91e4-66a8-ec88-4f4c62836cc6','a8f38991-6736-eab0-1993-4f2ad5b09122',90,'2012-02-28 05:15:33',0),('92991235-c5c7-da99-aa39-4f4c624bcfd0','1183e9ea-91e4-66a8-ec88-4f4c62836cc6','199db185-3fdb-aa3f-0e7b-4f187ae56c69',89,'2012-02-28 05:15:33',0),('92c2b58d-90e4-41f3-8c89-4f4c62e28ba5','1183e9ea-91e4-66a8-ec88-4f4c62836cc6','1aa08896-a8fd-ee11-7f48-4f187a809293',90,'2012-02-28 05:15:33',0),('92eaef03-657d-4b61-e775-4f4c622155a1','1183e9ea-91e4-66a8-ec88-4f4c62836cc6','1a64c8bb-9749-ba63-cf15-4f187afea5b9',90,'2012-02-28 05:15:33',0),('93132c3f-55c9-0211-baa5-4f4c62cbdd19','1183e9ea-91e4-66a8-ec88-4f4c62836cc6','1b14e081-3b6a-8e3f-08fd-4f187afe2ec8',90,'2012-02-28 05:15:33',0),('933b5fba-5828-326e-f1e8-4f4c624d1ff9','1183e9ea-91e4-66a8-ec88-4f4c62836cc6','1ada544d-1882-1c2c-ff27-4f187a156204',90,'2012-02-28 05:15:33',0),('9363f867-6f4d-e916-10b8-4f4c62f14076','1183e9ea-91e4-66a8-ec88-4f4c62836cc6','1a27f8c7-6c03-6e81-c006-4f187af4bac3',90,'2012-02-28 05:15:33',0),('938dd16f-2e68-5a8c-5f72-4f4c62b155e4','1183e9ea-91e4-66a8-ec88-4f4c62836cc6','1b4f8a66-1f7b-c747-dc30-4f187ac449a5',90,'2012-02-28 05:15:33',0),('93b65b71-e2b2-b2cd-643b-4f4c62ee9324','1183e9ea-91e4-66a8-ec88-4f4c62836cc6','19e9f8ee-bd5d-4fea-ca65-4f187a70a25a',90,'2012-02-28 05:15:33',0),('93e18661-b96a-a508-d2d1-4f4c623218ce','1183e9ea-91e4-66a8-ec88-4f4c62836cc6','afe38719-7077-19f0-e4e8-4f187a53b75a',89,'2012-02-28 05:15:33',0),('940bfb7b-1de4-22b1-a4fa-4f4c6264a7bd','1183e9ea-91e4-66a8-ec88-4f4c62836cc6','b0f067cf-4fdc-1a43-c5ca-4f187aefcf91',90,'2012-02-28 05:15:33',0),('9436722d-4494-1fe2-5202-4f4c624a0c2e','1183e9ea-91e4-66a8-ec88-4f4c62836cc6','b0b0a6f7-b27f-4465-431b-4f187a317c2a',90,'2012-02-28 05:15:33',0),('9460cf69-d530-53ed-2c0d-4f4c62e3442f','1183e9ea-91e4-66a8-ec88-4f4c62836cc6','b17133b5-4d1a-769c-37b4-4f187a5c6008',90,'2012-02-28 05:15:33',0),('948d6be6-a75f-f6b1-8986-4f4c62c4d757','1183e9ea-91e4-66a8-ec88-4f4c62836cc6','b131e029-f856-f644-37ae-4f187aa851d8',90,'2012-02-28 05:15:33',0),('94b9a8f6-44c0-4620-aed8-4f4c626b779c','1183e9ea-91e4-66a8-ec88-4f4c62836cc6','b06ed117-bf8f-890c-0414-4f187a47dceb',90,'2012-02-28 05:15:33',0),('94e50412-580c-391f-7c57-4f4c62e28f72','1183e9ea-91e4-66a8-ec88-4f4c62836cc6','b1b141a4-5663-d6a9-cc31-4f187a3b5965',90,'2012-02-28 05:15:33',0),('950ee8b0-8d1f-bec6-52e3-4f4c620d2c00','1183e9ea-91e4-66a8-ec88-4f4c62836cc6','b02e045e-9e34-241c-7408-4f187a5e875c',90,'2012-02-28 05:15:33',0),('95398b33-b48a-1f50-2072-4f4c627e3f7d','1183e9ea-91e4-66a8-ec88-4f4c62836cc6','9aa2daa7-e74a-9a23-d1fd-4f187ab2ebe2',89,'2012-02-28 05:15:33',0),('9564b47c-00d5-95ca-39c4-4f4c6284ef0a','1183e9ea-91e4-66a8-ec88-4f4c62836cc6','9bc53bba-3981-e30e-758b-4f187a14ddd4',90,'2012-02-28 05:15:33',0),('958f9071-a704-bae8-78d2-4f4c625c17eb','1183e9ea-91e4-66a8-ec88-4f4c62836cc6','9b6baf3b-c93c-ab1e-719f-4f187acbfe1d',90,'2012-02-28 05:15:33',0),('95baf99e-5aa9-5ecd-42f9-4f4c62572faf','1183e9ea-91e4-66a8-ec88-4f4c62836cc6','9c45c51e-1911-3a19-bfb3-4f187a08985e',90,'2012-02-28 05:15:33',0),('95e5b0a8-d968-7fed-6b74-4f4c62f4ea18','1183e9ea-91e4-66a8-ec88-4f4c62836cc6','9c0690eb-579e-d6ea-9311-4f187a64fff1',90,'2012-02-28 05:15:33',0),('960fb0f2-0922-19e3-49dc-4f4c627f864f','1183e9ea-91e4-66a8-ec88-4f4c62836cc6','9b2cc777-2ef5-cdaf-0b32-4f187a55e45e',90,'2012-02-28 05:15:33',0),('963d0d68-1024-6122-1961-4f4c620b742c','1183e9ea-91e4-66a8-ec88-4f4c62836cc6','9c855efb-ad4c-6371-c966-4f187a3e8fcd',90,'2012-02-28 05:15:33',0),('9667d841-35b1-283d-3815-4f4c621e491d','1183e9ea-91e4-66a8-ec88-4f4c62836cc6','9aec9825-db2f-d9ef-fa4d-4f187ab07522',90,'2012-02-28 05:15:33',0),('9691afae-b13e-b1ba-e127-4f4c621a325e','1183e9ea-91e4-66a8-ec88-4f4c62836cc6','8c4f033e-f140-3ac5-efe0-4f187ac82a9b',89,'2012-02-28 05:15:33',0),('96bbec48-b299-7c3d-a026-4f4c62cd3bdd','1183e9ea-91e4-66a8-ec88-4f4c62836cc6','8d59071a-effc-d39b-a701-4f187abfd08b',90,'2012-02-28 05:15:33',0),('96e77431-4127-0fd8-f6d2-4f4c626f8e9b','1183e9ea-91e4-66a8-ec88-4f4c62836cc6','8d194f1d-eeb2-dd76-79f4-4f187a3fdbda',90,'2012-02-28 05:15:33',0),('9712564c-b68a-446b-5750-4f4c6203c512','1183e9ea-91e4-66a8-ec88-4f4c62836cc6','8dd6094d-d0cb-bd18-b4ae-4f187aef2ff4',90,'2012-02-28 05:15:33',0),('97406952-8122-24d9-ead4-4f4c62cc3634','1183e9ea-91e4-66a8-ec88-4f4c62836cc6','8d96f5d6-823c-d82d-9fbf-4f187a26275e',90,'2012-02-28 05:15:33',0),('976b7ccd-4450-a43b-e278-4f4c626f17b0','1183e9ea-91e4-66a8-ec88-4f4c62836cc6','8cd94831-d4af-cbed-7ff0-4f187afff7b5',90,'2012-02-28 05:15:33',0),('9796b942-f91c-6b24-52f5-4f4c62ad8cb6','1183e9ea-91e4-66a8-ec88-4f4c62836cc6','8e14b86f-7926-04fb-7fef-4f187a292c6a',90,'2012-02-28 05:15:33',0),('97c28948-b387-055a-547f-4f4c620ca461','1183e9ea-91e4-66a8-ec88-4f4c62836cc6','8c991ff5-849f-02f1-e174-4f187a025d3e',90,'2012-02-28 05:15:33',0),('97ee730f-d5aa-8a55-b834-4f4c62f14085','1183e9ea-91e4-66a8-ec88-4f4c62836cc6','3d7c2bb6-46d5-2a52-5848-4f187a24745b',89,'2012-02-28 05:15:33',0),('981884b2-2294-2c83-d090-4f4c620064f1','1183e9ea-91e4-66a8-ec88-4f4c62836cc6','3e78b18d-856e-d65f-b7e7-4f187aea37f0',90,'2012-02-28 05:15:33',0),('984263fe-eabf-180d-798d-4f4c628fe100','1183e9ea-91e4-66a8-ec88-4f4c62836cc6','3e3cebd5-593d-267a-a9ac-4f187af2ab0c',90,'2012-02-28 05:15:33',0),('986c93a8-8f44-334a-9dab-4f4c62361d9b','1183e9ea-91e4-66a8-ec88-4f4c62836cc6','3ef2c528-ab9e-da58-a6b0-4f187ae70fc2',90,'2012-02-28 05:15:33',0),('9897f0b5-0675-4bd6-1539-4f4c622bd5c7','1183e9ea-91e4-66a8-ec88-4f4c62836cc6','3eb5b3af-d67b-d16e-a041-4f187ac7463c',90,'2012-02-28 05:15:33',0),('98c323bf-161b-71de-c802-4f4c6233e737','1183e9ea-91e4-66a8-ec88-4f4c62836cc6','3e00e37b-2b4b-8b59-c701-4f187a2e06c4',90,'2012-02-28 05:15:33',0),('98ede026-c1ca-926b-d821-4f4c623a681a','1183e9ea-91e4-66a8-ec88-4f4c62836cc6','3f32f026-601a-ab15-7223-4f187a31654d',90,'2012-02-28 05:15:33',0),('991854b7-ba98-342a-539f-4f4c62d9d956','1183e9ea-91e4-66a8-ec88-4f4c62836cc6','3dc2844d-408d-3884-47a9-4f187a1fb806',90,'2012-02-28 05:15:33',0),('99432a46-bd41-311e-8816-4f4c62055c67','1183e9ea-91e4-66a8-ec88-4f4c62836cc6','446f4aa6-8538-573c-b019-4f187a45f5a9',89,'2012-02-28 05:15:33',0),('99708b39-c60e-1b4c-1d9d-4f4c6248440b','1183e9ea-91e4-66a8-ec88-4f4c62836cc6','4570b3ea-a689-9712-2098-4f187ae64455',90,'2012-02-28 05:15:33',0),('999f5021-3907-6995-ba2f-4f4c627c0f6f','1183e9ea-91e4-66a8-ec88-4f4c62836cc6','45338d77-f485-3e0b-d8ab-4f187acbf91a',90,'2012-02-28 05:15:33',0),('99cc8ccf-8c2f-4a9b-7654-4f4c62beaece','1183e9ea-91e4-66a8-ec88-4f4c62836cc6','45ff24f2-1ab6-bde7-8e07-4f187a1d4eb5',90,'2012-02-28 05:15:33',0),('99f7b046-5465-e396-8ba7-4f4c62cf7f5b','1183e9ea-91e4-66a8-ec88-4f4c62836cc6','45ae3837-80cd-cd24-6400-4f187ad41c27',90,'2012-02-28 05:15:33',0),('9a237bec-0141-65eb-c948-4f4c6212cc94','1183e9ea-91e4-66a8-ec88-4f4c62836cc6','44f63251-60dc-b410-36c9-4f187abfd819',90,'2012-02-28 05:15:33',0),('9a502ce8-66a4-f1c4-60bf-4f4c627e4a88','1183e9ea-91e4-66a8-ec88-4f4c62836cc6','4641d2e5-1b07-4b95-2787-4f187a9f6d66',90,'2012-02-28 05:15:33',0),('9a7c64f0-efa6-74d4-5e94-4f4c62882a00','1183e9ea-91e4-66a8-ec88-4f4c62836cc6','44b739ca-61e1-a1cc-a5c0-4f187aac0316',90,'2012-02-28 05:15:33',0),('9aa806df-25e6-8f90-2fa6-4f4c626b4136','1183e9ea-91e4-66a8-ec88-4f4c62836cc6','5613f595-40ec-950d-3b6f-4f187aead495',89,'2012-02-28 05:15:33',0),('9ad41601-d1c7-278e-0f65-4f4c6244204b','1183e9ea-91e4-66a8-ec88-4f4c62836cc6','5714255c-c4ee-9b95-ae70-4f187ae1f605',90,'2012-02-28 05:15:33',0),('9b00c4e9-cb4b-3cd6-0d46-4f4c62dd73d1','1183e9ea-91e4-66a8-ec88-4f4c62836cc6','56d6c82b-1532-326d-7824-4f187ace408a',90,'2012-02-28 05:15:33',0),('9b2fb4fa-c7fd-d4fe-5bbb-4f4c62fd5f97','1183e9ea-91e4-66a8-ec88-4f4c62836cc6','579864b6-1a82-36cf-7e63-4f187a5ef054',90,'2012-02-28 05:15:33',0),('9b5c1335-046a-223f-32c6-4f4c624e9654','1183e9ea-91e4-66a8-ec88-4f4c62836cc6','5752cca1-3784-6fd8-9d9c-4f187acba1f8',90,'2012-02-28 05:15:33',0),('9b886517-716a-43e4-b11a-4f4c62bbc51d','1183e9ea-91e4-66a8-ec88-4f4c62836cc6','56994cd2-946c-0e5f-2ed5-4f187abef02f',90,'2012-02-28 05:15:33',0),('9bb4a8e7-a12c-c80b-4c56-4f4c6254705e','1183e9ea-91e4-66a8-ec88-4f4c62836cc6','57d67444-6f11-a44b-478c-4f187a61823b',90,'2012-02-28 05:15:33',0),('9be30c20-ed18-c84e-54e6-4f4c6298aaee','1183e9ea-91e4-66a8-ec88-4f4c62836cc6','565aabb3-e241-2317-04e3-4f187a12c911',90,'2012-02-28 05:15:33',0),('9c11ff44-019f-0530-d55b-4f4c629099dc','1183e9ea-91e4-66a8-ec88-4f4c62836cc6','5d0c3861-dcb8-f06a-bd2e-4f187a8ce24f',89,'2012-02-28 05:15:33',0),('9c3f59e7-a797-4c02-8d2c-4f4c621b363f','1183e9ea-91e4-66a8-ec88-4f4c62836cc6','5e105bf4-3229-f803-0555-4f187a69bc15',90,'2012-02-28 05:15:33',0),('9c6bb1a8-1668-0a9f-b951-4f4c62c4ff77','1183e9ea-91e4-66a8-ec88-4f4c62836cc6','5dd2fb11-1c6b-948e-0c48-4f187acd9a3d',90,'2012-02-28 05:15:33',0),('9c980fdf-85ae-c40c-21fd-4f4c62f7f847','1183e9ea-91e4-66a8-ec88-4f4c62836cc6','5e9bcb06-7e54-992f-a256-4f187a021cdf',90,'2012-02-28 05:15:33',0),('9cc57e88-052c-1b55-2dae-4f4c6295a67b','1183e9ea-91e4-66a8-ec88-4f4c62836cc6','5e5a10ce-837f-822d-2e07-4f187a43828c',90,'2012-02-28 05:15:33',0),('9cf22e4d-ba94-36d6-c0e5-4f4c62e1bd7d','1183e9ea-91e4-66a8-ec88-4f4c62836cc6','5d93fc78-d7f3-3036-7712-4f187ab037ef',90,'2012-02-28 05:15:33',0),('9d1f6a15-8a59-6329-76bd-4f4c62810253','1183e9ea-91e4-66a8-ec88-4f4c62836cc6','5edee62a-38c7-1525-3bea-4f187a55c466',90,'2012-02-28 05:15:33',0),('9d4beb86-a6c4-cb63-b226-4f4c62be4b76','1183e9ea-91e4-66a8-ec88-4f4c62836cc6','5d55cb6f-f074-07a8-cc8c-4f187af6bab7',90,'2012-02-28 05:15:33',0),('9d794e07-fac8-7567-1968-4f4c62640fde','1183e9ea-91e4-66a8-ec88-4f4c62836cc6','b734fc6b-92c5-f47d-7654-4f187a09aec0',89,'2012-02-28 05:15:33',0),('9da79cc0-aaa8-ef1b-8ad6-4f4c62e110ac','1183e9ea-91e4-66a8-ec88-4f4c62836cc6','b8475715-e9dd-4a9e-ea70-4f187a59883a',90,'2012-02-28 05:15:33',0),('9dd4d6c3-d105-3c0d-54e9-4f4c629228eb','1183e9ea-91e4-66a8-ec88-4f4c62836cc6','b8065549-08bf-47b3-0704-4f187a67df84',90,'2012-02-28 05:15:33',0),('9e03115e-46bd-9d60-cfff-4f4c62124388','1183e9ea-91e4-66a8-ec88-4f4c62836cc6','b8c99f6d-f1d3-678f-c7ea-4f187abd3d7d',90,'2012-02-28 05:15:33',0),('9e30fc74-e54f-b551-3307-4f4c62c68671','1183e9ea-91e4-66a8-ec88-4f4c62836cc6','b8891343-be9b-9c75-a039-4f187a3043db',90,'2012-02-28 05:15:33',0),('9e601f3a-e21f-0cb2-b9a8-4f4c6299db12','1183e9ea-91e4-66a8-ec88-4f4c62836cc6','b7c5ff99-761d-ad42-47f3-4f187a136956',90,'2012-02-28 05:15:33',0),('9e90b1fa-524d-727d-3829-4f4c6236792b','1183e9ea-91e4-66a8-ec88-4f4c62836cc6','b911188f-e624-77db-1d90-4f187a371afd',90,'2012-02-28 05:15:33',0),('9ebf024c-81c3-f30b-1cc6-4f4c622e40c7','1183e9ea-91e4-66a8-ec88-4f4c62836cc6','b781daa5-db3e-8eb2-3942-4f187a5c1bc0',90,'2012-02-28 05:15:33',0),('22354ac3-bcca-4c26-66fd-4f4c66fc9e82','5fb57e96-8bfb-18b5-40d1-4f4c6357c797','81e357a6-9d43-7ffc-2251-4f187a3178f1',89,'2012-02-28 05:28:41',0),('226d3b5f-4a67-94f0-0590-4f4c6661bbb4','5fb57e96-8bfb-18b5-40d1-4f4c6357c797','82e398c0-b9b2-2299-97ad-4f187af815d5',90,'2012-02-28 05:28:41',0),('2296d7c4-e44f-1a1d-18fc-4f4c66d02bc0','5fb57e96-8bfb-18b5-40d1-4f4c6357c797','82a5e676-add5-1c2f-d4d0-4f187a50ee5a',90,'2012-02-28 05:28:41',0),('22bdbad5-9832-4170-f1ec-4f4c66c9e13b','5fb57e96-8bfb-18b5-40d1-4f4c6357c797','835f43f3-ec76-83e0-b4cb-4f187a870d19',90,'2012-02-28 05:28:41',0),('22e5d4ee-972a-ab93-6dd3-4f4c6603e3d6','5fb57e96-8bfb-18b5-40d1-4f4c6357c797','8320ad50-8471-3f2f-588c-4f187a86b66a',90,'2012-02-28 05:28:41',0),('2311a6ed-724c-7798-7cc4-4f4c666fc42f','5fb57e96-8bfb-18b5-40d1-4f4c6357c797','8268caff-4d38-83c7-8a46-4f187af413ec',90,'2012-02-28 05:28:41',0),('2339de1a-167a-1168-6fcb-4f4c66f1c21c','5fb57e96-8bfb-18b5-40d1-4f4c6357c797','839c644e-a272-9217-3f7c-4f187acf7dee',90,'2012-02-28 05:28:41',0),('23620f3f-0124-e729-bdba-4f4c660e6797','5fb57e96-8bfb-18b5-40d1-4f4c6357c797','822a1815-8b86-436f-23f8-4f187a0748cb',90,'2012-02-28 05:28:41',0),('2389981b-e127-2dc0-9ad8-4f4c66b2cd54','5fb57e96-8bfb-18b5-40d1-4f4c6357c797','c36b5ed0-65d3-342a-cb95-4f297d13b5f3',89,'2012-02-28 05:28:41',0),('23b7e3d1-bd70-fc62-c6c3-4f4c66541668','5fb57e96-8bfb-18b5-40d1-4f4c6357c797','c4e8a4bd-df3e-f04a-7620-4f297d0fb152',90,'2012-02-28 05:28:41',0),('23e1e5df-1a60-49a2-3631-4f4c6605f724','5fb57e96-8bfb-18b5-40d1-4f4c6357c797','c4a4e0d2-cb74-9ff9-2230-4f297d4435e6',90,'2012-02-28 05:28:41',0),('24092e46-9198-2307-ca5c-4f4c665528ea','5fb57e96-8bfb-18b5-40d1-4f4c6357c797','c56dc120-e43f-f700-6351-4f297d8b61fc',90,'2012-02-28 05:28:41',0),('24309f40-b3ca-6998-e950-4f4c6616c873','5fb57e96-8bfb-18b5-40d1-4f4c6357c797','c52b1761-16d4-6dfc-32a4-4f297d731cf0',90,'2012-02-28 05:28:41',0),('245840b2-1079-4a39-464e-4f4c66f0d471','5fb57e96-8bfb-18b5-40d1-4f4c6357c797','c461fcd1-16f0-061d-91b0-4f297dcc2030',90,'2012-02-28 05:28:41',0),('24801dc1-8981-2228-c55b-4f4c666d1be4','5fb57e96-8bfb-18b5-40d1-4f4c6357c797','c5b6e06b-4d2d-f28b-c266-4f297d4d52dc',90,'2012-02-28 05:28:41',0),('24a95664-ba43-adbf-3e51-4f4c66017cca','5fb57e96-8bfb-18b5-40d1-4f4c6357c797','c41c70eb-cf6e-5cda-ae2f-4f297d14a871',90,'2012-02-28 05:28:41',0),('24d098f2-be4f-be78-5eec-4f4c666377e1','5fb57e96-8bfb-18b5-40d1-4f4c6357c797','cc305053-03ad-cdd5-d204-4f297da68cad',-98,'2012-02-28 05:28:41',0),('24f9250d-aba7-7f02-11b2-4f4c66c23f0d','5fb57e96-8bfb-18b5-40d1-4f4c6357c797','cd4aa0ad-9121-5e5d-90e4-4f297d1c3aeb',-99,'2012-02-28 05:28:41',0),('25212209-44d7-5353-7722-4f4c6661ad74','5fb57e96-8bfb-18b5-40d1-4f4c6357c797','cd066e16-c4db-3332-8384-4f297d99d0c1',-99,'2012-02-28 05:28:41',0),('254ca3e6-15c9-16fc-eae2-4f4c6611fef0','5fb57e96-8bfb-18b5-40d1-4f4c6357c797','cdd5d812-62dc-1053-6b9b-4f297df60291',-99,'2012-02-28 05:28:41',0),('25755f42-c6c0-a62b-db5d-4f4c661df063','5fb57e96-8bfb-18b5-40d1-4f4c6357c797','cd8f52ea-4c44-f78f-a1ae-4f297dbf3bbd',-99,'2012-02-28 05:28:41',0),('259dc8d0-ae07-91e7-129f-4f4c66d90e74','5fb57e96-8bfb-18b5-40d1-4f4c6357c797','ccbf6490-2f9d-be3c-242b-4f297d568fc7',-99,'2012-02-28 05:28:41',0),('25c7252a-0571-ca4e-2a51-4f4c660a81c9','5fb57e96-8bfb-18b5-40d1-4f4c6357c797','ce1b287a-ca06-775e-ab27-4f297d9e3f33',-99,'2012-02-28 05:28:41',0),('25eef06f-79a4-0906-05f1-4f4c66fc9a6d','5fb57e96-8bfb-18b5-40d1-4f4c6357c797','cc7ba872-4e55-dc6f-622a-4f297d757f7e',-99,'2012-02-28 05:28:41',0),('261706aa-912a-97d3-cdc5-4f4c668e616c','5fb57e96-8bfb-18b5-40d1-4f4c6357c797','d3f46248-0160-ec23-9f42-4f297dd0c3f4',89,'2012-02-28 05:28:41',0),('2642382f-7868-1521-7b50-4f4c66575f06','5fb57e96-8bfb-18b5-40d1-4f4c6357c797','d51079d7-f27f-b03b-acf3-4f297de81f06',90,'2012-02-28 05:28:41',0),('266b0a6a-2a4c-7919-53b9-4f4c6657c88f','5fb57e96-8bfb-18b5-40d1-4f4c6357c797','d4cb60a3-8e3c-0bd0-eade-4f297d265a6f',90,'2012-02-28 05:28:41',0),('269498f5-1fb5-fe98-2880-4f4c66cf5ec8','5fb57e96-8bfb-18b5-40d1-4f4c6357c797','d59acb65-144f-ba9d-0901-4f297d291100',90,'2012-02-28 05:28:41',0),('26bd9e23-6b2a-a697-9b3d-4f4c6673ed84','5fb57e96-8bfb-18b5-40d1-4f4c6357c797','d554bdf9-77b5-95e0-0325-4f297ddfdf44',90,'2012-02-28 05:28:41',0),('26e5d8ec-c9fc-93b6-c612-4f4c66415fe1','5fb57e96-8bfb-18b5-40d1-4f4c6357c797','d486ce9e-ddd5-7a42-8a08-4f297db447fb',90,'2012-02-28 05:28:41',0),('270e011c-5f7a-5b39-8748-4f4c663481c9','5fb57e96-8bfb-18b5-40d1-4f4c6357c797','d5df6e52-eadb-6abf-b09b-4f297d8062ec',90,'2012-02-28 05:28:41',0),('27355437-aa07-be60-fb03-4f4c669c19ee','5fb57e96-8bfb-18b5-40d1-4f4c6357c797','d4429a75-1629-6029-e233-4f297d6adefe',90,'2012-02-28 05:28:41',0),('275da26c-f43d-3b71-9bc0-4f4c66d02e65','5fb57e96-8bfb-18b5-40d1-4f4c6357c797','db30aea4-0197-e4c1-b7e3-4f297d44a577',89,'2012-02-28 05:28:41',0),('2788985f-4e07-76dd-49a0-4f4c6654b8c6','5fb57e96-8bfb-18b5-40d1-4f4c6357c797','dc4b7d9c-a926-ec02-8ea6-4f297d4cf6ea',90,'2012-02-28 05:28:41',0),('27b154f9-a18d-78c1-d139-4f4c669adf51','5fb57e96-8bfb-18b5-40d1-4f4c6357c797','dc05e29b-067b-773c-e40f-4f297dec3fc7',90,'2012-02-28 05:28:41',0),('27da163a-ba79-a1ae-90bc-4f4c66f67315','5fb57e96-8bfb-18b5-40d1-4f4c6357c797','dcd50ff8-39c9-1052-92d0-4f297d4a2115',90,'2012-02-28 05:28:41',0),('2801bcd4-73d9-b178-bb64-4f4c66de2449','5fb57e96-8bfb-18b5-40d1-4f4c6357c797','dc8f7deb-c89e-1257-cb61-4f297d740b1c',90,'2012-02-28 05:28:41',0),('282b04f6-76af-d947-f922-4f4c6619397b','5fb57e96-8bfb-18b5-40d1-4f4c6357c797','dbc15454-7d78-120b-6501-4f297dea8e48',90,'2012-02-28 05:28:41',0),('28555277-aa7b-056f-d1da-4f4c66c831e6','5fb57e96-8bfb-18b5-40d1-4f4c6357c797','dd1977d9-b3cc-e231-f623-4f297d705099',90,'2012-02-28 05:28:41',0),('287f066a-3b01-59aa-b565-4f4c66546db6','5fb57e96-8bfb-18b5-40d1-4f4c6357c797','db796411-c3f2-315e-e619-4f297d6de0b8',90,'2012-02-28 05:28:41',0),('28a6c8bc-730e-12e5-3255-4f4c66a0f0da','5fb57e96-8bfb-18b5-40d1-4f4c6357c797','e314fb83-9cf8-15a0-4629-4f297dfe6655',89,'2012-02-28 05:28:41',0),('28d43cf6-ca2a-913d-beb4-4f4c66fa8c91','5fb57e96-8bfb-18b5-40d1-4f4c6357c797','e43dd068-5565-041d-0ea2-4f297d0e4f42',90,'2012-02-28 05:28:41',0),('28fcd648-6839-f473-cbf8-4f4c669f8edc','5fb57e96-8bfb-18b5-40d1-4f4c6357c797','e3f5917f-934a-78d9-0888-4f297d17082f',90,'2012-02-28 05:28:41',0),('2925f5e6-e488-c987-fb56-4f4c6622a8a5','5fb57e96-8bfb-18b5-40d1-4f4c6357c797','e4d26653-f7d3-cb32-db9a-4f297d038e6f',90,'2012-02-28 05:28:41',0),('294ee1d1-e139-d8c6-84f0-4f4c665ad941','5fb57e96-8bfb-18b5-40d1-4f4c6357c797','e489d1a2-62ae-920a-8398-4f297d8de473',90,'2012-02-28 05:28:41',0),('29785dab-1d38-85cc-bada-4f4c66b41aee','5fb57e96-8bfb-18b5-40d1-4f4c6357c797','e3ad05e2-67dd-0ef9-6e50-4f297d2033e3',90,'2012-02-28 05:28:41',0),('29a193bf-a35b-7a30-fb73-4f4c66ffa0ec','5fb57e96-8bfb-18b5-40d1-4f4c6357c797','e51ae478-913e-0e98-9274-4f297d4d411e',90,'2012-02-28 05:28:41',0),('29cb2bf2-1fd3-e78f-ffdd-4f4c6693fc37','5fb57e96-8bfb-18b5-40d1-4f4c6357c797','e365af28-ff3b-8cd1-a2c3-4f297d220249',90,'2012-02-28 05:28:41',0),('29f4fd8a-432d-0a5a-f434-4f4c66b31767','5fb57e96-8bfb-18b5-40d1-4f4c6357c797','ebf51108-5417-0986-1d7c-4f297df5f38a',89,'2012-02-28 05:28:41',0),('2a1f72e2-d711-981b-13b0-4f4c669ff9ed','5fb57e96-8bfb-18b5-40d1-4f4c6357c797','ed27a1e3-8fbd-f294-308f-4f297d869d69',90,'2012-02-28 05:28:41',0),('2a4bb650-fa29-345b-c2b8-4f4c666ec951','5fb57e96-8bfb-18b5-40d1-4f4c6357c797','ece061d2-0260-6c8b-3c23-4f297d713750',90,'2012-02-28 05:28:41',0),('2a767acd-05ed-e9ca-3f70-4f4c669d66bf','5fb57e96-8bfb-18b5-40d1-4f4c6357c797','edb5511c-7c23-c366-57fc-4f297d01d0c9',90,'2012-02-28 05:28:41',0),('2a9fc9f9-1507-d299-d59f-4f4c665c87d4','5fb57e96-8bfb-18b5-40d1-4f4c6357c797','ed6f745f-64fe-4a3c-1139-4f297db956f3',90,'2012-02-28 05:28:41',0),('2ac9eced-8f4c-5a3d-30e4-4f4c6617a1ca','5fb57e96-8bfb-18b5-40d1-4f4c6357c797','ec942a18-a550-9b2d-b1ca-4f297d3ed16f',90,'2012-02-28 05:28:41',0),('2af321c3-6f34-30aa-c5c7-4f4c6675ddf0','5fb57e96-8bfb-18b5-40d1-4f4c6357c797','edfe9d0b-730b-d1ed-18f3-4f297dac2c5d',90,'2012-02-28 05:28:41',0),('2b1c598f-e204-a7bd-aa8b-4f4c6663b09e','5fb57e96-8bfb-18b5-40d1-4f4c6357c797','ec4a69e4-40a9-ad83-25b9-4f297d0c7cbc',90,'2012-02-28 05:28:41',0),('2b486c72-abd8-822f-f20e-4f4c66bf5619','5fb57e96-8bfb-18b5-40d1-4f4c6357c797','2c19d3de-62a2-a0d3-23a0-4f187ad58883',-98,'2012-02-28 05:28:41',0),('2b708659-80f0-4088-1756-4f4c66d9e758','5fb57e96-8bfb-18b5-40d1-4f4c6357c797','2d1a1eb9-4bb9-2679-c215-4f187a1aea2d',-99,'2012-02-28 05:28:41',0),('2ba1f3ea-5203-5857-bba0-4f4c66cfaa8c','5fb57e96-8bfb-18b5-40d1-4f4c6357c797','2cd7e68a-69ed-22a0-03e0-4f187af7fcdf',-99,'2012-02-28 05:28:41',0),('2bcc2930-d791-269b-0e7b-4f4c662baea8','5fb57e96-8bfb-18b5-40d1-4f4c6357c797','2d937057-174a-4777-8469-4f187a61691c',-99,'2012-02-28 05:28:41',0),('2bf5d8da-b397-a495-e758-4f4c66468f4a','5fb57e96-8bfb-18b5-40d1-4f4c6357c797','2d563477-d44f-b0b8-68ee-4f187ad58555',-99,'2012-02-28 05:28:41',0),('2c243760-a5b9-2f84-b653-4f4c66c0657c','5fb57e96-8bfb-18b5-40d1-4f4c6357c797','2c9b9543-d6da-ab5c-4d94-4f187a82c7d5',-99,'2012-02-28 05:28:41',0),('2c4e4323-2bb3-4a5b-22ab-4f4c66ce7255','5fb57e96-8bfb-18b5-40d1-4f4c6357c797','2dcf7465-366d-5184-23d3-4f187a91dee4',-99,'2012-02-28 05:28:41',0),('2c785cd0-8e8c-3bd8-3a94-4f4c66006190','5fb57e96-8bfb-18b5-40d1-4f4c6357c797','2c60595e-060f-b7fb-a8e0-4f187a1894a2',-99,'2012-02-28 05:28:41',0),('2ca2a996-a23a-bd6d-8ffc-4f4c66a93ea3','5fb57e96-8bfb-18b5-40d1-4f4c6357c797','a11674cc-0d06-f6e8-72a4-4f187aede5b2',89,'2012-02-28 05:28:41',0),('2cce8cba-658c-c795-7617-4f4c6617c2bd','5fb57e96-8bfb-18b5-40d1-4f4c6357c797','a216bfef-adf2-b675-8889-4f187aaf5ca8',90,'2012-02-28 05:28:41',0),('2cfa180c-5003-5dd3-3b3b-4f4c666b2fea','5fb57e96-8bfb-18b5-40d1-4f4c6357c797','a1d8d61c-fe5e-dbac-d13f-4f187ad304d1',90,'2012-02-28 05:28:41',0),('2d263ddb-8ab2-6144-af99-4f4c6674751c','5fb57e96-8bfb-18b5-40d1-4f4c6357c797','a2917dfc-93b2-a9a4-897e-4f187adf37aa',90,'2012-02-28 05:28:41',0),('2d523ea9-56eb-2824-0dfb-4f4c66454568','5fb57e96-8bfb-18b5-40d1-4f4c6357c797','a2541575-ffd5-1b02-e8be-4f187a801028',90,'2012-02-28 05:28:41',0),('2d7bcafd-6418-00c9-2941-4f4c66127ada','5fb57e96-8bfb-18b5-40d1-4f4c6357c797','a19be553-40e1-84e0-c12d-4f187a0eaf04',90,'2012-02-28 05:28:41',0),('2da54b59-7759-83e7-b369-4f4c668f43df','5fb57e96-8bfb-18b5-40d1-4f4c6357c797','a2cfa149-e007-d97b-84a6-4f187ae5b789',90,'2012-02-28 05:28:41',0),('2dd0549a-2ec7-7a5d-09ce-4f4c663ae6a0','5fb57e96-8bfb-18b5-40d1-4f4c6357c797','a15e06b2-c578-95da-efa5-4f187ab07ab3',90,'2012-02-28 05:28:41',0),('2dfab54e-513d-9301-4b43-4f4c660912fb','5fb57e96-8bfb-18b5-40d1-4f4c6357c797','4da5f44c-d06d-4a54-dcd9-4f187aca772d',-98,'2012-02-28 05:28:41',0),('2e245525-e303-a6ee-c914-4f4c6690374c','5fb57e96-8bfb-18b5-40d1-4f4c6357c797','4ea34d79-463d-8f10-0958-4f187a4aec7d',-99,'2012-02-28 05:28:41',0),('2e4dca5d-beb2-c48e-6778-4f4c665a690d','5fb57e96-8bfb-18b5-40d1-4f4c6357c797','4e6737fd-3b06-1e7e-d856-4f187a9f9c5b',-99,'2012-02-28 05:28:41',0),('2e774c7f-601d-b02d-5d75-4f4c66774010','5fb57e96-8bfb-18b5-40d1-4f4c6357c797','4f1bf7a6-1a5c-6db1-59d5-4f187a2b9eca',-99,'2012-02-28 05:28:41',0),('2ea4a5a9-c8bc-acd7-7449-4f4c66d7f2bb','5fb57e96-8bfb-18b5-40d1-4f4c6357c797','4edef993-92ab-6f1f-4849-4f187ad9cad4',-99,'2012-02-28 05:28:41',0),('2ece150e-eaa2-af86-6fac-4f4c66684aa0','5fb57e96-8bfb-18b5-40d1-4f4c6357c797','4e2a2abb-14f6-c10c-d69f-4f187ada19f8',-99,'2012-02-28 05:28:41',0),('2ef8e5ce-3432-129a-3da0-4f4c660887f3','5fb57e96-8bfb-18b5-40d1-4f4c6357c797','4f586112-1fc9-806e-2864-4f187af50dfa',-99,'2012-02-28 05:28:41',0),('2f23b76b-f379-52b3-cffe-4f4c6636041b','5fb57e96-8bfb-18b5-40d1-4f4c6357c797','4ded800a-af66-19d4-de9f-4f187a315058',-99,'2012-02-28 05:28:41',0),('2f4ecdf7-3d9f-608f-a8e3-4f4c66090b7a','5fb57e96-8bfb-18b5-40d1-4f4c6357c797','2325e5f0-abc4-eafd-91e7-4f187a6ef30e',89,'2012-02-28 05:28:41',0),('2f77dc51-30e2-9ec1-ff1e-4f4c66c79c6e','5fb57e96-8bfb-18b5-40d1-4f4c6357c797','24219b13-abb5-c859-2dfd-4f187acb4b94',90,'2012-02-28 05:28:41',0),('2fa2847f-b7ef-f1f7-1001-4f4c6602e8d5','5fb57e96-8bfb-18b5-40d1-4f4c6357c797','23e162db-6831-9454-ae2f-4f187a5eca7f',90,'2012-02-28 05:28:41',0),('2fcc0371-d990-21ae-f6fb-4f4c664c89d3','5fb57e96-8bfb-18b5-40d1-4f4c6357c797','249b6c31-0408-f3b9-44ea-4f187acaa72e',90,'2012-02-28 05:28:41',0),('2ff53382-ad87-916f-2e45-4f4c6636a20d','5fb57e96-8bfb-18b5-40d1-4f4c6357c797','2460bb7c-7f52-620a-1714-4f187a39538a',90,'2012-02-28 05:28:41',0),('301fed10-4054-07c9-7cb0-4f4c66af5a67','5fb57e96-8bfb-18b5-40d1-4f4c6357c797','23a30193-2217-0ae1-b7b4-4f187a00420b',90,'2012-02-28 05:28:41',0),('304ad61d-c1ba-5e0d-68c5-4f4c667299ce','5fb57e96-8bfb-18b5-40d1-4f4c6357c797','24d72aea-7f23-d261-4a4e-4f187a674603',90,'2012-02-28 05:28:41',0),('3074c6a3-b777-8c78-53c3-4f4c662ae289','5fb57e96-8bfb-18b5-40d1-4f4c6357c797','2367da32-6a88-c9d3-8e0c-4f187ab6121a',90,'2012-02-28 05:28:41',0),('309edc3c-eab8-63a1-6dfa-4f4c66d00d54','5fb57e96-8bfb-18b5-40d1-4f4c6357c797','773228d2-77d9-7016-c678-4f187ab03d72',89,'2012-02-28 05:28:41',0),('30cac44f-9452-a714-019b-4f4c66287f48','5fb57e96-8bfb-18b5-40d1-4f4c6357c797','7836584d-ed9b-6166-0b34-4f187a5a537e',90,'2012-02-28 05:28:41',0),('30f896b3-36e2-0f32-6618-4f4c66f89d67','5fb57e96-8bfb-18b5-40d1-4f4c6357c797','77f9ef1f-8fbf-4b64-1b20-4f187a1fae0f',90,'2012-02-28 05:28:41',0),('312445a3-613d-1fff-9634-4f4c66be6aed','5fb57e96-8bfb-18b5-40d1-4f4c6357c797','78b48600-03f9-0bd9-89ab-4f187a9935f3',90,'2012-02-28 05:28:41',0),('314f6be8-d88f-8f50-8d1d-4f4c66656d74','5fb57e96-8bfb-18b5-40d1-4f4c6357c797','78739b0b-cb0c-2a29-3c27-4f187a75b57c',90,'2012-02-28 05:28:41',0),('317a11b5-a175-5be5-03b8-4f4c6698c848','5fb57e96-8bfb-18b5-40d1-4f4c6357c797','77b8e1b9-3eae-0c33-4346-4f187ac3b1d8',90,'2012-02-28 05:28:41',0),('31a5138b-df22-5514-03c9-4f4c66545f83','5fb57e96-8bfb-18b5-40d1-4f4c6357c797','78f13d53-faa1-e3a9-e5c9-4f187addb73e',90,'2012-02-28 05:28:41',0),('31d0f006-1e5e-32b4-76fa-4f4c6695e8a2','5fb57e96-8bfb-18b5-40d1-4f4c6357c797','777b08f6-0d74-941a-d6b4-4f187adb02c6',90,'2012-02-28 05:28:41',0),('31fd89ef-056c-b1b0-ba83-4f4c6689920b','5fb57e96-8bfb-18b5-40d1-4f4c6357c797','d4680a04-3c30-a954-6305-4f187ac4e46e',-98,'2012-02-28 05:28:41',0),('322a9312-a446-8540-3b5d-4f4c667f43b9','5fb57e96-8bfb-18b5-40d1-4f4c6357c797','d57398a6-3ca7-0cef-72a5-4f187ad01135',-99,'2012-02-28 05:28:41',0),('32565b6b-ecc7-aa2e-7355-4f4c663456cc','5fb57e96-8bfb-18b5-40d1-4f4c6357c797','d533d702-a286-97a4-9281-4f187a218210',-99,'2012-02-28 05:28:41',0),('328302ac-aac2-c200-c3f1-4f4c669d981c','5fb57e96-8bfb-18b5-40d1-4f4c6357c797','d5f3abc8-e04f-eb79-7097-4f187ae65643',-99,'2012-02-28 05:28:41',0),('32b12223-412d-8f18-cc9d-4f4c66feff20','5fb57e96-8bfb-18b5-40d1-4f4c6357c797','d5b51e4d-cd0c-9945-d07a-4f187af7731a',-99,'2012-02-28 05:28:41',0),('32de8d10-a500-d313-819e-4f4c66af909f','5fb57e96-8bfb-18b5-40d1-4f4c6357c797','d4f4ed66-bbd6-c91e-f611-4f187a18e715',-99,'2012-02-28 05:28:41',0),('330b3b8f-961f-5452-f118-4f4c6601b501','5fb57e96-8bfb-18b5-40d1-4f4c6357c797','d63416fb-1193-cb6e-10ed-4f187aad6faa',-99,'2012-02-28 05:28:41',0),('33368f33-af0b-4cb0-b029-4f4c66231ca1','5fb57e96-8bfb-18b5-40d1-4f4c6357c797','d4b36e3a-9f82-747a-02cb-4f187a7ebc72',-99,'2012-02-28 05:28:41',0),('3365ca02-131f-f660-ce59-4f4c667e5c7b','5fb57e96-8bfb-18b5-40d1-4f4c6357c797','f18a7248-9a8f-f376-dc8d-4f187a87e921',-98,'2012-02-28 05:28:41',0),('33929157-5152-23f4-f7c2-4f4c66a95a88','5fb57e96-8bfb-18b5-40d1-4f4c6357c797','f295762b-7be3-29bc-d6da-4f187a42021e',-99,'2012-02-28 05:28:41',0),('33bfbc5a-e63f-b1ca-b2cf-4f4c66c88e51','5fb57e96-8bfb-18b5-40d1-4f4c6357c797','f255899d-54ef-4d0d-f924-4f187a4eac04',-99,'2012-02-28 05:28:41',0),('33ec15ec-d9dd-a1eb-cb6c-4f4c66ac11d3','5fb57e96-8bfb-18b5-40d1-4f4c6357c797','f31478e3-5425-ed25-26c5-4f187a68b2bc',-99,'2012-02-28 05:28:41',0),('3419ee97-dbc3-61c7-df4e-4f4c6603d101','5fb57e96-8bfb-18b5-40d1-4f4c6357c797','f2d5b5c7-e30a-ef0d-71f3-4f187aa7b210',-99,'2012-02-28 05:28:41',0),('3447388c-9da6-1466-7efa-4f4c66ccc8dd','5fb57e96-8bfb-18b5-40d1-4f4c6357c797','f216fd0e-1cd0-ae8d-2a7c-4f187a5738a9',-99,'2012-02-28 05:28:41',0),('3476fcfe-3ea8-fb7a-d3d8-4f4c66ef67c2','5fb57e96-8bfb-18b5-40d1-4f4c6357c797','f3537070-b1a7-c92c-9f92-4f187ac4b5a1',-99,'2012-02-28 05:28:41',0),('34a5c359-63f3-d4ac-1bf1-4f4c663a8774','5fb57e96-8bfb-18b5-40d1-4f4c6357c797','f1d38526-44d0-b7ad-d2c7-4f187a572dab',-99,'2012-02-28 05:28:41',0),('34d2328d-e008-f832-1366-4f4c66d0ee89','5fb57e96-8bfb-18b5-40d1-4f4c6357c797','63a846e6-7e23-4d23-8ab4-4f187ac577f2',-98,'2012-02-28 05:28:41',0),('34fe903c-6001-58b8-14f6-4f4c66c0b856','5fb57e96-8bfb-18b5-40d1-4f4c6357c797','64a29b10-fc19-368e-58ef-4f187a366dc7',-99,'2012-02-28 05:28:41',0),('352c15df-d966-7351-381c-4f4c6687f5f5','5fb57e96-8bfb-18b5-40d1-4f4c6357c797','64662f44-771e-0338-f646-4f187a878408',-99,'2012-02-28 05:28:41',0),('355ae9c8-63de-86ee-0cf0-4f4c66befce7','5fb57e96-8bfb-18b5-40d1-4f4c6357c797','651c8355-2a8b-d645-c0fc-4f187a5d68cb',-99,'2012-02-28 05:28:41',0),('35876c5e-e9a0-2383-1948-4f4c66f4768d','5fb57e96-8bfb-18b5-40d1-4f4c6357c797','64decda2-37d2-79cb-9f3c-4f187a71d08a',-99,'2012-02-28 05:28:41',0),('35b506c4-9a7e-9968-5925-4f4c6663ec2e','5fb57e96-8bfb-18b5-40d1-4f4c6357c797','64290ec1-f4a6-07a8-67db-4f187acbff27',-99,'2012-02-28 05:28:41',0),('35e39ede-11f1-eb37-f9f8-4f4c66646451','5fb57e96-8bfb-18b5-40d1-4f4c6357c797','6558ebec-e643-3e9e-5d2c-4f187ae28a9d',-99,'2012-02-28 05:28:41',0),('36103aac-ec36-ef3e-9077-4f4c663093a4','5fb57e96-8bfb-18b5-40d1-4f4c6357c797','63ebf31d-ed1c-08ce-a9cc-4f187af5c125',-99,'2012-02-28 05:28:41',0),('363dcd4c-bbd7-664b-99f1-4f4c66d0acba','5fb57e96-8bfb-18b5-40d1-4f4c6357c797','a82b0ea6-ad53-3580-86cb-4f187a545b67',89,'2012-02-28 05:28:41',0),('366b6fa6-e2ae-2e1f-daf5-4f4c66327da9','5fb57e96-8bfb-18b5-40d1-4f4c6357c797','a934120a-aab8-0447-e118-4f187aaef79c',90,'2012-02-28 05:28:41',0),('3698ce3a-c4ee-2349-0788-4f4c66aad0e9','5fb57e96-8bfb-18b5-40d1-4f4c6357c797','a8f3f904-096a-1282-e55a-4f187a40872e',90,'2012-02-28 05:28:41',0),('36c6f8c4-b0ae-d279-2687-4f4c6623145c','5fb57e96-8bfb-18b5-40d1-4f4c6357c797','a9b13da5-d886-d017-906b-4f187aedc7bc',90,'2012-02-28 05:28:41',0),('36f6592f-36ac-502c-46d3-4f4c66c18ca2','5fb57e96-8bfb-18b5-40d1-4f4c6357c797','a972230d-6028-872d-c77f-4f187a8673db',90,'2012-02-28 05:28:41',0),('3723ca1e-f780-224f-86a3-4f4c66339b37','5fb57e96-8bfb-18b5-40d1-4f4c6357c797','a8b5415e-1265-6647-0deb-4f187a961054',90,'2012-02-28 05:28:41',0),('37513d30-61ac-169f-61fb-4f4c6685234e','5fb57e96-8bfb-18b5-40d1-4f4c6357c797','a9ef6417-88a9-af0f-ea95-4f187acd0d9e',90,'2012-02-28 05:28:41',0),('377fa7f0-cd06-3caa-4d15-4f4c669622f4','5fb57e96-8bfb-18b5-40d1-4f4c6357c797','a8748cbc-6e8e-6cd4-1757-4f187a3b91fc',90,'2012-02-28 05:28:41',0),('37af1aa5-c7f9-7d98-0ab2-4f4c66870e03','5fb57e96-8bfb-18b5-40d1-4f4c6357c797','95152281-a803-0fa6-c323-4f187a78212a',89,'2012-02-28 05:28:41',0),('37db3fc4-16e8-030f-372c-4f4c66557452','5fb57e96-8bfb-18b5-40d1-4f4c6357c797','961de181-61c3-8e53-31dc-4f187a58b982',90,'2012-02-28 05:28:41',0),('38152247-01eb-a65d-6418-4f4c6651f2f4','5fb57e96-8bfb-18b5-40d1-4f4c6357c797','95e0550e-1573-8548-50df-4f187affab7c',90,'2012-02-28 05:28:41',0),('38441212-eac3-7ac4-96b6-4f4c66d97d84','5fb57e96-8bfb-18b5-40d1-4f4c6357c797','969a9208-7323-ac54-5009-4f187ac57f8c',90,'2012-02-28 05:28:41',0),('3872faf7-0e0d-496b-f067-4f4c66add671','5fb57e96-8bfb-18b5-40d1-4f4c6357c797','965be43c-97a4-bad3-c142-4f187acc0b6e',90,'2012-02-28 05:28:41',0),('38a06cec-72c7-2df9-41f9-4f4c66aad3f0','5fb57e96-8bfb-18b5-40d1-4f4c6357c797','959bf1c6-7539-1d8c-e741-4f187a420eef',90,'2012-02-28 05:28:41',0),('38cd5d34-8c12-b962-6cef-4f4c669c5cf2','5fb57e96-8bfb-18b5-40d1-4f4c6357c797','96db72a8-e377-424d-35d7-4f187a9f06ed',90,'2012-02-28 05:28:41',0),('38fa897e-d8d2-772b-aec3-4f4c6624b5b9','5fb57e96-8bfb-18b5-40d1-4f4c6357c797','955d5509-bea4-bfb2-e74a-4f187a3a5ea8',90,'2012-02-28 05:28:41',0),('39275e7c-aa44-e179-9489-4f4c66e4c068','5fb57e96-8bfb-18b5-40d1-4f4c6357c797','a8274819-2e5f-d95b-cb6e-4f2ad5e6a238',-98,'2012-02-28 05:28:41',0),('39568538-0331-fe6c-08f4-4f4c66abec0d','5fb57e96-8bfb-18b5-40d1-4f4c6357c797','a9cb84e1-ab0a-69db-0451-4f2ad5c5eb6d',-99,'2012-02-28 05:28:41',0),('398411d4-83f4-d537-ba87-4f4c6663426b','5fb57e96-8bfb-18b5-40d1-4f4c6357c797','a9853101-2a06-89b3-bf34-4f2ad5e93b4e',-99,'2012-02-28 05:28:41',0),('39b1236e-be38-88bd-0c94-4f4c660288e9','5fb57e96-8bfb-18b5-40d1-4f4c6357c797','aa5b4811-2528-ebe2-d29a-4f2ad5f0c82b',-99,'2012-02-28 05:28:41',0),('39df2103-d94a-413a-663a-4f4c66abb014','5fb57e96-8bfb-18b5-40d1-4f4c6357c797','aa12f93c-076c-cc50-da28-4f2ad57ccf45',-99,'2012-02-28 05:28:41',0),('3a0d4736-973b-44ad-7e34-4f4c66720083','5fb57e96-8bfb-18b5-40d1-4f4c6357c797','a93d64ea-0939-dc4e-be56-4f2ad5bc7105',-99,'2012-02-28 05:28:41',0),('3a3aad0a-746b-7e7d-e578-4f4c66dcd921','5fb57e96-8bfb-18b5-40d1-4f4c6357c797','aaa40c75-3257-e59a-da58-4f2ad5e3aef4',-99,'2012-02-28 05:28:41',0),('3a686f09-8cb1-7584-314b-4f4c66c44738','5fb57e96-8bfb-18b5-40d1-4f4c6357c797','a8f38991-6736-eab0-1993-4f2ad5b09122',-99,'2012-02-28 05:28:41',0),('3a9540c0-d2d4-bbea-4e8a-4f4c66094109','5fb57e96-8bfb-18b5-40d1-4f4c6357c797','199db185-3fdb-aa3f-0e7b-4f187ae56c69',89,'2012-02-28 05:28:41',0),('3ac3b9d7-5624-986d-a08b-4f4c66b93ce1','5fb57e96-8bfb-18b5-40d1-4f4c6357c797','1aa08896-a8fd-ee11-7f48-4f187a809293',90,'2012-02-28 05:28:41',0),('3af23bd3-8b94-e764-cab0-4f4c6689cbe3','5fb57e96-8bfb-18b5-40d1-4f4c6357c797','1a64c8bb-9749-ba63-cf15-4f187afea5b9',90,'2012-02-28 05:28:41',0),('3b2007b3-3309-2884-8337-4f4c66b68ea6','5fb57e96-8bfb-18b5-40d1-4f4c6357c797','1b14e081-3b6a-8e3f-08fd-4f187afe2ec8',90,'2012-02-28 05:28:41',0),('3b4e67e2-f700-10bc-0fd0-4f4c663997e4','5fb57e96-8bfb-18b5-40d1-4f4c6357c797','1ada544d-1882-1c2c-ff27-4f187a156204',90,'2012-02-28 05:28:41',0),('3b7abd0b-c2eb-f1ce-0c80-4f4c6672d114','5fb57e96-8bfb-18b5-40d1-4f4c6357c797','1a27f8c7-6c03-6e81-c006-4f187af4bac3',90,'2012-02-28 05:28:41',0),('3ba87e29-0010-d2bd-f1e5-4f4c66c21052','5fb57e96-8bfb-18b5-40d1-4f4c6357c797','1b4f8a66-1f7b-c747-dc30-4f187ac449a5',90,'2012-02-28 05:28:41',0),('3bd6b1de-94a9-a75a-e864-4f4c66e734ce','5fb57e96-8bfb-18b5-40d1-4f4c6357c797','19e9f8ee-bd5d-4fea-ca65-4f187a70a25a',90,'2012-02-28 05:28:41',0),('3c048216-2051-8e5e-0edd-4f4c66d085d6','5fb57e96-8bfb-18b5-40d1-4f4c6357c797','afe38719-7077-19f0-e4e8-4f187a53b75a',89,'2012-02-28 05:28:41',0),('3c333d74-81c0-9da6-bddf-4f4c66c7e504','5fb57e96-8bfb-18b5-40d1-4f4c6357c797','b0f067cf-4fdc-1a43-c5ca-4f187aefcf91',90,'2012-02-28 05:28:41',0),('3c63a689-1c1f-9ee9-68cb-4f4c669b8f1e','5fb57e96-8bfb-18b5-40d1-4f4c6357c797','b0b0a6f7-b27f-4465-431b-4f187a317c2a',90,'2012-02-28 05:28:41',0),('3c936b66-2b77-9c85-87ed-4f4c6637be15','5fb57e96-8bfb-18b5-40d1-4f4c6357c797','b17133b5-4d1a-769c-37b4-4f187a5c6008',90,'2012-02-28 05:28:41',0),('3cc283a1-5281-ec21-e27b-4f4c66318b6d','5fb57e96-8bfb-18b5-40d1-4f4c6357c797','b131e029-f856-f644-37ae-4f187aa851d8',90,'2012-02-28 05:28:41',0),('3cf252d1-6c8a-a16b-4514-4f4c66dad3db','5fb57e96-8bfb-18b5-40d1-4f4c6357c797','b06ed117-bf8f-890c-0414-4f187a47dceb',90,'2012-02-28 05:28:41',0),('3d22b4d3-8a2a-e39c-d878-4f4c6667af70','5fb57e96-8bfb-18b5-40d1-4f4c6357c797','b1b141a4-5663-d6a9-cc31-4f187a3b5965',90,'2012-02-28 05:28:41',0),('3d52a973-6c98-b039-9983-4f4c661aeb35','5fb57e96-8bfb-18b5-40d1-4f4c6357c797','b02e045e-9e34-241c-7408-4f187a5e875c',90,'2012-02-28 05:28:41',0),('3d826cc2-dcfe-025c-f524-4f4c665b812a','5fb57e96-8bfb-18b5-40d1-4f4c6357c797','9aa2daa7-e74a-9a23-d1fd-4f187ab2ebe2',89,'2012-02-28 05:28:41',0),('3db27a59-0007-1ae0-2f22-4f4c6639b561','5fb57e96-8bfb-18b5-40d1-4f4c6357c797','9bc53bba-3981-e30e-758b-4f187a14ddd4',90,'2012-02-28 05:28:41',0),('3de0f1b6-f3aa-3d31-74ff-4f4c66856cfa','5fb57e96-8bfb-18b5-40d1-4f4c6357c797','9b6baf3b-c93c-ab1e-719f-4f187acbfe1d',90,'2012-02-28 05:28:41',0),('3e10215f-3660-0150-073c-4f4c665fdc52','5fb57e96-8bfb-18b5-40d1-4f4c6357c797','9c45c51e-1911-3a19-bfb3-4f187a08985e',90,'2012-02-28 05:28:41',0),('3e4076c1-c762-6c97-5eb7-4f4c660b3378','5fb57e96-8bfb-18b5-40d1-4f4c6357c797','9c0690eb-579e-d6ea-9311-4f187a64fff1',90,'2012-02-28 05:28:41',0),('3e6ffac8-0af5-358b-3839-4f4c6600b339','5fb57e96-8bfb-18b5-40d1-4f4c6357c797','9b2cc777-2ef5-cdaf-0b32-4f187a55e45e',90,'2012-02-28 05:28:41',0),('3e9db247-d0a5-af48-a7f9-4f4c6648bd0a','5fb57e96-8bfb-18b5-40d1-4f4c6357c797','9c855efb-ad4c-6371-c966-4f187a3e8fcd',90,'2012-02-28 05:28:41',0),('3ecba49b-9cfd-3d58-bb2f-4f4c661586a3','5fb57e96-8bfb-18b5-40d1-4f4c6357c797','9aec9825-db2f-d9ef-fa4d-4f187ab07522',90,'2012-02-28 05:28:41',0),('3efa1cdd-b5f0-7113-d0dc-4f4c669981b4','5fb57e96-8bfb-18b5-40d1-4f4c6357c797','8c4f033e-f140-3ac5-efe0-4f187ac82a9b',89,'2012-02-28 05:28:41',0),('3f27f180-e363-bed2-6180-4f4c6655f995','5fb57e96-8bfb-18b5-40d1-4f4c6357c797','8d59071a-effc-d39b-a701-4f187abfd08b',90,'2012-02-28 05:28:41',0),('3f562c9e-c5e8-5512-4486-4f4c66b1dfc4','5fb57e96-8bfb-18b5-40d1-4f4c6357c797','8d194f1d-eeb2-dd76-79f4-4f187a3fdbda',90,'2012-02-28 05:28:41',0),('3f812249-96d3-9089-87e3-4f4c6662f230','5fb57e96-8bfb-18b5-40d1-4f4c6357c797','8dd6094d-d0cb-bd18-b4ae-4f187aef2ff4',90,'2012-02-28 05:28:41',0),('3fb04d62-376c-2897-8a96-4f4c66f23bbd','5fb57e96-8bfb-18b5-40d1-4f4c6357c797','8d96f5d6-823c-d82d-9fbf-4f187a26275e',90,'2012-02-28 05:28:41',0),('3fdb29b2-7a1d-39c9-0b8b-4f4c66bb72e5','5fb57e96-8bfb-18b5-40d1-4f4c6357c797','8cd94831-d4af-cbed-7ff0-4f187afff7b5',90,'2012-02-28 05:28:41',0),('400715c2-5cb5-e262-d81b-4f4c666e12e2','5fb57e96-8bfb-18b5-40d1-4f4c6357c797','8e14b86f-7926-04fb-7fef-4f187a292c6a',90,'2012-02-28 05:28:41',0),('40339e14-94c4-a41f-2740-4f4c660df6d2','5fb57e96-8bfb-18b5-40d1-4f4c6357c797','8c991ff5-849f-02f1-e174-4f187a025d3e',90,'2012-02-28 05:28:41',0),('405e43e4-4adc-15cb-8862-4f4c6636d467','5fb57e96-8bfb-18b5-40d1-4f4c6357c797','3d7c2bb6-46d5-2a52-5848-4f187a24745b',89,'2012-02-28 05:28:41',0),('4088d1d5-fd3d-e14e-4190-4f4c66d709be','5fb57e96-8bfb-18b5-40d1-4f4c6357c797','3e78b18d-856e-d65f-b7e7-4f187aea37f0',90,'2012-02-28 05:28:41',0),('40b51fa6-059c-9626-e031-4f4c662b5c94','5fb57e96-8bfb-18b5-40d1-4f4c6357c797','3e3cebd5-593d-267a-a9ac-4f187af2ab0c',90,'2012-02-28 05:28:41',0),('40e02f3a-2cdc-569b-003f-4f4c66ae52ea','5fb57e96-8bfb-18b5-40d1-4f4c6357c797','3ef2c528-ab9e-da58-a6b0-4f187ae70fc2',90,'2012-02-28 05:28:41',0),('410ccc1d-b3e9-c14a-6544-4f4c661efcb1','5fb57e96-8bfb-18b5-40d1-4f4c6357c797','3eb5b3af-d67b-d16e-a041-4f187ac7463c',90,'2012-02-28 05:28:41',0),('41383d50-2f0c-c398-b7fc-4f4c66562ee2','5fb57e96-8bfb-18b5-40d1-4f4c6357c797','3e00e37b-2b4b-8b59-c701-4f187a2e06c4',90,'2012-02-28 05:28:41',0),('4166a320-7b10-202f-5e36-4f4c66fd9649','5fb57e96-8bfb-18b5-40d1-4f4c6357c797','3f32f026-601a-ab15-7223-4f187a31654d',90,'2012-02-28 05:28:41',0),('4191aec3-d68c-e296-c122-4f4c668d800a','5fb57e96-8bfb-18b5-40d1-4f4c6357c797','3dc2844d-408d-3884-47a9-4f187a1fb806',90,'2012-02-28 05:28:41',0),('41bd6edf-30d0-d4fe-c868-4f4c66b4285d','5fb57e96-8bfb-18b5-40d1-4f4c6357c797','446f4aa6-8538-573c-b019-4f187a45f5a9',89,'2012-02-28 05:28:41',0),('41ea5f06-de2a-9ca1-4b04-4f4c66a03afd','5fb57e96-8bfb-18b5-40d1-4f4c6357c797','4570b3ea-a689-9712-2098-4f187ae64455',90,'2012-02-28 05:28:41',0),('421a8a2f-e69b-6cf6-bd01-4f4c66ac52a9','5fb57e96-8bfb-18b5-40d1-4f4c6357c797','45338d77-f485-3e0b-d8ab-4f187acbf91a',90,'2012-02-28 05:28:41',0),('42485cee-c292-6799-b42d-4f4c66f9bf83','5fb57e96-8bfb-18b5-40d1-4f4c6357c797','45ff24f2-1ab6-bde7-8e07-4f187a1d4eb5',90,'2012-02-28 05:28:41',0),('4276568b-ffca-b7e5-d420-4f4c66ada1d6','5fb57e96-8bfb-18b5-40d1-4f4c6357c797','45ae3837-80cd-cd24-6400-4f187ad41c27',90,'2012-02-28 05:28:41',0),('42a2cfa8-8519-62f9-b4c0-4f4c66e36455','5fb57e96-8bfb-18b5-40d1-4f4c6357c797','44f63251-60dc-b410-36c9-4f187abfd819',90,'2012-02-28 05:28:41',0),('42d0ad4e-6f91-00a5-4caf-4f4c66e9f1d4','5fb57e96-8bfb-18b5-40d1-4f4c6357c797','4641d2e5-1b07-4b95-2787-4f187a9f6d66',90,'2012-02-28 05:28:41',0),('42fd3978-7fae-7f1d-2a36-4f4c669bf967','5fb57e96-8bfb-18b5-40d1-4f4c6357c797','44b739ca-61e1-a1cc-a5c0-4f187aac0316',90,'2012-02-28 05:28:41',0),('432b01f4-7a64-41a7-7c87-4f4c6693d54c','5fb57e96-8bfb-18b5-40d1-4f4c6357c797','5613f595-40ec-950d-3b6f-4f187aead495',89,'2012-02-28 05:28:41',0),('43585d02-f086-f71e-6a98-4f4c66c111a8','5fb57e96-8bfb-18b5-40d1-4f4c6357c797','5714255c-c4ee-9b95-ae70-4f187ae1f605',90,'2012-02-28 05:28:41',0),('4385780d-7692-9c85-0e69-4f4c6696c360','5fb57e96-8bfb-18b5-40d1-4f4c6357c797','56d6c82b-1532-326d-7824-4f187ace408a',90,'2012-02-28 05:28:41',0),('43b3299e-c6f3-4b24-8258-4f4c667b0c49','5fb57e96-8bfb-18b5-40d1-4f4c6357c797','579864b6-1a82-36cf-7e63-4f187a5ef054',90,'2012-02-28 05:28:41',0),('43e0d757-ffe0-c1f2-ea9f-4f4c66f46476','5fb57e96-8bfb-18b5-40d1-4f4c6357c797','5752cca1-3784-6fd8-9d9c-4f187acba1f8',90,'2012-02-28 05:28:41',0),('440e1ab0-8d5f-2c85-f360-4f4c66524c1f','5fb57e96-8bfb-18b5-40d1-4f4c6357c797','56994cd2-946c-0e5f-2ed5-4f187abef02f',90,'2012-02-28 05:28:41',0),('443d6c9c-4e52-3c2f-2f66-4f4c66ca1894','5fb57e96-8bfb-18b5-40d1-4f4c6357c797','57d67444-6f11-a44b-478c-4f187a61823b',90,'2012-02-28 05:28:41',0),('446d4c71-dc27-8665-9cdf-4f4c66005675','5fb57e96-8bfb-18b5-40d1-4f4c6357c797','565aabb3-e241-2317-04e3-4f187a12c911',90,'2012-02-28 05:28:41',0),('449e607d-2923-c5ba-98e6-4f4c6630276f','5fb57e96-8bfb-18b5-40d1-4f4c6357c797','5d0c3861-dcb8-f06a-bd2e-4f187a8ce24f',89,'2012-02-28 05:28:41',0),('44ccab56-16cd-245b-be3c-4f4c666e7241','5fb57e96-8bfb-18b5-40d1-4f4c6357c797','5e105bf4-3229-f803-0555-4f187a69bc15',90,'2012-02-28 05:28:41',0),('44f9c747-5b4b-a743-39da-4f4c66c19857','5fb57e96-8bfb-18b5-40d1-4f4c6357c797','5dd2fb11-1c6b-948e-0c48-4f187acd9a3d',90,'2012-02-28 05:28:41',0),('4526da7b-9017-ea66-bc63-4f4c668e1f1f','5fb57e96-8bfb-18b5-40d1-4f4c6357c797','5e9bcb06-7e54-992f-a256-4f187a021cdf',90,'2012-02-28 05:28:41',0),('4554fcd6-dea6-005a-c0c9-4f4c660eaa47','5fb57e96-8bfb-18b5-40d1-4f4c6357c797','5e5a10ce-837f-822d-2e07-4f187a43828c',90,'2012-02-28 05:28:41',0),('4582a1e2-ba13-8675-bf01-4f4c66e28c9a','5fb57e96-8bfb-18b5-40d1-4f4c6357c797','5d93fc78-d7f3-3036-7712-4f187ab037ef',90,'2012-02-28 05:28:41',0),('45b1865e-7ad9-909b-d270-4f4c66e0f3b9','5fb57e96-8bfb-18b5-40d1-4f4c6357c797','5edee62a-38c7-1525-3bea-4f187a55c466',90,'2012-02-28 05:28:41',0),('45df4e4c-76e2-8778-7518-4f4c660ce3f4','5fb57e96-8bfb-18b5-40d1-4f4c6357c797','5d55cb6f-f074-07a8-cc8c-4f187af6bab7',90,'2012-02-28 05:28:41',0),('460cc07a-7562-2507-78f5-4f4c66e75a25','5fb57e96-8bfb-18b5-40d1-4f4c6357c797','b734fc6b-92c5-f47d-7654-4f187a09aec0',89,'2012-02-28 05:28:41',0),('463b87de-cd5f-8b1c-b296-4f4c664799d7','5fb57e96-8bfb-18b5-40d1-4f4c6357c797','b8475715-e9dd-4a9e-ea70-4f187a59883a',90,'2012-02-28 05:28:41',0),('466932b3-f7cd-0540-2937-4f4c66e624fc','5fb57e96-8bfb-18b5-40d1-4f4c6357c797','b8065549-08bf-47b3-0704-4f187a67df84',90,'2012-02-28 05:28:41',0),('46972ca1-578b-fb9c-929d-4f4c6648617a','5fb57e96-8bfb-18b5-40d1-4f4c6357c797','b8c99f6d-f1d3-678f-c7ea-4f187abd3d7d',90,'2012-02-28 05:28:41',0),('46c56ed0-9e9b-4b86-f322-4f4c66908f9d','5fb57e96-8bfb-18b5-40d1-4f4c6357c797','b8891343-be9b-9c75-a039-4f187a3043db',90,'2012-02-28 05:28:41',0),('46f67458-39b6-9a69-1d84-4f4c661cd8a3','5fb57e96-8bfb-18b5-40d1-4f4c6357c797','b7c5ff99-761d-ad42-47f3-4f187a136956',90,'2012-02-28 05:28:41',0),('47255ac0-7604-dcba-3ca6-4f4c6682470c','5fb57e96-8bfb-18b5-40d1-4f4c6357c797','b911188f-e624-77db-1d90-4f187a371afd',90,'2012-02-28 05:28:41',0),('47547d83-0736-4112-0cb5-4f4c668e9c57','5fb57e96-8bfb-18b5-40d1-4f4c6357c797','b781daa5-db3e-8eb2-3942-4f187a5c1bc0',90,'2012-02-28 05:28:41',0),('fcf70b21-29cb-9b1c-7a2f-4f4c66002db7','b1650fff-7c60-be4c-80a1-4f4c66821563','81e357a6-9d43-7ffc-2251-4f187a3178f1',89,'2012-02-28 05:31:43',0),('1007e62c-43a8-df1f-de74-4f4c66f1c2bb','b1650fff-7c60-be4c-80a1-4f4c66821563','82e398c0-b9b2-2299-97ad-4f187af815d5',90,'2012-02-28 05:31:43',0),('1033c53a-eb96-0e18-4551-4f4c66ddf86b','b1650fff-7c60-be4c-80a1-4f4c66821563','82a5e676-add5-1c2f-d4d0-4f187a50ee5a',90,'2012-02-28 05:31:43',0),('105a67e4-fea9-353f-6660-4f4c66c68b06','b1650fff-7c60-be4c-80a1-4f4c66821563','835f43f3-ec76-83e0-b4cb-4f187a870d19',90,'2012-02-28 05:31:43',0),('10827361-3838-d57f-9854-4f4c66595e9f','b1650fff-7c60-be4c-80a1-4f4c66821563','8320ad50-8471-3f2f-588c-4f187a86b66a',90,'2012-02-28 05:31:43',0),('10a92878-d63f-e02e-dde2-4f4c66775bf1','b1650fff-7c60-be4c-80a1-4f4c66821563','8268caff-4d38-83c7-8a46-4f187af413ec',90,'2012-02-28 05:31:43',0),('10cf3311-dc46-a019-92a8-4f4c66787056','b1650fff-7c60-be4c-80a1-4f4c66821563','839c644e-a272-9217-3f7c-4f187acf7dee',90,'2012-02-28 05:31:43',0),('10f90506-f893-b4eb-8842-4f4c66ff9c71','b1650fff-7c60-be4c-80a1-4f4c66821563','822a1815-8b86-436f-23f8-4f187a0748cb',90,'2012-02-28 05:31:43',0),('11213364-3b95-ba1c-dc44-4f4c66101d9f','b1650fff-7c60-be4c-80a1-4f4c66821563','c36b5ed0-65d3-342a-cb95-4f297d13b5f3',89,'2012-02-28 05:31:43',0),('1148936a-49eb-ad91-77bf-4f4c6677c880','b1650fff-7c60-be4c-80a1-4f4c66821563','c4e8a4bd-df3e-f04a-7620-4f297d0fb152',90,'2012-02-28 05:31:43',0),('116fc2db-710e-84bd-9c59-4f4c6623b7aa','b1650fff-7c60-be4c-80a1-4f4c66821563','c4a4e0d2-cb74-9ff9-2230-4f297d4435e6',90,'2012-02-28 05:31:43',0),('11980b2c-32cf-e727-ffe3-4f4c66617c36','b1650fff-7c60-be4c-80a1-4f4c66821563','c56dc120-e43f-f700-6351-4f297d8b61fc',90,'2012-02-28 05:31:43',0),('11bf9ad9-5455-809d-19f4-4f4c66f1ef2c','b1650fff-7c60-be4c-80a1-4f4c66821563','c52b1761-16d4-6dfc-32a4-4f297d731cf0',90,'2012-02-28 05:31:43',0),('11e709ad-08e6-044a-6ac8-4f4c663f709b','b1650fff-7c60-be4c-80a1-4f4c66821563','c461fcd1-16f0-061d-91b0-4f297dcc2030',90,'2012-02-28 05:31:43',0),('120ea6d8-ea70-be49-4bb4-4f4c66e9d643','b1650fff-7c60-be4c-80a1-4f4c66821563','c5b6e06b-4d2d-f28b-c266-4f297d4d52dc',90,'2012-02-28 05:31:43',0),('1237e310-05db-bdb5-c38c-4f4c66d09eab','b1650fff-7c60-be4c-80a1-4f4c66821563','c41c70eb-cf6e-5cda-ae2f-4f297d14a871',90,'2012-02-28 05:31:43',0),('12611721-f1ba-2cb0-4ffa-4f4c66dd37d2','b1650fff-7c60-be4c-80a1-4f4c66821563','cc305053-03ad-cdd5-d204-4f297da68cad',-98,'2012-02-28 05:31:43',0),('12892195-885e-a10b-da7f-4f4c6693ec64','b1650fff-7c60-be4c-80a1-4f4c66821563','cd4aa0ad-9121-5e5d-90e4-4f297d1c3aeb',-99,'2012-02-28 05:31:43',0),('12b1cfed-da35-0718-7075-4f4c666767c1','b1650fff-7c60-be4c-80a1-4f4c66821563','cd066e16-c4db-3332-8384-4f297d99d0c1',-99,'2012-02-28 05:31:43',0),('12dbff6f-e99a-79dd-30f8-4f4c662a6773','b1650fff-7c60-be4c-80a1-4f4c66821563','cdd5d812-62dc-1053-6b9b-4f297df60291',-99,'2012-02-28 05:31:43',0),('1306e8c7-ad72-4639-3e57-4f4c66890782','b1650fff-7c60-be4c-80a1-4f4c66821563','cd8f52ea-4c44-f78f-a1ae-4f297dbf3bbd',-99,'2012-02-28 05:31:43',0),('13312fae-0017-bf3f-be90-4f4c66692a74','b1650fff-7c60-be4c-80a1-4f4c66821563','ccbf6490-2f9d-be3c-242b-4f297d568fc7',-99,'2012-02-28 05:31:43',0),('135b5a0c-eedb-fd4d-3da1-4f4c66d8db24','b1650fff-7c60-be4c-80a1-4f4c66821563','ce1b287a-ca06-775e-ab27-4f297d9e3f33',-99,'2012-02-28 05:31:43',0),('1385e07c-8732-c950-edb9-4f4c6637f7ce','b1650fff-7c60-be4c-80a1-4f4c66821563','cc7ba872-4e55-dc6f-622a-4f297d757f7e',-99,'2012-02-28 05:31:43',0),('13ad64c6-0f69-94f5-5cb1-4f4c668cce4e','b1650fff-7c60-be4c-80a1-4f4c66821563','d3f46248-0160-ec23-9f42-4f297dd0c3f4',89,'2012-02-28 05:31:43',0),('13d3f011-3340-7041-7bd9-4f4c665ca9c8','b1650fff-7c60-be4c-80a1-4f4c66821563','d51079d7-f27f-b03b-acf3-4f297de81f06',90,'2012-02-28 05:31:43',0),('13fb60e0-7bd9-8d4f-94cb-4f4c6625c09a','b1650fff-7c60-be4c-80a1-4f4c66821563','d4cb60a3-8e3c-0bd0-eade-4f297d265a6f',90,'2012-02-28 05:31:43',0),('1422ff69-7bf8-634a-f0b4-4f4c669c4f47','b1650fff-7c60-be4c-80a1-4f4c66821563','d59acb65-144f-ba9d-0901-4f297d291100',90,'2012-02-28 05:31:43',0),('14498582-8ada-044e-060a-4f4c66fb3a6e','b1650fff-7c60-be4c-80a1-4f4c66821563','d554bdf9-77b5-95e0-0325-4f297ddfdf44',90,'2012-02-28 05:31:43',0),('14705593-d92a-1a9e-00b5-4f4c668286fa','b1650fff-7c60-be4c-80a1-4f4c66821563','d486ce9e-ddd5-7a42-8a08-4f297db447fb',90,'2012-02-28 05:31:43',0),('14973306-95d1-46aa-9ac1-4f4c6616b1e2','b1650fff-7c60-be4c-80a1-4f4c66821563','d5df6e52-eadb-6abf-b09b-4f297d8062ec',90,'2012-02-28 05:31:43',0),('14bf879a-28de-a7e5-3ad1-4f4c669946f3','b1650fff-7c60-be4c-80a1-4f4c66821563','d4429a75-1629-6029-e233-4f297d6adefe',90,'2012-02-28 05:31:43',0),('14e765dc-fae2-2f31-bdb5-4f4c66db2ead','b1650fff-7c60-be4c-80a1-4f4c66821563','db30aea4-0197-e4c1-b7e3-4f297d44a577',89,'2012-02-28 05:31:43',0),('150f91ae-7cb7-0ff0-9547-4f4c66da6fe7','b1650fff-7c60-be4c-80a1-4f4c66821563','dc4b7d9c-a926-ec02-8ea6-4f297d4cf6ea',90,'2012-02-28 05:31:43',0),('15374c66-88d0-6e85-06b2-4f4c66b9fd1b','b1650fff-7c60-be4c-80a1-4f4c66821563','dc05e29b-067b-773c-e40f-4f297dec3fc7',90,'2012-02-28 05:31:43',0),('1560cfd4-0af6-5ba0-67ee-4f4c66c5e78d','b1650fff-7c60-be4c-80a1-4f4c66821563','dcd50ff8-39c9-1052-92d0-4f297d4a2115',90,'2012-02-28 05:31:43',0),('15898b35-d6b6-978a-9ebd-4f4c6693ea82','b1650fff-7c60-be4c-80a1-4f4c66821563','dc8f7deb-c89e-1257-cb61-4f297d740b1c',90,'2012-02-28 05:31:43',0),('15b1d393-4313-d6a8-bb7c-4f4c665a2357','b1650fff-7c60-be4c-80a1-4f4c66821563','dbc15454-7d78-120b-6501-4f297dea8e48',90,'2012-02-28 05:31:43',0),('15dcef6a-127e-7e38-5740-4f4c66646a51','b1650fff-7c60-be4c-80a1-4f4c66821563','dd1977d9-b3cc-e231-f623-4f297d705099',90,'2012-02-28 05:31:43',0),('160642c0-46de-9f5d-d0d8-4f4c666d2a9b','b1650fff-7c60-be4c-80a1-4f4c66821563','db796411-c3f2-315e-e619-4f297d6de0b8',90,'2012-02-28 05:31:43',0),('16308840-ddf1-de88-c83e-4f4c6668140b','b1650fff-7c60-be4c-80a1-4f4c66821563','e314fb83-9cf8-15a0-4629-4f297dfe6655',89,'2012-02-28 05:31:43',0),('165a8b67-7fc3-4a2d-3da3-4f4c6692092d','b1650fff-7c60-be4c-80a1-4f4c66821563','e43dd068-5565-041d-0ea2-4f297d0e4f42',90,'2012-02-28 05:31:43',0),('1684d7f4-5975-d08f-2ad3-4f4c6663c088','b1650fff-7c60-be4c-80a1-4f4c66821563','e3f5917f-934a-78d9-0888-4f297d17082f',90,'2012-02-28 05:31:43',0),('16af2239-b235-eccb-740c-4f4c66e88ffc','b1650fff-7c60-be4c-80a1-4f4c66821563','e4d26653-f7d3-cb32-db9a-4f297d038e6f',90,'2012-02-28 05:31:43',0),('16da285b-08ef-01c9-4ee3-4f4c6673013d','b1650fff-7c60-be4c-80a1-4f4c66821563','e489d1a2-62ae-920a-8398-4f297d8de473',90,'2012-02-28 05:31:43',0),('17040e92-4429-5266-07b8-4f4c661fdc59','b1650fff-7c60-be4c-80a1-4f4c66821563','e3ad05e2-67dd-0ef9-6e50-4f297d2033e3',90,'2012-02-28 05:31:43',0),('1730ca91-a3a4-ef39-db8d-4f4c6678446f','b1650fff-7c60-be4c-80a1-4f4c66821563','e51ae478-913e-0e98-9274-4f297d4d411e',90,'2012-02-28 05:31:43',0),('1759b6e6-3ae8-8ca8-6bed-4f4c66774d31','b1650fff-7c60-be4c-80a1-4f4c66821563','e365af28-ff3b-8cd1-a2c3-4f297d220249',90,'2012-02-28 05:31:43',0),('1782ec9b-7705-65e7-59c7-4f4c66fefcab','b1650fff-7c60-be4c-80a1-4f4c66821563','ebf51108-5417-0986-1d7c-4f297df5f38a',89,'2012-02-28 05:31:43',0),('17ac07ec-6565-edca-5dea-4f4c668b6eca','b1650fff-7c60-be4c-80a1-4f4c66821563','ed27a1e3-8fbd-f294-308f-4f297d869d69',90,'2012-02-28 05:31:43',0),('17d6ee70-53c8-e634-37fb-4f4c663d0474','b1650fff-7c60-be4c-80a1-4f4c66821563','ece061d2-0260-6c8b-3c23-4f297d713750',90,'2012-02-28 05:31:43',0),('180188b5-f8da-21ee-61c9-4f4c66f09980','b1650fff-7c60-be4c-80a1-4f4c66821563','edb5511c-7c23-c366-57fc-4f297d01d0c9',90,'2012-02-28 05:31:43',0),('182c2212-be3d-22c1-6868-4f4c66464d0a','b1650fff-7c60-be4c-80a1-4f4c66821563','ed6f745f-64fe-4a3c-1139-4f297db956f3',90,'2012-02-28 05:31:43',0),('1859cd26-4335-ee7a-cf6e-4f4c6665c32b','b1650fff-7c60-be4c-80a1-4f4c66821563','ec942a18-a550-9b2d-b1ca-4f297d3ed16f',90,'2012-02-28 05:31:43',0),('1884ba24-1d66-d87a-4942-4f4c66d45018','b1650fff-7c60-be4c-80a1-4f4c66821563','edfe9d0b-730b-d1ed-18f3-4f297dac2c5d',90,'2012-02-28 05:31:43',0),('18afe0d1-4054-6ddf-2c07-4f4c66d3a049','b1650fff-7c60-be4c-80a1-4f4c66821563','ec4a69e4-40a9-ad83-25b9-4f297d0c7cbc',90,'2012-02-28 05:31:43',0),('18d9a789-693f-47d7-ed77-4f4c668c6756','b1650fff-7c60-be4c-80a1-4f4c66821563','2c19d3de-62a2-a0d3-23a0-4f187ad58883',-98,'2012-02-28 05:31:43',0),('19023f86-8244-ebb2-1fea-4f4c66b77f6c','b1650fff-7c60-be4c-80a1-4f4c66821563','2d1a1eb9-4bb9-2679-c215-4f187a1aea2d',-99,'2012-02-28 05:31:43',0),('192a7987-18a4-cd34-b598-4f4c66535f35','b1650fff-7c60-be4c-80a1-4f4c66821563','2cd7e68a-69ed-22a0-03e0-4f187af7fcdf',-99,'2012-02-28 05:31:43',0),('19544ed2-478a-5e56-a531-4f4c66b3ec20','b1650fff-7c60-be4c-80a1-4f4c66821563','2d937057-174a-4777-8469-4f187a61691c',-99,'2012-02-28 05:31:43',0),('197dce1e-8658-c4d3-5392-4f4c66e75596','b1650fff-7c60-be4c-80a1-4f4c66821563','2d563477-d44f-b0b8-68ee-4f187ad58555',-99,'2012-02-28 05:31:43',0),('19a82fe7-1767-c900-250e-4f4c66d7cbfb','b1650fff-7c60-be4c-80a1-4f4c66821563','2c9b9543-d6da-ab5c-4d94-4f187a82c7d5',-99,'2012-02-28 05:31:43',0),('19d1f227-3ddb-e8d4-9078-4f4c664d1d3d','b1650fff-7c60-be4c-80a1-4f4c66821563','2dcf7465-366d-5184-23d3-4f187a91dee4',-99,'2012-02-28 05:31:43',0),('19fa97e2-bbc0-b0a4-8653-4f4c6674c0f1','b1650fff-7c60-be4c-80a1-4f4c66821563','2c60595e-060f-b7fb-a8e0-4f187a1894a2',-99,'2012-02-28 05:31:43',0),('1a24ee3d-33b2-dc24-4fff-4f4c66f5bd5c','b1650fff-7c60-be4c-80a1-4f4c66821563','a11674cc-0d06-f6e8-72a4-4f187aede5b2',89,'2012-02-28 05:31:43',0),('1a511362-0815-6b7c-75d0-4f4c667fc32c','b1650fff-7c60-be4c-80a1-4f4c66821563','a216bfef-adf2-b675-8889-4f187aaf5ca8',90,'2012-02-28 05:31:43',0),('1a7d2c78-b728-000b-1a3e-4f4c66c448f5','b1650fff-7c60-be4c-80a1-4f4c66821563','a1d8d61c-fe5e-dbac-d13f-4f187ad304d1',90,'2012-02-28 05:31:43',0),('1aaa91f7-7d84-2157-7b06-4f4c668c3bb6','b1650fff-7c60-be4c-80a1-4f4c66821563','a2917dfc-93b2-a9a4-897e-4f187adf37aa',90,'2012-02-28 05:31:43',0),('1ad66365-d6fa-35f5-4f95-4f4c66797603','b1650fff-7c60-be4c-80a1-4f4c66821563','a2541575-ffd5-1b02-e8be-4f187a801028',90,'2012-02-28 05:31:43',0),('1b0257e6-7a7d-3a2e-7370-4f4c66c746af','b1650fff-7c60-be4c-80a1-4f4c66821563','a19be553-40e1-84e0-c12d-4f187a0eaf04',90,'2012-02-28 05:31:43',0),('1b2cb31a-bcea-7b90-876c-4f4c66895127','b1650fff-7c60-be4c-80a1-4f4c66821563','a2cfa149-e007-d97b-84a6-4f187ae5b789',90,'2012-02-28 05:31:43',0),('1b5c2f87-86ed-2a7a-c759-4f4c6672b3c7','b1650fff-7c60-be4c-80a1-4f4c66821563','a15e06b2-c578-95da-efa5-4f187ab07ab3',90,'2012-02-28 05:31:43',0),('1b87c0c3-c0c2-93ab-a9e4-4f4c66432eea','b1650fff-7c60-be4c-80a1-4f4c66821563','4da5f44c-d06d-4a54-dcd9-4f187aca772d',-98,'2012-02-28 05:31:43',0),('1bb2391c-1bd1-0d3a-4fc4-4f4c66d61f36','b1650fff-7c60-be4c-80a1-4f4c66821563','4ea34d79-463d-8f10-0958-4f187a4aec7d',-99,'2012-02-28 05:31:43',0),('1bdbb82f-6e93-b7af-ac59-4f4c66fbec27','b1650fff-7c60-be4c-80a1-4f4c66821563','4e6737fd-3b06-1e7e-d856-4f187a9f9c5b',-99,'2012-02-28 05:31:43',0),('1c078d17-3b71-4e3a-2f67-4f4c6608be8a','b1650fff-7c60-be4c-80a1-4f4c66821563','4f1bf7a6-1a5c-6db1-59d5-4f187a2b9eca',-99,'2012-02-28 05:31:43',0),('1c321b3a-1158-c568-a18c-4f4c663dd68b','b1650fff-7c60-be4c-80a1-4f4c66821563','4edef993-92ab-6f1f-4849-4f187ad9cad4',-99,'2012-02-28 05:31:43',0),('1c5badb2-1cbd-ee8f-d0c5-4f4c6616cd9d','b1650fff-7c60-be4c-80a1-4f4c66821563','4e2a2abb-14f6-c10c-d69f-4f187ada19f8',-99,'2012-02-28 05:31:43',0),('1c85eef0-0381-b679-7a58-4f4c66acf031','b1650fff-7c60-be4c-80a1-4f4c66821563','4f586112-1fc9-806e-2864-4f187af50dfa',-99,'2012-02-28 05:31:43',0),('1cb0629d-75f8-0ad1-5015-4f4c66d6aeb1','b1650fff-7c60-be4c-80a1-4f4c66821563','4ded800a-af66-19d4-de9f-4f187a315058',-99,'2012-02-28 05:31:43',0),('1cdc00b9-107b-3144-e433-4f4c66d136ba','b1650fff-7c60-be4c-80a1-4f4c66821563','2325e5f0-abc4-eafd-91e7-4f187a6ef30e',89,'2012-02-28 05:31:43',0),('1d058196-d2b8-dbb6-016f-4f4c66fda089','b1650fff-7c60-be4c-80a1-4f4c66821563','24219b13-abb5-c859-2dfd-4f187acb4b94',90,'2012-02-28 05:31:43',0),('1d31c724-2f51-68b8-7b40-4f4c663f2788','b1650fff-7c60-be4c-80a1-4f4c66821563','23e162db-6831-9454-ae2f-4f187a5eca7f',90,'2012-02-28 05:31:43',0),('1d5c4ac5-b31a-ac13-c6ef-4f4c66b8ce46','b1650fff-7c60-be4c-80a1-4f4c66821563','249b6c31-0408-f3b9-44ea-4f187acaa72e',90,'2012-02-28 05:31:43',0),('1d85f9c0-661c-512c-7ed6-4f4c66c91bd6','b1650fff-7c60-be4c-80a1-4f4c66821563','2460bb7c-7f52-620a-1714-4f187a39538a',90,'2012-02-28 05:31:43',0),('1db1eb9f-877d-b6b0-7d75-4f4c66c8bf7c','b1650fff-7c60-be4c-80a1-4f4c66821563','23a30193-2217-0ae1-b7b4-4f187a00420b',90,'2012-02-28 05:31:43',0),('1ddc83ee-6ece-1df2-7d1e-4f4c6613ef7d','b1650fff-7c60-be4c-80a1-4f4c66821563','24d72aea-7f23-d261-4a4e-4f187a674603',90,'2012-02-28 05:31:43',0),('1e071ee2-69b6-6721-a7a0-4f4c66c73b42','b1650fff-7c60-be4c-80a1-4f4c66821563','2367da32-6a88-c9d3-8e0c-4f187ab6121a',90,'2012-02-28 05:31:43',0),('1e322356-f4cf-0f26-7a9f-4f4c66462f62','b1650fff-7c60-be4c-80a1-4f4c66821563','773228d2-77d9-7016-c678-4f187ab03d72',89,'2012-02-28 05:31:43',0),('1e5ce419-2058-745e-8904-4f4c66f8fff5','b1650fff-7c60-be4c-80a1-4f4c66821563','7836584d-ed9b-6166-0b34-4f187a5a537e',90,'2012-02-28 05:31:43',0),('1e89a0a6-6491-ee68-98cb-4f4c6688630b','b1650fff-7c60-be4c-80a1-4f4c66821563','77f9ef1f-8fbf-4b64-1b20-4f187a1fae0f',90,'2012-02-28 05:31:43',0),('1eb5107c-6994-5e2d-419f-4f4c666fc260','b1650fff-7c60-be4c-80a1-4f4c66821563','78b48600-03f9-0bd9-89ab-4f187a9935f3',90,'2012-02-28 05:31:43',0),('1ee0eb86-a4f0-cf39-fae9-4f4c668c9247','b1650fff-7c60-be4c-80a1-4f4c66821563','78739b0b-cb0c-2a29-3c27-4f187a75b57c',90,'2012-02-28 05:31:43',0),('1f0c6233-539e-4feb-cdf9-4f4c6671ebba','b1650fff-7c60-be4c-80a1-4f4c66821563','77b8e1b9-3eae-0c33-4346-4f187ac3b1d8',90,'2012-02-28 05:31:43',0),('1f39c492-6e9c-3496-df34-4f4c663a6b63','b1650fff-7c60-be4c-80a1-4f4c66821563','78f13d53-faa1-e3a9-e5c9-4f187addb73e',90,'2012-02-28 05:31:43',0),('1f66f0f3-a4ed-f43a-2871-4f4c6657c71b','b1650fff-7c60-be4c-80a1-4f4c66821563','777b08f6-0d74-941a-d6b4-4f187adb02c6',90,'2012-02-28 05:31:43',0),('1f94b42c-7667-eb33-2507-4f4c66c85f24','b1650fff-7c60-be4c-80a1-4f4c66821563','d4680a04-3c30-a954-6305-4f187ac4e46e',-98,'2012-02-28 05:31:43',0),('1fc2a394-0206-53e0-de71-4f4c66ef0db7','b1650fff-7c60-be4c-80a1-4f4c66821563','d57398a6-3ca7-0cef-72a5-4f187ad01135',-99,'2012-02-28 05:31:43',0),('1fee8f9e-4e88-dfb4-45d4-4f4c66d1a36c','b1650fff-7c60-be4c-80a1-4f4c66821563','d533d702-a286-97a4-9281-4f187a218210',-99,'2012-02-28 05:31:43',0),('201b36d7-e9f2-c6fc-110d-4f4c66dfcfde','b1650fff-7c60-be4c-80a1-4f4c66821563','d5f3abc8-e04f-eb79-7097-4f187ae65643',-99,'2012-02-28 05:31:43',0),('2046d29d-86c1-80ab-f2d9-4f4c664b8e92','b1650fff-7c60-be4c-80a1-4f4c66821563','d5b51e4d-cd0c-9945-d07a-4f187af7731a',-99,'2012-02-28 05:31:43',0),('207372d9-43e2-60f5-ed47-4f4c66f7da41','b1650fff-7c60-be4c-80a1-4f4c66821563','d4f4ed66-bbd6-c91e-f611-4f187a18e715',-99,'2012-02-28 05:31:43',0),('20a015da-10e9-6794-f0da-4f4c66120888','b1650fff-7c60-be4c-80a1-4f4c66821563','d63416fb-1193-cb6e-10ed-4f187aad6faa',-99,'2012-02-28 05:31:43',0),('20cbd4d0-8e6d-5239-f743-4f4c66d25e30','b1650fff-7c60-be4c-80a1-4f4c66821563','d4b36e3a-9f82-747a-02cb-4f187a7ebc72',-99,'2012-02-28 05:31:43',0),('20fb1252-a05f-5342-8989-4f4c66294029','b1650fff-7c60-be4c-80a1-4f4c66821563','f18a7248-9a8f-f376-dc8d-4f187a87e921',-98,'2012-02-28 05:31:43',0),('21294910-47c1-3a55-3bd5-4f4c6675c47b','b1650fff-7c60-be4c-80a1-4f4c66821563','f295762b-7be3-29bc-d6da-4f187a42021e',-99,'2012-02-28 05:31:43',0),('2157fa16-10af-8671-e985-4f4c66a4a641','b1650fff-7c60-be4c-80a1-4f4c66821563','f255899d-54ef-4d0d-f924-4f187a4eac04',-99,'2012-02-28 05:31:43',0),('2185158b-9bce-92c8-f8ae-4f4c66cee588','b1650fff-7c60-be4c-80a1-4f4c66821563','f31478e3-5425-ed25-26c5-4f187a68b2bc',-99,'2012-02-28 05:31:43',0),('21b1e973-9528-5459-be2e-4f4c661c02a3','b1650fff-7c60-be4c-80a1-4f4c66821563','f2d5b5c7-e30a-ef0d-71f3-4f187aa7b210',-99,'2012-02-28 05:31:43',0),('21ddf42e-a63f-8743-df41-4f4c669639fc','b1650fff-7c60-be4c-80a1-4f4c66821563','f216fd0e-1cd0-ae8d-2a7c-4f187a5738a9',-99,'2012-02-28 05:31:43',0),('220f0441-8799-ae5d-06c5-4f4c66c0b080','b1650fff-7c60-be4c-80a1-4f4c66821563','f3537070-b1a7-c92c-9f92-4f187ac4b5a1',-99,'2012-02-28 05:31:43',0),('223d7983-2487-d925-a6f5-4f4c66489b1d','b1650fff-7c60-be4c-80a1-4f4c66821563','f1d38526-44d0-b7ad-d2c7-4f187a572dab',-99,'2012-02-28 05:31:43',0),('226a786d-f749-d729-e608-4f4c66b48329','b1650fff-7c60-be4c-80a1-4f4c66821563','63a846e6-7e23-4d23-8ab4-4f187ac577f2',-98,'2012-02-28 05:31:43',0),('22982818-16eb-9a04-d64f-4f4c66d00943','b1650fff-7c60-be4c-80a1-4f4c66821563','64a29b10-fc19-368e-58ef-4f187a366dc7',-99,'2012-02-28 05:31:43',0),('22c634f3-758a-a6e9-1dc4-4f4c6655a0ba','b1650fff-7c60-be4c-80a1-4f4c66821563','64662f44-771e-0338-f646-4f187a878408',-99,'2012-02-28 05:31:43',0),('22f378cd-4879-6532-003e-4f4c665e088a','b1650fff-7c60-be4c-80a1-4f4c66821563','651c8355-2a8b-d645-c0fc-4f187a5d68cb',-99,'2012-02-28 05:31:43',0),('2320b73a-dd1c-c280-0fe2-4f4c6664bab0','b1650fff-7c60-be4c-80a1-4f4c66821563','64decda2-37d2-79cb-9f3c-4f187a71d08a',-99,'2012-02-28 05:31:43',0),('234e421f-d8eb-d06e-c4ee-4f4c669d92ed','b1650fff-7c60-be4c-80a1-4f4c66821563','64290ec1-f4a6-07a8-67db-4f187acbff27',-99,'2012-02-28 05:31:43',0),('237a9106-62a6-6d27-b61a-4f4c66a3e5be','b1650fff-7c60-be4c-80a1-4f4c66821563','6558ebec-e643-3e9e-5d2c-4f187ae28a9d',-99,'2012-02-28 05:31:43',0),('23a89a16-4825-7edd-5ecc-4f4c6674487e','b1650fff-7c60-be4c-80a1-4f4c66821563','63ebf31d-ed1c-08ce-a9cc-4f187af5c125',-99,'2012-02-28 05:31:43',0),('23d65ea3-8da3-2a34-9ba1-4f4c66644d71','b1650fff-7c60-be4c-80a1-4f4c66821563','a82b0ea6-ad53-3580-86cb-4f187a545b67',89,'2012-02-28 05:31:43',0),('2403f1b4-3702-ebe8-1b0f-4f4c66ccc022','b1650fff-7c60-be4c-80a1-4f4c66821563','a934120a-aab8-0447-e118-4f187aaef79c',90,'2012-02-28 05:31:43',0),('2432d132-46c8-ba1b-48f6-4f4c66d632f2','b1650fff-7c60-be4c-80a1-4f4c66821563','a8f3f904-096a-1282-e55a-4f187a40872e',90,'2012-02-28 05:31:43',0),('246182fb-b6bc-a6e1-d4a7-4f4c66e1f5f7','b1650fff-7c60-be4c-80a1-4f4c66821563','a9b13da5-d886-d017-906b-4f187aedc7bc',90,'2012-02-28 05:31:43',0),('2493180f-a6dd-168b-5cd9-4f4c665b5b9e','b1650fff-7c60-be4c-80a1-4f4c66821563','a972230d-6028-872d-c77f-4f187a8673db',90,'2012-02-28 05:31:43',0),('24c3fcce-1c88-9b63-bc14-4f4c66d88822','b1650fff-7c60-be4c-80a1-4f4c66821563','a8b5415e-1265-6647-0deb-4f187a961054',90,'2012-02-28 05:31:43',0),('24f24f53-5c21-d403-5dae-4f4c66988bd6','b1650fff-7c60-be4c-80a1-4f4c66821563','a9ef6417-88a9-af0f-ea95-4f187acd0d9e',90,'2012-02-28 05:31:43',0),('252143ee-119f-47c0-1db0-4f4c662707cd','b1650fff-7c60-be4c-80a1-4f4c66821563','a8748cbc-6e8e-6cd4-1757-4f187a3b91fc',90,'2012-02-28 05:31:43',0),('254ea56a-6b1c-3f1d-e130-4f4c66f1462c','b1650fff-7c60-be4c-80a1-4f4c66821563','95152281-a803-0fa6-c323-4f187a78212a',89,'2012-02-28 05:31:43',0),('257c2f92-e9ec-2797-4817-4f4c66abb578','b1650fff-7c60-be4c-80a1-4f4c66821563','961de181-61c3-8e53-31dc-4f187a58b982',90,'2012-02-28 05:31:43',0),('25a90542-8646-113a-1900-4f4c66dde7a9','b1650fff-7c60-be4c-80a1-4f4c66821563','95e0550e-1573-8548-50df-4f187affab7c',90,'2012-02-28 05:31:43',0),('25d7d2f4-a936-3422-1a07-4f4c66122ec1','b1650fff-7c60-be4c-80a1-4f4c66821563','969a9208-7323-ac54-5009-4f187ac57f8c',90,'2012-02-28 05:31:43',0),('26050a9a-6a68-a482-15b7-4f4c66d0187c','b1650fff-7c60-be4c-80a1-4f4c66821563','965be43c-97a4-bad3-c142-4f187acc0b6e',90,'2012-02-28 05:31:43',0),('2631ddbb-92cc-3e3c-f708-4f4c66b5774e','b1650fff-7c60-be4c-80a1-4f4c66821563','959bf1c6-7539-1d8c-e741-4f187a420eef',90,'2012-02-28 05:31:43',0),('265fbdd7-399e-dad5-63aa-4f4c661d59ac','b1650fff-7c60-be4c-80a1-4f4c66821563','96db72a8-e377-424d-35d7-4f187a9f06ed',90,'2012-02-28 05:31:43',0),('268defec-e946-ab3b-024d-4f4c6631aa57','b1650fff-7c60-be4c-80a1-4f4c66821563','955d5509-bea4-bfb2-e74a-4f187a3a5ea8',90,'2012-02-28 05:31:43',0),('26bb4998-b8c6-087f-019c-4f4c663dbaee','b1650fff-7c60-be4c-80a1-4f4c66821563','a8274819-2e5f-d95b-cb6e-4f2ad5e6a238',-98,'2012-02-28 05:31:43',0),('26eb128e-bfd0-68c2-fc0b-4f4c668dd21a','b1650fff-7c60-be4c-80a1-4f4c66821563','a9cb84e1-ab0a-69db-0451-4f2ad5c5eb6d',-99,'2012-02-28 05:31:43',0),('271a34d2-411a-691f-ddbc-4f4c66f7c75f','b1650fff-7c60-be4c-80a1-4f4c66821563','a9853101-2a06-89b3-bf34-4f2ad5e93b4e',-99,'2012-02-28 05:31:43',0),('2748d4dc-b300-628a-8109-4f4c6618c8f2','b1650fff-7c60-be4c-80a1-4f4c66821563','aa5b4811-2528-ebe2-d29a-4f2ad5f0c82b',-99,'2012-02-28 05:31:43',0),('277805c6-ac3a-dd4c-a8f5-4f4c66bd62fd','b1650fff-7c60-be4c-80a1-4f4c66821563','aa12f93c-076c-cc50-da28-4f2ad57ccf45',-99,'2012-02-28 05:31:43',0),('27a67de8-e2a4-5d39-ae84-4f4c66cb2dd3','b1650fff-7c60-be4c-80a1-4f4c66821563','a93d64ea-0939-dc4e-be56-4f2ad5bc7105',-99,'2012-02-28 05:31:43',0),('27d501d3-0d76-9b4f-d0b9-4f4c66f0a428','b1650fff-7c60-be4c-80a1-4f4c66821563','aaa40c75-3257-e59a-da58-4f2ad5e3aef4',-99,'2012-02-28 05:31:43',0),('28034ac9-bbb7-0148-5d2b-4f4c665865ee','b1650fff-7c60-be4c-80a1-4f4c66821563','a8f38991-6736-eab0-1993-4f2ad5b09122',-99,'2012-02-28 05:31:43',0),('2832b918-c364-1dd0-378f-4f4c666c4402','b1650fff-7c60-be4c-80a1-4f4c66821563','199db185-3fdb-aa3f-0e7b-4f187ae56c69',89,'2012-02-28 05:31:43',0),('285f41df-2253-930f-4283-4f4c66e1cfa1','b1650fff-7c60-be4c-80a1-4f4c66821563','1aa08896-a8fd-ee11-7f48-4f187a809293',90,'2012-02-28 05:31:43',0),('288bdd3c-ed18-516d-41e7-4f4c66cc4da6','b1650fff-7c60-be4c-80a1-4f4c66821563','1a64c8bb-9749-ba63-cf15-4f187afea5b9',90,'2012-02-28 05:31:43',0),('28b8753f-e02e-0609-8571-4f4c662742c3','b1650fff-7c60-be4c-80a1-4f4c66821563','1b14e081-3b6a-8e3f-08fd-4f187afe2ec8',90,'2012-02-28 05:31:43',0),('28e54cf9-71b8-086c-5958-4f4c66808f41','b1650fff-7c60-be4c-80a1-4f4c66821563','1ada544d-1882-1c2c-ff27-4f187a156204',90,'2012-02-28 05:31:43',0),('2913002f-1ced-0220-bcec-4f4c664abe3f','b1650fff-7c60-be4c-80a1-4f4c66821563','1a27f8c7-6c03-6e81-c006-4f187af4bac3',90,'2012-02-28 05:31:43',0),('2940da83-8204-5052-42a8-4f4c6677f904','b1650fff-7c60-be4c-80a1-4f4c66821563','1b4f8a66-1f7b-c747-dc30-4f187ac449a5',90,'2012-02-28 05:31:43',0),('29713250-e8db-f572-6511-4f4c66c8586b','b1650fff-7c60-be4c-80a1-4f4c66821563','19e9f8ee-bd5d-4fea-ca65-4f187a70a25a',90,'2012-02-28 05:31:43',0),('29a11aa0-b2ed-7cef-1693-4f4c66f8dce0','b1650fff-7c60-be4c-80a1-4f4c66821563','afe38719-7077-19f0-e4e8-4f187a53b75a',89,'2012-02-28 05:31:43',0),('29d13347-bf12-0ae0-5bf7-4f4c66e5b4b9','b1650fff-7c60-be4c-80a1-4f4c66821563','b0f067cf-4fdc-1a43-c5ca-4f187aefcf91',90,'2012-02-28 05:31:43',0),('2a0238ba-b1ed-2858-c53c-4f4c66b0e018','b1650fff-7c60-be4c-80a1-4f4c66821563','b0b0a6f7-b27f-4465-431b-4f187a317c2a',90,'2012-02-28 05:31:43',0),('2a32067b-cc01-a75e-9286-4f4c66671edc','b1650fff-7c60-be4c-80a1-4f4c66821563','b17133b5-4d1a-769c-37b4-4f187a5c6008',90,'2012-02-28 05:31:43',0),('2a622c6a-38c5-ab10-962a-4f4c66c82c1e','b1650fff-7c60-be4c-80a1-4f4c66821563','b131e029-f856-f644-37ae-4f187aa851d8',90,'2012-02-28 05:31:43',0),('2a90f5ee-8e38-4c4d-d4cc-4f4c6645059a','b1650fff-7c60-be4c-80a1-4f4c66821563','b06ed117-bf8f-890c-0414-4f187a47dceb',90,'2012-02-28 05:31:43',0),('2ac1bb81-4599-ee2c-96a4-4f4c6605aa4d','b1650fff-7c60-be4c-80a1-4f4c66821563','b1b141a4-5663-d6a9-cc31-4f187a3b5965',90,'2012-02-28 05:31:43',0),('2af09271-17c8-15ea-5a4e-4f4c668f04a9','b1650fff-7c60-be4c-80a1-4f4c66821563','b02e045e-9e34-241c-7408-4f187a5e875c',90,'2012-02-28 05:31:43',0),('2b200e4f-128a-19d7-ccc8-4f4c660fe6b1','b1650fff-7c60-be4c-80a1-4f4c66821563','9aa2daa7-e74a-9a23-d1fd-4f187ab2ebe2',89,'2012-02-28 05:31:43',0),('2b4edd26-fde6-58fd-d569-4f4c667840b2','b1650fff-7c60-be4c-80a1-4f4c66821563','9bc53bba-3981-e30e-758b-4f187a14ddd4',90,'2012-02-28 05:31:43',0),('2b7fb1c0-2310-af04-41a6-4f4c66cb3a36','b1650fff-7c60-be4c-80a1-4f4c66821563','9b6baf3b-c93c-ab1e-719f-4f187acbfe1d',90,'2012-02-28 05:31:43',0),('2baf570f-8c91-808d-d41a-4f4c66a31d46','b1650fff-7c60-be4c-80a1-4f4c66821563','9c45c51e-1911-3a19-bfb3-4f187a08985e',90,'2012-02-28 05:31:43',0),('2be23b3f-1694-1fa1-a4a8-4f4c662f0483','b1650fff-7c60-be4c-80a1-4f4c66821563','9c0690eb-579e-d6ea-9311-4f187a64fff1',90,'2012-02-28 05:31:43',0),('2c125936-4d15-7099-f730-4f4c66e1ac64','b1650fff-7c60-be4c-80a1-4f4c66821563','9b2cc777-2ef5-cdaf-0b32-4f187a55e45e',90,'2012-02-28 05:31:43',0),('2c439bf3-5cf3-ddce-d402-4f4c661079f8','b1650fff-7c60-be4c-80a1-4f4c66821563','9c855efb-ad4c-6371-c966-4f187a3e8fcd',90,'2012-02-28 05:31:43',0),('2c73b523-066f-a3a8-0acf-4f4c66f8ad2e','b1650fff-7c60-be4c-80a1-4f4c66821563','9aec9825-db2f-d9ef-fa4d-4f187ab07522',90,'2012-02-28 05:31:43',0),('2ca313d4-5ae2-8bcd-92e7-4f4c663b3db6','b1650fff-7c60-be4c-80a1-4f4c66821563','8c4f033e-f140-3ac5-efe0-4f187ac82a9b',89,'2012-02-28 05:31:43',0),('2cd20ae2-d6be-b31e-6398-4f4c668937cb','b1650fff-7c60-be4c-80a1-4f4c66821563','8d59071a-effc-d39b-a701-4f187abfd08b',90,'2012-02-28 05:31:43',0),('2d00edb1-da64-2faa-9e6f-4f4c6633871f','b1650fff-7c60-be4c-80a1-4f4c66821563','8d194f1d-eeb2-dd76-79f4-4f187a3fdbda',90,'2012-02-28 05:31:43',0),('2d2dcacc-2ce8-20ce-a6eb-4f4c66364c21','b1650fff-7c60-be4c-80a1-4f4c66821563','8dd6094d-d0cb-bd18-b4ae-4f187aef2ff4',90,'2012-02-28 05:31:43',0),('2d519910-7d6b-41dc-77db-4f4c663f1856','b1650fff-7c60-be4c-80a1-4f4c66821563','8d96f5d6-823c-d82d-9fbf-4f187a26275e',90,'2012-02-28 05:31:43',0),('2d756125-4b4c-3d14-790b-4f4c66514e53','b1650fff-7c60-be4c-80a1-4f4c66821563','8cd94831-d4af-cbed-7ff0-4f187afff7b5',90,'2012-02-28 05:31:43',0),('2d999c4d-1e8e-b7d2-c5d1-4f4c6665acb2','b1650fff-7c60-be4c-80a1-4f4c66821563','8e14b86f-7926-04fb-7fef-4f187a292c6a',90,'2012-02-28 05:31:43',0),('2dbda464-a5fd-fedf-041b-4f4c66885948','b1650fff-7c60-be4c-80a1-4f4c66821563','8c991ff5-849f-02f1-e174-4f187a025d3e',90,'2012-02-28 05:31:43',0),('2de2cc11-4156-f5b8-12cc-4f4c6623dabd','b1650fff-7c60-be4c-80a1-4f4c66821563','3d7c2bb6-46d5-2a52-5848-4f187a24745b',89,'2012-02-28 05:31:43',0),('2e06818e-7733-257f-9641-4f4c666611d7','b1650fff-7c60-be4c-80a1-4f4c66821563','3e78b18d-856e-d65f-b7e7-4f187aea37f0',90,'2012-02-28 05:31:43',0),('2e2a1522-7645-c328-6b78-4f4c668440e4','b1650fff-7c60-be4c-80a1-4f4c66821563','3e3cebd5-593d-267a-a9ac-4f187af2ab0c',90,'2012-02-28 05:31:43',0),('2e5186f8-29c8-6204-7c48-4f4c6670c66f','b1650fff-7c60-be4c-80a1-4f4c66821563','3ef2c528-ab9e-da58-a6b0-4f187ae70fc2',90,'2012-02-28 05:31:43',0),('2e7640db-d2b3-663d-5620-4f4c66f7b73a','b1650fff-7c60-be4c-80a1-4f4c66821563','3eb5b3af-d67b-d16e-a041-4f187ac7463c',90,'2012-02-28 05:31:43',0),('2e99f202-7f08-225e-7ecc-4f4c66bb50d0','b1650fff-7c60-be4c-80a1-4f4c66821563','3e00e37b-2b4b-8b59-c701-4f187a2e06c4',90,'2012-02-28 05:31:43',0),('2ebfc35f-3177-c8a0-84a6-4f4c66f7f1ed','b1650fff-7c60-be4c-80a1-4f4c66821563','3f32f026-601a-ab15-7223-4f187a31654d',90,'2012-02-28 05:31:43',0),('2ee5de99-076b-dcd4-80d8-4f4c66d31ca9','b1650fff-7c60-be4c-80a1-4f4c66821563','3dc2844d-408d-3884-47a9-4f187a1fb806',90,'2012-02-28 05:31:43',0),('2f0a5a83-a51a-34eb-8e5d-4f4c66b65090','b1650fff-7c60-be4c-80a1-4f4c66821563','446f4aa6-8538-573c-b019-4f187a45f5a9',89,'2012-02-28 05:31:43',0),('2f2eeab2-e4fe-8088-46cc-4f4c66f208ea','b1650fff-7c60-be4c-80a1-4f4c66821563','4570b3ea-a689-9712-2098-4f187ae64455',90,'2012-02-28 05:31:43',0),('2f5336e7-fa61-6522-fddf-4f4c663e71c4','b1650fff-7c60-be4c-80a1-4f4c66821563','45338d77-f485-3e0b-d8ab-4f187acbf91a',90,'2012-02-28 05:31:43',0),('2f780a61-3902-123c-fa9f-4f4c66a61f78','b1650fff-7c60-be4c-80a1-4f4c66821563','45ff24f2-1ab6-bde7-8e07-4f187a1d4eb5',90,'2012-02-28 05:31:43',0),('2f9ed0d1-4dd8-41ec-f2f2-4f4c661e0a0d','b1650fff-7c60-be4c-80a1-4f4c66821563','45ae3837-80cd-cd24-6400-4f187ad41c27',90,'2012-02-28 05:31:43',0),('2fc49adf-5930-20ce-37ef-4f4c66f63659','b1650fff-7c60-be4c-80a1-4f4c66821563','44f63251-60dc-b410-36c9-4f187abfd819',90,'2012-02-28 05:31:43',0),('2fe8fd2e-bbf6-a1e4-c1b0-4f4c6600ea06','b1650fff-7c60-be4c-80a1-4f4c66821563','4641d2e5-1b07-4b95-2787-4f187a9f6d66',90,'2012-02-28 05:31:43',0),('300c8c6d-d29b-45cb-3f3e-4f4c66374a58','b1650fff-7c60-be4c-80a1-4f4c66821563','44b739ca-61e1-a1cc-a5c0-4f187aac0316',90,'2012-02-28 05:31:43',0),('3030f9ef-b549-a203-8a95-4f4c668e617c','b1650fff-7c60-be4c-80a1-4f4c66821563','5613f595-40ec-950d-3b6f-4f187aead495',89,'2012-02-28 05:31:43',0),('3056f3e5-1f69-b80d-bf08-4f4c66df8bbf','b1650fff-7c60-be4c-80a1-4f4c66821563','5714255c-c4ee-9b95-ae70-4f187ae1f605',90,'2012-02-28 05:31:43',0),('307b98ce-67ce-68a8-05af-4f4c661f2300','b1650fff-7c60-be4c-80a1-4f4c66821563','56d6c82b-1532-326d-7824-4f187ace408a',90,'2012-02-28 05:31:43',0),('30a386b3-19b6-e1cc-2cc8-4f4c66059a2e','b1650fff-7c60-be4c-80a1-4f4c66821563','579864b6-1a82-36cf-7e63-4f187a5ef054',90,'2012-02-28 05:31:43',0),('30c94a69-6a24-efe2-51f2-4f4c66cda800','b1650fff-7c60-be4c-80a1-4f4c66821563','5752cca1-3784-6fd8-9d9c-4f187acba1f8',90,'2012-02-28 05:31:43',0),('30ee4dda-290f-3652-2faf-4f4c664f2481','b1650fff-7c60-be4c-80a1-4f4c66821563','56994cd2-946c-0e5f-2ed5-4f187abef02f',90,'2012-02-28 05:31:43',0),('31130e10-89f2-d70a-a2b1-4f4c66aec48e','b1650fff-7c60-be4c-80a1-4f4c66821563','57d67444-6f11-a44b-478c-4f187a61823b',90,'2012-02-28 05:31:43',0),('3138b49e-3df9-a0d2-6e42-4f4c66959cbd','b1650fff-7c60-be4c-80a1-4f4c66821563','565aabb3-e241-2317-04e3-4f187a12c911',90,'2012-02-28 05:31:43',0),('315f0240-5b18-0ab3-f43b-4f4c66ad7505','b1650fff-7c60-be4c-80a1-4f4c66821563','5d0c3861-dcb8-f06a-bd2e-4f187a8ce24f',89,'2012-02-28 05:31:43',0),('3184a2d7-db38-1ff4-5c67-4f4c66b2a8cf','b1650fff-7c60-be4c-80a1-4f4c66821563','5e105bf4-3229-f803-0555-4f187a69bc15',90,'2012-02-28 05:31:43',0),('31aa38e7-f718-0506-2e41-4f4c66d6457f','b1650fff-7c60-be4c-80a1-4f4c66821563','5dd2fb11-1c6b-948e-0c48-4f187acd9a3d',90,'2012-02-28 05:31:43',0),('31d00467-a306-b737-9dfe-4f4c66d1cf0a','b1650fff-7c60-be4c-80a1-4f4c66821563','5e9bcb06-7e54-992f-a256-4f187a021cdf',90,'2012-02-28 05:31:43',0),('31f8dfc3-7c39-7308-4777-4f4c663f85fd','b1650fff-7c60-be4c-80a1-4f4c66821563','5e5a10ce-837f-822d-2e07-4f187a43828c',90,'2012-02-28 05:31:43',0),('321ebd60-05d2-90c9-f174-4f4c66a52e6d','b1650fff-7c60-be4c-80a1-4f4c66821563','5d93fc78-d7f3-3036-7712-4f187ab037ef',90,'2012-02-28 05:31:43',0),('32454b1d-f10e-56ea-e987-4f4c66decf2c','b1650fff-7c60-be4c-80a1-4f4c66821563','5edee62a-38c7-1525-3bea-4f187a55c466',90,'2012-02-28 05:31:43',0),('326b42b4-f8ca-a4af-b6f4-4f4c660465bd','b1650fff-7c60-be4c-80a1-4f4c66821563','5d55cb6f-f074-07a8-cc8c-4f187af6bab7',90,'2012-02-28 05:31:43',0),('329275a2-c1a2-44b0-10f1-4f4c66d38bf0','b1650fff-7c60-be4c-80a1-4f4c66821563','b734fc6b-92c5-f47d-7654-4f187a09aec0',89,'2012-02-28 05:31:43',0),('32bb0d78-536a-2ae5-c1c9-4f4c66b6ab49','b1650fff-7c60-be4c-80a1-4f4c66821563','b8475715-e9dd-4a9e-ea70-4f187a59883a',90,'2012-02-28 05:31:43',0),('32e30252-63ba-d8cb-9859-4f4c6685da91','b1650fff-7c60-be4c-80a1-4f4c66821563','b8065549-08bf-47b3-0704-4f187a67df84',90,'2012-02-28 05:31:43',0),('330a88f0-45ca-50c8-4921-4f4c66436e70','b1650fff-7c60-be4c-80a1-4f4c66821563','b8c99f6d-f1d3-678f-c7ea-4f187abd3d7d',90,'2012-02-28 05:31:43',0),('333578e5-7645-3a46-3aff-4f4c66c5e7c4','b1650fff-7c60-be4c-80a1-4f4c66821563','b8891343-be9b-9c75-a039-4f187a3043db',90,'2012-02-28 05:31:43',0),('335d07c9-1aa0-4767-75d8-4f4c66226805','b1650fff-7c60-be4c-80a1-4f4c66821563','b7c5ff99-761d-ad42-47f3-4f187a136956',90,'2012-02-28 05:31:43',0),('3384ea52-b385-3984-de07-4f4c66d90004','b1650fff-7c60-be4c-80a1-4f4c66821563','b911188f-e624-77db-1d90-4f187a371afd',90,'2012-02-28 05:31:43',0),('33af0a60-1d6c-8a9e-d038-4f4c669dd907','b1650fff-7c60-be4c-80a1-4f4c66821563','b781daa5-db3e-8eb2-3942-4f187a5c1bc0',90,'2012-02-28 05:31:43',0),('33dd155d-6df6-f9bc-cfc9-4f4c668a96e1','b1650fff-7c60-be4c-80a1-4f4c66821563','34cc8d51-412a-c5cd-4107-4f187a06c3b6',0,'2012-02-28 05:31:43',0),('3403298a-08f3-d01f-51b6-4f4c66abbb10','b1650fff-7c60-be4c-80a1-4f4c66821563','35d230aa-732c-64c8-4661-4f187a9dde95',0,'2012-02-28 05:31:43',0),('3428f559-8837-c3b6-8eae-4f4c66381326','b1650fff-7c60-be4c-80a1-4f4c66821563','3593e844-8d79-93dc-5b55-4f187a8d6056',0,'2012-02-28 05:31:43',0),('344fb0a2-c028-12b6-ca81-4f4c6648639c','b1650fff-7c60-be4c-80a1-4f4c66821563','364f5b50-4f9e-100b-f9e7-4f187ae95b30',0,'2012-02-28 05:31:43',0),('34774ec5-00a3-f416-a9da-4f4c666582ee','b1650fff-7c60-be4c-80a1-4f4c66821563','360e9f48-85f4-9a19-7f40-4f187a611cf3',0,'2012-02-28 05:31:43',0),('349d9d97-5cd3-c956-baa4-4f4c6689ad00','b1650fff-7c60-be4c-80a1-4f4c66821563','35576dee-b036-4a27-8e34-4f187a4b73fa',0,'2012-02-28 05:31:43',0),('34c3d06e-3895-88c0-92f8-4f4c669975db','b1650fff-7c60-be4c-80a1-4f4c66821563','368c8be7-dbab-5bba-9909-4f187a1439ec',0,'2012-02-28 05:31:43',0),('34e9f1bf-dbad-1715-e4fd-4f4c66a91df3','b1650fff-7c60-be4c-80a1-4f4c66821563','3516ff55-bf54-fdac-16cb-4f187a207ce9',0,'2012-02-28 05:31:43',0),('22ad089d-44d1-6020-9e98-4f4c685bfe01','f18a5360-4065-3bb9-30f9-4f4c686f01c2','81e357a6-9d43-7ffc-2251-4f187a3178f1',89,'2012-02-28 05:37:09',0),('256d0acc-9e2a-2228-b304-4f4c68dcdd88','f18a5360-4065-3bb9-30f9-4f4c686f01c2','82e398c0-b9b2-2299-97ad-4f187af815d5',90,'2012-02-28 05:37:09',0),('27c604c9-5fff-cfba-30c1-4f4c68788b81','f18a5360-4065-3bb9-30f9-4f4c686f01c2','82a5e676-add5-1c2f-d4d0-4f187a50ee5a',90,'2012-02-28 05:37:09',0),('2a130476-b0f4-be16-8df6-4f4c68074a0c','f18a5360-4065-3bb9-30f9-4f4c686f01c2','835f43f3-ec76-83e0-b4cb-4f187a870d19',90,'2012-02-28 05:37:09',0),('2c4c04ff-7f8c-7ffc-fbcc-4f4c6841188d','f18a5360-4065-3bb9-30f9-4f4c686f01c2','8320ad50-8471-3f2f-588c-4f187a86b66a',90,'2012-02-28 05:37:09',0),('2eab071e-dcc1-b761-dd90-4f4c68c28d6b','f18a5360-4065-3bb9-30f9-4f4c686f01c2','8268caff-4d38-83c7-8a46-4f187af413ec',90,'2012-02-28 05:37:09',0),('30e5027e-dc4e-3cb8-29a0-4f4c68169a25','f18a5360-4065-3bb9-30f9-4f4c686f01c2','839c644e-a272-9217-3f7c-4f187acf7dee',90,'2012-02-28 05:37:09',0),('333205f6-e762-bf71-e29a-4f4c686f94ff','f18a5360-4065-3bb9-30f9-4f4c686f01c2','822a1815-8b86-436f-23f8-4f187a0748cb',90,'2012-02-28 05:37:09',0),('35880e6b-d062-368e-78bb-4f4c68646fe6','f18a5360-4065-3bb9-30f9-4f4c686f01c2','c36b5ed0-65d3-342a-cb95-4f297d13b5f3',89,'2012-02-28 05:37:09',0),('37dd09c2-874f-8cf5-aa23-4f4c683ecb59','f18a5360-4065-3bb9-30f9-4f4c686f01c2','c4e8a4bd-df3e-f04a-7620-4f297d0fb152',90,'2012-02-28 05:37:09',0),('3a86079e-bd58-adf7-35c3-4f4c685ea91e','f18a5360-4065-3bb9-30f9-4f4c686f01c2','c4a4e0d2-cb74-9ff9-2230-4f297d4435e6',90,'2012-02-28 05:37:09',0),('3cce0857-9acb-dc0e-0524-4f4c687ef140','f18a5360-4065-3bb9-30f9-4f4c686f01c2','c56dc120-e43f-f700-6351-4f297d8b61fc',90,'2012-02-28 05:37:09',0),('3f2d067d-c31e-1129-9d78-4f4c68d5ce45','f18a5360-4065-3bb9-30f9-4f4c686f01c2','c52b1761-16d4-6dfc-32a4-4f297d731cf0',90,'2012-02-28 05:37:09',0),('41940145-2a3b-7a2b-9bad-4f4c689d0148','f18a5360-4065-3bb9-30f9-4f4c686f01c2','c461fcd1-16f0-061d-91b0-4f297dcc2030',90,'2012-02-28 05:37:09',0),('43ef0adc-09a5-e268-c969-4f4c68a1f212','f18a5360-4065-3bb9-30f9-4f4c686f01c2','c5b6e06b-4d2d-f28b-c266-4f297d4d52dc',90,'2012-02-28 05:37:09',0),('464a0e81-b8c5-9307-130f-4f4c68585b13','f18a5360-4065-3bb9-30f9-4f4c686f01c2','c41c70eb-cf6e-5cda-ae2f-4f297d14a871',90,'2012-02-28 05:37:09',0),('48aa0e37-bd82-fcd0-a7ac-4f4c688b321e','f18a5360-4065-3bb9-30f9-4f4c686f01c2','cc305053-03ad-cdd5-d204-4f297da68cad',-98,'2012-02-28 05:37:09',0),('4b1e0642-20a1-027c-feb7-4f4c681b4314','f18a5360-4065-3bb9-30f9-4f4c686f01c2','cd4aa0ad-9121-5e5d-90e4-4f297d1c3aeb',-99,'2012-02-28 05:37:09',0),('4d910063-f12a-4de0-e7d7-4f4c68bd5ccc','f18a5360-4065-3bb9-30f9-4f4c686f01c2','cd066e16-c4db-3332-8384-4f297d99d0c1',-99,'2012-02-28 05:37:09',0),('4ffa01e5-39c5-c221-06f1-4f4c6819c335','f18a5360-4065-3bb9-30f9-4f4c686f01c2','cdd5d812-62dc-1053-6b9b-4f297df60291',-99,'2012-02-28 05:37:09',0),('52670833-107b-821d-5225-4f4c68b513eb','f18a5360-4065-3bb9-30f9-4f4c686f01c2','cd8f52ea-4c44-f78f-a1ae-4f297dbf3bbd',-99,'2012-02-28 05:37:09',0),('54e00ffb-86fe-1da3-918c-4f4c68adbcf6','f18a5360-4065-3bb9-30f9-4f4c686f01c2','ccbf6490-2f9d-be3c-242b-4f297d568fc7',-99,'2012-02-28 05:37:09',0),('573a0764-2cc8-f94b-1f69-4f4c68956e0a','f18a5360-4065-3bb9-30f9-4f4c686f01c2','ce1b287a-ca06-775e-ab27-4f297d9e3f33',-99,'2012-02-28 05:37:09',0),('59a008e3-3a57-38ff-da49-4f4c681a7edf','f18a5360-4065-3bb9-30f9-4f4c686f01c2','cc7ba872-4e55-dc6f-622a-4f297d757f7e',-99,'2012-02-28 05:37:09',0),('5bfc0efc-9254-0eb0-804c-4f4c68119f5a','f18a5360-4065-3bb9-30f9-4f4c686f01c2','d3f46248-0160-ec23-9f42-4f297dd0c3f4',89,'2012-02-28 05:37:09',0),('5e560888-1654-3503-0183-4f4c68fc9d5f','f18a5360-4065-3bb9-30f9-4f4c686f01c2','d51079d7-f27f-b03b-acf3-4f297de81f06',90,'2012-02-28 05:37:09',0),('60d20b4e-aa5c-0bc1-c978-4f4c68a26ef2','f18a5360-4065-3bb9-30f9-4f4c686f01c2','d4cb60a3-8e3c-0bd0-eade-4f297d265a6f',90,'2012-02-28 05:37:09',0),('632e0845-2c22-69dd-3e37-4f4c6843f434','f18a5360-4065-3bb9-30f9-4f4c686f01c2','d59acb65-144f-ba9d-0901-4f297d291100',90,'2012-02-28 05:37:09',0),('65820bb1-6ec1-f5d4-f39d-4f4c68f31b31','f18a5360-4065-3bb9-30f9-4f4c686f01c2','d554bdf9-77b5-95e0-0325-4f297ddfdf44',90,'2012-02-28 05:37:09',0),('67d40d13-b1f1-c3ec-9b71-4f4c68344817','f18a5360-4065-3bb9-30f9-4f4c686f01c2','d486ce9e-ddd5-7a42-8a08-4f297db447fb',90,'2012-02-28 05:37:09',0),('6a24031a-264e-594b-147a-4f4c68a08fa4','f18a5360-4065-3bb9-30f9-4f4c686f01c2','d5df6e52-eadb-6abf-b09b-4f297d8062ec',90,'2012-02-28 05:37:09',0),('6c970ef1-626e-0704-7020-4f4c685a26b6','f18a5360-4065-3bb9-30f9-4f4c686f01c2','d4429a75-1629-6029-e233-4f297d6adefe',90,'2012-02-28 05:37:09',0),('6f010598-dee4-bc74-1a9d-4f4c68c98f98','f18a5360-4065-3bb9-30f9-4f4c686f01c2','db30aea4-0197-e4c1-b7e3-4f297d44a577',89,'2012-02-28 05:37:09',0),('7157086b-3854-92bb-b490-4f4c6887736c','f18a5360-4065-3bb9-30f9-4f4c686f01c2','dc4b7d9c-a926-ec02-8ea6-4f297d4cf6ea',90,'2012-02-28 05:37:09',0),('73c80a4d-4497-24d8-3b6c-4f4c68ae9da1','f18a5360-4065-3bb9-30f9-4f4c686f01c2','dc05e29b-067b-773c-e40f-4f297dec3fc7',90,'2012-02-28 05:37:09',0),('760a045a-e12a-5884-9f0d-4f4c684c03d4','f18a5360-4065-3bb9-30f9-4f4c686f01c2','dcd50ff8-39c9-1052-92d0-4f297d4a2115',90,'2012-02-28 05:37:09',0),('785109e2-9d10-a61a-11d7-4f4c68b70608','f18a5360-4065-3bb9-30f9-4f4c686f01c2','dc8f7deb-c89e-1257-cb61-4f297d740b1c',90,'2012-02-28 05:37:09',0),('7aa7098a-6bfc-02a6-1ad0-4f4c68a481ff','f18a5360-4065-3bb9-30f9-4f4c686f01c2','dbc15454-7d78-120b-6501-4f297dea8e48',90,'2012-02-28 05:37:09',0),('7cf8052a-1685-ceff-fc33-4f4c68c46ea7','f18a5360-4065-3bb9-30f9-4f4c686f01c2','dd1977d9-b3cc-e231-f623-4f297d705099',90,'2012-02-28 05:37:09',0),('7f5e06a6-7b7d-8e15-6250-4f4c68af1865','f18a5360-4065-3bb9-30f9-4f4c686f01c2','db796411-c3f2-315e-e619-4f297d6de0b8',90,'2012-02-28 05:37:09',0),('81bf005e-4aca-873b-9319-4f4c687b5f64','f18a5360-4065-3bb9-30f9-4f4c686f01c2','e314fb83-9cf8-15a0-4629-4f297dfe6655',89,'2012-02-28 05:37:09',0),('842d063a-575f-7673-e777-4f4c686b68f3','f18a5360-4065-3bb9-30f9-4f4c686f01c2','e43dd068-5565-041d-0ea2-4f297d0e4f42',90,'2012-02-28 05:37:09',0),('86a3097b-18b2-3a47-2032-4f4c686a63b8','f18a5360-4065-3bb9-30f9-4f4c686f01c2','e3f5917f-934a-78d9-0888-4f297d17082f',90,'2012-02-28 05:37:09',0),('89100164-9da3-c824-5464-4f4c687abb67','f18a5360-4065-3bb9-30f9-4f4c686f01c2','e4d26653-f7d3-cb32-db9a-4f297d038e6f',90,'2012-02-28 05:37:09',0),('8b7f00fa-5e23-8729-7fdd-4f4c687aec9c','f18a5360-4065-3bb9-30f9-4f4c686f01c2','e489d1a2-62ae-920a-8398-4f297d8de473',90,'2012-02-28 05:37:09',0),('8def002f-c449-2694-4350-4f4c688855e5','f18a5360-4065-3bb9-30f9-4f4c686f01c2','e3ad05e2-67dd-0ef9-6e50-4f297d2033e3',90,'2012-02-28 05:37:09',0),('9058010d-64e6-22c4-7bbc-4f4c689583c3','f18a5360-4065-3bb9-30f9-4f4c686f01c2','e51ae478-913e-0e98-9274-4f297d4d411e',90,'2012-02-28 05:37:09',0),('92d80987-fd5a-2acc-6039-4f4c68ca8c32','f18a5360-4065-3bb9-30f9-4f4c686f01c2','e365af28-ff3b-8cd1-a2c3-4f297d220249',90,'2012-02-28 05:37:09',0),('95550ee7-7520-2ca9-d947-4f4c686695fa','f18a5360-4065-3bb9-30f9-4f4c686f01c2','ebf51108-5417-0986-1d7c-4f297df5f38a',89,'2012-02-28 05:37:09',0),('97c4023a-5ab2-b090-3973-4f4c68d603d9','f18a5360-4065-3bb9-30f9-4f4c686f01c2','ed27a1e3-8fbd-f294-308f-4f297d869d69',90,'2012-02-28 05:37:09',0),('9a6c0945-eb6d-92c0-226d-4f4c6887be20','f18a5360-4065-3bb9-30f9-4f4c686f01c2','ece061d2-0260-6c8b-3c23-4f297d713750',90,'2012-02-28 05:37:09',0),('9cf008e5-8592-4b09-5605-4f4c680fd797','f18a5360-4065-3bb9-30f9-4f4c686f01c2','edb5511c-7c23-c366-57fc-4f297d01d0c9',90,'2012-02-28 05:37:09',0),('9f7201b5-d770-797c-8f04-4f4c68ebf525','f18a5360-4065-3bb9-30f9-4f4c686f01c2','ed6f745f-64fe-4a3c-1139-4f297db956f3',90,'2012-02-28 05:37:09',0),('a20504e8-6e62-2871-5fc7-4f4c68af97e5','f18a5360-4065-3bb9-30f9-4f4c686f01c2','ec942a18-a550-9b2d-b1ca-4f297d3ed16f',90,'2012-02-28 05:37:09',0),('a46e0511-7195-9a05-acdf-4f4c689a7313','f18a5360-4065-3bb9-30f9-4f4c686f01c2','edfe9d0b-730b-d1ed-18f3-4f297dac2c5d',90,'2012-02-28 05:37:09',0),('a6f10613-8da9-1724-518a-4f4c68ef3dbc','f18a5360-4065-3bb9-30f9-4f4c686f01c2','ec4a69e4-40a9-ad83-25b9-4f297d0c7cbc',90,'2012-02-28 05:37:09',0),('a95e09bc-55a7-03c5-0cca-4f4c68979718','f18a5360-4065-3bb9-30f9-4f4c686f01c2','2c19d3de-62a2-a0d3-23a0-4f187ad58883',-98,'2012-02-28 05:37:09',0),('abbb04a7-0e36-6892-d74f-4f4c6895c30d','f18a5360-4065-3bb9-30f9-4f4c686f01c2','2d1a1eb9-4bb9-2679-c215-4f187a1aea2d',-99,'2012-02-28 05:37:09',0),('ae4401f5-6306-fd8c-9992-4f4c68579609','f18a5360-4065-3bb9-30f9-4f4c686f01c2','2cd7e68a-69ed-22a0-03e0-4f187af7fcdf',-99,'2012-02-28 05:37:09',0),('b0ca0b53-6b57-630d-988f-4f4c684fdad4','f18a5360-4065-3bb9-30f9-4f4c686f01c2','2d937057-174a-4777-8469-4f187a61691c',-99,'2012-02-28 05:37:09',0),('b3310e53-95e2-8241-9c26-4f4c689a7475','f18a5360-4065-3bb9-30f9-4f4c686f01c2','2d563477-d44f-b0b8-68ee-4f187ad58555',-99,'2012-02-28 05:37:09',0),('b5910c50-9365-5fee-4065-4f4c68b45592','f18a5360-4065-3bb9-30f9-4f4c686f01c2','2c9b9543-d6da-ab5c-4d94-4f187a82c7d5',-99,'2012-02-28 05:37:09',0),('b7fb03bc-36a1-93bd-f971-4f4c68e180e3','f18a5360-4065-3bb9-30f9-4f4c686f01c2','2dcf7465-366d-5184-23d3-4f187a91dee4',-99,'2012-02-28 05:37:09',0),('ba6e053e-558d-bb6d-0c3f-4f4c68789c77','f18a5360-4065-3bb9-30f9-4f4c686f01c2','2c60595e-060f-b7fb-a8e0-4f187a1894a2',-99,'2012-02-28 05:37:09',0),('bcd70283-7bc7-2247-6f99-4f4c68ae4b26','f18a5360-4065-3bb9-30f9-4f4c686f01c2','a11674cc-0d06-f6e8-72a4-4f187aede5b2',89,'2012-02-28 05:37:09',0),('bf4d083d-83b0-d7b8-0f2f-4f4c681c6fc6','f18a5360-4065-3bb9-30f9-4f4c686f01c2','a216bfef-adf2-b675-8889-4f187aaf5ca8',90,'2012-02-28 05:37:09',0),('c20309c6-5885-0859-cc77-4f4c686da73c','f18a5360-4065-3bb9-30f9-4f4c686f01c2','a1d8d61c-fe5e-dbac-d13f-4f187ad304d1',90,'2012-02-28 05:37:09',0),('c4750e26-137e-d663-3701-4f4c68c1f4bd','f18a5360-4065-3bb9-30f9-4f4c686f01c2','a2917dfc-93b2-a9a4-897e-4f187adf37aa',90,'2012-02-28 05:37:09',0),('c6e4037e-d04f-332d-cb41-4f4c6809b842','f18a5360-4065-3bb9-30f9-4f4c686f01c2','a2541575-ffd5-1b02-e8be-4f187a801028',90,'2012-02-28 05:37:09',0),('c9630443-d4fa-6479-2153-4f4c68168e6e','f18a5360-4065-3bb9-30f9-4f4c686f01c2','a19be553-40e1-84e0-c12d-4f187a0eaf04',90,'2012-02-28 05:37:09',0),('cbd706eb-247e-8217-647a-4f4c680e9bdf','f18a5360-4065-3bb9-30f9-4f4c686f01c2','a2cfa149-e007-d97b-84a6-4f187ae5b789',90,'2012-02-28 05:37:09',0),('ce5a0ec7-bc00-c089-3935-4f4c68df2fd5','f18a5360-4065-3bb9-30f9-4f4c686f01c2','a15e06b2-c578-95da-efa5-4f187ab07ab3',90,'2012-02-28 05:37:09',0),('d0d70a19-4630-c25f-085e-4f4c680da535','f18a5360-4065-3bb9-30f9-4f4c686f01c2','4da5f44c-d06d-4a54-dcd9-4f187aca772d',-98,'2012-02-28 05:37:09',0),('d34c0ccb-e95d-f8a8-7242-4f4c68c8c181','f18a5360-4065-3bb9-30f9-4f4c686f01c2','4ea34d79-463d-8f10-0958-4f187a4aec7d',-99,'2012-02-28 05:37:09',0),('d5de00c2-16c0-54db-fa8a-4f4c68c4515d','f18a5360-4065-3bb9-30f9-4f4c686f01c2','4e6737fd-3b06-1e7e-d856-4f187a9f9c5b',-99,'2012-02-28 05:37:09',0),('d8560ebf-cb43-0c3b-720a-4f4c68050ef5','f18a5360-4065-3bb9-30f9-4f4c686f01c2','4f1bf7a6-1a5c-6db1-59d5-4f187a2b9eca',-99,'2012-02-28 05:37:09',0),('dacd0be3-bf1f-24fc-71ec-4f4c6861cc84','f18a5360-4065-3bb9-30f9-4f4c686f01c2','4edef993-92ab-6f1f-4849-4f187ad9cad4',-99,'2012-02-28 05:37:09',0),('dd400d7a-b8dc-d0a7-9425-4f4c6866413b','f18a5360-4065-3bb9-30f9-4f4c686f01c2','4e2a2abb-14f6-c10c-d69f-4f187ada19f8',-99,'2012-02-28 05:37:09',0),('dfb508ad-f1e1-678f-8d25-4f4c68827694','f18a5360-4065-3bb9-30f9-4f4c686f01c2','4f586112-1fc9-806e-2864-4f187af50dfa',-99,'2012-02-28 05:37:09',0),('e23b076d-b591-4423-a7a5-4f4c687c2adc','f18a5360-4065-3bb9-30f9-4f4c686f01c2','4ded800a-af66-19d4-de9f-4f187a315058',-99,'2012-02-28 05:37:09',0),('e4ae0d66-d0e7-89cc-22fb-4f4c683a2321','f18a5360-4065-3bb9-30f9-4f4c686f01c2','2325e5f0-abc4-eafd-91e7-4f187a6ef30e',89,'2012-02-28 05:37:09',0),('e7420b5c-474e-0777-d2eb-4f4c68ecf19b','f18a5360-4065-3bb9-30f9-4f4c686f01c2','24219b13-abb5-c859-2dfd-4f187acb4b94',90,'2012-02-28 05:37:09',0),('e9bb086e-263a-235c-5313-4f4c6849f0f7','f18a5360-4065-3bb9-30f9-4f4c686f01c2','23e162db-6831-9454-ae2f-4f187a5eca7f',90,'2012-02-28 05:37:09',0),('ec2b0503-064d-ad67-3fdf-4f4c68bc0fc5','f18a5360-4065-3bb9-30f9-4f4c686f01c2','249b6c31-0408-f3b9-44ea-4f187acaa72e',90,'2012-02-28 05:37:09',0),('ee9c05f5-fa45-36b3-d117-4f4c6817c5a2','f18a5360-4065-3bb9-30f9-4f4c686f01c2','2460bb7c-7f52-620a-1714-4f187a39538a',90,'2012-02-28 05:37:09',0),('f1220c19-ae2e-a1aa-1c25-4f4c68a2be06','f18a5360-4065-3bb9-30f9-4f4c686f01c2','23a30193-2217-0ae1-b7b4-4f187a00420b',90,'2012-02-28 05:37:09',0),('f3a00e3f-9604-6513-b1a9-4f4c68a9e66f','f18a5360-4065-3bb9-30f9-4f4c686f01c2','24d72aea-7f23-d261-4a4e-4f187a674603',90,'2012-02-28 05:37:09',0),('f62c00dc-8a24-c130-6ae0-4f4c6850d7d2','f18a5360-4065-3bb9-30f9-4f4c686f01c2','2367da32-6a88-c9d3-8e0c-4f187ab6121a',90,'2012-02-28 05:37:09',0),('f8b20ab2-07a3-7ccc-3acb-4f4c68b040ab','f18a5360-4065-3bb9-30f9-4f4c686f01c2','773228d2-77d9-7016-c678-4f187ab03d72',89,'2012-02-28 05:37:09',0),('fb3602d1-d375-02a6-8faa-4f4c68447b84','f18a5360-4065-3bb9-30f9-4f4c686f01c2','7836584d-ed9b-6166-0b34-4f187a5a537e',90,'2012-02-28 05:37:09',0),('fdd30a99-ae3d-5372-6a90-4f4c68d217b3','f18a5360-4065-3bb9-30f9-4f4c686f01c2','77f9ef1f-8fbf-4b64-1b20-4f187a1fae0f',90,'2012-02-28 05:37:09',0),('10064d55-2f4d-1759-ea17-4f4c68c20095','f18a5360-4065-3bb9-30f9-4f4c686f01c2','78b48600-03f9-0bd9-89ab-4f187a9935f3',90,'2012-02-28 05:37:09',0),('102f3653-2f33-9f35-419d-4f4c68eed50c','f18a5360-4065-3bb9-30f9-4f4c686f01c2','78739b0b-cb0c-2a29-3c27-4f187a75b57c',90,'2012-02-28 05:37:09',0),('105867f5-4bc6-c846-bfa3-4f4c680d0ffc','f18a5360-4065-3bb9-30f9-4f4c686f01c2','77b8e1b9-3eae-0c33-4346-4f187ac3b1d8',90,'2012-02-28 05:37:09',0),('1082ff23-9936-410f-2a2e-4f4c68768873','f18a5360-4065-3bb9-30f9-4f4c686f01c2','78f13d53-faa1-e3a9-e5c9-4f187addb73e',90,'2012-02-28 05:37:09',0),('10ac2701-ec7e-7d40-5885-4f4c68573dd2','f18a5360-4065-3bb9-30f9-4f4c686f01c2','777b08f6-0d74-941a-d6b4-4f187adb02c6',90,'2012-02-28 05:37:09',0),('10d49ca7-1d9a-0bfb-afd4-4f4c6827b102','f18a5360-4065-3bb9-30f9-4f4c686f01c2','d4680a04-3c30-a954-6305-4f187ac4e46e',-98,'2012-02-28 05:37:09',0),('110002a3-7d05-5cb3-bb8f-4f4c6831e801','f18a5360-4065-3bb9-30f9-4f4c686f01c2','d57398a6-3ca7-0cef-72a5-4f187ad01135',-99,'2012-02-28 05:37:09',0),('1127f10c-5cd2-ca5d-14c4-4f4c6832f83f','f18a5360-4065-3bb9-30f9-4f4c686f01c2','d533d702-a286-97a4-9281-4f187a218210',-99,'2012-02-28 05:37:09',0),('115000be-499e-4026-a804-4f4c68899f6d','f18a5360-4065-3bb9-30f9-4f4c686f01c2','d5f3abc8-e04f-eb79-7097-4f187ae65643',-99,'2012-02-28 05:37:09',0),('11795c51-5327-b538-9b14-4f4c68543a1f','f18a5360-4065-3bb9-30f9-4f4c686f01c2','d5b51e4d-cd0c-9945-d07a-4f187af7731a',-99,'2012-02-28 05:37:09',0),('11a29f57-c6c7-4e65-5544-4f4c688ec377','f18a5360-4065-3bb9-30f9-4f4c686f01c2','d4f4ed66-bbd6-c91e-f611-4f187a18e715',-99,'2012-02-28 05:37:09',0),('11cbaa54-adbf-6e80-e63d-4f4c682d94d9','f18a5360-4065-3bb9-30f9-4f4c686f01c2','d63416fb-1193-cb6e-10ed-4f187aad6faa',-99,'2012-02-28 05:37:09',0),('11f4cf74-2e9a-8bba-df8d-4f4c68265f83','f18a5360-4065-3bb9-30f9-4f4c686f01c2','d4b36e3a-9f82-747a-02cb-4f187a7ebc72',-99,'2012-02-28 05:37:09',0),('121f046e-690d-fa04-1582-4f4c686de568','f18a5360-4065-3bb9-30f9-4f4c686f01c2','f18a7248-9a8f-f376-dc8d-4f187a87e921',-98,'2012-02-28 05:37:09',0),('124a3a09-ef4a-4605-d5fa-4f4c68c5cc4c','f18a5360-4065-3bb9-30f9-4f4c686f01c2','f295762b-7be3-29bc-d6da-4f187a42021e',-99,'2012-02-28 05:37:09',0),('12726b43-22e3-46a7-8798-4f4c68be68f5','f18a5360-4065-3bb9-30f9-4f4c686f01c2','f255899d-54ef-4d0d-f924-4f187a4eac04',-99,'2012-02-28 05:37:09',0),('129b2f50-ec35-cdb0-5833-4f4c68abfd66','f18a5360-4065-3bb9-30f9-4f4c686f01c2','f31478e3-5425-ed25-26c5-4f187a68b2bc',-99,'2012-02-28 05:37:09',0),('12c3fd16-b8bd-5cab-98a3-4f4c68a43341','f18a5360-4065-3bb9-30f9-4f4c686f01c2','f2d5b5c7-e30a-ef0d-71f3-4f187aa7b210',-99,'2012-02-28 05:37:09',0),('12ed7701-a457-e2eb-f93a-4f4c68501cae','f18a5360-4065-3bb9-30f9-4f4c686f01c2','f216fd0e-1cd0-ae8d-2a7c-4f187a5738a9',-99,'2012-02-28 05:37:09',0),('1316daf5-860b-331f-c9a0-4f4c68f6f413','f18a5360-4065-3bb9-30f9-4f4c686f01c2','f3537070-b1a7-c92c-9f92-4f187ac4b5a1',-99,'2012-02-28 05:37:09',0),('133f99c4-c422-a0a0-aece-4f4c6899ad08','f18a5360-4065-3bb9-30f9-4f4c686f01c2','f1d38526-44d0-b7ad-d2c7-4f187a572dab',-99,'2012-02-28 05:37:09',0),('136e791d-47c0-2b4c-1db7-4f4c6863c644','f18a5360-4065-3bb9-30f9-4f4c686f01c2','63a846e6-7e23-4d23-8ab4-4f187ac577f2',-98,'2012-02-28 05:37:09',0),('13998456-adea-8963-12a9-4f4c6890f2e9','f18a5360-4065-3bb9-30f9-4f4c686f01c2','64a29b10-fc19-368e-58ef-4f187a366dc7',-99,'2012-02-28 05:37:09',0),('13c3c483-c895-1d66-7f65-4f4c6889818a','f18a5360-4065-3bb9-30f9-4f4c686f01c2','64662f44-771e-0338-f646-4f187a878408',-99,'2012-02-28 05:37:09',0),('13ee06aa-fd2b-c25c-a9a0-4f4c68178daf','f18a5360-4065-3bb9-30f9-4f4c686f01c2','651c8355-2a8b-d645-c0fc-4f187a5d68cb',-99,'2012-02-28 05:37:09',0),('1418aec1-3cb9-7172-9eb5-4f4c683bb96e','f18a5360-4065-3bb9-30f9-4f4c686f01c2','64decda2-37d2-79cb-9f3c-4f187a71d08a',-99,'2012-02-28 05:37:09',0),('1441a1f9-7f6e-2474-712b-4f4c68d94ff5','f18a5360-4065-3bb9-30f9-4f4c686f01c2','64290ec1-f4a6-07a8-67db-4f187acbff27',-99,'2012-02-28 05:37:09',0),('146a2ecc-dcf9-e46d-256d-4f4c687d0eeb','f18a5360-4065-3bb9-30f9-4f4c686f01c2','6558ebec-e643-3e9e-5d2c-4f187ae28a9d',-99,'2012-02-28 05:37:09',0),('14952ad2-bc4f-ce47-95c7-4f4c68970b30','f18a5360-4065-3bb9-30f9-4f4c686f01c2','63ebf31d-ed1c-08ce-a9cc-4f187af5c125',-99,'2012-02-28 05:37:09',0),('14c0662b-7ac4-bff3-c70c-4f4c68a56b19','f18a5360-4065-3bb9-30f9-4f4c686f01c2','a82b0ea6-ad53-3580-86cb-4f187a545b67',89,'2012-02-28 05:37:09',0),('14ea3105-e8de-93da-d852-4f4c689759d2','f18a5360-4065-3bb9-30f9-4f4c686f01c2','a934120a-aab8-0447-e118-4f187aaef79c',90,'2012-02-28 05:37:09',0),('1514564b-0bc8-3f1a-50fd-4f4c68c6a782','f18a5360-4065-3bb9-30f9-4f4c686f01c2','a8f3f904-096a-1282-e55a-4f187a40872e',90,'2012-02-28 05:37:09',0),('15402405-6557-b899-2734-4f4c681f6a43','f18a5360-4065-3bb9-30f9-4f4c686f01c2','a9b13da5-d886-d017-906b-4f187aedc7bc',90,'2012-02-28 05:37:09',0),('156b5881-e73f-02ea-7f2b-4f4c68ed57ee','f18a5360-4065-3bb9-30f9-4f4c686f01c2','a972230d-6028-872d-c77f-4f187a8673db',90,'2012-02-28 05:37:09',0),('15981c06-fe80-a4d4-7ac3-4f4c6898a38c','f18a5360-4065-3bb9-30f9-4f4c686f01c2','a8b5415e-1265-6647-0deb-4f187a961054',90,'2012-02-28 05:37:09',0),('15c379a7-872e-dd8c-988f-4f4c68c47f4f','f18a5360-4065-3bb9-30f9-4f4c686f01c2','a9ef6417-88a9-af0f-ea95-4f187acd0d9e',90,'2012-02-28 05:37:09',0),('15f2b8b0-15b1-6531-a1e1-4f4c68c8aa42','f18a5360-4065-3bb9-30f9-4f4c686f01c2','a8748cbc-6e8e-6cd4-1757-4f187a3b91fc',90,'2012-02-28 05:37:09',0),('161c53bb-c62a-104f-c452-4f4c68eb7920','f18a5360-4065-3bb9-30f9-4f4c686f01c2','95152281-a803-0fa6-c323-4f187a78212a',89,'2012-02-28 05:37:09',0),('16459d2d-f396-40a6-e709-4f4c68dee1c6','f18a5360-4065-3bb9-30f9-4f4c686f01c2','961de181-61c3-8e53-31dc-4f187a58b982',90,'2012-02-28 05:37:09',0),('166ec096-8e23-3d7a-2cc6-4f4c6861b0b6','f18a5360-4065-3bb9-30f9-4f4c686f01c2','95e0550e-1573-8548-50df-4f187affab7c',90,'2012-02-28 05:37:09',0),('1699a2cd-28b8-b18a-66c5-4f4c6883b496','f18a5360-4065-3bb9-30f9-4f4c686f01c2','969a9208-7323-ac54-5009-4f187ac57f8c',90,'2012-02-28 05:37:09',0),('16c3c184-3b39-8b5e-f917-4f4c68f8a719','f18a5360-4065-3bb9-30f9-4f4c686f01c2','965be43c-97a4-bad3-c142-4f187acc0b6e',90,'2012-02-28 05:37:09',0),('16ed763b-1e72-d2e3-92f4-4f4c68b55b64','f18a5360-4065-3bb9-30f9-4f4c686f01c2','959bf1c6-7539-1d8c-e741-4f187a420eef',90,'2012-02-28 05:37:09',0),('17195bda-d759-9abd-7721-4f4c68d3ba66','f18a5360-4065-3bb9-30f9-4f4c686f01c2','96db72a8-e377-424d-35d7-4f187a9f06ed',90,'2012-02-28 05:37:09',0),('174306a8-29e5-867d-cc63-4f4c6815a5eb','f18a5360-4065-3bb9-30f9-4f4c686f01c2','955d5509-bea4-bfb2-e74a-4f187a3a5ea8',90,'2012-02-28 05:37:09',0),('176caa40-6dd6-63f1-6a0c-4f4c68abc669','f18a5360-4065-3bb9-30f9-4f4c686f01c2','a8274819-2e5f-d95b-cb6e-4f2ad5e6a238',-98,'2012-02-28 05:37:09',0),('1796139c-ed04-8f1d-da1a-4f4c6816b2a2','f18a5360-4065-3bb9-30f9-4f4c686f01c2','a9cb84e1-ab0a-69db-0451-4f2ad5c5eb6d',-99,'2012-02-28 05:37:09',0),('17c15ad7-1557-f06b-65d1-4f4c68e7b66c','f18a5360-4065-3bb9-30f9-4f4c686f01c2','a9853101-2a06-89b3-bf34-4f2ad5e93b4e',-99,'2012-02-28 05:37:09',0),('17ed34d8-f301-cdb6-4693-4f4c68c18187','f18a5360-4065-3bb9-30f9-4f4c686f01c2','aa5b4811-2528-ebe2-d29a-4f2ad5f0c82b',-99,'2012-02-28 05:37:09',0),('1817bd38-18bd-5156-8924-4f4c68fa45fb','f18a5360-4065-3bb9-30f9-4f4c686f01c2','aa12f93c-076c-cc50-da28-4f2ad57ccf45',-99,'2012-02-28 05:37:09',0),('18450e08-362f-d28f-aa57-4f4c68d34380','f18a5360-4065-3bb9-30f9-4f4c686f01c2','a93d64ea-0939-dc4e-be56-4f2ad5bc7105',-99,'2012-02-28 05:37:09',0),('187076e9-f3e5-a16f-26cb-4f4c684e8187','f18a5360-4065-3bb9-30f9-4f4c686f01c2','aaa40c75-3257-e59a-da58-4f2ad5e3aef4',-99,'2012-02-28 05:37:09',0),('189b4aaf-9803-4f49-4014-4f4c688fef7e','f18a5360-4065-3bb9-30f9-4f4c686f01c2','a8f38991-6736-eab0-1993-4f2ad5b09122',-99,'2012-02-28 05:37:09',0),('18c5c96f-d31e-79c9-2661-4f4c68e15dd3','f18a5360-4065-3bb9-30f9-4f4c686f01c2','199db185-3fdb-aa3f-0e7b-4f187ae56c69',89,'2012-02-28 05:37:09',0),('18ef7597-75dd-4105-92bd-4f4c68c8cf5b','f18a5360-4065-3bb9-30f9-4f4c686f01c2','1aa08896-a8fd-ee11-7f48-4f187a809293',90,'2012-02-28 05:37:09',0),('1918e16b-1912-74dc-59de-4f4c68b57b30','f18a5360-4065-3bb9-30f9-4f4c686f01c2','1a64c8bb-9749-ba63-cf15-4f187afea5b9',90,'2012-02-28 05:37:09',0),('1942b1f0-5321-7524-7402-4f4c68c699ae','f18a5360-4065-3bb9-30f9-4f4c686f01c2','1b14e081-3b6a-8e3f-08fd-4f187afe2ec8',90,'2012-02-28 05:37:09',0),('197074a3-6f00-917d-da18-4f4c685b8874','f18a5360-4065-3bb9-30f9-4f4c686f01c2','1ada544d-1882-1c2c-ff27-4f187a156204',90,'2012-02-28 05:37:09',0),('199d04e7-569d-d501-5b86-4f4c688321da','f18a5360-4065-3bb9-30f9-4f4c686f01c2','1a27f8c7-6c03-6e81-c006-4f187af4bac3',90,'2012-02-28 05:37:09',0),('19c69366-c77e-7a6d-ac0a-4f4c68ce9797','f18a5360-4065-3bb9-30f9-4f4c686f01c2','1b4f8a66-1f7b-c747-dc30-4f187ac449a5',90,'2012-02-28 05:37:09',0),('19f0d844-21ab-d577-4ae7-4f4c680d19f0','f18a5360-4065-3bb9-30f9-4f4c686f01c2','19e9f8ee-bd5d-4fea-ca65-4f187a70a25a',90,'2012-02-28 05:37:09',0),('1a1d76b9-c384-3cdb-8d31-4f4c6812e96a','f18a5360-4065-3bb9-30f9-4f4c686f01c2','afe38719-7077-19f0-e4e8-4f187a53b75a',89,'2012-02-28 05:37:09',0),('1a499e4a-aed5-1ffd-6b0f-4f4c68be70bd','f18a5360-4065-3bb9-30f9-4f4c686f01c2','b0f067cf-4fdc-1a43-c5ca-4f187aefcf91',90,'2012-02-28 05:37:09',0),('1a74ba84-17b5-c51a-45cc-4f4c68306e79','f18a5360-4065-3bb9-30f9-4f4c686f01c2','b0b0a6f7-b27f-4465-431b-4f187a317c2a',90,'2012-02-28 05:37:09',0),('1a9f46be-cecf-a4da-5046-4f4c689b0586','f18a5360-4065-3bb9-30f9-4f4c686f01c2','b17133b5-4d1a-769c-37b4-4f187a5c6008',90,'2012-02-28 05:37:09',0),('1acd4bc2-2300-07d6-eaed-4f4c68980cb1','f18a5360-4065-3bb9-30f9-4f4c686f01c2','b131e029-f856-f644-37ae-4f187aa851d8',90,'2012-02-28 05:37:09',0),('1af84287-e512-4002-f3cc-4f4c68df1f37','f18a5360-4065-3bb9-30f9-4f4c686f01c2','b06ed117-bf8f-890c-0414-4f187a47dceb',90,'2012-02-28 05:37:09',0),('1b239969-5f79-41dc-9eb6-4f4c6862692a','f18a5360-4065-3bb9-30f9-4f4c686f01c2','b1b141a4-5663-d6a9-cc31-4f187a3b5965',90,'2012-02-28 05:37:09',0),('1b4f25f0-92e2-712a-0304-4f4c686d9527','f18a5360-4065-3bb9-30f9-4f4c686f01c2','b02e045e-9e34-241c-7408-4f187a5e875c',90,'2012-02-28 05:37:09',0),('1b7c959d-52b1-4b74-64e6-4f4c68ef1b9c','f18a5360-4065-3bb9-30f9-4f4c686f01c2','9aa2daa7-e74a-9a23-d1fd-4f187ab2ebe2',89,'2012-02-28 05:37:09',0),('1ba82fb7-9587-2574-1bac-4f4c684b8846','f18a5360-4065-3bb9-30f9-4f4c686f01c2','9bc53bba-3981-e30e-758b-4f187a14ddd4',90,'2012-02-28 05:37:09',0),('1bd3d75b-f750-15ff-9855-4f4c6872cfc9','f18a5360-4065-3bb9-30f9-4f4c686f01c2','9b6baf3b-c93c-ab1e-719f-4f187acbfe1d',90,'2012-02-28 05:37:09',0),('1c0169d6-35b0-5ec3-0b2c-4f4c684ce782','f18a5360-4065-3bb9-30f9-4f4c686f01c2','9c45c51e-1911-3a19-bfb3-4f187a08985e',90,'2012-02-28 05:37:09',0),('1c2da3e2-646d-6108-b670-4f4c6809d2ea','f18a5360-4065-3bb9-30f9-4f4c686f01c2','9c0690eb-579e-d6ea-9311-4f187a64fff1',90,'2012-02-28 05:37:09',0),('1c59ed5b-fe6a-a52b-1e36-4f4c6840fa93','f18a5360-4065-3bb9-30f9-4f4c686f01c2','9b2cc777-2ef5-cdaf-0b32-4f187a55e45e',90,'2012-02-28 05:37:09',0),('1c89fc22-8f8c-dedd-2e0d-4f4c68a2b043','f18a5360-4065-3bb9-30f9-4f4c686f01c2','9c855efb-ad4c-6371-c966-4f187a3e8fcd',90,'2012-02-28 05:37:09',0),('1cb67c73-5cd0-8d01-7cc4-4f4c680bf7a6','f18a5360-4065-3bb9-30f9-4f4c686f01c2','9aec9825-db2f-d9ef-fa4d-4f187ab07522',90,'2012-02-28 05:37:09',0),('1ce1d0ef-56da-6c4f-995c-4f4c68c74315','f18a5360-4065-3bb9-30f9-4f4c686f01c2','8c4f033e-f140-3ac5-efe0-4f187ac82a9b',89,'2012-02-28 05:37:09',0),('1d0dad7b-0f93-26ad-6bfa-4f4c68b23b30','f18a5360-4065-3bb9-30f9-4f4c686f01c2','8d59071a-effc-d39b-a701-4f187abfd08b',90,'2012-02-28 05:37:09',0),('1d3c6d23-5fc3-6c96-795f-4f4c681429f0','f18a5360-4065-3bb9-30f9-4f4c686f01c2','8d194f1d-eeb2-dd76-79f4-4f187a3fdbda',90,'2012-02-28 05:37:09',0),('1d67d383-b876-f315-66d2-4f4c6815d238','f18a5360-4065-3bb9-30f9-4f4c686f01c2','8dd6094d-d0cb-bd18-b4ae-4f187aef2ff4',90,'2012-02-28 05:37:09',0),('1d93075c-d0e4-4d6f-a97e-4f4c6881a53c','f18a5360-4065-3bb9-30f9-4f4c686f01c2','8d96f5d6-823c-d82d-9fbf-4f187a26275e',90,'2012-02-28 05:37:09',0),('1dbe83b3-2b99-634a-13cb-4f4c687f9982','f18a5360-4065-3bb9-30f9-4f4c686f01c2','8cd94831-d4af-cbed-7ff0-4f187afff7b5',90,'2012-02-28 05:37:09',0),('1deb44a8-9428-b015-2dc2-4f4c687ccf29','f18a5360-4065-3bb9-30f9-4f4c686f01c2','8e14b86f-7926-04fb-7fef-4f187a292c6a',90,'2012-02-28 05:37:09',0),('1e16f40e-87d4-0c70-a8ce-4f4c68af09e5','f18a5360-4065-3bb9-30f9-4f4c686f01c2','8c991ff5-849f-02f1-e174-4f187a025d3e',90,'2012-02-28 05:37:09',0),('1e424aef-059e-f14a-7bb8-4f4c689d8c6b','f18a5360-4065-3bb9-30f9-4f4c686f01c2','3d7c2bb6-46d5-2a52-5848-4f187a24745b',89,'2012-02-28 05:37:09',0),('1e6f1dd2-ed79-e785-baca-4f4c68adcb59','f18a5360-4065-3bb9-30f9-4f4c686f01c2','3e78b18d-856e-d65f-b7e7-4f187aea37f0',90,'2012-02-28 05:37:09',0),('1e9ac753-eb4d-cd44-7879-4f4c689a7ce3','f18a5360-4065-3bb9-30f9-4f4c686f01c2','3e3cebd5-593d-267a-a9ac-4f187af2ab0c',90,'2012-02-28 05:37:09',0),('1ec66fb2-1d08-6c2d-fceb-4f4c68ba7340','f18a5360-4065-3bb9-30f9-4f4c686f01c2','3ef2c528-ab9e-da58-a6b0-4f187ae70fc2',90,'2012-02-28 05:37:09',0),('1ef26600-5c70-9a32-0fde-4f4c68c1f323','f18a5360-4065-3bb9-30f9-4f4c686f01c2','3eb5b3af-d67b-d16e-a041-4f187ac7463c',90,'2012-02-28 05:37:09',0),('1f1efc1d-4602-c5a5-b83f-4f4c68b33cce','f18a5360-4065-3bb9-30f9-4f4c686f01c2','3e00e37b-2b4b-8b59-c701-4f187a2e06c4',90,'2012-02-28 05:37:09',0),('1f4ac82c-4777-cfe5-4892-4f4c681396ce','f18a5360-4065-3bb9-30f9-4f4c686f01c2','3f32f026-601a-ab15-7223-4f187a31654d',90,'2012-02-28 05:37:09',0),('1f76f3c7-a20a-89de-b954-4f4c688a4d2f','f18a5360-4065-3bb9-30f9-4f4c686f01c2','3dc2844d-408d-3884-47a9-4f187a1fb806',90,'2012-02-28 05:37:09',0),('1fa75f39-d182-354f-8dec-4f4c68299f78','f18a5360-4065-3bb9-30f9-4f4c686f01c2','446f4aa6-8538-573c-b019-4f187a45f5a9',89,'2012-02-28 05:37:09',0),('1fd3c2a2-a687-e081-cb6d-4f4c6838433d','f18a5360-4065-3bb9-30f9-4f4c686f01c2','4570b3ea-a689-9712-2098-4f187ae64455',90,'2012-02-28 05:37:09',0),('20002204-d197-cce4-7454-4f4c683b586a','f18a5360-4065-3bb9-30f9-4f4c686f01c2','45338d77-f485-3e0b-d8ab-4f187acbf91a',90,'2012-02-28 05:37:09',0),('202e655e-00df-9586-89df-4f4c685c2005','f18a5360-4065-3bb9-30f9-4f4c686f01c2','45ff24f2-1ab6-bde7-8e07-4f187a1d4eb5',90,'2012-02-28 05:37:09',0),('205bad05-c9be-07b2-3153-4f4c6853a90c','f18a5360-4065-3bb9-30f9-4f4c686f01c2','45ae3837-80cd-cd24-6400-4f187ad41c27',90,'2012-02-28 05:37:09',0),('2087fb57-e07a-6efb-45a0-4f4c68045633','f18a5360-4065-3bb9-30f9-4f4c686f01c2','44f63251-60dc-b410-36c9-4f187abfd819',90,'2012-02-28 05:37:09',0),('20b40555-0068-06c3-6e61-4f4c68349f23','f18a5360-4065-3bb9-30f9-4f4c686f01c2','4641d2e5-1b07-4b95-2787-4f187a9f6d66',90,'2012-02-28 05:37:09',0),('20e13c5e-2871-2f8b-87e3-4f4c682ebe80','f18a5360-4065-3bb9-30f9-4f4c686f01c2','44b739ca-61e1-a1cc-a5c0-4f187aac0316',90,'2012-02-28 05:37:09',0),('210d9bb1-d87d-c8ca-d17a-4f4c688d6533','f18a5360-4065-3bb9-30f9-4f4c686f01c2','5613f595-40ec-950d-3b6f-4f187aead495',89,'2012-02-28 05:37:09',0),('213a897b-b35a-0abb-846a-4f4c6877f16d','f18a5360-4065-3bb9-30f9-4f4c686f01c2','5714255c-c4ee-9b95-ae70-4f187ae1f605',90,'2012-02-28 05:37:09',0),('2167252d-9097-48a8-a08a-4f4c680578c4','f18a5360-4065-3bb9-30f9-4f4c686f01c2','56d6c82b-1532-326d-7824-4f187ace408a',90,'2012-02-28 05:37:09',0),('2195a25a-9689-6d89-3dca-4f4c6813034d','f18a5360-4065-3bb9-30f9-4f4c686f01c2','579864b6-1a82-36cf-7e63-4f187a5ef054',90,'2012-02-28 05:37:09',0),('21c2f1ab-96b6-4188-b9a4-4f4c681eef0e','f18a5360-4065-3bb9-30f9-4f4c686f01c2','5752cca1-3784-6fd8-9d9c-4f187acba1f8',90,'2012-02-28 05:37:09',0),('21f32dc7-d8ee-13d9-ee83-4f4c687eccb2','f18a5360-4065-3bb9-30f9-4f4c686f01c2','56994cd2-946c-0e5f-2ed5-4f187abef02f',90,'2012-02-28 05:37:09',0),('2223323a-9289-2108-19d9-4f4c68168926','f18a5360-4065-3bb9-30f9-4f4c686f01c2','57d67444-6f11-a44b-478c-4f187a61823b',90,'2012-02-28 05:37:09',0),('22504693-3fac-6395-0589-4f4c68a9a739','f18a5360-4065-3bb9-30f9-4f4c686f01c2','565aabb3-e241-2317-04e3-4f187a12c911',90,'2012-02-28 05:37:09',0),('227db4ab-5553-bdec-f29e-4f4c68116057','f18a5360-4065-3bb9-30f9-4f4c686f01c2','5d0c3861-dcb8-f06a-bd2e-4f187a8ce24f',89,'2012-02-28 05:37:09',0),('22ac7339-f1b9-8625-41f2-4f4c68a1736a','f18a5360-4065-3bb9-30f9-4f4c686f01c2','5e105bf4-3229-f803-0555-4f187a69bc15',90,'2012-02-28 05:37:09',0),('22da1bb9-636a-32c4-91d3-4f4c68b5fd43','f18a5360-4065-3bb9-30f9-4f4c686f01c2','5dd2fb11-1c6b-948e-0c48-4f187acd9a3d',90,'2012-02-28 05:37:09',0),('2308936a-9ce6-a490-8d44-4f4c6867997a','f18a5360-4065-3bb9-30f9-4f4c686f01c2','5e9bcb06-7e54-992f-a256-4f187a021cdf',90,'2012-02-28 05:37:09',0),('2336f1cb-e5b5-dbc7-74b5-4f4c68af0409','f18a5360-4065-3bb9-30f9-4f4c686f01c2','5e5a10ce-837f-822d-2e07-4f187a43828c',90,'2012-02-28 05:37:09',0),('2366bc9c-50ea-0c54-5d24-4f4c68633ca6','f18a5360-4065-3bb9-30f9-4f4c686f01c2','5d93fc78-d7f3-3036-7712-4f187ab037ef',90,'2012-02-28 05:37:09',0),('23951170-030e-26d2-cfcd-4f4c68715099','f18a5360-4065-3bb9-30f9-4f4c686f01c2','5edee62a-38c7-1525-3bea-4f187a55c466',90,'2012-02-28 05:37:09',0),('23c32abd-2cee-6993-23f2-4f4c68d24f8b','f18a5360-4065-3bb9-30f9-4f4c686f01c2','5d55cb6f-f074-07a8-cc8c-4f187af6bab7',90,'2012-02-28 05:37:09',0),('23f19986-501b-a1ed-be2c-4f4c6898b366','f18a5360-4065-3bb9-30f9-4f4c686f01c2','b734fc6b-92c5-f47d-7654-4f187a09aec0',89,'2012-02-28 05:37:09',0),('2421b134-cce3-52a9-6dc5-4f4c6883e53d','f18a5360-4065-3bb9-30f9-4f4c686f01c2','b8475715-e9dd-4a9e-ea70-4f187a59883a',90,'2012-02-28 05:37:09',0),('2450bfb9-bf57-2914-2675-4f4c68767ba5','f18a5360-4065-3bb9-30f9-4f4c686f01c2','b8065549-08bf-47b3-0704-4f187a67df84',90,'2012-02-28 05:37:09',0),('24835b47-d140-170f-7a5d-4f4c68b82f0c','f18a5360-4065-3bb9-30f9-4f4c686f01c2','b8c99f6d-f1d3-678f-c7ea-4f187abd3d7d',90,'2012-02-28 05:37:09',0),('24b361b7-7e7a-be62-5e09-4f4c689b0927','f18a5360-4065-3bb9-30f9-4f4c686f01c2','b8891343-be9b-9c75-a039-4f187a3043db',90,'2012-02-28 05:37:09',0),('24e2e7bc-1c90-7841-bd50-4f4c68d44a24','f18a5360-4065-3bb9-30f9-4f4c686f01c2','b7c5ff99-761d-ad42-47f3-4f187a136956',90,'2012-02-28 05:37:09',0),('251284a4-ec91-ec98-fd42-4f4c6802994c','f18a5360-4065-3bb9-30f9-4f4c686f01c2','b911188f-e624-77db-1d90-4f187a371afd',90,'2012-02-28 05:37:09',0),('25426ab6-3a32-a54b-f878-4f4c6855abba','f18a5360-4065-3bb9-30f9-4f4c686f01c2','b781daa5-db3e-8eb2-3942-4f187a5c1bc0',90,'2012-02-28 05:37:09',0),('2573c6fb-f900-fa95-a8f3-4f4c68689615','f18a5360-4065-3bb9-30f9-4f4c686f01c2','34cc8d51-412a-c5cd-4107-4f187a06c3b6',0,'2012-02-28 05:37:09',0),('25a2394d-4c91-e201-b2f0-4f4c68ac8959','f18a5360-4065-3bb9-30f9-4f4c686f01c2','35d230aa-732c-64c8-4661-4f187a9dde95',0,'2012-02-28 05:37:09',0),('25d09d36-146c-f5e5-fdf5-4f4c686e5829','f18a5360-4065-3bb9-30f9-4f4c686f01c2','3593e844-8d79-93dc-5b55-4f187a8d6056',0,'2012-02-28 05:37:09',0),('25ff5d6c-3ea6-d61e-6687-4f4c68d50f1d','f18a5360-4065-3bb9-30f9-4f4c686f01c2','364f5b50-4f9e-100b-f9e7-4f187ae95b30',0,'2012-02-28 05:37:09',0),('262e4446-d1de-799f-bc45-4f4c680bc647','f18a5360-4065-3bb9-30f9-4f4c686f01c2','360e9f48-85f4-9a19-7f40-4f187a611cf3',0,'2012-02-28 05:37:09',0),('265d4a36-6552-5bac-5ff9-4f4c68496827','f18a5360-4065-3bb9-30f9-4f4c686f01c2','35576dee-b036-4a27-8e34-4f187a4b73fa',0,'2012-02-28 05:37:09',0),('268dd95c-b7aa-f03c-ff01-4f4c688a043e','f18a5360-4065-3bb9-30f9-4f4c686f01c2','368c8be7-dbab-5bba-9909-4f187a1439ec',0,'2012-02-28 05:37:09',0),('26bd448b-dbab-bc58-4a00-4f4c68d0bfa2','f18a5360-4065-3bb9-30f9-4f4c686f01c2','3516ff55-bf54-fdac-16cb-4f187a207ce9',0,'2012-02-28 05:37:09',0),('26fa028d-cad0-f007-8133-4f4c6e07cf2e','c55f6307-f05f-86a1-a0dd-4f4c678e1b4f','81e357a6-9d43-7ffc-2251-4f187a3178f1',89,'2012-02-28 06:04:55',0),('2a3504c4-5483-13d6-db11-4f4c6ec51980','c55f6307-f05f-86a1-a0dd-4f4c678e1b4f','82e398c0-b9b2-2299-97ad-4f187af815d5',75,'2012-02-28 06:04:55',0),('2cc70588-4e7a-907a-496e-4f4c6e0b1fb9','c55f6307-f05f-86a1-a0dd-4f4c678e1b4f','82a5e676-add5-1c2f-d4d0-4f187a50ee5a',75,'2012-02-28 06:04:55',0),('2f28055d-c4fc-ab60-ba9c-4f4c6ed38116','c55f6307-f05f-86a1-a0dd-4f4c678e1b4f','835f43f3-ec76-83e0-b4cb-4f187a870d19',75,'2012-02-28 06:04:55',0),('31bf082d-8a9c-11f8-f30d-4f4c6eb9c548','c55f6307-f05f-86a1-a0dd-4f4c678e1b4f','8320ad50-8471-3f2f-588c-4f187a86b66a',90,'2012-02-28 06:04:55',0),('342f0c92-29d4-1563-1571-4f4c6ef7ed92','c55f6307-f05f-86a1-a0dd-4f4c678e1b4f','8268caff-4d38-83c7-8a46-4f187af413ec',75,'2012-02-28 06:04:55',0),('36ad0298-9cd7-5145-b859-4f4c6efa637a','c55f6307-f05f-86a1-a0dd-4f4c678e1b4f','839c644e-a272-9217-3f7c-4f187acf7dee',-99,'2012-02-28 06:04:55',0),('3927023b-94ee-9d91-f779-4f4c6ecdad5b','c55f6307-f05f-86a1-a0dd-4f4c678e1b4f','822a1815-8b86-436f-23f8-4f187a0748cb',75,'2012-02-28 06:04:55',0),('3bac037e-5221-e826-2cbf-4f4c6ecf6c64','c55f6307-f05f-86a1-a0dd-4f4c678e1b4f','c36b5ed0-65d3-342a-cb95-4f297d13b5f3',89,'2012-02-28 06:04:55',0),('3f000d31-d750-b5cf-c5e7-4f4c6e041f48','c55f6307-f05f-86a1-a0dd-4f4c678e1b4f','c4e8a4bd-df3e-f04a-7620-4f297d0fb152',75,'2012-02-28 06:04:55',0),('41eb0990-b32c-9bb0-5e69-4f4c6e28e679','c55f6307-f05f-86a1-a0dd-4f4c678e1b4f','c4a4e0d2-cb74-9ff9-2230-4f297d4435e6',75,'2012-02-28 06:04:55',0),('44510ff9-aa3e-f24a-9476-4f4c6ecf1ce8','c55f6307-f05f-86a1-a0dd-4f4c678e1b4f','c56dc120-e43f-f700-6351-4f297d8b61fc',75,'2012-02-28 06:04:55',0),('47090740-cb31-f2fa-0d84-4f4c6e0f1ce2','c55f6307-f05f-86a1-a0dd-4f4c678e1b4f','c52b1761-16d4-6dfc-32a4-4f297d731cf0',90,'2012-02-28 06:04:55',0),('49990895-bf65-280c-d0be-4f4c6ebe436d','c55f6307-f05f-86a1-a0dd-4f4c678e1b4f','c461fcd1-16f0-061d-91b0-4f297dcc2030',75,'2012-02-28 06:04:55',0),('4c230663-6c83-36d0-7ae9-4f4c6e5e03b0','c55f6307-f05f-86a1-a0dd-4f4c678e1b4f','c5b6e06b-4d2d-f28b-c266-4f297d4d52dc',-99,'2012-02-28 06:04:55',0),('4e8b025d-6d26-93bc-8c43-4f4c6e077f0d','c55f6307-f05f-86a1-a0dd-4f4c678e1b4f','c41c70eb-cf6e-5cda-ae2f-4f297d14a871',75,'2012-02-28 06:04:55',0),('51070a4d-deee-25d8-7306-4f4c6ee57adc','c55f6307-f05f-86a1-a0dd-4f4c678e1b4f','cc305053-03ad-cdd5-d204-4f297da68cad',89,'2012-02-28 06:04:55',0),('53830f9e-f823-9ca5-4a50-4f4c6e2e08fd','c55f6307-f05f-86a1-a0dd-4f4c678e1b4f','cd4aa0ad-9121-5e5d-90e4-4f297d1c3aeb',75,'2012-02-28 06:04:55',0),('55fc0553-3f36-4897-2f97-4f4c6e62095f','c55f6307-f05f-86a1-a0dd-4f4c678e1b4f','cd066e16-c4db-3332-8384-4f297d99d0c1',75,'2012-02-28 06:04:55',0),('58800fe2-7e6b-a87c-de52-4f4c6e2e30e9','c55f6307-f05f-86a1-a0dd-4f4c678e1b4f','cdd5d812-62dc-1053-6b9b-4f297df60291',75,'2012-02-28 06:04:55',0),('5b0700f4-5f5c-f70e-b9d8-4f4c6ec7b97f','c55f6307-f05f-86a1-a0dd-4f4c678e1b4f','cd8f52ea-4c44-f78f-a1ae-4f297dbf3bbd',90,'2012-02-28 06:04:55',0),('5da7023a-3845-49cf-b34c-4f4c6e0027b6','c55f6307-f05f-86a1-a0dd-4f4c678e1b4f','ccbf6490-2f9d-be3c-242b-4f297d568fc7',75,'2012-02-28 06:04:55',0),('60bc0497-5446-dbc5-c6b6-4f4c6e008d72','c55f6307-f05f-86a1-a0dd-4f4c678e1b4f','ce1b287a-ca06-775e-ab27-4f297d9e3f33',-99,'2012-02-28 06:04:55',0),('63360e39-f99d-5756-1dd4-4f4c6ed91f49','c55f6307-f05f-86a1-a0dd-4f4c678e1b4f','cc7ba872-4e55-dc6f-622a-4f297d757f7e',75,'2012-02-28 06:04:55',0),('659b0292-e0d1-d1fa-4311-4f4c6eeba5ba','c55f6307-f05f-86a1-a0dd-4f4c678e1b4f','d3f46248-0160-ec23-9f42-4f297dd0c3f4',89,'2012-02-28 06:04:55',0),('68140041-d5e2-e9cd-69c4-4f4c6e0407e9','c55f6307-f05f-86a1-a0dd-4f4c678e1b4f','d51079d7-f27f-b03b-acf3-4f297de81f06',75,'2012-02-28 06:04:55',0),('6a7a0029-01b9-382a-e7b6-4f4c6edf662b','c55f6307-f05f-86a1-a0dd-4f4c678e1b4f','d4cb60a3-8e3c-0bd0-eade-4f297d265a6f',75,'2012-02-28 06:04:55',0),('6d2f0bd7-6d2c-0a20-b5b4-4f4c6e5a8f6d','c55f6307-f05f-86a1-a0dd-4f4c678e1b4f','d59acb65-144f-ba9d-0901-4f297d291100',75,'2012-02-28 06:04:55',0),('6f9b0cad-a459-91d5-b43c-4f4c6e22a72f','c55f6307-f05f-86a1-a0dd-4f4c678e1b4f','d554bdf9-77b5-95e0-0325-4f297ddfdf44',90,'2012-02-28 06:04:55',0),('723c062f-04ea-99e0-fdd2-4f4c6e97cc6a','c55f6307-f05f-86a1-a0dd-4f4c678e1b4f','d486ce9e-ddd5-7a42-8a08-4f297db447fb',75,'2012-02-28 06:04:55',0),('74bb0db0-aaf8-afdd-9f5e-4f4c6e4dbca2','c55f6307-f05f-86a1-a0dd-4f4c678e1b4f','d5df6e52-eadb-6abf-b09b-4f297d8062ec',-99,'2012-02-28 06:04:55',0),('773a0b77-2ff5-ee8b-0061-4f4c6e4605eb','c55f6307-f05f-86a1-a0dd-4f4c678e1b4f','d4429a75-1629-6029-e233-4f297d6adefe',75,'2012-02-28 06:04:55',0),('79b20a3d-dc26-026d-a44c-4f4c6e425494','c55f6307-f05f-86a1-a0dd-4f4c678e1b4f','db30aea4-0197-e4c1-b7e3-4f297d44a577',89,'2012-02-28 06:04:55',0),('7c390622-48d8-00bc-86fe-4f4c6e436242','c55f6307-f05f-86a1-a0dd-4f4c678e1b4f','dc4b7d9c-a926-ec02-8ea6-4f297d4cf6ea',75,'2012-02-28 06:04:55',0),('7ea9098c-574a-6786-c366-4f4c6e0b6007','c55f6307-f05f-86a1-a0dd-4f4c678e1b4f','dc05e29b-067b-773c-e40f-4f297dec3fc7',75,'2012-02-28 06:04:55',0),('81880480-06b3-7732-0094-4f4c6e9840f5','c55f6307-f05f-86a1-a0dd-4f4c678e1b4f','dcd50ff8-39c9-1052-92d0-4f297d4a2115',75,'2012-02-28 06:04:55',0),('84100476-a4a2-4f89-5b49-4f4c6e523bb2','c55f6307-f05f-86a1-a0dd-4f4c678e1b4f','dc8f7deb-c89e-1257-cb61-4f297d740b1c',90,'2012-02-28 06:04:55',0),('867c0084-0730-6694-70a6-4f4c6efd5e84','c55f6307-f05f-86a1-a0dd-4f4c678e1b4f','dbc15454-7d78-120b-6501-4f297dea8e48',75,'2012-02-28 06:04:55',0),('88e9073a-ae08-c7a0-9958-4f4c6ec12374','c55f6307-f05f-86a1-a0dd-4f4c678e1b4f','dd1977d9-b3cc-e231-f623-4f297d705099',-99,'2012-02-28 06:04:55',0),('8b7e07ef-4224-bee4-b584-4f4c6e43912b','c55f6307-f05f-86a1-a0dd-4f4c678e1b4f','db796411-c3f2-315e-e619-4f297d6de0b8',75,'2012-02-28 06:04:55',0),('8e300a4f-2c2f-2614-f839-4f4c6e62d001','c55f6307-f05f-86a1-a0dd-4f4c678e1b4f','e314fb83-9cf8-15a0-4629-4f297dfe6655',89,'2012-02-28 06:04:55',0),('91190da6-8b9c-0746-a65a-4f4c6e1513cc','c55f6307-f05f-86a1-a0dd-4f4c678e1b4f','e43dd068-5565-041d-0ea2-4f297d0e4f42',75,'2012-02-28 06:04:55',0),('93b20b34-8a30-fbcb-3f37-4f4c6e65726c','c55f6307-f05f-86a1-a0dd-4f4c678e1b4f','e3f5917f-934a-78d9-0888-4f297d17082f',75,'2012-02-28 06:04:55',0),('969c0cca-56d3-62c0-2fd2-4f4c6ec31b69','c55f6307-f05f-86a1-a0dd-4f4c678e1b4f','e4d26653-f7d3-cb32-db9a-4f297d038e6f',75,'2012-02-28 06:04:55',0),('993d05c3-9d67-3212-2bb7-4f4c6e65cfff','c55f6307-f05f-86a1-a0dd-4f4c678e1b4f','e489d1a2-62ae-920a-8398-4f297d8de473',90,'2012-02-28 06:04:55',0),('9bd008b9-ad71-c917-ef51-4f4c6e7a265f','c55f6307-f05f-86a1-a0dd-4f4c678e1b4f','e3ad05e2-67dd-0ef9-6e50-4f297d2033e3',75,'2012-02-28 06:04:55',0),('9e5e0e02-dfdd-0ed6-961d-4f4c6e023dfc','c55f6307-f05f-86a1-a0dd-4f4c678e1b4f','e51ae478-913e-0e98-9274-4f297d4d411e',-99,'2012-02-28 06:04:55',0),('a1180fd5-5118-09bb-608f-4f4c6e827152','c55f6307-f05f-86a1-a0dd-4f4c678e1b4f','e365af28-ff3b-8cd1-a2c3-4f297d220249',75,'2012-02-28 06:04:55',0),('a38b0077-d10f-965e-c30e-4f4c6e56ccde','c55f6307-f05f-86a1-a0dd-4f4c678e1b4f','ebf51108-5417-0986-1d7c-4f297df5f38a',89,'2012-02-28 06:04:55',0),('a60b0128-1a07-3ca5-301a-4f4c6e8e0130','c55f6307-f05f-86a1-a0dd-4f4c678e1b4f','ed27a1e3-8fbd-f294-308f-4f297d869d69',75,'2012-02-28 06:04:55',0),('a8ce0e25-008e-8e50-f747-4f4c6e679281','c55f6307-f05f-86a1-a0dd-4f4c678e1b4f','ece061d2-0260-6c8b-3c23-4f297d713750',75,'2012-02-28 06:04:55',0),('ab7a08af-35f0-0f76-888f-4f4c6ede1cb9','c55f6307-f05f-86a1-a0dd-4f4c678e1b4f','edb5511c-7c23-c366-57fc-4f297d01d0c9',75,'2012-02-28 06:04:55',0),('adfd0ee1-6831-63a9-c079-4f4c6e628087','c55f6307-f05f-86a1-a0dd-4f4c678e1b4f','ed6f745f-64fe-4a3c-1139-4f297db956f3',90,'2012-02-28 06:04:55',0),('b06d0efa-15dc-a97c-4e01-4f4c6eaa7bc1','c55f6307-f05f-86a1-a0dd-4f4c678e1b4f','ec942a18-a550-9b2d-b1ca-4f297d3ed16f',75,'2012-02-28 06:04:55',0),('b2f90b81-a33e-9c54-303a-4f4c6e8b983f','c55f6307-f05f-86a1-a0dd-4f4c678e1b4f','edfe9d0b-730b-d1ed-18f3-4f297dac2c5d',-99,'2012-02-28 06:04:55',0),('b59c0d1f-472a-664b-f07d-4f4c6e34378c','c55f6307-f05f-86a1-a0dd-4f4c678e1b4f','ec4a69e4-40a9-ad83-25b9-4f297d0c7cbc',75,'2012-02-28 06:04:55',0),('b818031f-9e36-4322-d064-4f4c6e5ef8d4','c55f6307-f05f-86a1-a0dd-4f4c678e1b4f','2c19d3de-62a2-a0d3-23a0-4f187ad58883',89,'2012-02-28 06:04:55',0),('ba9400da-c019-88ee-99db-4f4c6e80c7f0','c55f6307-f05f-86a1-a0dd-4f4c678e1b4f','2d1a1eb9-4bb9-2679-c215-4f187a1aea2d',75,'2012-02-28 06:04:55',0),('bd660a63-792d-9620-1a93-4f4c6e29593f','c55f6307-f05f-86a1-a0dd-4f4c678e1b4f','2cd7e68a-69ed-22a0-03e0-4f187af7fcdf',75,'2012-02-28 06:04:55',0),('c0030233-88bb-91e3-c137-4f4c6eed3a91','c55f6307-f05f-86a1-a0dd-4f4c678e1b4f','2d937057-174a-4777-8469-4f187a61691c',75,'2012-02-28 06:04:55',0),('c2870ba2-7d1d-71f5-fc99-4f4c6ef7a727','c55f6307-f05f-86a1-a0dd-4f4c678e1b4f','2d563477-d44f-b0b8-68ee-4f187ad58555',90,'2012-02-28 06:04:55',0),('c50d061a-47da-3841-412c-4f4c6eb249e3','c55f6307-f05f-86a1-a0dd-4f4c678e1b4f','2c9b9543-d6da-ab5c-4d94-4f187a82c7d5',75,'2012-02-28 06:04:55',0),('c7a90ad4-3d42-47dc-d613-4f4c6e535881','c55f6307-f05f-86a1-a0dd-4f4c678e1b4f','2dcf7465-366d-5184-23d3-4f187a91dee4',-99,'2012-02-28 06:04:55',0),('ca2e057b-25d6-82a3-f448-4f4c6e7943ab','c55f6307-f05f-86a1-a0dd-4f4c678e1b4f','2c60595e-060f-b7fb-a8e0-4f187a1894a2',75,'2012-02-28 06:04:55',0),('ccce0b80-ed00-c7a9-00bd-4f4c6eb1f7d3','c55f6307-f05f-86a1-a0dd-4f4c678e1b4f','a11674cc-0d06-f6e8-72a4-4f187aede5b2',89,'2012-02-28 06:04:55',0),('cf600944-a9b2-b948-40b3-4f4c6ea33de7','c55f6307-f05f-86a1-a0dd-4f4c678e1b4f','a216bfef-adf2-b675-8889-4f187aaf5ca8',75,'2012-02-28 06:04:55',0),('d2100d70-614c-120d-bc0b-4f4c6ebc5820','c55f6307-f05f-86a1-a0dd-4f4c678e1b4f','a1d8d61c-fe5e-dbac-d13f-4f187ad304d1',75,'2012-02-28 06:04:55',0),('d49d03a6-dd5c-0836-9e91-4f4c6e15c278','c55f6307-f05f-86a1-a0dd-4f4c678e1b4f','a2917dfc-93b2-a9a4-897e-4f187adf37aa',75,'2012-02-28 06:04:55',0),('d72a05ac-36a0-9151-c745-4f4c6e6aeea9','c55f6307-f05f-86a1-a0dd-4f4c678e1b4f','a2541575-ffd5-1b02-e8be-4f187a801028',90,'2012-02-28 06:04:55',0),('d9cd03d2-1654-6068-2f1c-4f4c6ede57ef','c55f6307-f05f-86a1-a0dd-4f4c678e1b4f','a19be553-40e1-84e0-c12d-4f187a0eaf04',75,'2012-02-28 06:04:55',0),('dc650eea-cc0c-c073-89cc-4f4c6e4a65b2','c55f6307-f05f-86a1-a0dd-4f4c678e1b4f','a2cfa149-e007-d97b-84a6-4f187ae5b789',-99,'2012-02-28 06:04:55',0),('df09031f-bdc3-fe6d-a419-4f4c6e6fcca4','c55f6307-f05f-86a1-a0dd-4f4c678e1b4f','a15e06b2-c578-95da-efa5-4f187ab07ab3',75,'2012-02-28 06:04:55',0),('e1a5048b-14a0-ef53-0cc1-4f4c6e768c1c','c55f6307-f05f-86a1-a0dd-4f4c678e1b4f','4da5f44c-d06d-4a54-dcd9-4f187aca772d',89,'2012-02-28 06:04:55',0),('e46c0c0c-bf70-2996-088b-4f4c6ec64db5','c55f6307-f05f-86a1-a0dd-4f4c678e1b4f','4ea34d79-463d-8f10-0958-4f187a4aec7d',75,'2012-02-28 06:04:55',0),('e6fa0aa8-6094-f7c7-441a-4f4c6e84da38','c55f6307-f05f-86a1-a0dd-4f4c678e1b4f','4e6737fd-3b06-1e7e-d856-4f187a9f9c5b',75,'2012-02-28 06:04:55',0),('e98f0a96-8428-7297-4d55-4f4c6e8aab8d','c55f6307-f05f-86a1-a0dd-4f4c678e1b4f','4f1bf7a6-1a5c-6db1-59d5-4f187a2b9eca',75,'2012-02-28 06:04:55',0),('ec1f0306-3202-02ff-212a-4f4c6e4fd59c','c55f6307-f05f-86a1-a0dd-4f4c678e1b4f','4edef993-92ab-6f1f-4849-4f187ad9cad4',90,'2012-02-28 06:04:55',0),('eecf0312-ab12-681d-e823-4f4c6e97e85e','c55f6307-f05f-86a1-a0dd-4f4c678e1b4f','4e2a2abb-14f6-c10c-d69f-4f187ada19f8',75,'2012-02-28 06:04:55',0),('f15f0733-ccc8-7fad-bf38-4f4c6e32da35','c55f6307-f05f-86a1-a0dd-4f4c678e1b4f','4f586112-1fc9-806e-2864-4f187af50dfa',-99,'2012-02-28 06:04:55',0),('f3f50d08-4cec-a9cd-1f9d-4f4c6eca7dfb','c55f6307-f05f-86a1-a0dd-4f4c678e1b4f','4ded800a-af66-19d4-de9f-4f187a315058',75,'2012-02-28 06:04:55',0),('f696033b-eff4-b5d2-f0aa-4f4c6e7e94d3','c55f6307-f05f-86a1-a0dd-4f4c678e1b4f','2325e5f0-abc4-eafd-91e7-4f187a6ef30e',89,'2012-02-28 06:04:55',0),('f91a090f-dd34-2b8a-0c28-4f4c6e4829e3','c55f6307-f05f-86a1-a0dd-4f4c678e1b4f','24219b13-abb5-c859-2dfd-4f187acb4b94',75,'2012-02-28 06:04:55',0),('fb9209f2-87ca-586a-7093-4f4c6e5ac7be','c55f6307-f05f-86a1-a0dd-4f4c678e1b4f','23e162db-6831-9454-ae2f-4f187a5eca7f',75,'2012-02-28 06:04:55',0),('fe090ac0-c472-1feb-210d-4f4c6e527f93','c55f6307-f05f-86a1-a0dd-4f4c678e1b4f','249b6c31-0408-f3b9-44ea-4f187acaa72e',75,'2012-02-28 06:04:55',0),('1007b54d-8f74-9fb1-c3d9-4f4c6eb0f6f4','c55f6307-f05f-86a1-a0dd-4f4c678e1b4f','2460bb7c-7f52-620a-1714-4f187a39538a',90,'2012-02-28 06:04:55',0),('102f1af3-e951-d07b-c32f-4f4c6e187702','c55f6307-f05f-86a1-a0dd-4f4c678e1b4f','23a30193-2217-0ae1-b7b4-4f187a00420b',75,'2012-02-28 06:04:55',0),('10587285-5153-c91d-ec06-4f4c6e4c1299','c55f6307-f05f-86a1-a0dd-4f4c678e1b4f','24d72aea-7f23-d261-4a4e-4f187a674603',-99,'2012-02-28 06:04:55',0),('108139b4-bf54-4ccf-9f65-4f4c6e7bf278','c55f6307-f05f-86a1-a0dd-4f4c678e1b4f','2367da32-6a88-c9d3-8e0c-4f187ab6121a',75,'2012-02-28 06:04:55',0),('10abc574-b788-718f-4b49-4f4c6eb4929f','c55f6307-f05f-86a1-a0dd-4f4c678e1b4f','773228d2-77d9-7016-c678-4f187ab03d72',89,'2012-02-28 06:04:55',0),('10d48f34-b8b4-83c8-2d09-4f4c6ed9769e','c55f6307-f05f-86a1-a0dd-4f4c678e1b4f','7836584d-ed9b-6166-0b34-4f187a5a537e',75,'2012-02-28 06:04:55',0),('10fcb19d-27e3-ff6f-7333-4f4c6e0c8b35','c55f6307-f05f-86a1-a0dd-4f4c678e1b4f','77f9ef1f-8fbf-4b64-1b20-4f187a1fae0f',75,'2012-02-28 06:04:55',0),('11264a6d-eb87-7889-154d-4f4c6e5ee47e','c55f6307-f05f-86a1-a0dd-4f4c678e1b4f','78b48600-03f9-0bd9-89ab-4f187a9935f3',75,'2012-02-28 06:04:55',0),('1150b7cb-82f4-0922-bd7a-4f4c6eda9ed9','c55f6307-f05f-86a1-a0dd-4f4c678e1b4f','78739b0b-cb0c-2a29-3c27-4f187a75b57c',90,'2012-02-28 06:04:55',0),('117a23f3-6ff5-4852-2ce7-4f4c6eb80183','c55f6307-f05f-86a1-a0dd-4f4c678e1b4f','77b8e1b9-3eae-0c33-4346-4f187ac3b1d8',75,'2012-02-28 06:04:55',0),('11a37b67-338d-6075-c4bd-4f4c6e6e0c97','c55f6307-f05f-86a1-a0dd-4f4c678e1b4f','78f13d53-faa1-e3a9-e5c9-4f187addb73e',-99,'2012-02-28 06:04:55',0),('11ccb765-1669-c150-9b3e-4f4c6e89bb07','c55f6307-f05f-86a1-a0dd-4f4c678e1b4f','777b08f6-0d74-941a-d6b4-4f187adb02c6',75,'2012-02-28 06:04:55',0),('11f625ba-2613-e83c-c74e-4f4c6ee00190','c55f6307-f05f-86a1-a0dd-4f4c678e1b4f','d4680a04-3c30-a954-6305-4f187ac4e46e',89,'2012-02-28 06:04:55',0),('121e8304-7250-9b09-c200-4f4c6e4a3194','c55f6307-f05f-86a1-a0dd-4f4c678e1b4f','d57398a6-3ca7-0cef-72a5-4f187ad01135',75,'2012-02-28 06:04:55',0),('1246989a-dd94-9e58-d31e-4f4c6efa934c','c55f6307-f05f-86a1-a0dd-4f4c678e1b4f','d533d702-a286-97a4-9281-4f187a218210',75,'2012-02-28 06:04:55',0),('126e943c-bc6a-daf7-92b9-4f4c6ee75f03','c55f6307-f05f-86a1-a0dd-4f4c678e1b4f','d5f3abc8-e04f-eb79-7097-4f187ae65643',75,'2012-02-28 06:04:55',0),('129813cf-48dc-7b4c-8053-4f4c6e0cd7dd','c55f6307-f05f-86a1-a0dd-4f4c678e1b4f','d5b51e4d-cd0c-9945-d07a-4f187af7731a',90,'2012-02-28 06:04:55',0),('12c1b65a-f1d1-191d-d2ac-4f4c6e912332','c55f6307-f05f-86a1-a0dd-4f4c678e1b4f','d4f4ed66-bbd6-c91e-f611-4f187a18e715',75,'2012-02-28 06:04:55',0),('12ead2de-4073-31d5-fc2f-4f4c6ed06b11','c55f6307-f05f-86a1-a0dd-4f4c678e1b4f','d63416fb-1193-cb6e-10ed-4f187aad6faa',-99,'2012-02-28 06:04:55',0),('13170ea5-8b8b-f547-d2ef-4f4c6edaeedc','c55f6307-f05f-86a1-a0dd-4f4c678e1b4f','d4b36e3a-9f82-747a-02cb-4f187a7ebc72',75,'2012-02-28 06:04:55',0),('1340cc5a-3c9a-6b6b-b6e2-4f4c6e94e8c6','c55f6307-f05f-86a1-a0dd-4f4c678e1b4f','f18a7248-9a8f-f376-dc8d-4f187a87e921',89,'2012-02-28 06:04:55',0),('136b1483-08ef-d9bb-eacc-4f4c6e34b300','c55f6307-f05f-86a1-a0dd-4f4c678e1b4f','f295762b-7be3-29bc-d6da-4f187a42021e',75,'2012-02-28 06:04:55',0),('139679aa-ac01-9e95-ba54-4f4c6ee09705','c55f6307-f05f-86a1-a0dd-4f4c678e1b4f','f255899d-54ef-4d0d-f924-4f187a4eac04',75,'2012-02-28 06:04:55',0),('13c14e1c-1509-4a72-af96-4f4c6e5363d4','c55f6307-f05f-86a1-a0dd-4f4c678e1b4f','f31478e3-5425-ed25-26c5-4f187a68b2bc',75,'2012-02-28 06:04:55',0),('13ed393b-ad62-d093-1bb4-4f4c6e5ceace','c55f6307-f05f-86a1-a0dd-4f4c678e1b4f','f2d5b5c7-e30a-ef0d-71f3-4f187aa7b210',90,'2012-02-28 06:04:55',0),('1416b1f9-ad6c-8f80-779b-4f4c6ef862e0','c55f6307-f05f-86a1-a0dd-4f4c678e1b4f','f216fd0e-1cd0-ae8d-2a7c-4f187a5738a9',75,'2012-02-28 06:04:55',0),('1440bac3-2eb5-aaea-3428-4f4c6e4d528f','c55f6307-f05f-86a1-a0dd-4f4c678e1b4f','f3537070-b1a7-c92c-9f92-4f187ac4b5a1',-99,'2012-02-28 06:04:55',0),('146b8b2a-a832-6d77-30a7-4f4c6e67a6a3','c55f6307-f05f-86a1-a0dd-4f4c678e1b4f','f1d38526-44d0-b7ad-d2c7-4f187a572dab',75,'2012-02-28 06:04:55',0),('14958457-b6ee-0ab8-468f-4f4c6ed5413c','c55f6307-f05f-86a1-a0dd-4f4c678e1b4f','63a846e6-7e23-4d23-8ab4-4f187ac577f2',89,'2012-02-28 06:04:55',0),('14bfd28f-4e3e-a480-bd8c-4f4c6e0888df','c55f6307-f05f-86a1-a0dd-4f4c678e1b4f','64a29b10-fc19-368e-58ef-4f187a366dc7',75,'2012-02-28 06:04:55',0),('14e9635c-69b4-05a7-8ddc-4f4c6ed3d198','c55f6307-f05f-86a1-a0dd-4f4c678e1b4f','64662f44-771e-0338-f646-4f187a878408',75,'2012-02-28 06:04:55',0),('1512e755-6602-8c3d-3183-4f4c6e88767d','c55f6307-f05f-86a1-a0dd-4f4c678e1b4f','651c8355-2a8b-d645-c0fc-4f187a5d68cb',75,'2012-02-28 06:04:55',0),('153e3fbf-e018-0567-275f-4f4c6e7ec4f3','c55f6307-f05f-86a1-a0dd-4f4c678e1b4f','64decda2-37d2-79cb-9f3c-4f187a71d08a',90,'2012-02-28 06:04:55',0),('1572d375-ac6e-b4dd-4225-4f4c6e42d823','c55f6307-f05f-86a1-a0dd-4f4c678e1b4f','64290ec1-f4a6-07a8-67db-4f187acbff27',75,'2012-02-28 06:04:55',0),('159f2c69-510f-07a3-6a72-4f4c6e0c076f','c55f6307-f05f-86a1-a0dd-4f4c678e1b4f','6558ebec-e643-3e9e-5d2c-4f187ae28a9d',-99,'2012-02-28 06:04:55',0),('15ca4e92-f479-6cfc-9cc9-4f4c6e869545','c55f6307-f05f-86a1-a0dd-4f4c678e1b4f','63ebf31d-ed1c-08ce-a9cc-4f187af5c125',75,'2012-02-28 06:04:55',0),('15f547fc-1fbc-fef9-941b-4f4c6e0ed163','c55f6307-f05f-86a1-a0dd-4f4c678e1b4f','a82b0ea6-ad53-3580-86cb-4f187a545b67',89,'2012-02-28 06:04:55',0),('16212878-3fe5-9704-b953-4f4c6ea40141','c55f6307-f05f-86a1-a0dd-4f4c678e1b4f','a934120a-aab8-0447-e118-4f187aaef79c',75,'2012-02-28 06:04:55',0),('164cc58d-9c4b-9a73-3850-4f4c6e17a464','c55f6307-f05f-86a1-a0dd-4f4c678e1b4f','a8f3f904-096a-1282-e55a-4f187a40872e',75,'2012-02-28 06:04:55',0),('16796cc9-1850-3cf8-4707-4f4c6e676cdd','c55f6307-f05f-86a1-a0dd-4f4c678e1b4f','a9b13da5-d886-d017-906b-4f187aedc7bc',75,'2012-02-28 06:04:55',0),('16a5bc76-48b9-25a1-9466-4f4c6ea7b775','c55f6307-f05f-86a1-a0dd-4f4c678e1b4f','a972230d-6028-872d-c77f-4f187a8673db',90,'2012-02-28 06:04:55',0),('16d06c52-7fe9-7255-3c31-4f4c6ec83795','c55f6307-f05f-86a1-a0dd-4f4c678e1b4f','a8b5415e-1265-6647-0deb-4f187a961054',75,'2012-02-28 06:04:55',0),('16fc0c3b-0f14-5b49-0e8d-4f4c6ec4259d','c55f6307-f05f-86a1-a0dd-4f4c678e1b4f','a9ef6417-88a9-af0f-ea95-4f187acd0d9e',-99,'2012-02-28 06:04:55',0),('17264853-61d4-2366-8030-4f4c6e143c6c','c55f6307-f05f-86a1-a0dd-4f4c678e1b4f','a8748cbc-6e8e-6cd4-1757-4f187a3b91fc',75,'2012-02-28 06:04:55',0),('1751da2d-4417-981e-d64a-4f4c6e550166','c55f6307-f05f-86a1-a0dd-4f4c678e1b4f','95152281-a803-0fa6-c323-4f187a78212a',89,'2012-02-28 06:04:55',0),('177e04db-672d-64cb-21c5-4f4c6e5a266e','c55f6307-f05f-86a1-a0dd-4f4c678e1b4f','961de181-61c3-8e53-31dc-4f187a58b982',75,'2012-02-28 06:04:55',0),('17a9613a-1b97-6f7d-540b-4f4c6e8e3585','c55f6307-f05f-86a1-a0dd-4f4c678e1b4f','95e0550e-1573-8548-50df-4f187affab7c',75,'2012-02-28 06:04:55',0),('17d47c7a-a2e9-d5be-29b6-4f4c6e733061','c55f6307-f05f-86a1-a0dd-4f4c678e1b4f','969a9208-7323-ac54-5009-4f187ac57f8c',75,'2012-02-28 06:04:55',0),('180279a9-ed84-dad1-3d18-4f4c6e556edb','c55f6307-f05f-86a1-a0dd-4f4c678e1b4f','965be43c-97a4-bad3-c142-4f187acc0b6e',90,'2012-02-28 06:04:55',0),('182cfa5e-7efd-6b8d-f59c-4f4c6e1b470c','c55f6307-f05f-86a1-a0dd-4f4c678e1b4f','959bf1c6-7539-1d8c-e741-4f187a420eef',75,'2012-02-28 06:04:55',0),('1857803e-5e22-1e71-f67c-4f4c6e2e924c','c55f6307-f05f-86a1-a0dd-4f4c678e1b4f','96db72a8-e377-424d-35d7-4f187a9f06ed',-99,'2012-02-28 06:04:55',0),('1881e8fb-aea9-bdee-5592-4f4c6e5a2e85','c55f6307-f05f-86a1-a0dd-4f4c678e1b4f','955d5509-bea4-bfb2-e74a-4f187a3a5ea8',75,'2012-02-28 06:04:55',0),('18acde26-70ea-6c35-93c8-4f4c6e89e878','c55f6307-f05f-86a1-a0dd-4f4c678e1b4f','a8274819-2e5f-d95b-cb6e-4f2ad5e6a238',89,'2012-02-28 06:04:55',0),('18d75068-ceab-121e-0915-4f4c6ea59509','c55f6307-f05f-86a1-a0dd-4f4c678e1b4f','a9cb84e1-ab0a-69db-0451-4f2ad5c5eb6d',75,'2012-02-28 06:04:55',0),('1904e398-beb3-102d-0661-4f4c6ef4618c','c55f6307-f05f-86a1-a0dd-4f4c678e1b4f','a9853101-2a06-89b3-bf34-4f2ad5e93b4e',75,'2012-02-28 06:04:55',0),('19329113-963b-0e32-80a7-4f4c6eceba7a','c55f6307-f05f-86a1-a0dd-4f4c678e1b4f','aa5b4811-2528-ebe2-d29a-4f2ad5f0c82b',75,'2012-02-28 06:04:55',0),('195f61c9-5bbd-b87a-d816-4f4c6e230873','c55f6307-f05f-86a1-a0dd-4f4c678e1b4f','aa12f93c-076c-cc50-da28-4f2ad57ccf45',90,'2012-02-28 06:04:55',0),('198b2efe-55e2-ad13-dd3c-4f4c6e64cef1','c55f6307-f05f-86a1-a0dd-4f4c678e1b4f','a93d64ea-0939-dc4e-be56-4f2ad5bc7105',75,'2012-02-28 06:04:55',0),('19b69ad9-3dfc-eed3-3f6b-4f4c6e22d786','c55f6307-f05f-86a1-a0dd-4f4c678e1b4f','aaa40c75-3257-e59a-da58-4f2ad5e3aef4',-99,'2012-02-28 06:04:55',0),('19e27076-227e-50b8-d85b-4f4c6e1e3e1b','c55f6307-f05f-86a1-a0dd-4f4c678e1b4f','a8f38991-6736-eab0-1993-4f2ad5b09122',75,'2012-02-28 06:04:55',0),('1a0d975a-1d42-b5aa-6d1b-4f4c6ecdb0af','c55f6307-f05f-86a1-a0dd-4f4c678e1b4f','199db185-3fdb-aa3f-0e7b-4f187ae56c69',89,'2012-02-28 06:04:55',0),('1a3735df-a638-decd-d708-4f4c6ef6b4f2','c55f6307-f05f-86a1-a0dd-4f4c678e1b4f','1aa08896-a8fd-ee11-7f48-4f187a809293',75,'2012-02-28 06:04:55',0),('1a6485d7-65e4-577a-2f63-4f4c6efc0a18','c55f6307-f05f-86a1-a0dd-4f4c678e1b4f','1a64c8bb-9749-ba63-cf15-4f187afea5b9',75,'2012-02-28 06:04:55',0),('1a8f4846-9c2e-6b51-0c31-4f4c6e52ef67','c55f6307-f05f-86a1-a0dd-4f4c678e1b4f','1b14e081-3b6a-8e3f-08fd-4f187afe2ec8',75,'2012-02-28 06:04:55',0),('1abadce7-74b9-6475-b885-4f4c6e4e96d1','c55f6307-f05f-86a1-a0dd-4f4c678e1b4f','1ada544d-1882-1c2c-ff27-4f187a156204',90,'2012-02-28 06:04:55',0),('1ae60f3b-8b27-9aa5-2c5f-4f4c6ea99f29','c55f6307-f05f-86a1-a0dd-4f4c678e1b4f','1a27f8c7-6c03-6e81-c006-4f187af4bac3',75,'2012-02-28 06:04:55',0),('1b1249a0-8b42-9d85-eb5c-4f4c6e152004','c55f6307-f05f-86a1-a0dd-4f4c678e1b4f','1b4f8a66-1f7b-c747-dc30-4f187ac449a5',-99,'2012-02-28 06:04:55',0),('1b3d0eae-5a8d-092b-5df3-4f4c6efeb41e','c55f6307-f05f-86a1-a0dd-4f4c678e1b4f','19e9f8ee-bd5d-4fea-ca65-4f187a70a25a',75,'2012-02-28 06:04:55',0),('1b68a2af-ef34-dd09-ed31-4f4c6e4e3d7d','c55f6307-f05f-86a1-a0dd-4f4c678e1b4f','afe38719-7077-19f0-e4e8-4f187a53b75a',89,'2012-02-28 06:04:55',0),('1b95c186-cc68-0ca2-11a8-4f4c6ed6ca9d','c55f6307-f05f-86a1-a0dd-4f4c678e1b4f','b0f067cf-4fdc-1a43-c5ca-4f187aefcf91',75,'2012-02-28 06:04:55',0),('1bc5230b-77e0-cf0f-64f8-4f4c6ecba2d5','c55f6307-f05f-86a1-a0dd-4f4c678e1b4f','b0b0a6f7-b27f-4465-431b-4f187a317c2a',75,'2012-02-28 06:04:55',0),('1bf16797-1bad-cafc-e476-4f4c6eccb101','c55f6307-f05f-86a1-a0dd-4f4c678e1b4f','b17133b5-4d1a-769c-37b4-4f187a5c6008',75,'2012-02-28 06:04:55',0),('1c1ff9ff-4b65-02ea-87e5-4f4c6ebaad28','c55f6307-f05f-86a1-a0dd-4f4c678e1b4f','b131e029-f856-f644-37ae-4f187aa851d8',90,'2012-02-28 06:04:55',0),('1c4d1795-6f86-6dc0-246f-4f4c6e3669c9','c55f6307-f05f-86a1-a0dd-4f4c678e1b4f','b06ed117-bf8f-890c-0414-4f187a47dceb',75,'2012-02-28 06:04:55',0),('1c7a8abf-da18-3170-68f6-4f4c6e325d46','c55f6307-f05f-86a1-a0dd-4f4c678e1b4f','b1b141a4-5663-d6a9-cc31-4f187a3b5965',-99,'2012-02-28 06:04:55',0),('1ca66d55-c908-60a6-382e-4f4c6ea0a147','c55f6307-f05f-86a1-a0dd-4f4c678e1b4f','b02e045e-9e34-241c-7408-4f187a5e875c',75,'2012-02-28 06:04:55',0),('1cd5e9a2-6d3c-8b7b-d0fe-4f4c6e263da0','c55f6307-f05f-86a1-a0dd-4f4c678e1b4f','9aa2daa7-e74a-9a23-d1fd-4f187ab2ebe2',89,'2012-02-28 06:04:55',0),('1d029a32-9242-a418-2470-4f4c6e43550a','c55f6307-f05f-86a1-a0dd-4f4c678e1b4f','9bc53bba-3981-e30e-758b-4f187a14ddd4',75,'2012-02-28 06:04:55',0),('1d2f6f4f-c8a2-5b56-661d-4f4c6e370097','c55f6307-f05f-86a1-a0dd-4f4c678e1b4f','9b6baf3b-c93c-ab1e-719f-4f187acbfe1d',75,'2012-02-28 06:04:55',0),('1d5d11ab-d1b5-1b89-423a-4f4c6ea0fa85','c55f6307-f05f-86a1-a0dd-4f4c678e1b4f','9c45c51e-1911-3a19-bfb3-4f187a08985e',75,'2012-02-28 06:04:55',0),('1d8a30ce-247e-36c9-832f-4f4c6e5091ae','c55f6307-f05f-86a1-a0dd-4f4c678e1b4f','9c0690eb-579e-d6ea-9311-4f187a64fff1',90,'2012-02-28 06:04:55',0),('1db64bc4-87b1-0a93-86eb-4f4c6ecc3c50','c55f6307-f05f-86a1-a0dd-4f4c678e1b4f','9b2cc777-2ef5-cdaf-0b32-4f187a55e45e',75,'2012-02-28 06:04:55',0),('1de350f8-a821-2a35-761a-4f4c6e400582','c55f6307-f05f-86a1-a0dd-4f4c678e1b4f','9c855efb-ad4c-6371-c966-4f187a3e8fcd',-99,'2012-02-28 06:04:55',0),('1e0ecfbb-af90-5137-553d-4f4c6e458db6','c55f6307-f05f-86a1-a0dd-4f4c678e1b4f','9aec9825-db2f-d9ef-fa4d-4f187ab07522',75,'2012-02-28 06:04:55',0),('1e3c32d1-dc17-9a5d-acc7-4f4c6e9d4a5d','c55f6307-f05f-86a1-a0dd-4f4c678e1b4f','8c4f033e-f140-3ac5-efe0-4f187ac82a9b',89,'2012-02-28 06:04:55',0),('1e68a8e8-c271-9558-6e7d-4f4c6edacaee','c55f6307-f05f-86a1-a0dd-4f4c678e1b4f','8d59071a-effc-d39b-a701-4f187abfd08b',75,'2012-02-28 06:04:55',0),('1e94b7bd-a50e-8c98-29ad-4f4c6eecfa22','c55f6307-f05f-86a1-a0dd-4f4c678e1b4f','8d194f1d-eeb2-dd76-79f4-4f187a3fdbda',75,'2012-02-28 06:04:55',0),('1ec054db-eb81-cae5-222a-4f4c6e712fec','c55f6307-f05f-86a1-a0dd-4f4c678e1b4f','8dd6094d-d0cb-bd18-b4ae-4f187aef2ff4',75,'2012-02-28 06:04:55',0),('1eed2d3b-adcf-e7e5-f430-4f4c6ed0e912','c55f6307-f05f-86a1-a0dd-4f4c678e1b4f','8d96f5d6-823c-d82d-9fbf-4f187a26275e',90,'2012-02-28 06:04:55',0),('1f190435-1b40-b9d8-d5e2-4f4c6e7640e5','c55f6307-f05f-86a1-a0dd-4f4c678e1b4f','8cd94831-d4af-cbed-7ff0-4f187afff7b5',75,'2012-02-28 06:04:55',0),('1f4826c9-999d-84ec-8fd8-4f4c6e020a60','c55f6307-f05f-86a1-a0dd-4f4c678e1b4f','8e14b86f-7926-04fb-7fef-4f187a292c6a',-99,'2012-02-28 06:04:55',0),('1f755137-d02e-63ba-d081-4f4c6e1d7287','c55f6307-f05f-86a1-a0dd-4f4c678e1b4f','8c991ff5-849f-02f1-e174-4f187a025d3e',75,'2012-02-28 06:04:55',0),('1fa10da3-b098-dc97-3e41-4f4c6e2b5161','c55f6307-f05f-86a1-a0dd-4f4c678e1b4f','3d7c2bb6-46d5-2a52-5848-4f187a24745b',89,'2012-02-28 06:04:55',0),('1fce653e-ee84-c0a1-7da9-4f4c6e8a4b16','c55f6307-f05f-86a1-a0dd-4f4c678e1b4f','3e78b18d-856e-d65f-b7e7-4f187aea37f0',75,'2012-02-28 06:04:55',0),('1ffafbf1-79c1-543c-ef20-4f4c6e6b2894','c55f6307-f05f-86a1-a0dd-4f4c678e1b4f','3e3cebd5-593d-267a-a9ac-4f187af2ab0c',75,'2012-02-28 06:04:55',0),('20285196-01b4-4d3e-951c-4f4c6e510965','c55f6307-f05f-86a1-a0dd-4f4c678e1b4f','3ef2c528-ab9e-da58-a6b0-4f187ae70fc2',75,'2012-02-28 06:04:55',0),('2055296b-63ec-f966-02ce-4f4c6ea7a45e','c55f6307-f05f-86a1-a0dd-4f4c678e1b4f','3eb5b3af-d67b-d16e-a041-4f187ac7463c',90,'2012-02-28 06:04:55',0),('20820630-f79d-7476-9a39-4f4c6e9fb42b','c55f6307-f05f-86a1-a0dd-4f4c678e1b4f','3e00e37b-2b4b-8b59-c701-4f187a2e06c4',75,'2012-02-28 06:04:55',0),('20b1464b-84fe-4439-3f1a-4f4c6e3c14ed','c55f6307-f05f-86a1-a0dd-4f4c678e1b4f','3f32f026-601a-ab15-7223-4f187a31654d',-99,'2012-02-28 06:04:55',0),('20def5c3-986a-897f-89e3-4f4c6e2770b5','c55f6307-f05f-86a1-a0dd-4f4c678e1b4f','3dc2844d-408d-3884-47a9-4f187a1fb806',75,'2012-02-28 06:04:55',0),('210be11f-5701-9aed-c2d4-4f4c6ef59054','c55f6307-f05f-86a1-a0dd-4f4c678e1b4f','446f4aa6-8538-573c-b019-4f187a45f5a9',89,'2012-02-28 06:04:55',0),('213e7931-0dd2-2077-e977-4f4c6e3bf87c','c55f6307-f05f-86a1-a0dd-4f4c678e1b4f','4570b3ea-a689-9712-2098-4f187ae64455',75,'2012-02-28 06:04:55',0),('216c0c8c-a8c7-2cde-2245-4f4c6e148f0c','c55f6307-f05f-86a1-a0dd-4f4c678e1b4f','45338d77-f485-3e0b-d8ab-4f187acbf91a',75,'2012-02-28 06:04:55',0),('219a25b4-4a01-9dd7-7422-4f4c6ed72c59','c55f6307-f05f-86a1-a0dd-4f4c678e1b4f','45ff24f2-1ab6-bde7-8e07-4f187a1d4eb5',75,'2012-02-28 06:04:55',0),('21cb5a51-3be0-c8e2-2c8e-4f4c6e276ccd','c55f6307-f05f-86a1-a0dd-4f4c678e1b4f','45ae3837-80cd-cd24-6400-4f187ad41c27',90,'2012-02-28 06:04:55',0),('21f92ce6-f780-919d-5aac-4f4c6e6d3bb0','c55f6307-f05f-86a1-a0dd-4f4c678e1b4f','44f63251-60dc-b410-36c9-4f187abfd819',75,'2012-02-28 06:04:55',0),('2226a473-9642-70f9-8a56-4f4c6ee292f2','c55f6307-f05f-86a1-a0dd-4f4c678e1b4f','4641d2e5-1b07-4b95-2787-4f187a9f6d66',-99,'2012-02-28 06:04:55',0),('2252b205-a845-9ac1-0535-4f4c6e221cf3','c55f6307-f05f-86a1-a0dd-4f4c678e1b4f','44b739ca-61e1-a1cc-a5c0-4f187aac0316',75,'2012-02-28 06:04:55',0),('2282e369-876a-38f1-7df2-4f4c6ef839be','c55f6307-f05f-86a1-a0dd-4f4c678e1b4f','5613f595-40ec-950d-3b6f-4f187aead495',89,'2012-02-28 06:04:55',0),('22b1755f-1548-235f-d23c-4f4c6ece1b6d','c55f6307-f05f-86a1-a0dd-4f4c678e1b4f','5714255c-c4ee-9b95-ae70-4f187ae1f605',75,'2012-02-28 06:04:55',0),('22df95c9-cede-1d7c-9843-4f4c6e338e10','c55f6307-f05f-86a1-a0dd-4f4c678e1b4f','56d6c82b-1532-326d-7824-4f187ace408a',75,'2012-02-28 06:04:55',0),('230f3f3a-99fd-4dd9-243b-4f4c6e6c4c0b','c55f6307-f05f-86a1-a0dd-4f4c678e1b4f','579864b6-1a82-36cf-7e63-4f187a5ef054',75,'2012-02-28 06:04:55',0),('233d1d56-38a6-6a15-85cf-4f4c6e8a3aff','c55f6307-f05f-86a1-a0dd-4f4c678e1b4f','5752cca1-3784-6fd8-9d9c-4f187acba1f8',90,'2012-02-28 06:04:55',0),('236c9507-c0db-4167-1275-4f4c6e0c1b6f','c55f6307-f05f-86a1-a0dd-4f4c678e1b4f','56994cd2-946c-0e5f-2ed5-4f187abef02f',75,'2012-02-28 06:04:55',0),('239a553f-7299-b288-c4e8-4f4c6eaa27a9','c55f6307-f05f-86a1-a0dd-4f4c678e1b4f','57d67444-6f11-a44b-478c-4f187a61823b',-99,'2012-02-28 06:04:55',0),('23c967df-53a9-39b9-a989-4f4c6eba2cb5','c55f6307-f05f-86a1-a0dd-4f4c678e1b4f','565aabb3-e241-2317-04e3-4f187a12c911',75,'2012-02-28 06:04:55',0),('23f7277c-6d22-1fc6-2b2b-4f4c6e851ccc','c55f6307-f05f-86a1-a0dd-4f4c678e1b4f','5d0c3861-dcb8-f06a-bd2e-4f187a8ce24f',89,'2012-02-28 06:04:55',0),('2429da40-704f-c99c-25fa-4f4c6ebe1a20','c55f6307-f05f-86a1-a0dd-4f4c678e1b4f','5e105bf4-3229-f803-0555-4f187a69bc15',75,'2012-02-28 06:04:55',0),('2458eb57-6ca7-97a7-59a2-4f4c6eac1774','c55f6307-f05f-86a1-a0dd-4f4c678e1b4f','5dd2fb11-1c6b-948e-0c48-4f187acd9a3d',75,'2012-02-28 06:04:55',0),('248713ff-2108-7262-a14a-4f4c6e5a9f1c','c55f6307-f05f-86a1-a0dd-4f4c678e1b4f','5e9bcb06-7e54-992f-a256-4f187a021cdf',75,'2012-02-28 06:04:55',0),('24b4d6fe-6832-8c46-8794-4f4c6eaaaeec','c55f6307-f05f-86a1-a0dd-4f4c678e1b4f','5e5a10ce-837f-822d-2e07-4f187a43828c',90,'2012-02-28 06:04:55',0),('24e3a89c-ae1b-992a-1c02-4f4c6ebf850d','c55f6307-f05f-86a1-a0dd-4f4c678e1b4f','5d93fc78-d7f3-3036-7712-4f187ab037ef',75,'2012-02-28 06:04:55',0),('251245ef-23ae-fa44-2a36-4f4c6e49b2d2','c55f6307-f05f-86a1-a0dd-4f4c678e1b4f','5edee62a-38c7-1525-3bea-4f187a55c466',-99,'2012-02-28 06:04:55',0),('25413275-271b-2fca-f94d-4f4c6e5a751f','c55f6307-f05f-86a1-a0dd-4f4c678e1b4f','5d55cb6f-f074-07a8-cc8c-4f187af6bab7',75,'2012-02-28 06:04:55',0),('256f1d57-e8b4-20e3-1260-4f4c6eeca87d','c55f6307-f05f-86a1-a0dd-4f4c678e1b4f','b734fc6b-92c5-f47d-7654-4f187a09aec0',89,'2012-02-28 06:04:55',0),('25a029da-3e54-7dd1-918e-4f4c6ed1034a','c55f6307-f05f-86a1-a0dd-4f4c678e1b4f','b8475715-e9dd-4a9e-ea70-4f187a59883a',75,'2012-02-28 06:04:55',0),('25cff285-4df7-3f38-b91b-4f4c6e9a3c14','c55f6307-f05f-86a1-a0dd-4f4c678e1b4f','b8065549-08bf-47b3-0704-4f187a67df84',75,'2012-02-28 06:04:55',0),('26006b84-7f9d-a6f9-ffe4-4f4c6e0c70cd','c55f6307-f05f-86a1-a0dd-4f4c678e1b4f','b8c99f6d-f1d3-678f-c7ea-4f187abd3d7d',75,'2012-02-28 06:04:55',0),('2631602f-0faf-3fbe-6806-4f4c6e9c9021','c55f6307-f05f-86a1-a0dd-4f4c678e1b4f','b8891343-be9b-9c75-a039-4f187a3043db',90,'2012-02-28 06:04:55',0),('2660b0a2-5f74-5bfd-224f-4f4c6e419f30','c55f6307-f05f-86a1-a0dd-4f4c678e1b4f','b7c5ff99-761d-ad42-47f3-4f187a136956',75,'2012-02-28 06:04:55',0),('26924c8b-802e-d0e6-3154-4f4c6e2c4f28','c55f6307-f05f-86a1-a0dd-4f4c678e1b4f','b911188f-e624-77db-1d90-4f187a371afd',-99,'2012-02-28 06:04:55',0),('26c274e6-23b3-4dbe-57cc-4f4c6e4a975f','c55f6307-f05f-86a1-a0dd-4f4c678e1b4f','b781daa5-db3e-8eb2-3942-4f187a5c1bc0',75,'2012-02-28 06:04:55',0),('726bf5a6-8069-f875-73a2-4f4d47a8cd7f','6d595e83-6aee-7155-169a-4f4d47581a11','81e357a6-9d43-7ffc-2251-4f187a3178f1',89,'2012-02-28 21:30:31',0),('72a9473b-9b2c-f133-8035-4f4d47ff7b11','6d595e83-6aee-7155-169a-4f4d47581a11','82e398c0-b9b2-2299-97ad-4f187af815d5',75,'2012-02-28 21:30:31',0),('72d3718b-8f9c-6dc5-aa4b-4f4d47b3be19','6d595e83-6aee-7155-169a-4f4d47581a11','82a5e676-add5-1c2f-d4d0-4f187a50ee5a',75,'2012-02-28 21:30:31',0),('72ff9e17-6668-82bb-8a6e-4f4d47ff2b52','6d595e83-6aee-7155-169a-4f4d47581a11','835f43f3-ec76-83e0-b4cb-4f187a870d19',75,'2012-02-28 21:30:31',0),('73263471-aad2-21a2-aaba-4f4d472ec64b','6d595e83-6aee-7155-169a-4f4d47581a11','8320ad50-8471-3f2f-588c-4f187a86b66a',90,'2012-02-28 21:30:31',0),('734e082e-ea3d-ecda-d80e-4f4d47887a38','6d595e83-6aee-7155-169a-4f4d47581a11','8268caff-4d38-83c7-8a46-4f187af413ec',75,'2012-02-28 21:30:31',0),('73754d03-75df-7b6d-e0ac-4f4d47a8a6fd','6d595e83-6aee-7155-169a-4f4d47581a11','839c644e-a272-9217-3f7c-4f187acf7dee',-99,'2012-02-28 21:30:31',0),('73a45ae0-83cd-56fd-0040-4f4d47d69a5e','6d595e83-6aee-7155-169a-4f4d47581a11','822a1815-8b86-436f-23f8-4f187a0748cb',75,'2012-02-28 21:30:31',0),('73d466dd-354c-4d79-7c42-4f4d47f5426c','6d595e83-6aee-7155-169a-4f4d47581a11','c36b5ed0-65d3-342a-cb95-4f297d13b5f3',89,'2012-02-28 21:30:31',0),('73fdaa9a-5620-4358-8ec1-4f4d472aabfa','6d595e83-6aee-7155-169a-4f4d47581a11','c4e8a4bd-df3e-f04a-7620-4f297d0fb152',75,'2012-02-28 21:30:31',0),('7426ce32-0660-5b31-62db-4f4d473223ab','6d595e83-6aee-7155-169a-4f4d47581a11','c4a4e0d2-cb74-9ff9-2230-4f297d4435e6',75,'2012-02-28 21:30:31',0),('745051db-1bbd-bd76-7a7e-4f4d477995b0','6d595e83-6aee-7155-169a-4f4d47581a11','c56dc120-e43f-f700-6351-4f297d8b61fc',75,'2012-02-28 21:30:31',0),('747922a3-3af6-e8f6-4570-4f4d478934ae','6d595e83-6aee-7155-169a-4f4d47581a11','c52b1761-16d4-6dfc-32a4-4f297d731cf0',90,'2012-02-28 21:30:31',0),('74a17ece-b059-bcfa-7b88-4f4d477c3de2','6d595e83-6aee-7155-169a-4f4d47581a11','c461fcd1-16f0-061d-91b0-4f297dcc2030',75,'2012-02-28 21:30:31',0),('74c9c63c-32fe-a77d-0e53-4f4d47944d19','6d595e83-6aee-7155-169a-4f4d47581a11','c5b6e06b-4d2d-f28b-c266-4f297d4d52dc',-99,'2012-02-28 21:30:31',0),('74f2e5ff-ec55-29fd-f8d9-4f4d47cd6fd1','6d595e83-6aee-7155-169a-4f4d47581a11','c41c70eb-cf6e-5cda-ae2f-4f297d14a871',75,'2012-02-28 21:30:31',0),('751d074e-9670-ca96-4c88-4f4d47d69cc4','6d595e83-6aee-7155-169a-4f4d47581a11','cc305053-03ad-cdd5-d204-4f297da68cad',89,'2012-02-28 21:30:31',0),('7545c998-d7e6-fd96-2a3b-4f4d4746cba9','6d595e83-6aee-7155-169a-4f4d47581a11','cd4aa0ad-9121-5e5d-90e4-4f297d1c3aeb',75,'2012-02-28 21:30:31',0),('7572441c-f9d5-9071-3ffd-4f4d47ca58db','6d595e83-6aee-7155-169a-4f4d47581a11','cd066e16-c4db-3332-8384-4f297d99d0c1',75,'2012-02-28 21:30:31',0),('759bd798-fba1-ee4d-253d-4f4d47e240c6','6d595e83-6aee-7155-169a-4f4d47581a11','cdd5d812-62dc-1053-6b9b-4f297df60291',75,'2012-02-28 21:30:31',0),('75c5cedc-17ff-168b-0a3f-4f4d47c582d5','6d595e83-6aee-7155-169a-4f4d47581a11','cd8f52ea-4c44-f78f-a1ae-4f297dbf3bbd',90,'2012-02-28 21:30:31',0),('75f17e66-f3be-5a48-9112-4f4d47e97639','6d595e83-6aee-7155-169a-4f4d47581a11','ccbf6490-2f9d-be3c-242b-4f297d568fc7',75,'2012-02-28 21:30:31',0),('761ab362-5e4a-c3fe-6ecd-4f4d4791a8b3','6d595e83-6aee-7155-169a-4f4d47581a11','ce1b287a-ca06-775e-ab27-4f297d9e3f33',-99,'2012-02-28 21:30:31',0),('76454955-3a48-f0fd-d839-4f4d474cc3a6','6d595e83-6aee-7155-169a-4f4d47581a11','cc7ba872-4e55-dc6f-622a-4f297d757f7e',75,'2012-02-28 21:30:31',0),('766e492c-bdd2-e1bf-1e92-4f4d4770b40f','6d595e83-6aee-7155-169a-4f4d47581a11','d3f46248-0160-ec23-9f42-4f297dd0c3f4',89,'2012-02-28 21:30:31',0),('76970090-f42a-5250-6051-4f4d47af42c7','6d595e83-6aee-7155-169a-4f4d47581a11','d51079d7-f27f-b03b-acf3-4f297de81f06',75,'2012-02-28 21:30:31',0),('76c1c1a6-43b2-9238-8a06-4f4d47948d31','6d595e83-6aee-7155-169a-4f4d47581a11','d4cb60a3-8e3c-0bd0-eade-4f297d265a6f',75,'2012-02-28 21:30:31',0),('76ecf42d-e054-0d95-a189-4f4d47665ebd','6d595e83-6aee-7155-169a-4f4d47581a11','d59acb65-144f-ba9d-0901-4f297d291100',75,'2012-02-28 21:30:31',0),('77156dc9-899a-251f-9586-4f4d47705c6e','6d595e83-6aee-7155-169a-4f4d47581a11','d554bdf9-77b5-95e0-0325-4f297ddfdf44',90,'2012-02-28 21:30:31',0),('773d6153-4ebb-e8ae-c3fd-4f4d47d54bf0','6d595e83-6aee-7155-169a-4f4d47581a11','d486ce9e-ddd5-7a42-8a08-4f297db447fb',75,'2012-02-28 21:30:31',0),('77658da7-0fda-fbcd-3af8-4f4d47d91599','6d595e83-6aee-7155-169a-4f4d47581a11','d5df6e52-eadb-6abf-b09b-4f297d8062ec',-99,'2012-02-28 21:30:31',0),('778f993f-f8f7-6493-dd7c-4f4d478f6436','6d595e83-6aee-7155-169a-4f4d47581a11','d4429a75-1629-6029-e233-4f297d6adefe',75,'2012-02-28 21:30:31',0),('77bb2700-b022-1de5-5765-4f4d47877562','6d595e83-6aee-7155-169a-4f4d47581a11','db30aea4-0197-e4c1-b7e3-4f297d44a577',89,'2012-02-28 21:30:31',0),('77e4e15b-04bb-84a8-e48d-4f4d476d30c7','6d595e83-6aee-7155-169a-4f4d47581a11','dc4b7d9c-a926-ec02-8ea6-4f297d4cf6ea',75,'2012-02-28 21:30:31',0),('780ed83e-693f-f3d7-5d80-4f4d471f4104','6d595e83-6aee-7155-169a-4f4d47581a11','dc05e29b-067b-773c-e40f-4f297dec3fc7',75,'2012-02-28 21:30:31',0),('78383df7-49f9-3c36-6e42-4f4d477c88fa','6d595e83-6aee-7155-169a-4f4d47581a11','dcd50ff8-39c9-1052-92d0-4f297d4a2115',75,'2012-02-28 21:30:31',0),('7861994f-3db6-4d32-77a0-4f4d47538022','6d595e83-6aee-7155-169a-4f4d47581a11','dc8f7deb-c89e-1257-cb61-4f297d740b1c',90,'2012-02-28 21:30:31',0),('788c1b84-9772-8814-0013-4f4d47c760cc','6d595e83-6aee-7155-169a-4f4d47581a11','dbc15454-7d78-120b-6501-4f297dea8e48',75,'2012-02-28 21:30:31',0),('78b8189f-0ebd-3eac-bf04-4f4d4730873c','6d595e83-6aee-7155-169a-4f4d47581a11','dd1977d9-b3cc-e231-f623-4f297d705099',-99,'2012-02-28 21:30:31',0),('78e2e3df-f8c9-6382-7d55-4f4d471a1651','6d595e83-6aee-7155-169a-4f4d47581a11','db796411-c3f2-315e-e619-4f297d6de0b8',75,'2012-02-28 21:30:31',0),('790dd764-8afd-de2f-4ca0-4f4d471fe93a','6d595e83-6aee-7155-169a-4f4d47581a11','e314fb83-9cf8-15a0-4629-4f297dfe6655',89,'2012-02-28 21:30:31',0),('7938e8c3-6a54-45bf-de50-4f4d47bc7ce6','6d595e83-6aee-7155-169a-4f4d47581a11','e43dd068-5565-041d-0ea2-4f297d0e4f42',75,'2012-02-28 21:30:31',0),('7962cfd0-a009-ae58-8675-4f4d47a9fdf4','6d595e83-6aee-7155-169a-4f4d47581a11','e3f5917f-934a-78d9-0888-4f297d17082f',75,'2012-02-28 21:30:31',0),('798df24f-3250-a263-9269-4f4d4748d613','6d595e83-6aee-7155-169a-4f4d47581a11','e4d26653-f7d3-cb32-db9a-4f297d038e6f',75,'2012-02-28 21:30:31',0),('79b8f01f-695a-765c-9dda-4f4d4762ca41','6d595e83-6aee-7155-169a-4f4d47581a11','e489d1a2-62ae-920a-8398-4f297d8de473',90,'2012-02-28 21:30:31',0),('79e3ec29-53ca-825e-9b48-4f4d47d2889f','6d595e83-6aee-7155-169a-4f4d47581a11','e3ad05e2-67dd-0ef9-6e50-4f297d2033e3',75,'2012-02-28 21:30:31',0),('7a0eb8d8-959b-8cc5-6714-4f4d4720ff45','6d595e83-6aee-7155-169a-4f4d47581a11','e51ae478-913e-0e98-9274-4f297d4d411e',-99,'2012-02-28 21:30:31',0),('7a3bcc57-2f83-eb4c-e83b-4f4d47b1492c','6d595e83-6aee-7155-169a-4f4d47581a11','e365af28-ff3b-8cd1-a2c3-4f297d220249',75,'2012-02-28 21:30:31',0),('7a665184-fe3a-ce50-8977-4f4d47e2060e','6d595e83-6aee-7155-169a-4f4d47581a11','ebf51108-5417-0986-1d7c-4f297df5f38a',89,'2012-02-28 21:30:31',0),('7a91f1c6-9398-47e5-ff44-4f4d476ed7eb','6d595e83-6aee-7155-169a-4f4d47581a11','ed27a1e3-8fbd-f294-308f-4f297d869d69',75,'2012-02-28 21:30:31',0),('7abc9ae3-438c-228b-bf19-4f4d47573e89','6d595e83-6aee-7155-169a-4f4d47581a11','ece061d2-0260-6c8b-3c23-4f297d713750',75,'2012-02-28 21:30:31',0),('7aea9184-dcfb-4dc2-740b-4f4d470e64a0','6d595e83-6aee-7155-169a-4f4d47581a11','edb5511c-7c23-c366-57fc-4f297d01d0c9',75,'2012-02-28 21:30:31',0),('7b18aed9-4072-96b3-fa26-4f4d47a1394d','6d595e83-6aee-7155-169a-4f4d47581a11','ed6f745f-64fe-4a3c-1139-4f297db956f3',90,'2012-02-28 21:30:31',0),('7b4350e7-a427-7952-c991-4f4d4719997e','6d595e83-6aee-7155-169a-4f4d47581a11','ec942a18-a550-9b2d-b1ca-4f297d3ed16f',75,'2012-02-28 21:30:31',0),('7b6d4716-cd11-387f-664b-4f4d475e632b','6d595e83-6aee-7155-169a-4f4d47581a11','edfe9d0b-730b-d1ed-18f3-4f297dac2c5d',-99,'2012-02-28 21:30:31',0),('7b99088a-c923-1427-aaa2-4f4d47bef2f7','6d595e83-6aee-7155-169a-4f4d47581a11','ec4a69e4-40a9-ad83-25b9-4f297d0c7cbc',75,'2012-02-28 21:30:31',0),('7bc34e74-c33e-23ab-23f1-4f4d4750a7e6','6d595e83-6aee-7155-169a-4f4d47581a11','2c19d3de-62a2-a0d3-23a0-4f187ad58883',89,'2012-02-28 21:30:31',0),('7bed6bc0-abe7-a3a2-aa71-4f4d4773889a','6d595e83-6aee-7155-169a-4f4d47581a11','2d1a1eb9-4bb9-2679-c215-4f187a1aea2d',75,'2012-02-28 21:30:31',0),('7c179974-5c5b-2776-dbc2-4f4d477be82b','6d595e83-6aee-7155-169a-4f4d47581a11','2cd7e68a-69ed-22a0-03e0-4f187af7fcdf',75,'2012-02-28 21:30:31',0),('7c4342d4-254a-17f6-55c6-4f4d47e4f101','6d595e83-6aee-7155-169a-4f4d47581a11','2d937057-174a-4777-8469-4f187a61691c',75,'2012-02-28 21:30:31',0),('7c6fc96a-5196-1e29-bd23-4f4d472aee68','6d595e83-6aee-7155-169a-4f4d47581a11','2d563477-d44f-b0b8-68ee-4f187ad58555',90,'2012-02-28 21:30:31',0),('7c9be25e-afb8-f506-0ee6-4f4d478936f6','6d595e83-6aee-7155-169a-4f4d47581a11','2c9b9543-d6da-ab5c-4d94-4f187a82c7d5',75,'2012-02-28 21:30:31',0),('7cc7c2a8-8695-eb3b-cf51-4f4d479fb23e','6d595e83-6aee-7155-169a-4f4d47581a11','2dcf7465-366d-5184-23d3-4f187a91dee4',-99,'2012-02-28 21:30:31',0),('7cf25a97-fc7c-d055-57ca-4f4d47f2eec5','6d595e83-6aee-7155-169a-4f4d47581a11','2c60595e-060f-b7fb-a8e0-4f187a1894a2',75,'2012-02-28 21:30:31',0),('7d1e26ca-5677-f4a0-b12e-4f4d474c2e2b','6d595e83-6aee-7155-169a-4f4d47581a11','a11674cc-0d06-f6e8-72a4-4f187aede5b2',89,'2012-02-28 21:30:31',0),('7d4bdc5a-e227-de0c-2f29-4f4d47200752','6d595e83-6aee-7155-169a-4f4d47581a11','a216bfef-adf2-b675-8889-4f187aaf5ca8',75,'2012-02-28 21:30:31',0),('7d7a9ab4-67d6-daef-6bca-4f4d476ac5b1','6d595e83-6aee-7155-169a-4f4d47581a11','a1d8d61c-fe5e-dbac-d13f-4f187ad304d1',75,'2012-02-28 21:30:31',0),('7da74d76-7db2-93e6-60d4-4f4d47b44efc','6d595e83-6aee-7155-169a-4f4d47581a11','a2917dfc-93b2-a9a4-897e-4f187adf37aa',75,'2012-02-28 21:30:31',0),('7dd437eb-b908-059c-1231-4f4d4773fe94','6d595e83-6aee-7155-169a-4f4d47581a11','a2541575-ffd5-1b02-e8be-4f187a801028',90,'2012-02-28 21:30:31',0),('7dff2c9b-2700-a4f4-acd1-4f4d4763de06','6d595e83-6aee-7155-169a-4f4d47581a11','a19be553-40e1-84e0-c12d-4f187a0eaf04',75,'2012-02-28 21:30:31',0),('7e2b4e63-6660-7759-ee18-4f4d4718ba0b','6d595e83-6aee-7155-169a-4f4d47581a11','a2cfa149-e007-d97b-84a6-4f187ae5b789',-99,'2012-02-28 21:30:31',0),('7e560f5a-309e-eff2-bc46-4f4d4767eea9','6d595e83-6aee-7155-169a-4f4d47581a11','a15e06b2-c578-95da-efa5-4f187ab07ab3',75,'2012-02-28 21:30:31',0),('7e81bf4a-40da-7055-6155-4f4d470b8b83','6d595e83-6aee-7155-169a-4f4d47581a11','4da5f44c-d06d-4a54-dcd9-4f187aca772d',89,'2012-02-28 21:30:31',0),('7eacd756-5389-1415-8ce7-4f4d474b4fc8','6d595e83-6aee-7155-169a-4f4d47581a11','4ea34d79-463d-8f10-0958-4f187a4aec7d',75,'2012-02-28 21:30:31',0),('7ed810ca-4039-3bdf-8669-4f4d47118065','6d595e83-6aee-7155-169a-4f4d47581a11','4e6737fd-3b06-1e7e-d856-4f187a9f9c5b',75,'2012-02-28 21:30:31',0),('7f02cdd5-c200-0916-b090-4f4d47ca35c1','6d595e83-6aee-7155-169a-4f4d47581a11','4f1bf7a6-1a5c-6db1-59d5-4f187a2b9eca',75,'2012-02-28 21:30:31',0),('7f321fda-ad71-7b6d-1a78-4f4d477e2213','6d595e83-6aee-7155-169a-4f4d47581a11','4edef993-92ab-6f1f-4849-4f187ad9cad4',90,'2012-02-28 21:30:31',0),('7f5d0604-d0ed-d37a-ece6-4f4d47e77e95','6d595e83-6aee-7155-169a-4f4d47581a11','4e2a2abb-14f6-c10c-d69f-4f187ada19f8',75,'2012-02-28 21:30:31',0),('7f885fed-3270-771d-b10c-4f4d47f74f1d','6d595e83-6aee-7155-169a-4f4d47581a11','4f586112-1fc9-806e-2864-4f187af50dfa',-99,'2012-02-28 21:30:31',0),('7fb33032-19f8-d17e-103a-4f4d47928f4e','6d595e83-6aee-7155-169a-4f4d47581a11','4ded800a-af66-19d4-de9f-4f187a315058',75,'2012-02-28 21:30:31',0),('7fdef64e-4579-344e-34da-4f4d47c9f944','6d595e83-6aee-7155-169a-4f4d47581a11','2325e5f0-abc4-eafd-91e7-4f187a6ef30e',89,'2012-02-28 21:30:31',0),('800acfd0-4431-8dce-a92c-4f4d4770ecf5','6d595e83-6aee-7155-169a-4f4d47581a11','24219b13-abb5-c859-2dfd-4f187acb4b94',75,'2012-02-28 21:30:31',0),('80350f94-611c-4c4c-f149-4f4d471d45c3','6d595e83-6aee-7155-169a-4f4d47581a11','23e162db-6831-9454-ae2f-4f187a5eca7f',75,'2012-02-28 21:30:31',0),('805f3e50-8e7d-739b-a625-4f4d4748b6ea','6d595e83-6aee-7155-169a-4f4d47581a11','249b6c31-0408-f3b9-44ea-4f187acaa72e',75,'2012-02-28 21:30:31',0),('808adbe8-ffbb-c313-fedd-4f4d47776731','6d595e83-6aee-7155-169a-4f4d47581a11','2460bb7c-7f52-620a-1714-4f187a39538a',90,'2012-02-28 21:30:31',0),('80b6d3c7-92e0-5ed2-1158-4f4d474bb029','6d595e83-6aee-7155-169a-4f4d47581a11','23a30193-2217-0ae1-b7b4-4f187a00420b',75,'2012-02-28 21:30:31',0),('80e27620-d374-7996-0567-4f4d47be853a','6d595e83-6aee-7155-169a-4f4d47581a11','24d72aea-7f23-d261-4a4e-4f187a674603',-99,'2012-02-28 21:30:31',0),('810dbdf6-76c8-c77f-0da5-4f4d47815ad5','6d595e83-6aee-7155-169a-4f4d47581a11','2367da32-6a88-c9d3-8e0c-4f187ab6121a',75,'2012-02-28 21:30:31',0),('8140453b-9d0e-5b17-472a-4f4d4771d845','6d595e83-6aee-7155-169a-4f4d47581a11','773228d2-77d9-7016-c678-4f187ab03d72',89,'2012-02-28 21:30:31',0),('816c823e-aedc-677e-b5f3-4f4d47d91fb3','6d595e83-6aee-7155-169a-4f4d47581a11','7836584d-ed9b-6166-0b34-4f187a5a537e',75,'2012-02-28 21:30:31',0),('819c146d-1413-ccee-908a-4f4d47322494','6d595e83-6aee-7155-169a-4f4d47581a11','77f9ef1f-8fbf-4b64-1b20-4f187a1fae0f',75,'2012-02-28 21:30:31',0),('81c8d3a8-4fea-a440-cdd2-4f4d477c4e30','6d595e83-6aee-7155-169a-4f4d47581a11','78b48600-03f9-0bd9-89ab-4f187a9935f3',75,'2012-02-28 21:30:31',0),('81f5473d-7c64-0271-3eba-4f4d472efe9e','6d595e83-6aee-7155-169a-4f4d47581a11','78739b0b-cb0c-2a29-3c27-4f187a75b57c',90,'2012-02-28 21:30:31',0),('82222416-ffcc-6ba6-bae9-4f4d47fe0856','6d595e83-6aee-7155-169a-4f4d47581a11','77b8e1b9-3eae-0c33-4346-4f187ac3b1d8',75,'2012-02-28 21:30:31',0),('82503a42-da78-4271-3b65-4f4d47b126a5','6d595e83-6aee-7155-169a-4f4d47581a11','78f13d53-faa1-e3a9-e5c9-4f187addb73e',-99,'2012-02-28 21:30:31',0),('827f7862-0413-129f-b850-4f4d47bbc9a9','6d595e83-6aee-7155-169a-4f4d47581a11','777b08f6-0d74-941a-d6b4-4f187adb02c6',75,'2012-02-28 21:30:31',0),('82ab2699-5cfe-dabe-276f-4f4d47bbd901','6d595e83-6aee-7155-169a-4f4d47581a11','d4680a04-3c30-a954-6305-4f187ac4e46e',89,'2012-02-28 21:30:31',0),('82d7b238-7947-619b-852b-4f4d47531dda','6d595e83-6aee-7155-169a-4f4d47581a11','d57398a6-3ca7-0cef-72a5-4f187ad01135',75,'2012-02-28 21:30:31',0),('83055844-27c7-69b2-9271-4f4d47873283','6d595e83-6aee-7155-169a-4f4d47581a11','d533d702-a286-97a4-9281-4f187a218210',75,'2012-02-28 21:30:31',0),('8332398d-ab80-d1ac-e1b3-4f4d4743a9cb','6d595e83-6aee-7155-169a-4f4d47581a11','d5f3abc8-e04f-eb79-7097-4f187ae65643',75,'2012-02-28 21:30:31',0),('835f54a9-9820-ac87-6fc7-4f4d47a3fb45','6d595e83-6aee-7155-169a-4f4d47581a11','d5b51e4d-cd0c-9945-d07a-4f187af7731a',90,'2012-02-28 21:30:31',0),('838be174-4a9c-2d7c-8639-4f4d47569422','6d595e83-6aee-7155-169a-4f4d47581a11','d4f4ed66-bbd6-c91e-f611-4f187a18e715',75,'2012-02-28 21:30:31',0),('83bb5b4b-df5d-c16a-548e-4f4d47f5792a','6d595e83-6aee-7155-169a-4f4d47581a11','d63416fb-1193-cb6e-10ed-4f187aad6faa',-99,'2012-02-28 21:30:31',0),('83e84462-4e82-4315-df38-4f4d475d2ea8','6d595e83-6aee-7155-169a-4f4d47581a11','d4b36e3a-9f82-747a-02cb-4f187a7ebc72',75,'2012-02-28 21:30:31',0),('84173a49-0da0-1839-e172-4f4d47fcf59d','6d595e83-6aee-7155-169a-4f4d47581a11','f18a7248-9a8f-f376-dc8d-4f187a87e921',89,'2012-02-28 21:30:31',0),('84438b49-af44-81a9-6dec-4f4d472baf8c','6d595e83-6aee-7155-169a-4f4d47581a11','f295762b-7be3-29bc-d6da-4f187a42021e',75,'2012-02-28 21:30:31',0),('846ffe63-1d35-a5f3-0ab3-4f4d477d7977','6d595e83-6aee-7155-169a-4f4d47581a11','f255899d-54ef-4d0d-f924-4f187a4eac04',75,'2012-02-28 21:30:31',0),('849e186a-94dd-adbe-0ec6-4f4d473964ba','6d595e83-6aee-7155-169a-4f4d47581a11','f31478e3-5425-ed25-26c5-4f187a68b2bc',75,'2012-02-28 21:30:31',0),('84cd70c5-dedd-6356-f5b1-4f4d47c19c25','6d595e83-6aee-7155-169a-4f4d47581a11','f2d5b5c7-e30a-ef0d-71f3-4f187aa7b210',90,'2012-02-28 21:30:31',0),('84fa94c9-7e3c-7578-85a2-4f4d471bd0cd','6d595e83-6aee-7155-169a-4f4d47581a11','f216fd0e-1cd0-ae8d-2a7c-4f187a5738a9',75,'2012-02-28 21:30:31',0),('85281446-ac72-c251-f0d5-4f4d47ec9da5','6d595e83-6aee-7155-169a-4f4d47581a11','f3537070-b1a7-c92c-9f92-4f187ac4b5a1',-99,'2012-02-28 21:30:31',0),('85566a42-cf31-d41b-5dcf-4f4d47943503','6d595e83-6aee-7155-169a-4f4d47581a11','f1d38526-44d0-b7ad-d2c7-4f187a572dab',75,'2012-02-28 21:30:31',0),('85830056-a49f-e9b8-37eb-4f4d4777064f','6d595e83-6aee-7155-169a-4f4d47581a11','63a846e6-7e23-4d23-8ab4-4f187ac577f2',89,'2012-02-28 21:30:31',0),('85b06af1-ef91-8666-125a-4f4d479d4ee5','6d595e83-6aee-7155-169a-4f4d47581a11','64a29b10-fc19-368e-58ef-4f187a366dc7',75,'2012-02-28 21:30:31',0),('85dde965-feed-9eeb-423a-4f4d47d3baeb','6d595e83-6aee-7155-169a-4f4d47581a11','64662f44-771e-0338-f646-4f187a878408',75,'2012-02-28 21:30:31',0),('860bd091-de84-3269-4ff7-4f4d47a30ad2','6d595e83-6aee-7155-169a-4f4d47581a11','651c8355-2a8b-d645-c0fc-4f187a5d68cb',75,'2012-02-28 21:30:31',0),('8639e8c1-1713-ff09-e893-4f4d47973be0','6d595e83-6aee-7155-169a-4f4d47581a11','64decda2-37d2-79cb-9f3c-4f187a71d08a',90,'2012-02-28 21:30:31',0),('8669bb6f-92fd-a9e4-10dd-4f4d474ed017','6d595e83-6aee-7155-169a-4f4d47581a11','64290ec1-f4a6-07a8-67db-4f187acbff27',75,'2012-02-28 21:30:31',0),('8696d858-0f44-ac13-faa5-4f4d476a50b9','6d595e83-6aee-7155-169a-4f4d47581a11','6558ebec-e643-3e9e-5d2c-4f187ae28a9d',-99,'2012-02-28 21:30:31',0),('86c3690f-7f5d-7723-e901-4f4d47aa6042','6d595e83-6aee-7155-169a-4f4d47581a11','63ebf31d-ed1c-08ce-a9cc-4f187af5c125',75,'2012-02-28 21:30:31',0),('86f21fc3-41d4-98c5-52bd-4f4d470b331d','6d595e83-6aee-7155-169a-4f4d47581a11','a82b0ea6-ad53-3580-86cb-4f187a545b67',89,'2012-02-28 21:30:31',0),('8721c89e-5b03-d684-1df8-4f4d477c3275','6d595e83-6aee-7155-169a-4f4d47581a11','a934120a-aab8-0447-e118-4f187aaef79c',75,'2012-02-28 21:30:31',0),('8752f723-8a34-5e5e-6080-4f4d47c41131','6d595e83-6aee-7155-169a-4f4d47581a11','a8f3f904-096a-1282-e55a-4f187a40872e',75,'2012-02-28 21:30:31',0),('87875683-f914-7629-eaaa-4f4d4752e1f6','6d595e83-6aee-7155-169a-4f4d47581a11','a9b13da5-d886-d017-906b-4f187aedc7bc',75,'2012-02-28 21:30:31',0),('87b9d231-559d-db55-5af1-4f4d4748a176','6d595e83-6aee-7155-169a-4f4d47581a11','a972230d-6028-872d-c77f-4f187a8673db',90,'2012-02-28 21:30:31',0),('87ea3722-2998-2aeb-ccb3-4f4d470b3a84','6d595e83-6aee-7155-169a-4f4d47581a11','a8b5415e-1265-6647-0deb-4f187a961054',75,'2012-02-28 21:30:31',0),('881883c3-2ea8-8dda-2faa-4f4d470a3ad2','6d595e83-6aee-7155-169a-4f4d47581a11','a9ef6417-88a9-af0f-ea95-4f187acd0d9e',-99,'2012-02-28 21:30:31',0),('88483bbc-10ee-9390-22df-4f4d47f80269','6d595e83-6aee-7155-169a-4f4d47581a11','a8748cbc-6e8e-6cd4-1757-4f187a3b91fc',75,'2012-02-28 21:30:31',0),('8876da71-616c-dd95-d653-4f4d47125513','6d595e83-6aee-7155-169a-4f4d47581a11','95152281-a803-0fa6-c323-4f187a78212a',89,'2012-02-28 21:30:31',0),('88ab7c73-54dd-7a94-5921-4f4d47b85fb0','6d595e83-6aee-7155-169a-4f4d47581a11','961de181-61c3-8e53-31dc-4f187a58b982',75,'2012-02-28 21:30:31',0),('88dc9ad1-eeca-7d64-68bb-4f4d474751f7','6d595e83-6aee-7155-169a-4f4d47581a11','95e0550e-1573-8548-50df-4f187affab7c',75,'2012-02-28 21:30:31',0),('890b764d-26fb-a10d-8d71-4f4d47ef4981','6d595e83-6aee-7155-169a-4f4d47581a11','969a9208-7323-ac54-5009-4f187ac57f8c',75,'2012-02-28 21:30:31',0),('8939be34-5535-1ebc-9714-4f4d472fbe2c','6d595e83-6aee-7155-169a-4f4d47581a11','965be43c-97a4-bad3-c142-4f187acc0b6e',90,'2012-02-28 21:30:31',0),('8968b5dd-62fc-fded-3efe-4f4d47484e8f','6d595e83-6aee-7155-169a-4f4d47581a11','959bf1c6-7539-1d8c-e741-4f187a420eef',75,'2012-02-28 21:30:31',0),('8998e220-44e9-c13e-2288-4f4d47b5fdf0','6d595e83-6aee-7155-169a-4f4d47581a11','96db72a8-e377-424d-35d7-4f187a9f06ed',-99,'2012-02-28 21:30:31',0),('89c83f1c-9713-5f9f-161d-4f4d47049b95','6d595e83-6aee-7155-169a-4f4d47581a11','955d5509-bea4-bfb2-e74a-4f187a3a5ea8',75,'2012-02-28 21:30:31',0),('89f4fb0a-2bb1-6353-7047-4f4d47a7b485','6d595e83-6aee-7155-169a-4f4d47581a11','a8274819-2e5f-d95b-cb6e-4f2ad5e6a238',89,'2012-02-28 21:30:31',0),('8a1e579f-ca55-153b-53ce-4f4d47642167','6d595e83-6aee-7155-169a-4f4d47581a11','a9cb84e1-ab0a-69db-0451-4f2ad5c5eb6d',75,'2012-02-28 21:30:31',0),('8a4a25bc-7d01-04c0-4e81-4f4d47892c60','6d595e83-6aee-7155-169a-4f4d47581a11','a9853101-2a06-89b3-bf34-4f2ad5e93b4e',75,'2012-02-28 21:30:31',0),('8a7490ca-349a-d596-e642-4f4d47cee728','6d595e83-6aee-7155-169a-4f4d47581a11','aa5b4811-2528-ebe2-d29a-4f2ad5f0c82b',75,'2012-02-28 21:30:31',0),('8a9fa2fa-3635-30b0-7ccb-4f4d470f700e','6d595e83-6aee-7155-169a-4f4d47581a11','aa12f93c-076c-cc50-da28-4f2ad57ccf45',90,'2012-02-28 21:30:31',0),('8aca39d3-c221-0227-cf06-4f4d4752ac50','6d595e83-6aee-7155-169a-4f4d47581a11','a93d64ea-0939-dc4e-be56-4f2ad5bc7105',75,'2012-02-28 21:30:31',0),('8af6659d-f540-220b-df68-4f4d47ac766f','6d595e83-6aee-7155-169a-4f4d47581a11','aaa40c75-3257-e59a-da58-4f2ad5e3aef4',-99,'2012-02-28 21:30:31',0),('8b21102e-64f8-194d-9fb7-4f4d471a8626','6d595e83-6aee-7155-169a-4f4d47581a11','a8f38991-6736-eab0-1993-4f2ad5b09122',75,'2012-02-28 21:30:31',0),('8b4c22e8-b3c2-0913-9328-4f4d47d08d7a','6d595e83-6aee-7155-169a-4f4d47581a11','199db185-3fdb-aa3f-0e7b-4f187ae56c69',89,'2012-02-28 21:30:31',0),('8b750ae3-8c6b-012e-347f-4f4d4722dff2','6d595e83-6aee-7155-169a-4f4d47581a11','1aa08896-a8fd-ee11-7f48-4f187a809293',75,'2012-02-28 21:30:31',0),('8b9d8253-c3c0-86c1-6a94-4f4d47b29b65','6d595e83-6aee-7155-169a-4f4d47581a11','1a64c8bb-9749-ba63-cf15-4f187afea5b9',75,'2012-02-28 21:30:31',0),('8bc6b4ae-8ee2-989b-61f0-4f4d4709ad07','6d595e83-6aee-7155-169a-4f4d47581a11','1b14e081-3b6a-8e3f-08fd-4f187afe2ec8',75,'2012-02-28 21:30:31',0),('8bf17959-1adf-0ab2-8910-4f4d47a6ee97','6d595e83-6aee-7155-169a-4f4d47581a11','1ada544d-1882-1c2c-ff27-4f187a156204',90,'2012-02-28 21:30:31',0),('8c1b6614-08ae-2952-7a77-4f4d474cf969','6d595e83-6aee-7155-169a-4f4d47581a11','1a27f8c7-6c03-6e81-c006-4f187af4bac3',75,'2012-02-28 21:30:31',0),('8c4541a0-eadd-a9d9-f697-4f4d4705b5b9','6d595e83-6aee-7155-169a-4f4d47581a11','1b4f8a66-1f7b-c747-dc30-4f187ac449a5',-99,'2012-02-28 21:30:31',0),('8c6f6604-1c1c-ae2c-7ab1-4f4d47ebcdef','6d595e83-6aee-7155-169a-4f4d47581a11','19e9f8ee-bd5d-4fea-ca65-4f187a70a25a',75,'2012-02-28 21:30:31',0),('8c9a4a97-696d-9917-6ac3-4f4d47246532','6d595e83-6aee-7155-169a-4f4d47581a11','afe38719-7077-19f0-e4e8-4f187a53b75a',89,'2012-02-28 21:30:31',0),('8cc81df8-6bc0-3131-a2b0-4f4d4767100f','6d595e83-6aee-7155-169a-4f4d47581a11','b0f067cf-4fdc-1a43-c5ca-4f187aefcf91',75,'2012-02-28 21:30:31',0),('8cf4ab0e-8ccb-ab19-2075-4f4d47cf1990','6d595e83-6aee-7155-169a-4f4d47581a11','b0b0a6f7-b27f-4465-431b-4f187a317c2a',75,'2012-02-28 21:30:31',0),('8d200418-303f-2347-6460-4f4d47d2a367','6d595e83-6aee-7155-169a-4f4d47581a11','b17133b5-4d1a-769c-37b4-4f187a5c6008',75,'2012-02-28 21:30:31',0),('8d4eff61-a6fe-28db-7d96-4f4d4783d02d','6d595e83-6aee-7155-169a-4f4d47581a11','b131e029-f856-f644-37ae-4f187aa851d8',90,'2012-02-28 21:30:31',0),('8d7c86c9-cbe9-e675-183e-4f4d478c2977','6d595e83-6aee-7155-169a-4f4d47581a11','b06ed117-bf8f-890c-0414-4f187a47dceb',75,'2012-02-28 21:30:31',0),('8da798e7-2a5e-9eb8-8dc7-4f4d474cbd67','6d595e83-6aee-7155-169a-4f4d47581a11','b1b141a4-5663-d6a9-cc31-4f187a3b5965',-99,'2012-02-28 21:30:31',0),('8dd6b420-e9e2-ed14-8364-4f4d47595423','6d595e83-6aee-7155-169a-4f4d47581a11','b02e045e-9e34-241c-7408-4f187a5e875c',75,'2012-02-28 21:30:31',0),('8e035755-ac5d-41be-a7c0-4f4d47aff0e9','6d595e83-6aee-7155-169a-4f4d47581a11','1aebc7e6-64bb-473e-a07a-4f4d2396da57',0,'2012-02-28 21:30:31',0),('8e3074d6-e2b2-0ca0-d292-4f4d47a8a423','6d595e83-6aee-7155-169a-4f4d47581a11','220052da-eec2-8c81-e8c3-4f4d233532bd',0,'2012-02-28 21:30:31',0),('8e5de0a9-b869-f42e-d8c2-4f4d47de1fdf','6d595e83-6aee-7155-169a-4f4d47581a11','21b457e5-61bf-ef0d-6faa-4f4d23f7c5b3',0,'2012-02-28 21:30:31',0),('8e8a5d5d-945e-2b36-d850-4f4d471df09f','6d595e83-6aee-7155-169a-4f4d47581a11','22910341-98f2-e9d2-c244-4f4d23e96789',0,'2012-02-28 21:30:31',0),('8eba4e18-027a-6a61-75ea-4f4d47a940a8','6d595e83-6aee-7155-169a-4f4d47581a11','2248a667-0510-4781-72d8-4f4d233cc440',0,'2012-02-28 21:30:31',0),('8ee67600-1721-a6d0-410d-4f4d47246b2f','6d595e83-6aee-7155-169a-4f4d47581a11','216ac242-5b3d-e74d-1211-4f4d234d4a8b',0,'2012-02-28 21:30:31',0),('8f131be3-a3da-a73d-ff13-4f4d47995b9e','6d595e83-6aee-7155-169a-4f4d47581a11','22dbf3b6-cbc6-f311-ebda-4f4d23e018f7',0,'2012-02-28 21:30:31',0),('8f41f7c1-3355-e331-4a01-4f4d47af0513','6d595e83-6aee-7155-169a-4f4d47581a11','211d4a8c-5b45-ea72-4eed-4f4d23ff3ac1',0,'2012-02-28 21:30:31',0),('8f6d7b79-50bf-94ea-a146-4f4d4756dc1a','6d595e83-6aee-7155-169a-4f4d47581a11','9aa2daa7-e74a-9a23-d1fd-4f187ab2ebe2',89,'2012-02-28 21:30:31',0),('8f9930d6-ae54-1c64-b6e6-4f4d4784b937','6d595e83-6aee-7155-169a-4f4d47581a11','9bc53bba-3981-e30e-758b-4f187a14ddd4',75,'2012-02-28 21:30:31',0),('8fc53d66-67f3-594b-4302-4f4d47b8fc35','6d595e83-6aee-7155-169a-4f4d47581a11','9b6baf3b-c93c-ab1e-719f-4f187acbfe1d',75,'2012-02-28 21:30:31',0),('8ff2d066-9d35-14e1-aed1-4f4d474f446c','6d595e83-6aee-7155-169a-4f4d47581a11','9c45c51e-1911-3a19-bfb3-4f187a08985e',75,'2012-02-28 21:30:31',0),('901f4fbd-217f-24e8-c7ac-4f4d4767f815','6d595e83-6aee-7155-169a-4f4d47581a11','9c0690eb-579e-d6ea-9311-4f187a64fff1',90,'2012-02-28 21:30:31',0),('904e054b-a7d4-caef-f2c4-4f4d479f3b44','6d595e83-6aee-7155-169a-4f4d47581a11','9b2cc777-2ef5-cdaf-0b32-4f187a55e45e',75,'2012-02-28 21:30:31',0),('90798461-8161-d010-6efd-4f4d4781eb6a','6d595e83-6aee-7155-169a-4f4d47581a11','9c855efb-ad4c-6371-c966-4f187a3e8fcd',-99,'2012-02-28 21:30:31',0),('90a575ac-f3cc-fd82-3430-4f4d47737ace','6d595e83-6aee-7155-169a-4f4d47581a11','9aec9825-db2f-d9ef-fa4d-4f187ab07522',75,'2012-02-28 21:30:31',0),('90d0f21e-f2df-9b37-a80d-4f4d476c5213','6d595e83-6aee-7155-169a-4f4d47581a11','8c4f033e-f140-3ac5-efe0-4f187ac82a9b',89,'2012-02-28 21:30:31',0),('90ff58c2-387b-a587-91be-4f4d47886a28','6d595e83-6aee-7155-169a-4f4d47581a11','8d59071a-effc-d39b-a701-4f187abfd08b',75,'2012-02-28 21:30:31',0),('912b96c2-ec82-9c3d-7ef9-4f4d4770397f','6d595e83-6aee-7155-169a-4f4d47581a11','8d194f1d-eeb2-dd76-79f4-4f187a3fdbda',75,'2012-02-28 21:30:31',0),('9156edc9-e876-26f9-cf55-4f4d4799a08b','6d595e83-6aee-7155-169a-4f4d47581a11','8dd6094d-d0cb-bd18-b4ae-4f187aef2ff4',75,'2012-02-28 21:30:31',0),('91826300-7e1f-0ba7-c1c4-4f4d47ed7a88','6d595e83-6aee-7155-169a-4f4d47581a11','8d96f5d6-823c-d82d-9fbf-4f187a26275e',90,'2012-02-28 21:30:31',0),('91af4789-8529-e38c-3ba4-4f4d4728c73b','6d595e83-6aee-7155-169a-4f4d47581a11','8cd94831-d4af-cbed-7ff0-4f187afff7b5',75,'2012-02-28 21:30:31',0),('91dae838-68fd-d3f5-0b58-4f4d47dd39b9','6d595e83-6aee-7155-169a-4f4d47581a11','8e14b86f-7926-04fb-7fef-4f187a292c6a',-99,'2012-02-28 21:30:31',0),('9206d1e1-28ef-a677-2f95-4f4d47f77eff','6d595e83-6aee-7155-169a-4f4d47581a11','8c991ff5-849f-02f1-e174-4f187a025d3e',75,'2012-02-28 21:30:31',0),('92325653-bdf0-241e-dddd-4f4d4772f966','6d595e83-6aee-7155-169a-4f4d47581a11','3d7c2bb6-46d5-2a52-5848-4f187a24745b',89,'2012-02-28 21:30:31',0),('92611f9b-c12d-6be9-df32-4f4d477c5a63','6d595e83-6aee-7155-169a-4f4d47581a11','3e78b18d-856e-d65f-b7e7-4f187aea37f0',75,'2012-02-28 21:30:31',0),('928cc7ca-255b-0da3-b5fc-4f4d47a10e03','6d595e83-6aee-7155-169a-4f4d47581a11','3e3cebd5-593d-267a-a9ac-4f187af2ab0c',75,'2012-02-28 21:30:31',0),('92bc2b10-b22c-c419-4eb7-4f4d47114e74','6d595e83-6aee-7155-169a-4f4d47581a11','3ef2c528-ab9e-da58-a6b0-4f187ae70fc2',75,'2012-02-28 21:30:31',0),('92e85051-b6b3-357e-f43d-4f4d47a3a45a','6d595e83-6aee-7155-169a-4f4d47581a11','3eb5b3af-d67b-d16e-a041-4f187ac7463c',90,'2012-02-28 21:30:31',0),('9314270d-ab69-f352-9372-4f4d47d55652','6d595e83-6aee-7155-169a-4f4d47581a11','3e00e37b-2b4b-8b59-c701-4f187a2e06c4',75,'2012-02-28 21:30:31',0),('9340bdd1-ae88-98c9-2dea-4f4d47397d29','6d595e83-6aee-7155-169a-4f4d47581a11','3f32f026-601a-ab15-7223-4f187a31654d',-99,'2012-02-28 21:30:31',0),('936e4b11-4ea6-dd12-8056-4f4d47ec1be9','6d595e83-6aee-7155-169a-4f4d47581a11','3dc2844d-408d-3884-47a9-4f187a1fb806',75,'2012-02-28 21:30:31',0),('939b58ce-96bc-14b3-cb75-4f4d47f1e7cd','6d595e83-6aee-7155-169a-4f4d47581a11','446f4aa6-8538-573c-b019-4f187a45f5a9',89,'2012-02-28 21:30:31',0),('93c7b77b-50be-342b-121e-4f4d47f5829a','6d595e83-6aee-7155-169a-4f4d47581a11','4570b3ea-a689-9712-2098-4f187ae64455',75,'2012-02-28 21:30:31',0),('93f49ebe-d08a-f00b-b94a-4f4d47ad5922','6d595e83-6aee-7155-169a-4f4d47581a11','45338d77-f485-3e0b-d8ab-4f187acbf91a',75,'2012-02-28 21:30:31',0),('94231ede-589d-50c7-8988-4f4d47d68af0','6d595e83-6aee-7155-169a-4f4d47581a11','45ff24f2-1ab6-bde7-8e07-4f187a1d4eb5',75,'2012-02-28 21:30:31',0),('944f4bdd-c2e3-1fc2-ac21-4f4d4799c637','6d595e83-6aee-7155-169a-4f4d47581a11','45ae3837-80cd-cd24-6400-4f187ad41c27',90,'2012-02-28 21:30:31',0),('947b5c0e-6d22-26cf-607b-4f4d4713a067','6d595e83-6aee-7155-169a-4f4d47581a11','44f63251-60dc-b410-36c9-4f187abfd819',75,'2012-02-28 21:30:31',0),('94a77757-9824-a115-05a7-4f4d47cb5bd6','6d595e83-6aee-7155-169a-4f4d47581a11','4641d2e5-1b07-4b95-2787-4f187a9f6d66',-99,'2012-02-28 21:30:31',0),('94d4c1c4-dec4-4083-c0a9-4f4d47c16b8d','6d595e83-6aee-7155-169a-4f4d47581a11','44b739ca-61e1-a1cc-a5c0-4f187aac0316',75,'2012-02-28 21:30:31',0),('950221a2-bd14-c682-e9d0-4f4d473e2545','6d595e83-6aee-7155-169a-4f4d47581a11','5613f595-40ec-950d-3b6f-4f187aead495',89,'2012-02-28 21:30:31',0),('9532fa0b-e8eb-c1ee-4e9f-4f4d4774cc78','6d595e83-6aee-7155-169a-4f4d47581a11','5714255c-c4ee-9b95-ae70-4f187ae1f605',75,'2012-02-28 21:30:31',0),('956128a8-4b76-0707-0108-4f4d476d7ee5','6d595e83-6aee-7155-169a-4f4d47581a11','56d6c82b-1532-326d-7824-4f187ace408a',75,'2012-02-28 21:30:31',0),('958f059a-fea8-1ab6-80ec-4f4d4789c661','6d595e83-6aee-7155-169a-4f4d47581a11','579864b6-1a82-36cf-7e63-4f187a5ef054',75,'2012-02-28 21:30:31',0),('95be5651-dc68-753e-13eb-4f4d47ffb574','6d595e83-6aee-7155-169a-4f4d47581a11','5752cca1-3784-6fd8-9d9c-4f187acba1f8',90,'2012-02-28 21:30:31',0),('95ee7f65-a3a7-e233-8069-4f4d47bf9dbf','6d595e83-6aee-7155-169a-4f4d47581a11','56994cd2-946c-0e5f-2ed5-4f187abef02f',75,'2012-02-28 21:30:31',0),('961c2f58-3f21-e1dd-deb2-4f4d474c5a22','6d595e83-6aee-7155-169a-4f4d47581a11','57d67444-6f11-a44b-478c-4f187a61823b',-99,'2012-02-28 21:30:31',0),('964a79bb-b722-9764-d2e8-4f4d471195a3','6d595e83-6aee-7155-169a-4f4d47581a11','565aabb3-e241-2317-04e3-4f187a12c911',75,'2012-02-28 21:30:31',0),('96799a05-ca29-d7ef-51e5-4f4d4719b9c9','6d595e83-6aee-7155-169a-4f4d47581a11','5d0c3861-dcb8-f06a-bd2e-4f187a8ce24f',89,'2012-02-28 21:30:31',0),('96a8787d-1b5d-ed27-36d5-4f4d47b9cefd','6d595e83-6aee-7155-169a-4f4d47581a11','5e105bf4-3229-f803-0555-4f187a69bc15',75,'2012-02-28 21:30:31',0),('96d5beda-d43f-b399-9112-4f4d4768e1de','6d595e83-6aee-7155-169a-4f4d47581a11','5dd2fb11-1c6b-948e-0c48-4f187acd9a3d',75,'2012-02-28 21:30:31',0),('970326b0-f6d8-73f3-d585-4f4d47d09746','6d595e83-6aee-7155-169a-4f4d47581a11','5e9bcb06-7e54-992f-a256-4f187a021cdf',75,'2012-02-28 21:30:31',0),('9731133b-eee7-7550-47fb-4f4d4787b9f8','6d595e83-6aee-7155-169a-4f4d47581a11','5e5a10ce-837f-822d-2e07-4f187a43828c',90,'2012-02-28 21:30:31',0),('975e5c7f-90fc-13ad-3999-4f4d47352ffe','6d595e83-6aee-7155-169a-4f4d47581a11','5d93fc78-d7f3-3036-7712-4f187ab037ef',75,'2012-02-28 21:30:31',0),('978e7f9d-01e9-9d71-47e0-4f4d474dae89','6d595e83-6aee-7155-169a-4f4d47581a11','5edee62a-38c7-1525-3bea-4f187a55c466',-99,'2012-02-28 21:30:31',0),('97bc0f41-0975-b0cb-5a68-4f4d47c0db4a','6d595e83-6aee-7155-169a-4f4d47581a11','5d55cb6f-f074-07a8-cc8c-4f187af6bab7',75,'2012-02-28 21:30:31',0),('97ea5670-6437-51e5-ca3a-4f4d47810c29','6d595e83-6aee-7155-169a-4f4d47581a11','b734fc6b-92c5-f47d-7654-4f187a09aec0',89,'2012-02-28 21:30:31',0),('9822aa9d-9105-81bc-275e-4f4d47f22d59','6d595e83-6aee-7155-169a-4f4d47581a11','b8475715-e9dd-4a9e-ea70-4f187a59883a',75,'2012-02-28 21:30:31',0),('98551f82-c461-05f9-9eeb-4f4d47ee2476','6d595e83-6aee-7155-169a-4f4d47581a11','b8065549-08bf-47b3-0704-4f187a67df84',75,'2012-02-28 21:30:31',0),('9884fde7-badd-2979-692c-4f4d47bf145f','6d595e83-6aee-7155-169a-4f4d47581a11','b8c99f6d-f1d3-678f-c7ea-4f187abd3d7d',75,'2012-02-28 21:30:31',0),('98b5406f-1790-7753-78b5-4f4d471b1256','6d595e83-6aee-7155-169a-4f4d47581a11','b8891343-be9b-9c75-a039-4f187a3043db',90,'2012-02-28 21:30:31',0),('98e639c4-7798-4bec-097a-4f4d472ecfd0','6d595e83-6aee-7155-169a-4f4d47581a11','b7c5ff99-761d-ad42-47f3-4f187a136956',75,'2012-02-28 21:30:31',0),('991739e0-f1db-d4c3-de29-4f4d478e5728','6d595e83-6aee-7155-169a-4f4d47581a11','b911188f-e624-77db-1d90-4f187a371afd',-99,'2012-02-28 21:30:31',0),('9946d2fe-2f46-a46e-f10c-4f4d4747bf07','6d595e83-6aee-7155-169a-4f4d47581a11','b781daa5-db3e-8eb2-3942-4f187a5c1bc0',75,'2012-02-28 21:30:31',0),('997694a6-2667-14dc-35a0-4f4d479ab9df','6d595e83-6aee-7155-169a-4f4d47581a11','34cc8d51-412a-c5cd-4107-4f187a06c3b6',0,'2012-02-28 21:30:31',0),('99a3e604-c7af-381b-4648-4f4d47d687dc','6d595e83-6aee-7155-169a-4f4d47581a11','35d230aa-732c-64c8-4661-4f187a9dde95',0,'2012-02-28 21:30:31',0),('99d0893c-97cd-d71e-ebf0-4f4d47030c1e','6d595e83-6aee-7155-169a-4f4d47581a11','3593e844-8d79-93dc-5b55-4f187a8d6056',0,'2012-02-28 21:30:31',0),('9a0093a3-6e5b-ce86-c1ba-4f4d478167d6','6d595e83-6aee-7155-169a-4f4d47581a11','364f5b50-4f9e-100b-f9e7-4f187ae95b30',0,'2012-02-28 21:30:31',0),('9a2dd234-a99a-b9b2-78fc-4f4d47b7e7cb','6d595e83-6aee-7155-169a-4f4d47581a11','360e9f48-85f4-9a19-7f40-4f187a611cf3',0,'2012-02-28 21:30:31',0),('9a5a8bb4-0ce7-13d0-bc05-4f4d475fbf6d','6d595e83-6aee-7155-169a-4f4d47581a11','35576dee-b036-4a27-8e34-4f187a4b73fa',0,'2012-02-28 21:30:31',0),('9a87bb34-47c1-7338-c328-4f4d4700f04d','6d595e83-6aee-7155-169a-4f4d47581a11','368c8be7-dbab-5bba-9909-4f187a1439ec',0,'2012-02-28 21:30:31',0),('9ab5ed10-3e35-daa8-bae9-4f4d473a7d55','6d595e83-6aee-7155-169a-4f4d47581a11','3516ff55-bf54-fdac-16cb-4f187a207ce9',0,'2012-02-28 21:30:31',0);
/*!40000 ALTER TABLE `acl_roles_actions` ENABLE KEYS */;
UNLOCK TABLES;

--
-- Table structure for table `acl_roles_users`
--

DROP TABLE IF EXISTS `acl_roles_users`;
/*!40101 SET @saved_cs_client     = @@character_set_client */;
/*!40101 SET character_set_client = utf8 */;
CREATE TABLE `acl_roles_users` (
  `id` varchar(36) NOT NULL,
  `role_id` varchar(36) DEFAULT NULL,
  `user_id` varchar(36) DEFAULT NULL,
  `date_modified` datetime DEFAULT NULL,
  `deleted` tinyint(1) DEFAULT '0',
  PRIMARY KEY (`id`),
  KEY `idx_aclrole_id` (`role_id`),
  KEY `idx_acluser_id` (`user_id`),
  KEY `idx_aclrole_user` (`role_id`,`user_id`)
) ENGINE=MyISAM DEFAULT CHARSET=utf8;
/*!40101 SET character_set_client = @saved_cs_client */;

--
-- Dumping data for table `acl_roles_users`
--

LOCK TABLES `acl_roles_users` WRITE;
/*!40000 ALTER TABLE `acl_roles_users` DISABLE KEYS */;
INSERT INTO `acl_roles_users` VALUES ('ac990ef2-fbbe-9aee-bae0-4f3d5f647935','826cd3e7-35c6-2689-cebd-4f3d5f4cb02d','529b1975-f375-4559-0442-4f3d597ffd41','2012-02-16 19:58:45',0),('b8920b87-5558-4c5c-85f0-4f3d5f260576','826cd3e7-35c6-2689-cebd-4f3d5f4cb02d','b382dde4-a6f4-b9c9-76b7-4f3d574329b1','2012-02-16 19:58:45',0),('87a6ad31-29c3-5019-937d-4f3d6009c4cb','826cd3e7-35c6-2689-cebd-4f3d5f4cb02d','9673dc31-3233-8829-d8af-4f3d55b2ff3c','2012-02-16 20:02:07',0),('4e4aa954-eb53-d1de-be21-4f3d61cbb1fa','826cd3e7-35c6-2689-cebd-4f3d5f4cb02d','e9f79185-1406-a996-16f2-4f3d61458948','2012-02-16 20:04:51',0),('d88530aa-4845-1f3f-4d2c-4f3d621c18fc','826cd3e7-35c6-2689-cebd-4f3d5f4cb02d','3f1eeaaf-26fa-30f4-f990-4f3d62566304','2012-02-16 20:09:21',0),('b921bb0c-b093-fd2e-5da8-4f3d63e4555c','826cd3e7-35c6-2689-cebd-4f3d5f4cb02d','25a0041d-c499-73e9-10ac-4f3d633f9e36','2012-02-16 20:12:35',0),('b116d9f4-ef6f-803f-434d-4f3d63b2f6a4','826cd3e7-35c6-2689-cebd-4f3d5f4cb02d','34a48a8a-cac7-add2-0b65-4f3d6311d045','2012-02-16 20:14:39',0),('1fe79777-5e94-37c1-f4d7-4f3d638cb4d1','826cd3e7-35c6-2689-cebd-4f3d5f4cb02d','8ce9fd7e-e650-38b9-f948-4f3d637f4517','2012-02-16 20:15:52',0),('1d6dc5b4-93ad-24b6-7402-4f3d64cc670e','826cd3e7-35c6-2689-cebd-4f3d5f4cb02d','825f89e3-f7c9-2ddd-a2d3-4f3d644c3004','2012-02-16 20:17:19',0),('3c3b5ec7-b86c-f58e-f877-4f3d64601445','826cd3e7-35c6-2689-cebd-4f3d5f4cb02d','2bf53c62-efbb-f811-41f8-4f3d64001d45','2012-02-16 20:18:53',0),('392fd244-9ab5-6d3a-d763-4f4c7623a5f5','1183e9ea-91e4-66a8-ec88-4f4c62836cc6','b382dde4-a6f4-b9c9-76b7-4f3d574329b1','2012-02-28 06:43:33',1),('b2298815-3e86-84e9-40ff-4fe836a09696','1183e9ea-91e4-66a8-ec88-4f4c62836cc6','25c40e1c-99ae-de9c-6c6e-4fa285018290','2012-06-25 09:59:25',0);
/*!40000 ALTER TABLE `acl_roles_users` ENABLE KEYS */;
UNLOCK TABLES;

--
-- Table structure for table `address_book`
--

DROP TABLE IF EXISTS `address_book`;
/*!40101 SET @saved_cs_client     = @@character_set_client */;
/*!40101 SET character_set_client = utf8 */;
CREATE TABLE `address_book` (
  `assigned_user_id` char(36) NOT NULL,
  `bean` varchar(50) DEFAULT NULL,
  `bean_id` char(36) NOT NULL,
  KEY `ab_user_bean_idx` (`assigned_user_id`,`bean`)
) ENGINE=MyISAM DEFAULT CHARSET=utf8;
/*!40101 SET character_set_client = @saved_cs_client */;

--
-- Dumping data for table `address_book`
--

LOCK TABLES `address_book` WRITE;
/*!40000 ALTER TABLE `address_book` DISABLE KEYS */;
/*!40000 ALTER TABLE `address_book` ENABLE KEYS */;
UNLOCK TABLES;

--
-- Table structure for table `aos_contracts`
--

DROP TABLE IF EXISTS `aos_contracts`;
/*!40101 SET @saved_cs_client     = @@character_set_client */;
/*!40101 SET character_set_client = utf8 */;
CREATE TABLE `aos_contracts` (
  `id` char(36) NOT NULL,
  `name` varchar(255) DEFAULT NULL,
  `date_entered` datetime DEFAULT NULL,
  `date_modified` datetime DEFAULT NULL,
  `modified_user_id` char(36) DEFAULT NULL,
  `created_by` char(36) DEFAULT NULL,
  `description` text,
  `deleted` tinyint(1) DEFAULT '0',
  `assigned_user_id` char(36) DEFAULT NULL,
  `reference_code` varchar(255) DEFAULT NULL,
  `start_date` date DEFAULT NULL,
  `end_date` date DEFAULT NULL,
  `total_contract_value` decimal(26,6) DEFAULT NULL,
  `currency_id` char(36) DEFAULT NULL,
  `status` varchar(100) DEFAULT 'Not Started',
  `customer_signed_date` date DEFAULT NULL,
  `company_signed_date` date DEFAULT NULL,
  `renewal_reminder_date` datetime DEFAULT NULL,
  `contract_type` varchar(100) DEFAULT 'Type',
  `contract_account_id` char(36) DEFAULT NULL,
  `opportunity_id` char(36) DEFAULT NULL,
  `call_id` char(36) DEFAULT NULL,
  PRIMARY KEY (`id`)
) ENGINE=MyISAM DEFAULT CHARSET=utf8;
/*!40101 SET character_set_client = @saved_cs_client */;

--
-- Dumping data for table `aos_contracts`
--

LOCK TABLES `aos_contracts` WRITE;
/*!40000 ALTER TABLE `aos_contracts` DISABLE KEYS */;
INSERT INTO `aos_contracts` VALUES ('4856405f-d491-18f0-3d42-4f3187d623e6','Internet and VOIP','2012-02-07 20:20:41','2012-02-07 20:20:41','1','1',NULL,0,'9106f88a-f272-8119-72a3-4f3165461fc6',NULL,'2012-02-07','2013-02-07','1711.500000',NULL,'Not Started',NULL,NULL,'2013-01-07 20:00:00','Type','5f670136-f107-f7c3-68a9-4f2985be35cf','ca209b95-d565-6308-bdc0-4f2986bff41f',NULL);
/*!40000 ALTER TABLE `aos_contracts` ENABLE KEYS */;
UNLOCK TABLES;

--
-- Table structure for table `aos_contracts_audit`
--

DROP TABLE IF EXISTS `aos_contracts_audit`;
/*!40101 SET @saved_cs_client     = @@character_set_client */;
/*!40101 SET character_set_client = utf8 */;
CREATE TABLE `aos_contracts_audit` (
  `id` char(36) NOT NULL,
  `parent_id` char(36) NOT NULL,
  `date_created` datetime DEFAULT NULL,
  `created_by` varchar(36) DEFAULT NULL,
  `field_name` varchar(100) DEFAULT NULL,
  `data_type` varchar(100) DEFAULT NULL,
  `before_value_string` varchar(255) DEFAULT NULL,
  `after_value_string` varchar(255) DEFAULT NULL,
  `before_value_text` text,
  `after_value_text` text,
  KEY `idx_aos_contracts_primary` (`id`),
  KEY `idx_aos_contracts_parent_id` (`parent_id`)
) ENGINE=MyISAM DEFAULT CHARSET=utf8;
/*!40101 SET character_set_client = @saved_cs_client */;

--
-- Dumping data for table `aos_contracts_audit`
--

LOCK TABLES `aos_contracts_audit` WRITE;
/*!40000 ALTER TABLE `aos_contracts_audit` DISABLE KEYS */;
/*!40000 ALTER TABLE `aos_contracts_audit` ENABLE KEYS */;
UNLOCK TABLES;

--
-- Table structure for table `aos_invoices`
--

DROP TABLE IF EXISTS `aos_invoices`;
/*!40101 SET @saved_cs_client     = @@character_set_client */;
/*!40101 SET character_set_client = utf8 */;
CREATE TABLE `aos_invoices` (
  `id` char(36) NOT NULL,
  `name` varchar(255) DEFAULT NULL,
  `date_entered` datetime DEFAULT NULL,
  `date_modified` datetime DEFAULT NULL,
  `modified_user_id` char(36) DEFAULT NULL,
  `created_by` char(36) DEFAULT NULL,
  `description` text,
  `deleted` tinyint(1) DEFAULT '0',
  `assigned_user_id` char(36) DEFAULT NULL,
  `billing_account_id` char(36) DEFAULT NULL,
  `billing_contact_id` char(36) DEFAULT NULL,
  `billing_address_street` varchar(150) DEFAULT NULL,
  `billing_address_city` varchar(100) DEFAULT NULL,
  `billing_address_state` varchar(100) DEFAULT NULL,
  `billing_address_postalcode` varchar(20) DEFAULT NULL,
  `billing_address_country` varchar(255) DEFAULT NULL,
  `shipping_address_street` varchar(150) DEFAULT NULL,
  `shipping_address_city` varchar(100) DEFAULT NULL,
  `shipping_address_state` varchar(100) DEFAULT NULL,
  `shipping_address_postalcode` varchar(20) DEFAULT NULL,
  `shipping_address_country` varchar(255) DEFAULT NULL,
  `number` varchar(50) DEFAULT NULL,
  `total_amt` decimal(26,6) DEFAULT NULL,
  `subtotal_amount` decimal(26,6) DEFAULT NULL,
  `discount_amount` decimal(26,6) DEFAULT NULL,
  `tax_amount` decimal(26,6) DEFAULT NULL,
  `shipping_amount` decimal(26,6) DEFAULT NULL,
  `total_amount` decimal(26,6) DEFAULT NULL,
  `currency_id` char(36) DEFAULT NULL,
  `quote_number` int(11) DEFAULT NULL,
  `quote_date` date DEFAULT NULL,
  `invoice_date` date DEFAULT NULL,
  `due_date` date DEFAULT NULL,
  `status` varchar(100) DEFAULT NULL,
  `template_ddown_c` text,
  `subtotal_tax_amount` decimal(26,6) DEFAULT NULL,
  PRIMARY KEY (`id`)
) ENGINE=MyISAM DEFAULT CHARSET=utf8;
/*!40101 SET character_set_client = @saved_cs_client */;

--
-- Dumping data for table `aos_invoices`
--

LOCK TABLES `aos_invoices` WRITE;
/*!40000 ALTER TABLE `aos_invoices` DISABLE KEYS */;
INSERT INTO `aos_invoices` VALUES ('98c0484b-8cfb-bb94-00ac-4f2ae60e5d14','Internet and VOIP','2012-02-02 19:38:17','2012-02-02 19:38:17','1','1',NULL,0,'1','5f670136-f107-f7c3-68a9-4f2985be35cf','bc2b8613-7800-d1d4-1f0e-4f2984fdcc27','941 Orange Ave #108','Coronado','CA','92118','US','941 Orange Ave #108','Coronado','CA','92118','US','1','1880.000000','1630.000000','-300.000000','81.500000',NULL,'1711.500000',NULL,1,'2012-02-01','2012-02-02',NULL,NULL,' ',NULL),('90eaeaf5-622d-3ae2-18b9-4f6a0e5b4044','Internet and VOIP','2012-03-21 17:23:36','2012-03-21 17:23:36','1','1',NULL,0,'9106f88a-f272-8119-72a3-4f3165461fc6','5f670136-f107-f7c3-68a9-4f2985be35cf','bc2b8613-7800-d1d4-1f0e-4f2984fdcc27','941 Orange Ave #108','Coronado','CA','92118','US','941 Orange Ave #108','Coronado','CA','92118','US','2','6808096.000000','6804800.000000','-3296.000000','340240.000000',NULL,'7145040.000000',NULL,1,'2012-02-01','2012-03-21',NULL,NULL,' ',NULL);
/*!40000 ALTER TABLE `aos_invoices` ENABLE KEYS */;
UNLOCK TABLES;

--
-- Table structure for table `aos_invoices_audit`
--

DROP TABLE IF EXISTS `aos_invoices_audit`;
/*!40101 SET @saved_cs_client     = @@character_set_client */;
/*!40101 SET character_set_client = utf8 */;
CREATE TABLE `aos_invoices_audit` (
  `id` char(36) NOT NULL,
  `parent_id` char(36) NOT NULL,
  `date_created` datetime DEFAULT NULL,
  `created_by` varchar(36) DEFAULT NULL,
  `field_name` varchar(100) DEFAULT NULL,
  `data_type` varchar(100) DEFAULT NULL,
  `before_value_string` varchar(255) DEFAULT NULL,
  `after_value_string` varchar(255) DEFAULT NULL,
  `before_value_text` text,
  `after_value_text` text,
  KEY `idx_aos_invoices_primary` (`id`),
  KEY `idx_aos_invoices_parent_id` (`parent_id`)
) ENGINE=MyISAM DEFAULT CHARSET=utf8;
/*!40101 SET character_set_client = @saved_cs_client */;

--
-- Dumping data for table `aos_invoices_audit`
--

LOCK TABLES `aos_invoices_audit` WRITE;
/*!40000 ALTER TABLE `aos_invoices_audit` DISABLE KEYS */;
/*!40000 ALTER TABLE `aos_invoices_audit` ENABLE KEYS */;
UNLOCK TABLES;

--
-- Table structure for table `aos_pdf_templates`
--

DROP TABLE IF EXISTS `aos_pdf_templates`;
/*!40101 SET @saved_cs_client     = @@character_set_client */;
/*!40101 SET character_set_client = utf8 */;
CREATE TABLE `aos_pdf_templates` (
  `id` char(36) NOT NULL,
  `name` varchar(255) DEFAULT NULL,
  `date_entered` datetime DEFAULT NULL,
  `date_modified` datetime DEFAULT NULL,
  `modified_user_id` char(36) DEFAULT NULL,
  `created_by` char(36) DEFAULT NULL,
  `description` text,
  `deleted` tinyint(1) DEFAULT '0',
  `assigned_user_id` char(36) DEFAULT NULL,
  `type` varchar(100) DEFAULT 'Quotes',
  `pdfheader` text,
  `pdffooter` text,
  PRIMARY KEY (`id`)
) ENGINE=MyISAM DEFAULT CHARSET=utf8;
/*!40101 SET character_set_client = @saved_cs_client */;

--
-- Dumping data for table `aos_pdf_templates`
--

LOCK TABLES `aos_pdf_templates` WRITE;
/*!40000 ALTER TABLE `aos_pdf_templates` DISABLE KEYS */;
INSERT INTO `aos_pdf_templates` VALUES ('c82e9778-76b7-2d30-825d-4f298a54f190','test','2012-02-01 18:55:31','2012-03-22 17:22:07','1','1','<table style=\"width: 100%; font-family: Arial; text-align: center;\" border=\"0\" cellspacing=\"2\" cellpadding=\"2\">\r\n<tbody style=\"text-align: left;\">\r\n<tr style=\"text-align: left;\">\r\n<td style=\"text-align: left;\">\r\n<p><img style=\"float: left;\" src=\"custom/themes/default/images/company_logo.png\" alt=\"\" /></p>\r\n</td>\r\n</tr>\r\n<tr>\r\n<td style=\"font-weight: bold; text-align: left;\">\r\n<div>Next Level Internet Ltd<br />Any Street<br />Any Town<br />Any Where</div>\r\n</td>\r\n</tr>\r\n<tr style=\"text-align: left;\">\r\n<td style=\"text-align: left;\"></td>\r\n</tr>\r\n<tr style=\"text-align: left;\">\r\n<td style=\"text-align: left;\">\r\n<h1>QUOTE</h1>\r\n</td>\r\n</tr>\r\n</tbody>\r\n</table>\r\n<p style=\"font-family: Arial; text-align: center;\"></p>\r\n<table style=\"text-align: center; width: 100%; border: 0pt none; border-spacing: 0pt;\">\r\n<tbody style=\"text-align: left;\">\r\n<tr style=\"text-align: left;\">\r\n<td style=\"font-weight: bold; background-color: #b0c4de; padding: 2px 6px; border-style: solid; border-width: 0.5px; vertical-align: top; text-align: left; width: 50%;\">Prepared For</td>\r\n<td style=\"font-weight: bold; background-color: #b0c4de; padding: 2px 6px; border-style: solid; border-width: 0.5px; vertical-align: top; text-align: left; width: 50%;\">Prepared By</td>\r\n</tr>\r\n<tr style=\"text-align: left;\">\r\n<td style=\"padding: 2px 6px; border-style: solid; border-width: 0.5px; width: 50%; vertical-align: top; text-align: left;\">\r\n<div>$aos_quotes_billing_account<br /> $aos_quotes_billing_address_street<br /> $aos_quotes_billing_address_city <br /> $aos_quotes_billing_address_state $aos_quotes_billing_address_postalcode</div>\r\n</td>\r\n<td style=\"padding: 2px 6px; border-style: solid; border-width: 0.5px; width: 50%; vertical-align: top; text-align: left;\">\r\n<div>$aos_quotes_modified_by_name</div>\r\n</td>\r\n</tr>\r\n<tr style=\"text-align: left;\">\r\n<td style=\"font-weight: bold; background-color: #b0c4de; padding: 2px 6px; border-style: solid; border-width: 0.5px; vertical-align: top; text-align: left; width: 50%;\">Quotation Date</td>\r\n<td style=\"font-weight: bold; background-color: #b0c4de; padding: 2px 6px; border-style: solid; border-width: 0.5px; vertical-align: top; text-align: left; width: 50%;\">Valid Until</td>\r\n</tr>\r\n<tr style=\"text-align: left;\">\r\n<td style=\"padding: 2px 6px; border-style: solid; border-width: 0.5px; width: 50%; vertical-align: top; text-align: left;\">\r\n<div>$aos_quotes_date_entered</div>\r\n</td>\r\n<td style=\"padding: 2px 6px; border-style: solid; border-width: 0.5px; width: 50%; vertical-align: top; text-align: left;\">\r\n<div>$aos_quotes_expiration</div>\r\n</td>\r\n</tr>\r\n<tr style=\"text-align: left;\">\r\n<td style=\"font-weight: bold; background-color: #b0c4de; padding: 2px 6px; border-style: solid; border-width: 0.5px; vertical-align: top; text-align: left; width: 50%;\">Quote Number</td>\r\n<td style=\"font-weight: bold; background-color: #b0c4de; padding: 2px 6px; border-style: solid; border-width: 0.5px; vertical-align: top; text-align: left; width: 50%;\">Payment Terms</td>\r\n</tr>\r\n<tr style=\"text-align: left;\">\r\n<td style=\"padding: 2px 6px; border-style: solid; border-width: 0.5px; width: 50%; vertical-align: top; text-align: left;\">\r\n<div>$aos_quotes_number</div>\r\n</td>\r\n<td style=\"padding: 2px 6px; border-style: solid; border-width: 0.5px; width: 50%; vertical-align: top; text-align: left;\">\r\n<div>$aos_quotes_term</div>\r\n</td>\r\n</tr>\r\n</tbody>\r\n</table>\r\n<p></p>\r\n<table style=\"width: 100%; border: 0pt none; border-spacing: 0pt;\">\r\n<tbody>\r\n<tr>\r\n<td style=\"border-style: solid; background-color: #b0c4de; border-width: 0.5px; padding: 2px 6px; font-weight: bold; text-align: center;\">Category</td>\r\n<td style=\"border-style: solid; background-color: #b0c4de; border-width: 0.5px; padding: 2px 6px; font-weight: bold; text-align: center;\">Quantity</td>\r\n<td style=\"border-style: solid; background-color: #b0c4de; border-width: 0.5px; padding: 2px 6px; font-weight: bold; text-align: center;\">Product</td>\r\n<td style=\"border-style: solid; background-color: #b0c4de; border-width: 0.5px; padding: 2px 6px; font-weight: bold; text-align: center;\">Description</td>\r\n<td style=\"border-style: solid; background-color: #b0c4de; border-width: 0.5px; padding: 2px 6px; font-weight: bold; text-align: center;\">List</td>\r\n<td style=\"border-style: solid; background-color: #b0c4de; border-width: 0.5px; padding: 2px 6px; font-weight: bold; text-align: center;\">Discount</td>\r\n<td style=\"border-style: solid; background-color: #b0c4de; border-width: 0.5px; padding: 2px 6px; font-weight: bold; text-align: center;\">Unit</td>\r\n<td style=\"border-style: solid; background-color: #b0c4de; border-width: 0.5px; padding: 2px 6px; font-weight: bold; text-align: center;\">Vat</td>\r\n<td style=\"border-style: solid; background-color: #b0c4de; border-width: 0.5px; padding: 2px 6px; font-weight: bold; text-align: center;\">Total</td>\r\n</tr>\r\n<tr>\r\n<td style=\"border-style: solid; border-width: 0.5px; padding: 2px 6px; text-align: center;\">$aos_products_category</td>\r\n<td style=\"border-style: solid; border-width: 0.5px; padding: 2px 6px; text-align: center;\">$aos_products_quotes_product_qty</td>\r\n<td style=\"border-style: solid; border-width: 0.5px; padding: 2px 6px;\">$aos_products_quotes_name</td>\r\n<td style=\"border-style: solid; border-width: 0.5px; padding: 2px 6px;\">$aos_products_description</td>\r\n<td style=\"border-style: solid; border-width: 0.5px; padding: 2px 6px;\">$aos_products_quotes_product_list_price</td>\r\n<td style=\"border-style: solid; border-width: 0.5px; padding: 2px 6px;\">$aos_products_quotes_product_discount</td>\r\n<td style=\"border-style: solid; border-width: 0.5px; padding: 2px 6px;\">$aos_products_quotes_product_unit_price</td>\r\n<td style=\"border-style: solid; border-width: 0.5px; padding: 2px 6px;\">$aos_products_quotes_vat</td>\r\n<td style=\"border-style: solid; border-width: 0.5px; padding: 2px 6px;\">$aos_products_quotes_product_total_price</td>\r\n</tr>\r\n<tr>\r\n<td style=\"border-style: solid; border-width: 0.5px; padding: 2px 6px;\" colspan=\"6\">$aos_services_quotes_name</td>\r\n<td style=\"border-style: solid; border-width: 0.5px; padding: 2px 6px;\">$aos_services_quotes_service_unit_price</td>\r\n<td style=\"border-style: solid; border-width: 0.5px; padding: 2px 6px;\">$aos_services_quotes_vat</td>\r\n<td style=\"border-style: solid; border-width: 0.5px; padding: 2px 6px;\">$aos_services_quotes_service_total_price</td>\r\n</tr>\r\n<tr>\r\n<td colspan=\"7\"></td>\r\n<td style=\"border-style: solid; border-width: 0.5px; padding: 2px 6px; font-weight: bold; text-align: right;\">Total</td>\r\n<td style=\"border-style: solid; border-width: 0.5px; padding: 2px 6px;\">$total_amt</td>\r\n</tr>\r\n<tr>\r\n<td colspan=\"7\"></td>\r\n<td style=\"border-style: solid; border-width: 0.5px; padding: 2px 6px; font-weight: bold; text-align: right;\">Discount</td>\r\n<td style=\"border-style: solid; border-width: 0.5px; padding: 2px 6px;\">$discount_amount</td>\r\n</tr>\r\n<tr>\r\n<td colspan=\"7\"></td>\r\n<td style=\"border-style: solid; border-width: 0.5px; padding: 2px 6px; font-weight: bold; text-align: right;\">Subtotal</td>\r\n<td style=\"border-style: solid; border-width: 0.5px; padding: 2px 6px;\">$subtotal_amount</td>\r\n</tr>\r\n<tr>\r\n<td colspan=\"7\"></td>\r\n<td style=\"border-style: solid; border-width: 0.5px; padding: 2px 6px; font-weight: bold; text-align: right;\">Tax</td>\r\n<td style=\"border-style: solid; border-width: 0.5px; padding: 2px 6px;\">$tax_amount</td>\r\n</tr>\r\n<tr>\r\n<td colspan=\"7\"></td>\r\n<td style=\"border-style: solid; border-width: 0.5px; padding: 2px 6px; font-weight: bold; text-align: right;\">Shipping</td>\r\n<td style=\"border-style: solid; border-width: 0.5px; padding: 2px 6px;\">$shipping_amount</td>\r\n</tr>\r\n<tr>\r\n<td colspan=\"6\"></td>\r\n<td style=\"border-style: solid; border-width: 0.5px; padding: 2px 6px; font-weight: bold; text-align: right;\">Grand Total</td>\r\n<td style=\"border-style: solid; border-width: 0.5px; padding: 2px 6px;\">$total_amount</td>\r\n</tr>\r\n</tbody>\r\n</table>\r\n<p></p>',1,NULL,'Quotes',NULL,'<table style=\"width: 100%; border: 0pt none; border-spacing: 0pt;\">\r\n<tbody>\r\n<tr>\r\n<td>Page {PAGENO}</td>\r\n<td style=\"text-align: right;\">{DATE m/d/Y}</td>\r\n</tr>\r\n</tbody>\r\n</table>'),('9260051b-2e32-7aea-8aeb-4f70dcc6843f','Sample Template','2012-03-26 21:15:47','2012-03-26 21:15:47','2bf53c62-efbb-f811-41f8-4f3d64001d45','2bf53c62-efbb-f811-41f8-4f3d64001d45','<table style=\"width: 100%; text-align: center; font-family: Arial;\" border=\"0\" cellspacing=\"2\" cellpadding=\"2\">\r\n<tbody style=\"text-align: left;\">\r\n<tr style=\"text-align: left;\">\r\n<td style=\"text-align: left;\">\r\n<p><img style=\"float: left;\" src=\"custom/themes/default/images/company_logo.png\" alt=\"\" /></p>\r\n</td>\r\n</tr>\r\n<tr>\r\n<td style=\"font-weight: bold; text-align: left;\">\r\n<div>Next Level Internet Ltd<br />Any Street<br />Any Town<br />Any Where</div>\r\n</td>\r\n</tr>\r\n<tr style=\"text-align: left;\">\r\n<td style=\"text-align: left;\"></td>\r\n</tr>\r\n<tr style=\"text-align: left;\">\r\n<td style=\"text-align: left;\">\r\n<h1>QUOTE</h1>\r\n</td>\r\n</tr>\r\n</tbody>\r\n</table>\r\n<p style=\"font-family: Arial; text-align: center;\"></p>\r\n<table style=\"border: 0pt currentColor; width: 100%; text-align: center; border-spacing: 0pt;\">\r\n<tbody style=\"text-align: left;\">\r\n<tr style=\"text-align: left;\">\r\n<td style=\"font-weight: bold; background-color: #b0c4de; padding: 2px 6px; border-style: solid; border-width: 0.5px; vertical-align: top; text-align: left; width: 50%;\">Prepared For</td>\r\n<td style=\"font-weight: bold; background-color: #b0c4de; padding: 2px 6px; border-style: solid; border-width: 0.5px; vertical-align: top; text-align: left; width: 50%;\">Prepared By</td>\r\n</tr>\r\n<tr style=\"text-align: left;\">\r\n<td style=\"padding: 2px 6px; border-style: solid; border-width: 0.5px; width: 50%; vertical-align: top; text-align: left;\">\r\n<div>$aos_quotes_billing_account<br /> $aos_quotes_billing_address_street<br /> $aos_quotes_billing_address_city <br /> $aos_quotes_billing_address_state $aos_quotes_billing_address_postalcode</div>\r\n</td>\r\n<td style=\"padding: 2px 6px; border-style: solid; border-width: 0.5px; width: 50%; vertical-align: top; text-align: left;\">\r\n<div>$aos_quotes_modified_by_name</div>\r\n</td>\r\n</tr>\r\n<tr style=\"text-align: left;\">\r\n<td style=\"font-weight: bold; background-color: #b0c4de; padding: 2px 6px; border-style: solid; border-width: 0.5px; vertical-align: top; text-align: left; width: 50%;\">Quotation Date</td>\r\n<td style=\"font-weight: bold; background-color: #b0c4de; padding: 2px 6px; border-style: solid; border-width: 0.5px; vertical-align: top; text-align: left; width: 50%;\">Valid Until</td>\r\n</tr>\r\n<tr style=\"text-align: left;\">\r\n<td style=\"padding: 2px 6px; border-style: solid; border-width: 0.5px; width: 50%; vertical-align: top; text-align: left;\">\r\n<div>$aos_quotes_date_entered</div>\r\n</td>\r\n<td style=\"padding: 2px 6px; border-style: solid; border-width: 0.5px; width: 50%; vertical-align: top; text-align: left;\">\r\n<div>$aos_quotes_expiration</div>\r\n</td>\r\n</tr>\r\n<tr style=\"text-align: left;\">\r\n<td style=\"font-weight: bold; background-color: #b0c4de; padding: 2px 6px; border-style: solid; border-width: 0.5px; vertical-align: top; text-align: left; width: 50%;\">Quote Number</td>\r\n<td style=\"font-weight: bold; background-color: #b0c4de; padding: 2px 6px; border-style: solid; border-width: 0.5px; vertical-align: top; text-align: left; width: 50%;\">Payment Terms</td>\r\n</tr>\r\n<tr style=\"text-align: left;\">\r\n<td style=\"padding: 2px 6px; border-style: solid; border-width: 0.5px; width: 50%; vertical-align: top; text-align: left;\">\r\n<div>$aos_quotes_number</div>\r\n</td>\r\n<td style=\"padding: 2px 6px; border-style: solid; border-width: 0.5px; width: 50%; vertical-align: top; text-align: left;\">\r\n<div>$aos_quotes_term</div>\r\n</td>\r\n</tr>\r\n</tbody>\r\n</table>\r\n<p></p>\r\n<table style=\"border: 0pt currentColor; width: 100%; border-spacing: 0pt;\">\r\n<tbody>\r\n<tr>\r\n<td style=\"border-style: solid; background-color: #b0c4de; border-width: 0.5px; padding: 2px 6px; font-weight: bold; text-align: center;\">Quantity</td>\r\n<td style=\"border-style: solid; background-color: #b0c4de; border-width: 0.5px; padding: 2px 6px; font-weight: bold; text-align: center;\">Product</td>\r\n<td style=\"border-style: solid; background-color: #b0c4de; border-width: 0.5px; padding: 2px 6px; font-weight: bold; text-align: center;\">Description</td>\r\n<td style=\"border-style: solid; background-color: #b0c4de; border-width: 0.5px; padding: 2px 6px; font-weight: bold; text-align: center;\">Contract</td>\r\n<td style=\"border-style: solid; background-color: #b0c4de; border-width: 0.5px; padding: 2px 6px; font-weight: bold; text-align: center;\">Line Discount</td>\r\n<td style=\"border-style: solid; background-color: #b0c4de; border-width: 0.5px; padding: 2px 6px; font-weight: bold; text-align: center;\">Offer</td>\r\n<td style=\"border-style: solid; background-color: #b0c4de; border-width: 0.5px; padding: 2px 6px; font-weight: bold; text-align: center;\">Tax</td>\r\n<td style=\"border-style: solid; background-color: #b0c4de; border-width: 0.5px; padding: 2px 6px; font-weight: bold; text-align: center;\">Total</td>\r\n</tr>\r\n<tr>\r\n<td style=\"border-style: solid; border-width: 0.5px; padding: 2px 6px; text-align: center;\">$aos_products_quotes_product_qty</td>\r\n<td style=\"border-style: solid; border-width: 0.5px; padding: 2px 6px;\">$aos_products_quotes_name</td>\r\n<td style=\"border-style: solid; border-width: 0.5px; padding: 2px 6px;\">$aos_products_description</td>\r\n<td style=\"border-style: solid; border-width: 0.5px; padding: 2px 6px;\">$aos_products_quotes_product_list_price</td>\r\n<td style=\"border-style: solid; border-width: 0.5px; padding: 2px 6px;\">$aos_products_quotes_product_discount</td>\r\n<td style=\"border-style: solid; border-width: 0.5px; padding: 2px 6px;\">$aos_products_quotes_product_unit_price</td>\r\n<td style=\"border-style: solid; border-width: 0.5px; padding: 2px 6px;\">$aos_products_quotes_vat</td>\r\n<td style=\"border-style: solid; border-width: 0.5px; padding: 2px 6px;\">$aos_products_quotes_product_total_price</td>\r\n</tr>\r\n<tr>\r\n<td style=\"border-style: solid; border-width: 0.5px; padding: 2px 6px;\" colspan=\"5\">$aos_services_quotes_name</td>\r\n<td style=\"border-style: solid; border-width: 0.5px; padding: 2px 6px;\">$aos_services_quotes_service_unit_price</td>\r\n<td style=\"border-style: solid; border-width: 0.5px; padding: 2px 6px;\">$aos_services_quotes_vat</td>\r\n<td style=\"border-style: solid; border-width: 0.5px; padding: 2px 6px;\">$aos_services_quotes_service_total_price</td>\r\n</tr>\r\n<tr>\r\n<td colspan=\"6\"></td>\r\n<td style=\"border-style: solid; border-width: 0.5px; padding: 2px 6px; font-weight: bold; text-align: right;\">Total</td>\r\n<td style=\"border-style: solid; border-width: 0.5px; padding: 2px 6px;\">$total_amt</td>\r\n</tr>\r\n<tr>\r\n<td colspan=\"6\"></td>\r\n<td style=\"border-style: solid; border-width: 0.5px; padding: 2px 6px; font-weight: bold; text-align: right;\">Discount</td>\r\n<td style=\"border-style: solid; border-width: 0.5px; padding: 2px 6px;\">$discount_amount</td>\r\n</tr>\r\n<tr>\r\n<td colspan=\"6\"></td>\r\n<td style=\"border-style: solid; border-width: 0.5px; padding: 2px 6px; font-weight: bold; text-align: right;\">Subtotal</td>\r\n<td style=\"border-style: solid; border-width: 0.5px; padding: 2px 6px;\">$subtotal_amount</td>\r\n</tr>\r\n<tr>\r\n<td colspan=\"6\"></td>\r\n<td style=\"border-style: solid; border-width: 0.5px; padding: 2px 6px; font-weight: bold; text-align: right;\">Tax</td>\r\n<td style=\"border-style: solid; border-width: 0.5px; padding: 2px 6px;\">$tax_amount</td>\r\n</tr>\r\n<tr>\r\n<td colspan=\"6\"></td>\r\n<td style=\"border-style: solid; border-width: 0.5px; padding: 2px 6px; font-weight: bold; text-align: right;\">Shipping</td>\r\n<td style=\"border-style: solid; border-width: 0.5px; padding: 2px 6px;\">$shipping_amount</td>\r\n</tr>\r\n<tr>\r\n<td colspan=\"6\"></td>\r\n<td style=\"border-style: solid; border-width: 0.5px; padding: 2px 6px; font-weight: bold; text-align: right;\">Grand Total</td>\r\n<td style=\"border-style: solid; border-width: 0.5px; padding: 2px 6px;\">$total_amount</td>\r\n</tr>\r\n</tbody>\r\n</table>\r\n<p></p>',0,NULL,'Quotes',NULL,'<table style=\"border: 0pt currentColor; width: 100%; border-spacing: 0pt;\">\r\n<tbody>\r\n<tr>\r\n<td>Page {PAGENO}</td>\r\n<td style=\"text-align: right;\">{DATE m/d/Y}</td>\r\n</tr>\r\n</tbody>\r\n</table>'),('64add06a-7802-4824-0994-4f71fd722d39','NLI Sample Template','2012-03-27 17:46:50','2012-06-07 17:18:23','2bf53c62-efbb-f811-41f8-4f3d64001d45','1','<table style=\"width: 100%; text-align: center; font-family: Arial;\" border=\"0\" cellspacing=\"2\" cellpadding=\"2\">\r\n<tbody style=\"text-align: left;\">\r\n<tr style=\"text-align: left;\">\r\n<td style=\"text-align: left;\">\r\n<p><img style=\"float: left;\" src=\"custom/themes/default/images/company_logo.png\" alt=\"\" /></p>\r\n</td>\r\n</tr>\r\n<tr>\r\n<td style=\"font-weight: bold; text-align: left;\">\r\n<div>Next Level Internet Ltd<br />Any Street<br />Any Town<br />Any Where</div>\r\n</td>\r\n</tr>\r\n<tr style=\"text-align: left;\">\r\n<td style=\"text-align: left;\"></td>\r\n</tr>\r\n<tr style=\"text-align: left;\">\r\n<td style=\"text-align: left;\">\r\n<h1>QUOTE</h1>\r\n</td>\r\n</tr>\r\n</tbody>\r\n</table>\r\n<p style=\"font-family: Arial; text-align: center;\"></p>\r\n<table style=\"border: 0pt none currentcolor; width: 100%; text-align: center; border-spacing: 0pt;\">\r\n<tbody style=\"text-align: left;\">\r\n<tr style=\"text-align: left;\">\r\n<td style=\"font-weight: bold; background-color: #b0c4de; padding: 2px 6px; border-style: solid; border-width: 0.5px; vertical-align: top; text-align: left; width: 50%;\">Prepared For</td>\r\n<td style=\"font-weight: bold; background-color: #b0c4de; padding: 2px 6px; border-style: solid; border-width: 0.5px; vertical-align: top; text-align: left; width: 50%;\">Prepared By</td>\r\n</tr>\r\n<tr style=\"text-align: left;\">\r\n<td style=\"padding: 2px 6px; border-style: solid; border-width: 0.5px; width: 50%; vertical-align: top; text-align: left;\">\r\n<div>$aos_quotes_billing_account<br /> $aos_quotes_billing_address_street<br /> $aos_quotes_billing_address_city <br /> $aos_quotes_billing_address_state $aos_quotes_billing_address_postalcode</div>\r\n</td>\r\n<td style=\"padding: 2px 6px; border-style: solid; border-width: 0.5px; width: 50%; vertical-align: top; text-align: left;\">\r\n<div>$aos_quotes_modified_by_name</div>\r\n</td>\r\n</tr>\r\n<tr style=\"text-align: left;\">\r\n<td style=\"font-weight: bold; background-color: #b0c4de; padding: 2px 6px; border-style: solid; border-width: 0.5px; vertical-align: top; text-align: left; width: 50%;\">Quotation Date</td>\r\n<td style=\"font-weight: bold; background-color: #b0c4de; padding: 2px 6px; border-style: solid; border-width: 0.5px; vertical-align: top; text-align: left; width: 50%;\">Valid Until</td>\r\n</tr>\r\n<tr style=\"text-align: left;\">\r\n<td style=\"padding: 2px 6px; border-style: solid; border-width: 0.5px; width: 50%; vertical-align: top; text-align: left;\">\r\n<div>$aos_quotes_date_entered</div>\r\n</td>\r\n<td style=\"padding: 2px 6px; border-style: solid; border-width: 0.5px; width: 50%; vertical-align: top; text-align: left;\">\r\n<div>$aos_quotes_expiration</div>\r\n</td>\r\n</tr>\r\n<tr style=\"text-align: left;\">\r\n<td style=\"font-weight: bold; background-color: #b0c4de; padding: 2px 6px; border-style: solid; border-width: 0.5px; vertical-align: top; text-align: left; width: 50%;\">Quote Number</td>\r\n<td style=\"font-weight: bold; background-color: #b0c4de; padding: 2px 6px; border-style: solid; border-width: 0.5px; vertical-align: top; text-align: left; width: 50%;\">Payment Terms</td>\r\n</tr>\r\n<tr style=\"text-align: left;\">\r\n<td style=\"padding: 2px 6px; border-style: solid; border-width: 0.5px; width: 50%; vertical-align: top; text-align: left;\">\r\n<div>$aos_quotes_number</div>\r\n</td>\r\n<td style=\"padding: 2px 6px; border-style: solid; border-width: 0.5px; width: 50%; vertical-align: top; text-align: left;\">\r\n<div>$aos_quotes_term</div>\r\n</td>\r\n</tr>\r\n</tbody>\r\n</table>\r\n<p></p>\r\n<table style=\"border: 0pt none currentcolor; width: 100%; border-spacing: 0pt;\">\r\n<tbody>\r\n<tr>\r\n<td style=\"border-style: solid; background-color: #b0c4de; border-width: 0.5px; padding: 2px 6px; font-weight: bold; text-align: center;\">Quantity</td>\r\n<td style=\"border-style: solid; background-color: #b0c4de; border-width: 0.5px; padding: 2px 6px; font-weight: bold; text-align: center;\">Unit</td>\r\n<td style=\"border-style: solid; background-color: #b0c4de; border-width: 0.5px; padding: 2px 6px; font-weight: bold; text-align: center;\">Product</td>\r\n<td style=\"border-style: solid; background-color: #b0c4de; border-width: 0.5px; padding: 2px 6px; font-weight: bold; text-align: center;\">Product Code</td>\r\n<td style=\"border-style: solid; background-color: #b0c4de; border-width: 0.5px; padding: 2px 6px; font-weight: bold; text-align: center;\">Description</td>\r\n<td style=\"border-style: solid; background-color: #b0c4de; border-width: 0.5px; padding: 2px 6px; font-weight: bold; text-align: center;\">Contract</td>\r\n<td style=\"border-style: solid; background-color: #b0c4de; border-width: 0.5px; padding: 2px 6px; font-weight: bold; text-align: center;\">Line Discount</td>\r\n<td style=\"border-style: solid; background-color: #b0c4de; border-width: 0.5px; padding: 2px 6px; font-weight: bold; text-align: center;\">Offer</td>\r\n<td style=\"border-style: solid; background-color: #b0c4de; border-width: 0.5px; padding: 2px 6px; font-weight: bold; text-align: center;\">Tax</td>\r\n<td style=\"border-style: solid; background-color: #b0c4de; border-width: 0.5px; padding: 2px 6px; font-weight: bold; text-align: center;\">Total</td>\r\n</tr>\r\n<tr>\r\n<td style=\"border-style: solid; border-width: 0.5px; padding: 2px 6px; text-align: center;\">$aos_products_quotes_product_qty</td>\r\n<td style=\"border-style: solid; border-width: 0.5px; padding: 2px 6px; text-align: center;\">$aos_products_unit_measure</td>\r\n<td style=\"border-style: solid; border-width: 0.5px; padding: 2px 6px;\">$aos_products_quotes_name</td>\r\n<td style=\"border-style: solid; border-width: 0.5px; padding: 2px 6px;\">$aos_products_quotes_product_code</td>\r\n<td style=\"border-style: solid; border-width: 0.5px; padding: 2px 6px;\">$aos_products_description</td>\r\n<td style=\"border-style: solid; border-width: 0.5px; padding: 2px 6px;\">$aos_products_quotes_product_list_price</td>\r\n<td style=\"border-style: solid; border-width: 0.5px; padding: 2px 6px;\">$aos_products_quotes_product_discount</td>\r\n<td style=\"border-style: solid; border-width: 0.5px; padding: 2px 6px;\">$aos_products_quotes_product_unit_price</td>\r\n<td style=\"border-style: solid; border-width: 0.5px; padding: 2px 6px;\">$aos_products_quotes_vat</td>\r\n<td style=\"border-style: solid; border-width: 0.5px; padding: 2px 6px;\">$aos_products_quotes_product_total_price</td>\r\n</tr>\r\n<tr>\r\n<td style=\"border-style: solid; border-width: 0.5px; padding: 2px 6px;\" colspan=\"7\">$aos_services_quotes_name</td>\r\n<td style=\"border-style: solid; border-width: 0.5px; padding: 2px 6px;\">$aos_services_quotes_service_unit_price</td>\r\n<td style=\"border-style: solid; border-width: 0.5px; padding: 2px 6px;\">$aos_services_quotes_vat</td>\r\n<td style=\"border-style: solid; border-width: 0.5px; padding: 2px 6px;\">$aos_services_quotes_service_total_price</td>\r\n</tr>\r\n<tr>\r\n<td colspan=\"8\"></td>\r\n<td style=\"border-style: solid; border-width: 0.5px; padding: 2px 6px; font-weight: bold; text-align: right;\">Total</td>\r\n<td style=\"border-style: solid; border-width: 0.5px; padding: 2px 6px;\">$total_amt</td>\r\n</tr>\r\n<tr>\r\n<td colspan=\"8\"></td>\r\n<td style=\"border-style: solid; border-width: 0.5px; padding: 2px 6px; font-weight: bold; text-align: right;\">Discount</td>\r\n<td style=\"border-style: solid; border-width: 0.5px; padding: 2px 6px;\">$discount_amount</td>\r\n</tr>\r\n<tr>\r\n<td colspan=\"8\"></td>\r\n<td style=\"border-style: solid; border-width: 0.5px; padding: 2px 6px; font-weight: bold; text-align: right;\">Subtotal</td>\r\n<td style=\"border-style: solid; border-width: 0.5px; padding: 2px 6px;\">$subtotal_amount</td>\r\n</tr>\r\n<tr>\r\n<td colspan=\"8\"></td>\r\n<td style=\"border-style: solid; border-width: 0.5px; padding: 2px 6px; font-weight: bold; text-align: right;\">Tax</td>\r\n<td style=\"border-style: solid; border-width: 0.5px; padding: 2px 6px;\">$tax_amount</td>\r\n</tr>\r\n<tr>\r\n<td colspan=\"8\"></td>\r\n<td style=\"border-style: solid; border-width: 0.5px; padding: 2px 6px; font-weight: bold; text-align: right;\">Shipping</td>\r\n<td style=\"border-style: solid; border-width: 0.5px; padding: 2px 6px;\">$shipping_amount</td>\r\n</tr>\r\n<tr>\r\n<td colspan=\"8\"></td>\r\n<td style=\"border-style: solid; border-width: 0.5px; padding: 2px 6px; font-weight: bold; text-align: right;\">Grand Total</td>\r\n<td style=\"border-style: solid; border-width: 0.5px; padding: 2px 6px;\">$total_amount</td>\r\n</tr>\r\n</tbody>\r\n</table>\r\n<p></p>',0,NULL,'Quotes',NULL,NULL),('e6720b78-8583-3d9d-9487-4fcfa830495e','NLI Quotes Template V 1.0','2012-06-06 18:58:39','2012-06-07 21:58:12','2bf53c62-efbb-f811-41f8-4f3d64001d45','1','<table style=\"width: 100%; font-family: Arial; text-align: center;\" border=\"0\" cellspacing=\"2\" cellpadding=\"2\">\r\n<tbody style=\"text-align: left;\">\r\n<tr style=\"text-align: left;\">\r\n<td style=\"text-align: left;\">\r\n<p><img style=\"float: left;\" src=\"custom/themes/default/images/company_logo.png\" alt=\"\" /></p>\r\n</td>\r\n</tr>\r\n<tr>\r\n<td style=\"text-align: right;\"><span style=\"font-size: x-small;\">{DATE M d,Y}</span></td>\r\n</tr>\r\n<tr>\r\n<td style=\"text-align: left;\"><span style=\"font-size: x-small;\"><strong>$accounts_name</strong></span><br /><span style=\"font-size: x-small;\"> $accounts_billing_address_street</span><br /><span style=\"font-size: x-small;\"> $accounts_billing_address_city, $accounts_billing_address_state $accounts_billing_address_postalcode</span></td>\r\n</tr>\r\n<tr style=\"text-align: left;\">\r\n<td style=\"text-align: left;\"></td>\r\n</tr>\r\n<tr style=\"text-align: left;\">\r\n<td style=\"text-align: left;\">$aos_quotes_quote_cover_letter</td>\r\n</tr>\r\n<tr style=\"text-align: left;\">\r\n<td style=\"text-align: left;\"></td>\r\n</tr>\r\n</tbody>\r\n</table>\r\n<p style=\"font-family: Arial; text-align: center;\"><pagebreak /></p>\r\n<table style=\"width: 100%;\" border=\"0\">\r\n<tbody>\r\n<tr>\r\n<td><img src=\"custom/themes/default/images/company_logo.png\" alt=\"\" /></td>\r\n</tr>\r\n<tr>\r\n<td style=\"text-align: left;\">$aos_quotes_name</td>\r\n</tr>\r\n<tr>\r\n<td><hr />\r\n<table style=\"width: 100%;\" border=\"0\">\r\n<tbody>\r\n<tr>\r\n<td style=\"text-align: left; font-weight: bold;\"><span style=\"font-size: x-small;\">Date:</span></td>\r\n<td style=\"text-align: left;\"><span style=\"font-size: x-small;\">{DATE M d,Y}</span></td>\r\n</tr>\r\n<tr>\r\n<td style=\"text-align: left; font-weight: bold;\"><span style=\"font-size: x-small;\">Prepared for:</span></td>\r\n<td><span style=\"font-size: x-small;\">$accounts_name</span></td>\r\n</tr>\r\n<tr>\r\n<td style=\"text-align: left; font-weight: bold;\"><span style=\"font-size: x-small;\">Location:</span></td>\r\n<td><span style=\"font-size: x-small;\">$accounts_billing_address_city, $accounts_billing_address_state</span></td>\r\n</tr>\r\n<tr>\r\n<td style=\"text-align: left; font-weight: bold;\"><span style=\"font-size: x-small;\">Prepared By:</span></td>\r\n<td><span style=\"font-size: x-small;\">$aos_quotes_modified_by_name</span></td>\r\n</tr>\r\n</tbody>\r\n</table>\r\n<hr /></td>\r\n</tr>\r\n<tr>\r\n<td></td>\r\n</tr>\r\n<tr>\r\n<td>$aos_quotes_quote_introduction</td>\r\n</tr>\r\n<tr>\r\n<td></td>\r\n</tr>\r\n</tbody>\r\n</table>\r\n<table style=\"border: 0pt none currentcolor; width: 100%; border-spacing: 0pt;\">\r\n<tbody>\r\n<tr>\r\n<td style=\"text-align: center; height: 20px; background-color: #6091f9;\" colspan=\"8\"><span style=\"font-size: x-small;\"><strong>SERVICES</strong><strong></strong></span></td>\r\n</tr>\r\n<tr>\r\n<td style=\"border-style: solid; border-width: 0.5px; padding: 2px 6px; text-align: center; font-weight: bold;\"><span style=\"font-size: x-small;\">Qty</span></td>\r\n<td style=\"border-style: solid; border-width: 0.5px; padding: 2px 6px; text-align: center; font-weight: bold;\"><span style=\"font-size: x-small;\">Service Name</span></td>\r\n<td style=\"border-style: solid; border-width: 0.5px; padding: 2px 6px; text-align: center; font-weight: bold;\"><span style=\"font-size: x-small;\">Type</span></td>\r\n<td style=\"border-style: solid; border-width: 0.5px; padding: 2px 6px; text-align: center; font-weight: bold;\"><span style=\"font-size: x-small;\">Price</span><br /><span style=\"font-size: x-small;\">Per Unit</span></td>\r\n<td style=\"border-style: solid; border-width: 0.5px; padding: 2px 6px; text-align: center; font-weight: bold;\"><span style=\"font-size: x-small;\">Service</span><br /><span style=\"font-size: x-small;\">Value</span></td>\r\n<td style=\"border-style: solid; border-width: 0.5px; padding: 2px 6px; text-align: center; font-weight: bold;\"><span style=\"font-size: x-small;\">Service</span><br /><span style=\"font-size: x-small;\">Discount</span></td>\r\n<td style=\"border-style: solid; border-width: 0.5px; padding: 2px 6px; text-align: center; font-weight: bold;\"><span style=\"font-size: x-small;\">Sale</span><br /><span style=\"font-size: x-small;\">Price</span></td>\r\n<td style=\"border-style: solid; border-width: 0.5px; padding: 2px 6px; text-align: center; font-weight: bold;\"><span style=\"font-size: x-small;\">Install</span><br /><span style=\"font-size: x-small;\">Price</span></td>\r\n</tr>\r\n<tr>\r\n<td style=\"border-style: solid; border-width: 0.5px; padding: 2px 6px; text-align: right;\"><span style=\"font-size: x-small;\">$aos_products_quotes_product_qty</span></td>\r\n<td style=\"border-style: solid; border-width: 0.5px; padding: 2px 6px; text-align: left;\"><span style=\"font-size: x-small;\">$aos_products_quotes_quotes_product_name</span></td>\r\n<td style=\"border-style: solid; border-width: 0.5px; padding: 2px 6px; text-align: right;\"><span style=\"font-size: x-small;\">$aos_products_type</span></td>\r\n<td style=\"border-style: solid; border-width: 0.5px; padding: 2px 6px; text-align: right;\"><span style=\"font-size: x-small;\">$aos_products_quotes_per_unit_price</span></td>\r\n<td style=\"border-style: solid; border-width: 0.5px; padding: 2px 6px; text-align: right;\"><span style=\"font-size: x-small;\">$aos_products_quotes_product_list_price</span></td>\r\n<td style=\"border-style: solid; border-width: 0.5px; padding: 2px 6px; color: red; text-align: right;\"><span style=\"font-size: x-small;\">$aos_products_quotes_product_discount</span></td>\r\n<td style=\"border-style: solid; border-width: 0.5px; padding: 2px 6px; text-align: right;\"><span style=\"font-size: x-small;\">$aos_products_quotes_product_total_price</span></td>\r\n<td style=\"border-style: solid; border-width: 0.5px; padding: 2px 6px; text-align: right;\"><span style=\"font-size: x-small;\">$aos_products_quotes_product_total_nrc</span></td>\r\n</tr>\r\n</tbody>\r\n</table>\r\n<p><span style=\"font-size: x-small;\"><em><span style=\"text-decoration: underline;\"><span style=\"color: #ff0000; text-decoration: underline;\">sample DISCOUNTS AND TOTALS SECTION</span></span><br /><img src=\"data:image/png;base64,iVBORw0KGgoAAAANSUhEUgAAAhQAAAC6CAIAAAB5kUMFAAAW6klEQVR4nO2cQbLmKA6Eff9bzn6irsAsal6Fn5FSKcA2hvzCCxeWhIDkz+ruiTmKEEIIkeR4uwEhhBDfQ+YhhBAijcxDCCFEGpmHEEKINDIPIYQQaWQeQggh0sg8hBBCpJF5CCGESCPzEEIIkUbmIYQQIo1tHocQ36T9JgghfGQeYnFkHkLcQc48/vz3P3r0fOXxJJ4yj9dXoUfPbI/MQ8/ij8xDj547HpmHnsUfmYcePXc8Mg89iz8yDz167nhkHnoWf2QeevTc8cg80L7w4y+2NNsWzfbIPG7a0tfb+FCHs/UzcFFfMo/jB3I8Vdb7YzieanVIh22bRrY0KmaGZ0/z4M+aLHIudcee6LJ87vFulszDLsVPcbls725aT/P91WZY9VbmMfaH/oEd0GX54vNh86h/67ODlwt2HjTDziLwxsEI3xU/Y7jesKXsbnjVzCLvSuXcyT7mgaXoycw75YaCqeLeFCDrqKjrYHGG/Xgt1Vlg+WZjZj+gjZmfv21/zzz+/P4bSq2YnncmDIvjD7xCbZ2AeFwhbDJ8T8XjHt4SjMyj7X14QXM/jx96Zjn/EYs57Kdn1al43MPkz9+2v2oe3kvnezYF669BT6kVMV+zWUyF+t1Mef3525jMo+19eEEsLW9epj1+xqzUe1bkvX9LVObzdxUyj1vM408llKMCz87r1atsbl1qmXVxHPOuPLxVyzyYd1M/PQXD4nXZMMtrj+mE76dt1XVxHPO6Wnqev0v4pHn8+fmHxPBEs+/ZFLwtWMd4drLbsAcmq3PHyB6efzyJyzwYZQ4pyO+hLsuHHu9mfcY8Rp2op0gmzJM4k26Om5VBS6Cyt3XDdyz8+q5g9jEPfBC8sM0UvghZ/DKiy/Khx7tZnzeP81dGVZdqpAjq+nWrpmhAV15uOLVZ2du6MKvejUtY/Y5X9K5gtjKP8FjNM2JScJGG4nVAuAqsVTx7tp/Urh7fvyyp52/bXzKP2R7tyeSPJ/G1zUOPnrsfmceA7Xu9DT3gkXno0XPHI/MYsH2vt6EHPDIPPXrueGQeehZ/ZB569NzxtJiHEJ+j0zyEECY582i+h2JaFj7WTtFK86KHhcUj8xClbCnxZ9LF5iwsHpmHKGVLiT+TLjZnYfHIPEQpW0r8mXSxOQuLR+YhSuEk/tGjl3mIF9nwZs1iHt50H93uadlQ4s+kpyYy38Wn2fBmUebhJnfct0viEPM4fmhrqWfqr4AXBTYw3Ng69/gNMwsIILNAh5i6ybYiqZgwnrwm4nU2vFnrmEf/zd8BLBEv7O8fs7meZnAzYSkgleXNQ0zLhjeLNY+6dD3omeH5kxdphoG11YvBKwddeZXr9dZF6kEzch5ImfbkziZxklB44Vl7SiMlXQd716SOJ7sV97HhzRpmHuZXr5QZn1pbvZhwv5iu+KlB5bqNeXhY4qmfTlwqbKPztxL3Sd5hTxVeVkqEIL5U2+6FiZvY8GYlzIN86RxnwvAiyQtW5xZ/K/mficnvKm6v3sDhuR81D7PDUBVhVmq72rqaXJDLsOHNWso8zPQLZlmzcmgeZuXi7/UMkI2F4gOfcO5K5oGzzgGe9urKWKhMV/hmiZvY8Gatbx44AFQOfxTIHqZiQ4mTtJkH6NMrwswi8/gcG96snHmAT8+YhzliNskHhz2Y7+uZR0p8IB7rsu339OvmcS7OLFbm8Tk2vFnDzOPfJxAASvWbx7kBcxBMF7ZqFvcqd/6K3QpuzGue2UO8+XiwuVQdAFaHAS0BcXp91n80983LNSt48eFmeksWA9nwZt3yl7hbmbaxTxBKfFSp5xlrHkKk2PBmfcw85uzqQ4yS+IQHIfMQL7LhzZJ57MXCGyjzEC+ysHgWMQ/RycLHKvMQL7KweFrMQ4jP0XlDhBAmOfNovodiWhY+1k7RSvOih4XFI/MQpWwp8WfSxeYsLB6ZhyhlS4k/ky42Z2HxyDxEKVtK/Jl0sTkLi0fmIUrhJP7Ro5d5iBfZ8Gbdbh6z7dds/TzMhhJ/Jl1szoY3K2Ee+H+2BSbmg4ckNpQ9fvNAGyFPLv/8tfk3FGsmNUtPVkPnIL1N86DIudodR9zf7aXakDo70HyzyLtwqTDDzWLNA/8R0Ky/m4Trnd8DU6d4cvn1p+zs5q+hWTCcpS2r3GAew1Vxt656TlB00nazsn+NqONfvFlUNG7l33pMV7zUqV2uTseTehXMdxwMBs3NvSwtHAlFU34vv95Ar41mSIkPKT6JxEmaNe8pBIiq/mN9C7wKXnGvZy/rMmO47eZ6vX5Ak6vSc7PIjcLX4fmbNcY8vODLZWDSwaSgAh4E4+FceB/M28jMG+4e+KHpoUfi2eKTSJxkiObxqeH9MYuDlsILgrPwtcWzp6S+CTIPOzq8SF6LTBjoGI9gNT9vHql5m7elE1z2+GFI8UkkTjJE8z3mkXoHHeKFAIHhS9Qs9U3ouVnMjjU7fWfWv+aNcSZ6lHlcCDs2u6orFEf3/HTgYtTLGXKjsuOjIMu2zc78OD4vcZIhmgcSBVn8OygOWiUvgnmJvOZxP51n8UV6bhaTG57L8zfrUfPw5iLHwRZj3YdFwFyptdcjzM8NP28/PRLPZk0icZIhmid/0Os/Zt9DGu5dg3mQPeyAzMONJnVff3rGPHAb4Ti/ustgHcn8rIBtIS25mdCAe6ZrNo/+i1FGm0c9EaP5d80j3DrQTEOHMo8zPTcrvOxz3qxE9HHCW8klsm6uLoI7roMb2ginI8t6AZdBUKrelnA60HYDuI7ZNlnWXDW/Y2EbYW9tneN0RhWFEDmTFb7j4peAMMtLx3/0zvdSufMsvgher7cn5NGARDwYBoDeLgHGeCpafJ1Q4o91MpxO0UrzooeBN2s2Hco8RCkyj9vSxeaMulkTilDmIUqZUpqjkHmIF1lYPDIPUcqWEn8mXWzOwuJpMQ8hPkfnDRFCmOTMo/keimlZ+Fg7RSvNix4WFo/MQ5SypcSfSRebs7B4ZB6ilC0l/ky62JyFxSPzEKVsKfFn0sXmLCwemYcohZD4d89d5iFeZMObNZF5uC3e08xja5zqV2lDiT+T/okZX5l9Kv3fx4Y3izKP4wczrHlTzFnCMKYmE49XRNYZFfMYoBO8arAKc9O8nQz31gxgTqRzn0M9dFb2tqK5LJ6LjCRbTRVpiFmAUJkNAjOPA8sJ7LYZwJy12x4THa7cmxVjzhKGkQV7NN02Y0/MY5BLvoTxB32ROJiFDwizwk8MdTo5b3P94Uj/L9Jws8Jfv7bBx25Wzjz6By+9ngfNMG+p5pJS2+pNh+vwS8DV3sLrBDRpbn5YJHUWOCDMCj8xpNQViocRFaklprg3hTkLuQSzDtnzMav+78NbI7n88Oz4QT4gzMKfEuZRLNvE0uTfmbBQlLVw+ztJFQnjXwfrA/TJrKJe9aVsuC3huYM2Ovd5lAaGiyq7e52z9LQaxi8MlmW4A/hA6/00B8NSl3fymLxPafPwXjrfsynueqqj6uwklRjGvw7o5DjhfcWVvYBQLWYRPovsEDNEA8NF1SY8b95bW2XiFwas8TjBfzIjvcFww80A8pjcU2ai68nC6TslG76HSx3VSUMiaOB1wk4uzV/Gw0T8KdyW8KyZWdoYooGjYkjBsHhdtqFyZ6t1h161JQnXyJxamO4NhhtuBpDH5H3KmUf52aNmaZKSDd/xXg/sZPgy34XpJBQfn3X5FG5LeNbMLG0M10DY3n1C6qw8ttXOc/kKzBp71GsG8HfEDGiW7v/Hmeh6jiFKCmcBYfZibuhk+DLfBejj/F6H8XsCCoZbxA+aS+jZ59QCeSE11G8ofhnprzyw1c5z+QpAlud3Rh5n5dcB3iDefH7QXIL5aaR5nL+G+1JXI8VX1687v3w9fgMGzRnB0swl4C16F9BJuECwLn7HwGA2y5wOLx/QcOhmIpOCizQUrwO8VZj7HLYaruv4iP7vA6wRnJr5yTsmJmtIKbNJYzwVPQmTtzczeN9SuzrbKXT2M9tyxLfY8GZ9zzxm7m1+Rkl8wlOQeYgX2fBmyTz2YuGtk3mIF1lYPOuYh+hh4WOVeYgXWVg8LeYhxOfovCFCCJOceTTfQzEtCx9rp2iledHDwuKReYhStpT4M+licxYWj8xDlLKlxJ9JF5uzsHhkHqKULSX+TLrYnIXFI/MQpXAS/+jRyzzEi2x4s2Qee7GhxJ9Jv5QaUkd8iA1vVmweh8WNnYo7wWfXc75mLj9YB5gpIPEO82jTfHMbXg91M6lWQeJbd3m935DmmxWqq871DpS8Wd7lwlnGOB+93nlvCJYIE8bn8oN1qYbfuOxPfJje/DvbYx5gXtBPqvMZLvIMPYyl7WaZJx7mgouTDWBu/S3mYVof7k+8CynT4VOkxFp/et48mFWcU853wfzLYF3cs6useYSrBne5rlm36o0w7nVeab1XK/1E9NwsMhdvF69er5TXhnez2s0Dewb5GyEe5rvmUf9g1Sk9S8C/hpdBEAx+E710MwAPgnFQlpzIHKnvNdlbai3f5WHzwP49u3ngthZQw5Lgcwl/oNvqpyTe/Olh8wAtNf/c4+t9/Aa3CtrzOmGufOdKecP7HD03a0jux8zDlDJoQrwOeTTNJyjzuISZv/jN5oEjPUjzKMQmyDw8em4WqXZek7ObB5byeuJYg1vNg7kYu5mHNxczfrlKD5hH+FXm4SHzQNH4r1eX8ZS4xWP0yLShMlZRw48U6G2seaR6uHx6wDz4flKJl8HwL4VeZLOpfJchBoDj8S9+yhteNo9zGL8A8S74LI4fGsqeAYPmLObXMMvsIds5Tjc7Kf5duFwHbzngloKucA9eq14PdREvwDsIEMn0zGzIh8BLSB1NeAT8YHOpOsAYT0WLrxNK/LFOhtMpWmle9DDwZs2mQ5mHKEXmcVu62JxRN2tCEco8RClTSnMUMg/xIguLR+YhStlS4s+ki81ZWDwt5iHE5+i8IUIIk5x5NN9DMS0LH2unaKV50cPC4pF5iFK2lPgz6WJzFhaPzEOUsqXEn0kXm7OweGQeopQtJf5MutichcUj8xClEBL/7rnLPMSLbHizNjKPZxY1+dZtKPFn0j8x4xB0j0w2vFmUeRw/mGH/xo/feMHeJuL0fuqyR0W2QlvMi4DeRp1dPeKN407M4mEPXs2QtoXzlb2taC5LTndTfTBjOOmomKkI9eytKJS0p5xLYrj/bVmgw/HmASqc/xj2N1w6DYfXEDm56LGwzDBwjvUgDggjiyU2cks7d95UYNhtT/070D16i4abVSy1g/rgEvF3MJWFP+XMAw8y76nmzInCZrzjcbfA3+t6FWQn5MKfx+uHbBXslReQUsVRabqzN55wUiyGSxhOZwqmintTgFyzFLkufvY6Bay07sRby4R43YKFHJbawyLmuxeAK4RZ+FPCPMrvDcLTk20xAZdS3nhzG/U4WS0VPwlYH2G3vC7Dr7xYj9+keuMxJ80uBCxwbMHwIPACvcaap+5ZYBj/Cbxuh+g23MmUNvgs/CltHt5LOW2Tl+7hFQla56SZqtNfIVzsu4DezLOrA/A4Pnpyo4Z/YghF26m3sQXNxdYBzIYPmbp5gUz8JwDd1mdRf8WVPSH9e2/QBpOFP403D7xasjmwquM3OJ7ZHX72bCcTEvZ2Wc5lHKSYYeCPZMEhnxhC0fIaq1XRWTAsnp2irtbWUtvs2U4+Qdgtf2o4wNylcOvasvCnnHmUnz0aojbQXLZsTxv3zT4hTG94Q3A8UA6OJKdr+8SAOy/dpz9WZg9MkW3jvtk/AdOtuajssZq7FG5dWxb+1GIeDWdf/zE749h3MPUDM74I0Mf5HfyxHueX368WsKWdu813m1pIQ/2G4t4sPVPwx3rHAjtP83mALM/vdVhKeN7XcBtTWWGH/x9nous5Gs7+OAEmrWPMP5JtgLJefdzteTDbyQyAfsIlhyvFB8dE4rnwfnbuNt9tofWG6+PNTBX3egbHAfaZj8cLDHfj4O7RJyBPxBsnTwEUBIPZLHM6YzwVLb4OPtbUoc8mks5+ZluO+BYb3iyZx16MkviECpF5iBfZ8GbJPPZi4WOVeYgXWVg8Mg9RypYSfyZdbM7C4mkxDyE+x/AbIgTDwuLxrobMQyxF5w0RQpiw5iHEbng3RAiGhcUj8xACIfMQPSwsHpmHEAiZh+hhYfHIPIRAyDxEDwuLR+YhBELmIXpgxPNRgck8hEAw5vHRyy8eQOYhxKbUN6T+Hyl6l7/nR+GjPyjiAj5H8D94nR+ZhxAI4BP/3j96+cUDAG0wf/+YGZmHEAjmHzKO3/8X4mYwjmnLPQ/++/TFn6GFIc3ji8g8hECQ5hH+EwmI6cnFg+J1ZB5CbAr4y/555BJQjzMxPblf/yVaFXwu5j9NfgWZhxAIcLeHG0BP7kd/gJaHPJcnj2+UY8k8hEDMbB5l3A+BuIkJzWMUMg8hEODfUGUNoOe/eYT1vWDxLuR/8/jiqck8hECM/W8eXi6uyfyTB3YU8Rb4OD79D44yDyEQo+52+O+++mt+9DdobULzeKyT4cg8hEDIPEQPMg8hNmVm8yjWv7YSU7Hwucg8hEDod1n0sLB4cuZxCPFNht8QIRgWFo93NWQeYik6b4gQwiRnHs33UIjn6RStNC96WFg8Mg+xODIP8SILi0fmIRZH5iFeZGHxyDzE4sg8xIssLB6Zh2D56NHLPMSLhOL5rrp2NI85VzFnV2cmb8/ji+YxvxgAn25+ODIPO7pZJe6sP5DjbdOFpY7ftE2a5TzXbNcPbAVu9aioB5lZQACZhRcIwIK86aTApN4Ibsn7ZB5QtrGGmH1g9MyflxlWp3jjfBtMA95Xmcebv+NTXb/L1tWf+FZBPJgFBIRZ5QbzMEea65OTFusWeELFgvcqNzfWXG0HSFmCd1wB/1K1BZA/gN6nRvM4TnjrPH4TprcNXhZPNsAsk5+a35NSnVzdcN3nM4RTk72dV4qL8AFhVhltHrgaUJoZA6RSz1J/yr6Ta8TTkQvkZ18bb/nkzoAwIAYznQ8gT9D71GIevIDcWU/dX8p6BbPvYW98/MCW+IafJ5ya7O2yOiwePMu5VNhG5+6lzuJyiN54gzzOg/2l8Br5yqn4PcGybDiac9l6qy9leVGV3wJjTtDtjYkm69bbBHbk0n24nuw7/pSK739PdfUidbeXr0wFPH7ZClyBzyp3msdxAs/VqdjLYP1yacZrmFxjtjEyZk/AVpjnFX46lw2PgxdVKgt/ajQPrGBeguCl8x1/IuPrNTa3wUTOg3dqbYnn8cvO4Ap8VrnTPOoR74g7pWIGeClhw+Ea+cbCBQpy81PqDbfaFAMjKjIrmJ2JBn/k5QhiirNNPe9MJ9n4tjZSkZPgrb0tsfw+X34WPqu8Zx4DFesFNJfCa7yj+W0hb0dKvUeFl9UgKiYLf5rCPEYpONUnn1s6vK254ecx1+sFmDEg4LxkcpAJuEzXs3v41Er+6Nuk4s3boJ+w8t0L2Qogy/M7kDrYzMvXejw8F37QXIL5KWEeZxHXI+fBulQoWW8N9Sx4zXWTYP3mKpip8Uq9flINvwKzFectrcOYguaeNGSZc6HlQVIKYVThvYOyXidk2eKIkF+jOd6wwA0JlclvPhYAzgKl+CyzSWM8FS3W3pnU0mbbh86jWftkxd1g8WRv1lRSlHmMYe2d4Zc24SbIPMSLjDKPCXUo8xiDdmZaZB7iRRYWj8xDLI7MQ7zIwuJpMQ8hPkfnDRFCmMg8xOLIPIS4A9Y8hBBCCIDMQwghRBqZhxBCiDQyDyGEEGlkHkIIIdLIPIQQQqSReQghhEgj8xBCCJFG5iGEECKNzEMIIUSa/wE1vnycuycoKwAAAABJRU5ErkJggg==\" alt=\"\" /></em></span></p>\r\n<p><span style=\"font-size: x-small;\"><em>[Quote expires on $aos_quotes_expiration. Pricing based on$aos_quotes_service_period month </em></span><span style=\"font-size: x-small;\"><em>term.]<br /><br /><pagebreak /><img src=\"custom/themes/default/images/company_logo.png\" alt=\"\" /></em></span></p>\r\n<p>Support:</p>\r\n<p></p>\r\n<p>Support for NextLevel Internet services available 24x7x365. Support for NextLevelVoice services available 8am-6pm PT. NextLevelVoice Support provided for \"voice\" service only, and only within the Service Address network. \"Quality of Service\" (QoS) is limited to prioritization of NextLevelVoice packets above all others. Not responsible for QoS issues that occur within a Customer\'s network or outside of our network. Configuration services and additional non-standard NextLevelVoice Support (following initial training and 15 days of free support) available at current market rate (hourly rate as of 7/1/09 is $75/hr billed in 15-minute increments). Requests for Support must come from the Customer\'s designated Technical Point of Contact (POC). A pre-approved POC is required for administrative and security purposes.</p>\r\n<p><br />$aos_quotes_quote_final_notes</p>',0,NULL,'Quotes',NULL,'<p style=\"text-align: center;\"><span style=\"font-size: xx-small;\">12310 World Trade Drive  Suite 102  San Diego, CA 92128</span><br /><span style=\"font-size: xx-small;\">858-430-8500 (voice)  858-836-0706 (fax)</span><br /><span style=\"font-size: xx-small;\">Confidential & Proprietary<br /></span></p>');
/*!40000 ALTER TABLE `aos_pdf_templates` ENABLE KEYS */;
UNLOCK TABLES;

--
-- Table structure for table `aos_pdf_templates_audit`
--

DROP TABLE IF EXISTS `aos_pdf_templates_audit`;
/*!40101 SET @saved_cs_client     = @@character_set_client */;
/*!40101 SET character_set_client = utf8 */;
CREATE TABLE `aos_pdf_templates_audit` (
  `id` char(36) NOT NULL,
  `parent_id` char(36) NOT NULL,
  `date_created` datetime DEFAULT NULL,
  `created_by` varchar(36) DEFAULT NULL,
  `field_name` varchar(100) DEFAULT NULL,
  `data_type` varchar(100) DEFAULT NULL,
  `before_value_string` varchar(255) DEFAULT NULL,
  `after_value_string` varchar(255) DEFAULT NULL,
  `before_value_text` text,
  `after_value_text` text,
  KEY `idx_aos_pdf_templates_primary` (`id`),
  KEY `idx_aos_pdf_templates_parent_id` (`parent_id`)
) ENGINE=MyISAM DEFAULT CHARSET=utf8;
/*!40101 SET character_set_client = @saved_cs_client */;

--
-- Dumping data for table `aos_pdf_templates_audit`
--

LOCK TABLES `aos_pdf_templates_audit` WRITE;
/*!40000 ALTER TABLE `aos_pdf_templates_audit` DISABLE KEYS */;
/*!40000 ALTER TABLE `aos_pdf_templates_audit` ENABLE KEYS */;
UNLOCK TABLES;

--
-- Table structure for table `aos_products`
--

DROP TABLE IF EXISTS `aos_products`;
/*!40101 SET @saved_cs_client     = @@character_set_client */;
/*!40101 SET character_set_client = utf8 */;
CREATE TABLE `aos_products` (
  `id` char(36) NOT NULL,
  `name` varchar(255) DEFAULT NULL,
  `date_entered` datetime DEFAULT NULL,
  `date_modified` datetime DEFAULT NULL,
  `modified_user_id` char(36) DEFAULT NULL,
  `created_by` char(36) DEFAULT NULL,
  `description` text,
  `deleted` tinyint(1) DEFAULT '0',
  `assigned_user_id` char(36) DEFAULT NULL,
  `maincode` varchar(100) DEFAULT NULL,
  `part_number` varchar(25) DEFAULT NULL,
  `category` varchar(100) DEFAULT NULL,
  `type` varchar(100) DEFAULT 'Good',
  `cost` decimal(26,6) DEFAULT NULL,
  `currency_id` char(36) DEFAULT NULL,
  `price` decimal(26,6) DEFAULT NULL,
  `url` varchar(25) DEFAULT NULL,
  `contact_id` char(36) DEFAULT NULL,
  `unit_measure` varchar(100) DEFAULT NULL,
  PRIMARY KEY (`id`)
) ENGINE=MyISAM DEFAULT CHARSET=utf8;
/*!40101 SET character_set_client = @saved_cs_client */;

--
-- Dumping data for table `aos_products`
--

LOCK TABLES `aos_products` WRITE;
/*!40000 ALTER TABLE `aos_products` DISABLE KEYS */;
INSERT INTO `aos_products` VALUES ('9c318fa3-8bf8-28ae-d404-4f2986d3e707','Clear Channel Internet','2012-02-01 18:38:43','2012-06-22 10:43:24','1','1','Clear Channel Internet',0,NULL,'IN00100',NULL,'Internet','Recurring','0.000000',NULL,'0.000000',NULL,NULL,'Mbps'),('25e8ddd8-d8fd-8539-2724-4f298838b100','Minutes','2012-02-01 18:45:46','2012-04-03 11:25:12','1','1','test record',1,NULL,'XXXX',NULL,NULL,'Recurring','0.050000',NULL,'0.050000',NULL,NULL,'Each'),('7b764d87-208a-1aa5-dcba-4f29884bc105','Enhanced Extension','2012-02-01 18:46:17','2012-06-22 11:02:29','1','1','Enhanced Extension',0,NULL,'VO00100',NULL,'Voice','Recurring','45.000000',NULL,'45.000000',NULL,NULL,'Each'),('ed8e3060-66cf-3bc6-0f3c-4f751b310534','Clear Channel Ethernet ','2012-03-30 02:35:42','2012-04-03 22:05:00','2bf53c62-efbb-f811-41f8-4f3d64001d45','1',NULL,1,NULL,'xxx',NULL,'Internet','Recurring','0.000000',NULL,'0.000000',NULL,NULL,'Mbps'),('1b2b28bf-8fd5-0afb-460c-4f755a17c3f0','Business Park Internet','2012-03-30 07:02:42','2012-06-26 21:55:24','1','1','Shared Internet T1 ',0,NULL,'IN00500',NULL,'Colo','Recurring','175.000000',NULL,'175.000000',NULL,NULL,'Each'),('141a1467-2427-93b2-8867-4f755b592a59','Point-to-Point T1 ','2012-03-30 07:06:08','2012-06-26 20:07:18','1','1','Test record',1,NULL,'IN00200',NULL,'Internet','Recurring','0.000000',NULL,'0.000000',NULL,NULL,'Mbps'),('89b02035-92da-4275-4d9d-4f755b65d35f','Point-to-Point DS3 ','2012-03-30 07:07:32','2012-06-26 20:07:29','1','1','Test record',1,NULL,'IN00300',NULL,'Internet','Recurring','0.000000',NULL,'0.000000',NULL,NULL,'Mbps'),('cb87b793-d594-47ac-e350-4f755c672223','Clear Channel Internet -  Install ','2012-03-30 07:09:54','2012-04-03 21:47:11','2bf53c62-efbb-f811-41f8-4f3d64001d45','1','Test record',1,NULL,'xxx',NULL,'Internet','Recurring','0.000000',NULL,'0.000000',NULL,NULL,'Mbps'),('67052118-6f00-f6b5-3dc2-4f755ccc62b7','Clear Channel Internet - Move fee','2012-03-30 07:11:33','2012-04-03 21:47:37','2bf53c62-efbb-f811-41f8-4f3d64001d45','1','Test record',1,NULL,'xxx',NULL,'Internet','Recurring','0.000000',NULL,'0.000000',NULL,NULL,'Mbps'),('a5d4227a-b18e-77d7-0331-4f755c525cbd','Clear Channel Ethernet  - Install ','2012-03-30 07:12:45','2012-04-03 21:47:20','2bf53c62-efbb-f811-41f8-4f3d64001d45','1','Test Record',1,NULL,'xxx',NULL,'Internet','Recurring','0.000000',NULL,'0.000000',NULL,NULL,'Mbps'),('1873647d-d2c7-36a2-e596-4f755d0ab5c2','Clear Channel Internet DS3 -  Install ','2012-03-30 07:14:01','2012-04-03 21:47:44','2bf53c62-efbb-f811-41f8-4f3d64001d45','1','Test Record',1,NULL,'xxx',NULL,'Internet','Recurring','0.000000',NULL,'0.000000',NULL,NULL,'Mbps'),('29835ed2-16ac-0c04-754b-4f755dfb7a6f','Point-to-Point DS3 - Install ','2012-03-30 07:15:29','2012-04-03 21:48:08','2bf53c62-efbb-f811-41f8-4f3d64001d45','1','Test record',1,NULL,'xxx',NULL,'Internet','Recurring','0.000000',NULL,'0.000000',NULL,NULL,'Mbps'),('1adc0e4c-fc4b-7cd5-efc7-4f755e379fd5','Point-to-Point T1  - Install ','2012-03-30 07:17:32','2012-04-03 21:48:15','2bf53c62-efbb-f811-41f8-4f3d64001d45','1',NULL,1,NULL,'xxx',NULL,'Internet','Recurring','0.000000',NULL,'0.000000',NULL,NULL,'Mbps'),('589f0912-8f54-6e1c-c5e3-4f755e0b45bf','Shared Internet T1 -Install','2012-03-30 07:18:56','2012-04-03 21:10:13','2bf53c62-efbb-f811-41f8-4f3d64001d45','1','Test record',1,NULL,'xxx',NULL,'Internet','Recurring','150.000000',NULL,'150.000000',NULL,NULL,'Mbps'),('2ed9839b-7a68-c569-0f13-4f755fb6a051','Circuit IP addresses (5 included)','2012-03-30 07:22:21','2012-06-26 20:55:24','1','1','usable addresses ',0,NULL,'IN00400',NULL,'Internet','Recurring','0.000000',NULL,'0.000000',NULL,NULL,'Each'),('2f9731b8-bd07-4afa-c00a-4f755f2b9afa','usable addresses _Install','2012-03-30 07:23:24','2012-04-03 21:48:22','2bf53c62-efbb-f811-41f8-4f3d64001d45','1',NULL,1,NULL,'xxx',NULL,'Internet','Recurring','0.000000',NULL,'0.000000',NULL,NULL,'Each'),('9dbb19e7-7f11-3ac4-f16b-4f755f5fc420','BGP Configuration & Monitoring Install ','2012-03-30 07:24:03','2012-04-03 22:12:53','2bf53c62-efbb-f811-41f8-4f3d64001d45','1',NULL,1,NULL,'xxx',NULL,'Pro Services','Recurring','3500.000000',NULL,'3500.000000',NULL,NULL,'Each'),('7a65b598-064d-e109-73a5-4f755ffa82ea','Direct Inward Dial (DID) ','2012-03-30 07:25:18','2012-06-22 12:03:40','1','1','Direct Inward Dial (DID) ',0,NULL,'VO00800',NULL,'Voice','Recurring','2.500000',NULL,'2.500000',NULL,NULL,'Each'),('1ee4cbaa-51cf-ee57-6f58-4f7560496b4d','Direct Outward Dial (DOD) ','2012-03-30 07:26:07','2012-06-22 11:04:41','1','1','Direct Outward Dial (DOD) ',0,NULL,'VO00600',NULL,'Voice','Recurring','2.500000',NULL,'2.500000',NULL,NULL,'Each'),('52d55a4f-4562-bca2-10e9-4f7560b5c618','Inbound Toll Free Number ','2012-03-30 07:27:02','2012-06-22 11:44:20','1','1','Inbound Toll Free Number ',0,NULL,'VO00900',NULL,'Voice','Recurring','10.000000',NULL,'10.000000',NULL,NULL,'Each'),('1342b24e-9da9-4dee-214a-4f75607b2498','Vanity Toll Free Number ','2012-03-30 07:28:12','2012-04-03 21:56:50','2bf53c62-efbb-f811-41f8-4f3d64001d45','1',NULL,1,NULL,'xxx',NULL,'Voice','Recurring','10.000000',NULL,'10.000000',NULL,NULL,'Each'),('3bd3ae3d-c918-c4e8-306e-4f75618c9ac3','Port Existing Phone/Fax Number ','2012-03-30 07:30:53','2012-06-22 10:54:07','1','1','Port Existing Phone/Fax Number ',0,NULL,'PR00100',NULL,'ProServices','NonRecurring','25.000000',NULL,'25.000000',NULL,NULL,'Each'),('1f16ed45-4b31-3d4a-ac52-4f756131d313','Direct Inward Dial (DID) _Install','2012-03-30 07:32:12','2012-04-03 18:50:14','2bf53c62-efbb-f811-41f8-4f3d64001d45','1',NULL,1,NULL,'xxx',NULL,'Voice','Recurring','10.000000',NULL,'10.000000',NULL,NULL,'Each'),('684c9d80-e171-2d1b-fa5f-4f756158fc5e','Direct Outward Dial (DOD) _Install','2012-03-30 07:32:59','2012-04-03 18:50:25','2bf53c62-efbb-f811-41f8-4f3d64001d45','1',NULL,1,NULL,'xxx',NULL,'Voice','Recurring','10.000000',NULL,'10.000000',NULL,NULL,'Each'),('377c52a6-63da-5d42-a352-4f75613adca9','Inbound Toll Free Number Install','2012-03-30 07:34:17','2012-04-03 21:48:34','2bf53c62-efbb-f811-41f8-4f3d64001d45','1',NULL,1,NULL,'xxx',NULL,'Voice','Recurring','20.000000',NULL,'20.000000',NULL,NULL,'Each'),('ca65032c-728d-3598-7c65-4f75620a1f1d','Vanity Toll Free Number Install','2012-03-30 07:35:24','2012-04-03 21:50:29','2bf53c62-efbb-f811-41f8-4f3d64001d45','1',NULL,1,NULL,'xxx',NULL,'Voice','Recurring','50.000000',NULL,'50.000000',NULL,NULL,'Each'),('5628a449-73c7-8c1d-3cfb-4f75623ceeb2','REMOVE Direct Inward Dial (DID) ','2012-03-30 07:36:56','2012-04-03 21:49:37','2bf53c62-efbb-f811-41f8-4f3d64001d45','1',NULL,1,NULL,'xxx',NULL,'Voice','Recurring','2.000000',NULL,'2.000000',NULL,NULL,'Each'),('cfae8eec-06ff-3921-13f0-4f7562bd1e4b','REMOVE Direct Outward Dial (DOD) ','2012-03-30 07:37:35','2012-04-03 21:49:50','2bf53c62-efbb-f811-41f8-4f3d64001d45','1',NULL,1,NULL,'xxx',NULL,'Voice','Recurring','10.000000',NULL,'10.000000',NULL,NULL,'Each'),('23913b37-2ac3-f801-b667-4f7563b1b7f0','REMOVE Inbound Toll Free Number ','2012-03-30 07:38:49','2012-04-03 21:49:43','2bf53c62-efbb-f811-41f8-4f3d64001d45','1',NULL,1,NULL,'xxx',NULL,'Voice','Recurring','20.000000',NULL,'20.000000',NULL,NULL,'Each'),('62ffc6bc-bbd2-f45c-e373-4f7563218e80','REMOVE Vanity Toll Free Number ','2012-03-30 07:39:29','2012-04-03 21:50:22','2bf53c62-efbb-f811-41f8-4f3d64001d45','1',NULL,1,NULL,'xxx',NULL,'Voice','Recurring','20.000000',NULL,'20.000000',NULL,NULL,'Each'),('bfd14048-3d2b-d441-0eb9-4f7563a8cf81','SIP Trunk ','2012-03-30 07:40:33','2012-06-22 11:12:02','1','1','SIP Trunk ',0,NULL,'VO02500',NULL,'Voice','Recurring','15.000000',NULL,'15.000000',NULL,NULL,'Each'),('8b59752f-6ca3-aedf-bfb5-4f75634f7bfb','SIP Trunk Install','2012-03-30 07:41:06','2012-04-03 21:49:00','2bf53c62-efbb-f811-41f8-4f3d64001d45','1',NULL,1,NULL,'xxx',NULL,'Voice','Recurring','25.000000',NULL,'25.000000',NULL,NULL,'Each'),('6a48a83f-9673-3c3b-e3f0-4f75636ab84a','REMOVE SIP Trunk ','2012-03-30 07:42:00','2012-04-03 21:49:11','2bf53c62-efbb-f811-41f8-4f3d64001d45','1',NULL,1,NULL,'xxx',NULL,'Voice','Recurring','25.000000',NULL,'25.000000',NULL,NULL,'Each'),('b813fef4-433c-d696-a91c-4f756436f8f8','Per Minute ','2012-03-30 07:43:09','2012-04-03 21:57:43','2bf53c62-efbb-f811-41f8-4f3d64001d45','1',NULL,1,NULL,'xxx',NULL,'Voice','Recurring','0.050000',NULL,'0.050000',NULL,NULL,'Minutes'),('84c1634d-73a2-e4b5-02af-4f7564c75325','Unlimited Minutes for one extension ','2012-03-30 07:44:43','2012-04-03 21:58:13','2bf53c62-efbb-f811-41f8-4f3d64001d45','1',NULL,1,NULL,'xxx',NULL,'Voice','Recurring','40.000000',NULL,'40.000000',NULL,NULL,'Minutes'),('1e946297-dfe0-3fce-3fc2-4f7566ba4a0d','Unlimited Minutes per extension','2012-03-30 07:53:41','2012-06-22 11:03:31','1','1','Unlimited Minutes per extension',0,NULL,'VO00400',NULL,'Voice','Recurring','40.000000',NULL,'40.000000',NULL,NULL,'Minutes'),('6473923a-366d-15da-bbee-4f75663e0207','Minutes Install','2012-03-30 07:54:46','2012-04-03 22:11:18','2bf53c62-efbb-f811-41f8-4f3d64001d45','1',NULL,1,NULL,'xxx',NULL,'Voice','Recurring','0.000000',NULL,'0.000000',NULL,NULL,'Minutes'),('e491f481-d59c-fc6e-c5ac-4f756695e97b','Custom minute block Install ','2012-03-30 07:55:33','2012-04-03 21:50:04','2bf53c62-efbb-f811-41f8-4f3d64001d45','1',NULL,1,NULL,'xxx',NULL,'Voice','Recurring','100.000000',NULL,'100.000000',NULL,NULL,'Minutes'),('df77d48b-05e5-1f43-9e24-4f756a73dccf','Unlimited Minutes Install ','2012-03-30 08:11:17','2012-04-03 21:49:57','2bf53c62-efbb-f811-41f8-4f3d64001d45','1',NULL,1,NULL,'xxx',NULL,'Voice','Recurring','100.000000',NULL,'100.000000',NULL,NULL,'Minutes'),('b09959df-d4a7-147e-9b06-4f756ab77636','Unlimited Enhanced Extension ','2012-03-30 08:12:22','2012-04-03 22:13:04','2bf53c62-efbb-f811-41f8-4f3d64001d45','1',NULL,1,NULL,'xxx',NULL,'Voice','Recurring','60.000000',NULL,'60.000000',NULL,NULL,'Each'),('30b4518e-ad10-a7f4-87b3-4f756bdca368','Standard Extension ','2012-03-30 08:14:30','2012-06-22 11:02:52','1','1','Standard Extension ',0,NULL,'VO00200',NULL,'Voice','Recurring','35.000000',NULL,'35.000000',NULL,NULL,'Each'),('55555b14-e436-42b5-d399-4f756b9c45ba','Unlimited Standard Extension ','2012-03-30 08:16:17','2012-04-03 22:13:15','2bf53c62-efbb-f811-41f8-4f3d64001d45','1',NULL,1,NULL,'xxx',NULL,'Voice','Recurring','40.000000',NULL,'40.000000',NULL,NULL,'Each'),('84c4b381-f6d9-d162-255a-4f756cc84e01','Clone Extension ','2012-03-30 08:17:20','2012-06-22 11:03:12','1','1','Clone Extension ',0,NULL,'VO00300',NULL,'Voice','Recurring','15.000000',NULL,'15.000000',NULL,NULL,'Each'),('4d30d993-f4a3-b705-54ce-4f756c7932e2','Unlimited Clone Extension ','2012-03-30 08:18:24','2012-04-03 22:14:49','2bf53c62-efbb-f811-41f8-4f3d64001d45','1',NULL,1,NULL,'xxx',NULL,'Voice','Recurring','40.000000',NULL,'40.000000',NULL,NULL,'Each'),('71c9d3ef-d65e-c472-1951-4f756c732ab1','Enhanced Extension Install ','2012-03-30 08:19:15','2012-04-03 21:50:37','2bf53c62-efbb-f811-41f8-4f3d64001d45','1',NULL,1,NULL,'xxx',NULL,'Voice','Recurring','25.000000',NULL,'25.000000',NULL,NULL,'Each'),('a5a309c8-8279-4542-9541-4f756cf333b0','Unlimited Enhanced Extension Install ','2012-03-30 08:20:01','2012-04-03 21:50:11','2bf53c62-efbb-f811-41f8-4f3d64001d45','1',NULL,1,NULL,'xxx',NULL,'Voice','Recurring','25.000000',NULL,'25.000000',NULL,NULL,'Each'),('d172552b-df8c-7078-a115-4f756c83d553','Standard Extension Install ','2012-03-30 08:20:41','2012-04-03 21:50:58','2bf53c62-efbb-f811-41f8-4f3d64001d45','1',NULL,1,NULL,'xxx',NULL,'Voice','Recurring','25.000000',NULL,'25.000000',NULL,NULL,'Each'),('8f9b167e-e7de-b015-6162-4f756d7ce585','Unlimited Standard Extension Install ','2012-03-30 08:21:39','2012-04-03 21:51:12','2bf53c62-efbb-f811-41f8-4f3d64001d45','1',NULL,1,NULL,'xxx',NULL,'Voice','Recurring','25.000000',NULL,'25.000000',NULL,NULL,'Each'),('6f979d33-0c91-22f4-7d60-4f756d71b960','Clone Extension Install ','2012-03-30 08:22:33','2012-04-03 21:51:04','2bf53c62-efbb-f811-41f8-4f3d64001d45','1',NULL,1,NULL,'xxx',NULL,'Voice','Recurring','5.000000',NULL,'5.000000',NULL,NULL,'Each'),('1d2a7671-b61f-77ff-3ab8-4f756db5b690','Unlimited Clone Extension Install ','2012-03-30 08:23:33','2012-04-03 21:51:22','2bf53c62-efbb-f811-41f8-4f3d64001d45','1',NULL,1,NULL,'xxx',NULL,'Voice','Recurring','25.000000',NULL,'25.000000',NULL,NULL,'Each'),('8084ccda-0767-af6b-24e8-4f756d970c0a','REMOVE Enhanced Extension ','2012-03-30 08:24:58','2012-06-22 10:56:37','1','1','REMOVE Enhanced Extension ',0,NULL,'RE00100',NULL,'Removes','NonRecurring','25.000000',NULL,'25.000000',NULL,NULL,'Each'),('85cf682c-0a5e-c39f-5f34-4f756e5ecdb4','REMOVE Standard Extension ','2012-03-30 08:25:39','2012-06-22 10:57:02','1','1','REMOVE Standard Extension ',0,NULL,'RE00200',NULL,'Removes','NonRecurring','25.000000',NULL,'25.000000',NULL,NULL,'Each'),('8da952fb-b646-306d-4ac3-4f756ee6b964','REMOVE Clone Extension ','2012-03-30 08:26:58','2012-06-22 10:57:27','1','1','REMOVE Clone Extension ',0,NULL,'RE00300',NULL,'Removes','NonRecurring','5.000000',NULL,'5.000000',NULL,NULL,'Each'),('9a3ba35f-a29f-4173-56b0-4f756e95fb7b','Basic Automated Attendant ','2012-03-30 08:28:42','2012-06-22 11:08:38','1','1','Basic Automated Attendant ',0,NULL,'VO01400',NULL,'Voice','Recurring','45.000000',NULL,'45.000000',NULL,NULL,'Each'),('521f7d32-3b3d-0c39-8638-4f756f041714','Conference Bridge ','2012-03-30 08:30:29','2012-06-22 11:08:13','1','1','Conference Bridge ',0,NULL,'VO01500',NULL,'Voice','Recurring','25.000000',NULL,'25.000000',NULL,NULL,'Each'),('16855674-6dc2-7b2f-2ce7-4f756fc318f2','Hunt Group ','2012-03-30 08:31:38','2012-06-22 11:10:22','1','1','Hunt Group ',0,NULL,'VO02000',NULL,'Voice','Recurring','25.000000',NULL,'25.000000',NULL,NULL,'Each'),('e34ebf32-517b-5db6-66db-4f756f54df72','Hunt Group Phones ','2012-03-30 08:32:26','2012-06-22 11:10:40','1','1','Hunt Group Phones ',0,NULL,'VO02100',NULL,'Voice','Recurring','15.000000',NULL,'15.000000',NULL,NULL,'Each'),('921484ef-a6d5-0d4c-50d1-4f756f81d290','Unlimited Hunt Group Phones ','2012-03-30 08:33:44','2012-04-03 22:14:40','2bf53c62-efbb-f811-41f8-4f3d64001d45','1',NULL,1,NULL,'xxx',NULL,'Voice','Recurring','25.000000',NULL,'25.000000',NULL,NULL,'Each'),('42b6d220-5c09-ec14-6b4b-4f7570e995fe','Call Parking','2012-03-30 08:34:52','2012-06-22 11:11:17','1','1','Call Parking',0,NULL,'VO02300',NULL,'Voice','Recurring','20.000000',NULL,'20.000000',NULL,NULL,'Each'),('855829a0-59f4-a108-ac3d-4f7570fc21d6','Basic Automated Attendant Install ','2012-03-30 08:35:39','2012-04-03 21:58:29','2bf53c62-efbb-f811-41f8-4f3d64001d45','1',NULL,1,NULL,'xxx',NULL,'Voice','Recurring','75.000000',NULL,'75.000000',NULL,NULL,'Each'),('40da613f-0ee8-0b2c-ca9e-4f7570d1efa6','Conference Bridge Install ','2012-03-30 08:36:27','2012-04-03 22:04:25','2bf53c62-efbb-f811-41f8-4f3d64001d45','1',NULL,1,NULL,'xxx',NULL,'Voice','Recurring','50.000000',NULL,'50.000000',NULL,NULL,'Each'),('ab32d278-9060-b80f-f0de-4f757003f32a','Hunt Group Install ','2012-03-30 08:37:15','2012-04-03 22:04:32','2bf53c62-efbb-f811-41f8-4f3d64001d45','1',NULL,1,NULL,'xxx',NULL,'Voice','Recurring','50.000000',NULL,'50.000000',NULL,NULL,'Each'),('3d728743-62c5-b121-cb0d-4f7570350fe0','Hunt Group Phones Install ','2012-03-30 08:38:09','2012-04-03 21:58:44','2bf53c62-efbb-f811-41f8-4f3d64001d45','1',NULL,1,NULL,'xxx',NULL,'Voice','Recurring','25.000000',NULL,'25.000000',NULL,NULL,'Each'),('cd6e6f2a-8553-7758-3428-4f75716335d4','Unlimited Hunt Group Phones Install ','2012-03-30 08:38:44','2012-04-03 21:58:50','2bf53c62-efbb-f811-41f8-4f3d64001d45','1',NULL,1,NULL,'xxx',NULL,'Voice','Recurring','25.000000',NULL,'25.000000',NULL,NULL,'Each'),('14cdebba-076a-33c0-799f-4f757102516b','Call Queue Install ','2012-03-30 08:39:22','2012-04-03 21:58:55','2bf53c62-efbb-f811-41f8-4f3d64001d45','1',NULL,1,NULL,'xxx',NULL,'Voice','Recurring','50.000000',NULL,'50.000000',NULL,NULL,'Each'),('77e7cef4-e03f-2c79-9e98-4f75715e3169','REMOVE Automated Attendant ','2012-03-30 08:39:54','2012-06-22 10:58:03','1','1','REMOVE Automated Attendant ',0,NULL,'RE00400',NULL,'Removes','NonRecurring','75.000000',NULL,'75.000000',NULL,NULL,'Each'),('d7472556-dd2f-9ee8-3881-4f75712081fe','REMOVE Conference Bridge ','2012-03-30 08:40:36','2012-06-22 10:58:24','1','1','REMOVE Conference Bridge ',0,NULL,'RE00500',NULL,'Removes','NonRecurring','50.000000',NULL,'50.000000',NULL,NULL,'Each'),('6d6ba743-7c58-0e4b-1c46-4f7571a459dd','REMOVE Hunt Group ','2012-03-30 08:41:19','2012-06-22 10:58:44','1','1','REMOVE Hunt Group ',0,NULL,'RE00600',NULL,'Removes','NonRecurring','50.000000',NULL,'50.000000',NULL,NULL,'Each'),('1abaa724-1ce2-5db5-6715-4f757152bad9','REMOVE Hunt Group Phone ','2012-03-30 08:42:13','2012-06-22 10:59:05','1','1','REMOVE Hunt Group Phone ',0,NULL,'RE00700',NULL,'Removes','NonRecurring','25.000000',NULL,'25.000000',NULL,NULL,'Each'),('3cb2eeb7-8419-f244-7fc2-4f7572c132f3','REMOVE Call Queue ','2012-03-30 08:43:06','2012-06-22 10:59:24','1','1','REMOVE Call Queue ',0,NULL,'RE00800',NULL,'Removes','NonRecurring','50.000000',NULL,'50.000000',NULL,NULL,'Each'),('c1ab7b16-5bd4-6a72-f8a7-4f75725956f9','Call Center Agent ','2012-03-30 08:44:11','2012-06-22 11:10:04','1','1','Call Center Agent ',0,NULL,'VO01900',NULL,'Voice','Recurring','5.000000',NULL,'5.000000',NULL,NULL,'Each'),('1c6b2a64-b961-574e-985f-4f757240bb33','Call Center Statistics ','2012-03-30 08:44:53','2012-06-22 11:09:22','1','1','Call Center Statistics ',0,NULL,'VO01700',NULL,'Voice','Recurring','150.000000',NULL,'150.000000',NULL,NULL,'Each'),('a2f3f869-d74f-eea5-cc84-4f757f2930ae','Call Center Agent Install ','2012-03-30 09:39:13','2012-04-03 22:01:31','2bf53c62-efbb-f811-41f8-4f3d64001d45','1',NULL,1,NULL,'xxx',NULL,'Voice','Recurring','5.000000',NULL,'5.000000',NULL,NULL,'Each'),('7b1217ac-9220-bd91-33cc-4f757f527de5','Call Center Statistics Install ','2012-03-30 09:40:11','2012-04-03 22:01:38','2bf53c62-efbb-f811-41f8-4f3d64001d45','1',NULL,1,NULL,'xxx',NULL,'Voice','Recurring','50.000000',NULL,'50.000000',NULL,NULL,'Each'),('195a8cae-bfcf-8bc1-2e82-4f757f21c81a','REMOVE Call Center Agent ','2012-03-30 09:40:50','2012-06-22 10:59:44','1','1','REMOVE Call Center Agent ',0,NULL,'RE00900',NULL,'Removes','NonRecurring','5.000000',NULL,'5.000000',NULL,NULL,'Each'),('361909b8-ac00-6899-9914-4f757f4468a7','REMOVE Call Center Statistics ','2012-03-30 09:41:27','2012-06-22 11:00:03','1','1','REMOVE Call Center Statistics ',0,NULL,'RE01000',NULL,'Removes','NonRecurring','50.000000',NULL,'50.000000',NULL,NULL,'Each'),('ccc7f853-60ee-ef68-4549-4f757f4a5d2f','Call Monitoring','2012-03-30 09:42:04','2012-04-11 23:01:00','b13a4520-fde1-596b-17d8-4f74c7865de6','1',NULL,1,NULL,'xxx',NULL,'Voice','Recurring','15.000000',NULL,'15.000000',NULL,NULL,'Each'),('4f694772-b323-a589-df66-4f7580c3dbdc','Call Recording per extension ','2012-03-30 09:42:41','2012-06-22 11:10:58','1','1','Call Recording per extension ',0,NULL,'VO02200',NULL,'Voice','Recurring','45.000000',NULL,'45.000000',NULL,NULL,'Each'),('78c40016-bf9c-6315-d9e1-4f7580cb562c','System Wide Intercom','2012-03-30 09:44:48','2012-06-22 11:11:40','1','1','System Wide Intercom',0,NULL,'VO02400',NULL,'Voice','Recurring','30.000000',NULL,'30.000000',NULL,NULL,'Each'),('ef634638-c9d8-6193-56cc-4f758088e8f4','Call Monitoring Install ','2012-03-30 09:45:24','2012-04-03 22:02:28','2bf53c62-efbb-f811-41f8-4f3d64001d45','1',NULL,1,NULL,'xxx',NULL,'Voice','Recurring','50.000000',NULL,'50.000000',NULL,NULL,'Each'),('6e4cdfe4-d1a3-ad4a-f554-4f758062aad1','Call Recording per extension Install ','2012-03-30 09:45:58','2012-04-03 22:02:34','2bf53c62-efbb-f811-41f8-4f3d64001d45','1',NULL,1,NULL,'xxx',NULL,'Voice','Recurring','25.000000',NULL,'25.000000',NULL,NULL,'Each'),('23696aae-9713-9777-0481-4f7580aa2227','Whisper Feature Install ','2012-03-30 09:46:36','2012-04-03 22:02:22','2bf53c62-efbb-f811-41f8-4f3d64001d45','1',NULL,1,NULL,'xxx',NULL,'Voice','Recurring','100.000000',NULL,'100.000000',NULL,NULL,'Each'),('5960419b-c9d2-dc5f-25ac-4f7581882d91','REMOVE Call Monitoring ','2012-03-30 09:47:45','2012-06-22 11:00:22','1','1','REMOVE Call Monitoring ',0,NULL,'RE01100',NULL,'Removes','NonRecurring','50.000000',NULL,'50.000000',NULL,NULL,'Each'),('3361fd13-c82a-60d3-943b-4f75817ef798','REMOVE Call Recording ','2012-03-30 09:48:17','2012-06-22 11:00:48','1','1','REMOVE Call Recording ',0,NULL,'RE01200',NULL,'Removes','NonRecurring','25.000000',NULL,'25.000000',NULL,NULL,'Each'),('e024a2d5-f164-b3f2-05a0-4f75816d7872','REMOVE Whisper Feature ','2012-03-30 09:48:55','2012-06-22 11:01:14','1','1','REMOVE Whisper Feature ',0,NULL,'RE01300',NULL,'Removes','NonRecurring','100.000000',NULL,'100.000000',NULL,NULL,'Each'),('85f958cd-0a46-31d8-7179-4f7581e13bd8','Phone rental ','2012-03-30 09:49:36','2012-04-03 22:03:41','2bf53c62-efbb-f811-41f8-4f3d64001d45','1',NULL,1,NULL,'xxx',NULL,'Voice','Recurring','15.000000',NULL,'15.000000',NULL,NULL,'Each'),('8f28ae48-3b2f-9a79-d233-4f7581c4beb2','Phone Rental Install ','2012-03-30 09:50:33','2012-04-03 22:02:41','2bf53c62-efbb-f811-41f8-4f3d64001d45','1',NULL,1,NULL,'xxx',NULL,'Voice','Recurring','0.000000',NULL,'0.000000',NULL,NULL,'Each'),('57228a05-e6ae-7ba1-bce1-4f75827f6ff0','REMOVE Phone Rental ','2012-03-30 09:51:16','2012-04-03 22:03:34','2bf53c62-efbb-f811-41f8-4f3d64001d45','1',NULL,1,NULL,'xxx',NULL,'Voice','Recurring','25.000000',NULL,'25.000000',NULL,NULL,'Each'),('6df1dbb0-3205-5bbf-1ae7-4f758202c7c6','Unlimited MyNLV Fax Service ','2012-03-30 09:51:54','2012-06-22 10:42:46','1','1','Unlimited MyNLV Fax Service ',0,NULL,'FA00100',NULL,'Fax','Recurring','45.000000',NULL,'45.000000',NULL,NULL,'Each'),('4108e8f7-314b-2841-7a7b-4f75828329bb','Unlimited MyNLV Fax install ','2012-03-30 09:52:29','2012-04-03 22:06:34','2bf53c62-efbb-f811-41f8-4f3d64001d45','1',NULL,1,NULL,'xxx',NULL,'Fax','Recurring','30.000000',NULL,'30.000000',NULL,NULL,'Each'),('ee420407-3f08-b031-2054-4f7582668867','REMOVE Unlimited MyNLV Fax ','2012-03-30 09:53:10','2012-06-22 11:01:41','1','1','REMOVE Unlimited MyNLV Fax ',0,NULL,'RE01400',NULL,'Removes','NonRecurring','30.000000',NULL,'30.000000',NULL,NULL,'Each'),('1a03c20b-9c81-1b19-1261-4f75822ac1c0','Closed Cabinet Space ','2012-03-30 09:53:58','2012-06-22 10:30:25','1','1','Closed Cabinet Space ',0,NULL,'CO00100',NULL,'Colo','Recurring','10.000000',NULL,'10.000000',NULL,NULL,'Each'),('a820793d-adfa-0fd6-5bb3-4f75831faff1','Full Cabinet ','2012-03-30 09:55:24','2012-06-22 10:34:50','1','1','Full Cabinet ',0,NULL,'CO00300',NULL,'Colo','Recurring','0.000000',NULL,'0.000000',NULL,NULL,'Each'),('781c0e06-2c01-5aca-de51-4f7583a9a46f','Half Cabinet ','2012-03-30 09:56:11','2012-06-22 10:32:56','1','1','Half Cabinet',0,NULL,'CO00200',NULL,'Colo','Recurring','500.000000',NULL,'500.000000',NULL,NULL,'Each'),('f02db2a8-85c5-b75d-1c60-4f7583d63110','Tier 1 Rack Space per RU ','2012-03-30 09:57:50','2012-06-22 10:35:42','1','1','Tier 1 Rack Space per RU ',0,NULL,'CO00400',NULL,'Colo','Recurring','20.000000',NULL,'20.000000',NULL,NULL,'Each'),('728301c0-3fb6-50db-2430-4f7583c07800','Colo-Space Service: Last Months Deposit ','2012-03-30 09:59:00','2012-04-03 22:08:12','2bf53c62-efbb-f811-41f8-4f3d64001d45','1',NULL,1,NULL,'xxx',NULL,'Colo','Recurring','99999.000000',NULL,'99999.000000',NULL,NULL,'Each'),('f399ca86-222a-6ed9-e196-4f7584e4f239','Meshed Doors Install ','2012-03-30 09:59:51','2012-04-03 22:07:54','2bf53c62-efbb-f811-41f8-4f3d64001d45','1',NULL,1,NULL,'xxx',NULL,'Colo','Recurring','500.000000',NULL,'500.000000',NULL,NULL,'Each'),('bdb11443-5763-4f79-0c4a-4f7584b91046','Colo Cabinet Install ','2012-03-30 10:00:33','2012-04-03 22:08:18','2bf53c62-efbb-f811-41f8-4f3d64001d45','1',NULL,1,NULL,'xxx',NULL,'Colo','Recurring','1000.000000',NULL,'1000.000000',NULL,NULL,'Each'),('aad7ffcd-ba53-0e60-3f1d-4f7584cec8f9','120V Conditioned AC Power ','2012-03-30 10:01:22','2012-06-22 10:39:59','1','1','120V Conditioned AC Power ',0,NULL,'CO01200',NULL,'Colo','Recurring','0.000000',NULL,'0.000000',NULL,NULL,'Amps'),('d3504c70-3418-1f77-7f70-4f758448f89d','Colo-Power Service: Last Months Deposit ','2012-03-30 10:02:49','2012-06-22 10:39:35','1','1','Colo-Power Service: Last Months Deposit ',0,NULL,'CO01100',NULL,'Colo','Recurring','99999.000000',NULL,'99999.000000',NULL,NULL,'Each'),('3aa7f4f2-be1d-6561-8582-4f7585ec480a','120V Conditioned AC Power Install','2012-03-30 10:03:52','2012-04-03 22:08:01','2bf53c62-efbb-f811-41f8-4f3d64001d45','1',NULL,1,NULL,'xxx',NULL,'Colo','Recurring','500.000000',NULL,'500.000000',NULL,NULL,'Amps'),('63be710f-3162-a9f0-a313-4f7585ec885f','280V Conditioned AC Power Install','2012-03-30 10:04:49','2012-04-03 22:09:05','2bf53c62-efbb-f811-41f8-4f3d64001d45','1',NULL,1,NULL,'xxx',NULL,'Colo','Recurring','500.000000',NULL,'500.000000',NULL,NULL,'Each'),('2203fe13-41b2-4d34-9640-4f7585670725','Colo Port Fee ','2012-03-30 10:05:33','2012-06-22 10:40:45','1','1','Colo Port Fee ',0,NULL,'CO01400',NULL,'Colo','Recurring','400.000000',NULL,'400.000000',NULL,NULL,'Each'),('76e80d0e-8794-ab8e-8d58-4f7585a32262','Colo Per Kbps ','2012-03-30 10:06:17','2012-06-22 10:41:09','1','1','Colo Per Kbps ',0,NULL,'CO01500',NULL,'Colo','Recurring','0.700000',NULL,'0.700000',NULL,NULL,'Kbps'),('c8fc8426-59b3-47f7-9a3c-4f75850b8b00','Committed Internet Bandwidth (Kbps)','2012-03-30 10:07:15','2012-06-22 10:36:10','1','1','Committed Internet Bandwidth (Kbps)',0,NULL,'CO00500',NULL,'Colo','Recurring','0.000000',NULL,'0.000000',NULL,NULL,'Kbps'),('9eb28251-3a8d-0c81-3d6f-4f7586e23abc','Committed Internet Bandwidth (Mbps)','2012-03-30 10:08:17','2012-06-22 10:36:36','1','1','Committed Internet Bandwidth (Mbps)',0,NULL,'CO00600',NULL,'Colo','Recurring','0.000000',NULL,'0.000000',NULL,NULL,'Mbps'),('e10c2344-bf20-2010-aa4a-4f7586f6cebd','Committed Internet Bandwidth Install ','2012-03-30 10:09:59','2012-04-03 22:08:31','2bf53c62-efbb-f811-41f8-4f3d64001d45','1',NULL,1,NULL,'xxx',NULL,'Colo','Recurring','7950.000000',NULL,'7950.000000',NULL,NULL,'Each'),('394acc06-bbf0-8c1f-1cd0-4f7586a3bd36','T-1 Cross Connect ','2012-03-30 10:10:48','2012-06-22 10:42:23','1','1','T-1 Cross Connect ',0,NULL,'CO01800',NULL,'Colo','Recurring','175.000000',NULL,'175.000000',NULL,NULL,'Each'),('35975fff-782c-4d0f-8a67-4f7587479c16','FE (100Mb) Internet Uplink - Primary ','2012-03-30 10:12:17','2012-06-22 10:37:21','1','1','FE (100Mb) Internet Uplink - Primary ',0,NULL,'CO00700',NULL,'Colo','Recurring','175.000000',NULL,'175.000000',NULL,NULL,'Each'),('6eaf8fc6-9626-d23c-878b-4f75872c5e24','FE (100Mb) Internet Uplink - Secondary','2012-03-30 10:13:22','2012-06-22 10:37:44','1','1','FE (100Mb) Internet Uplink - Secondary',0,NULL,'CO00800',NULL,'Colo','Recurring','175.000000',NULL,'175.000000',NULL,NULL,'Each'),('bf14b76f-86f6-7e7b-5d77-4f7587e63a2a','GigE (1000Mb) Internet Uplink - Primary ','2012-03-30 10:15:19','2012-06-22 10:38:17','1','1','GigE (1000Mb) Internet Uplink - Primary ',0,NULL,'CO00900',NULL,'Colo','Recurring','250.000000',NULL,'250.000000',NULL,NULL,'Each'),('8c5935eb-74f2-f6e1-58fe-4f75870a4a82','GigE (1000Mb) Internet Uplink - Secondary','2012-03-30 10:16:20','2012-06-22 10:39:14','1','1','GigE (1000Mb) Internet Uplink - Secondary',0,NULL,'CO01000',NULL,'Colo','Recurring','250.000000',NULL,'250.000000',NULL,NULL,'Each'),('22410041-e0ed-fa9c-7818-4f75887e8b05','Fiber ','2012-03-30 10:17:00','2012-06-22 10:41:38','1','1','Fiber ',0,NULL,'CO01600',NULL,'Colo','Recurring','250.000000',NULL,'250.000000',NULL,NULL,'Each'),('3a286901-f2d4-cf53-311f-4f7588af1734','DS-3 ','2012-03-30 10:17:35','2012-06-22 10:42:00','1','1','DS-3 ',0,NULL,'CO01700',NULL,'Colo','Recurring','250.000000',NULL,'250.000000',NULL,NULL,'Each'),('6e72bd6c-6255-fe35-5c74-4f7588a1725f','POTS ','2012-03-30 10:18:24','2012-06-22 11:12:22','1','1','POTS ',0,NULL,'VO02600',NULL,'Voice','Recurring','75.000000',NULL,'75.000000',NULL,NULL,'Each'),('8cd80eaf-b695-965d-14b7-4f7588917c5e','Colo-Xconnect Service: Last Months Deposit ','2012-03-30 10:19:22','2012-04-03 22:08:54','2bf53c62-efbb-f811-41f8-4f3d64001d45','1',NULL,1,NULL,'xxx',NULL,'Colo','Recurring','99999.000000',NULL,'99999.000000',NULL,NULL,'Each'),('92cf2943-6c7c-0370-6ff3-4f758873d863','T-1 Cross Connect Install ','2012-03-30 10:20:04','2012-04-03 22:09:21','2bf53c62-efbb-f811-41f8-4f3d64001d45','1',NULL,1,NULL,'xxx',NULL,'Colo','Recurring','500.000000',NULL,'500.000000',NULL,NULL,'Each'),('e4e54fa9-27c3-62b8-7f8c-4f75898802aa','FE(100Mb)  Internet Uplink - Primary Install ','2012-03-30 10:21:18','2012-04-03 22:09:15','2bf53c62-efbb-f811-41f8-4f3d64001d45','1',NULL,1,NULL,'xxx',NULL,'Colo','Recurring','500.000000',NULL,'500.000000',NULL,NULL,'Each'),('754126e7-9bd6-029d-33be-4f75890f0319','FE (100 Mb) Internet Uplink - Secondary Install ','2012-03-30 10:22:36','2012-04-03 22:09:28','2bf53c62-efbb-f811-41f8-4f3d64001d45','1',NULL,1,NULL,'xxx',NULL,'Colo','Recurring','500.000000',NULL,'500.000000',NULL,NULL,'Each'),('2a4a0248-287f-b84f-e388-4f75896fec3a','GigE(1000Mb) Internet Uplink - Primary Install ','2012-03-30 10:23:44','2012-04-03 22:09:33','2bf53c62-efbb-f811-41f8-4f3d64001d45','1',NULL,1,NULL,'xxx',NULL,'Colo','Recurring','500.000000',NULL,'500.000000',NULL,NULL,'Each'),('913c74be-e9b5-315c-921f-4f7589d23d2e','GigE (1000Mb) Internet Uplink - Secondary Install ','2012-03-30 10:24:36','2012-04-03 22:09:59','2bf53c62-efbb-f811-41f8-4f3d64001d45','1',NULL,1,NULL,'xxx',NULL,'Colo','Recurring','500.000000',NULL,'500.000000',NULL,NULL,'Each'),('61787293-ce82-e985-5a1b-4f758a9f0195','Fiber Install','2012-03-30 10:25:26','2012-04-03 22:10:05','2bf53c62-efbb-f811-41f8-4f3d64001d45','1',NULL,1,NULL,'xxx',NULL,'Colo','Recurring','500.000000',NULL,'500.000000',NULL,NULL,'Each'),('1ff3ead6-c90c-71f6-74a9-4f758a4be5c5','DS-3 Install','2012-03-30 10:25:59','2012-04-03 22:10:13','2bf53c62-efbb-f811-41f8-4f3d64001d45','1',NULL,1,NULL,'xxx',NULL,'Colo','Recurring','500.000000',NULL,'500.000000',NULL,NULL,'Each'),('2d3e6c64-73ff-97c6-1d49-4f758a54be6e','POTS Install','2012-03-30 10:26:41','2012-04-03 22:10:19','2bf53c62-efbb-f811-41f8-4f3d64001d45','1',NULL,1,NULL,'xxx',NULL,'Colo','Recurring','250.000000',NULL,'250.000000',NULL,NULL,'Each'),('abf19cc6-b40a-efb5-ca25-4f758a7d86a2','Colo IP addresses (5 included)','2012-03-30 10:27:42','2012-06-26 21:03:25','1','1','usable addresses ',0,NULL,'CO01300',NULL,'Colo','Recurring','0.000000',NULL,'0.000000',NULL,NULL,'Each'),('726b95a1-3e60-4880-515e-4f758a445b16','Colo-IP-Service: Last Months Deposit ','2012-03-30 10:28:08','2012-04-03 22:10:33','2bf53c62-efbb-f811-41f8-4f3d64001d45','1',NULL,1,NULL,'xxx',NULL,'Colo','Recurring','99999.000000',NULL,'99999.000000',NULL,NULL,'Each'),('f360fe08-09d7-ebc8-0f4f-4f758afae212','usable addresses  Install','2012-03-30 10:28:59','2012-04-03 22:10:39','2bf53c62-efbb-f811-41f8-4f3d64001d45','1',NULL,1,NULL,'xxx',NULL,'Colo','Recurring','0.000000',NULL,'0.000000',NULL,NULL,'Each'),('81fa39f4-1600-5cd5-5a58-4f758bb8a269','Engineering Services ','2012-03-30 10:29:59','2012-06-22 10:54:27','1','1','Engineering Services ',0,NULL,'PR00200',NULL,'ProServices','NonRecurring','175.000000',NULL,'175.000000',NULL,NULL,'Each'),('19b42493-dbf3-c292-6672-4f758b1039ad','BGP Configuration & Monitoring ','2012-03-30 10:30:40','2012-06-22 10:54:52','1','1','BGP Configuration & Monitoring ',0,NULL,'PR00300',NULL,'ProServices','Recurring','175.000000',NULL,'175.000000',NULL,NULL,'Each'),('3ef2af98-dddf-18d2-1b0b-4f758b307bc6','Firewall Configuration per hour ','2012-03-30 10:31:18','2012-06-22 10:55:14','1','1','Firewall Configuration per hour ',0,NULL,'PR00400',NULL,'ProServices','Recurring','175.000000',NULL,'175.000000',NULL,NULL,'Each'),('6e5b2c45-bdd3-1071-19e3-4f758bf14563','HSRP Configuration ','2012-03-30 10:31:58','2012-06-22 10:55:37','1','1','HSRP Configuration ',0,NULL,'PR00500',NULL,'ProServices','Recurring','175.000000',NULL,'175.000000',NULL,NULL,'Each'),('de17c51b-91b6-d37a-7c57-4f758b4adcdf','Remote Hands (after hours) ','2012-03-30 10:32:30','2012-06-22 10:55:59','1','1','Remote Hands (after hours) ',0,NULL,'PR00600',NULL,'ProServices','Recurring','225.000000',NULL,'225.000000',NULL,NULL,'Each'),('9449a56d-cf9f-c6dd-de90-4f758b5279bb','Mail Spooling ','2012-03-30 10:33:14','2012-06-22 10:52:57','1','1','Mail Spooling ',0,NULL,'MI00400',NULL,'MiscServices','Recurring','25.000000',NULL,'25.000000',NULL,NULL,'Each'),('67610010-1dbd-67ff-ac0a-4f758c947fb1','Monitoring ','2012-03-30 10:33:55','2012-06-22 10:52:20','1','1','Monitoring ',0,NULL,'MI00300',NULL,'MiscServices','Recurring','25.000000',NULL,'25.000000',NULL,NULL,'Each'),('9d9d8153-58fe-2649-6fc5-4f758ccefcab','PDU Rental ','2012-03-30 10:34:35','2012-06-22 10:51:32','1','1','PDU Rental ',0,NULL,'MI00100',NULL,'MiscServices','Recurring','25.000000',NULL,'25.000000',NULL,NULL,'Each'),('8189216e-2254-fc08-d3f9-4f758cdf1e60','Router Rental ','2012-03-30 10:35:19','2012-06-22 10:51:54','1','1','Router Rental ',0,NULL,'MI00200',NULL,'MiscServices','Recurring','25.000000',NULL,'25.000000',NULL,NULL,'Each'),('706a1cf5-6880-7d5a-fdf6-4f758cdf78e8','CUSTOM LINE ITEM ','2012-03-30 10:36:04','2012-06-22 10:53:18','1','1','CUSTOM LINE ITEM ',0,NULL,'MI00500',NULL,'MiscServices','Recurring','0.000000',NULL,'0.000000',NULL,NULL,'Each'),('4ff746e3-1c13-044f-f013-4f758c044ed3','Late Payment ','2012-03-30 10:36:44','2012-06-25 22:01:23','1','1','Late Payment ',0,NULL,'PE00100',NULL,'Penalities','Recurring','25.000000',NULL,'25.000000',NULL,NULL,'Each'),('ceee1015-43b2-03c6-889e-4f758c811949','Tax Recovery & Fees ','2012-03-30 10:37:28','2012-06-22 11:02:02','1','1','Tax Recovery & Fees ',0,NULL,'TX00100',NULL,'Taxes','Recurring','0.000000',NULL,'0.000000',NULL,NULL,'Each'),('91a05d16-f0a1-ceb0-396d-4f8609eda5fd','Minute Block','2012-04-11 22:44:04','2012-06-25 22:32:14','1','b13a4520-fde1-596b-17d8-4f74c7865de6','Minute Block',0,NULL,'VO00400',NULL,'Voice','Recurring','0.000000',NULL,'0.000000',NULL,NULL,'Minutes'),('54427934-58e6-462c-ca2d-4fe40923be56','Included DOD','2012-06-22 06:00:09','2012-06-22 11:04:17','1','1','Included DOD',0,NULL,'VO00500',NULL,'Voice','Recurring','0.000000',NULL,'0.000000',NULL,NULL,'Each'),('b9a083f0-b1b3-0f6f-d6a2-4f860b1616eb','Call Center Hunt Group','2012-04-11 22:52:58','2012-06-22 11:09:41','1','b13a4520-fde1-596b-17d8-4f74c7865de6','Call Center Hunt Group',0,NULL,'VO01800',NULL,'Voice','Recurring','10.000000',NULL,'10.000000',NULL,NULL,'Each'),('2e6feaef-54d8-4998-60e6-4fe40a2cadbe','Included DID','2012-06-22 06:00:53','2012-06-22 11:05:03','1','1','Included DID',0,NULL,'VO00700',NULL,'Voice','Recurring','0.000000',NULL,'0.000000',NULL,NULL,'Each'),('1dc577f3-4e2e-8ff3-93e0-4f860cd3218b','Voice Broadcast','2012-04-11 22:57:59','2012-06-22 11:09:02','1','b13a4520-fde1-596b-17d8-4f74c7865de6','Voice Broadcast',0,NULL,'VO01600',NULL,'Voice','Recurring','15.000000',NULL,'15.000000',NULL,NULL,'Each'),('1541bc93-b4ce-3549-c414-4fe40a21d5dc','Unlimited Fax','2012-06-22 06:01:53','2012-06-22 11:06:39','1','1','Unlimited Fax',0,NULL,'VO01000',NULL,'Voice','Recurring','0.000000',NULL,'0.000000',NULL,NULL,'Each'),('364b06a4-be67-f21d-e348-4fe230863782','Included Clone Extension','2012-06-20 20:19:47','2012-06-22 11:12:42','1','1','Included Clone Extension',0,NULL,'VO90001',NULL,'Voice','Recurring','0.000000',NULL,'0.000000',NULL,NULL,'Each'),('5b676e71-0486-4989-b391-4fe182689127','Vehicles Model V1','2012-06-20 07:57:42','2012-06-22 11:20:00','1','1','Testing',1,NULL,'RAJ002','ABC12344','Removes','NonRecurring','500.000000',NULL,'500.000000','http://www.google.com',NULL,'Kbps'),('8f5eea08-49dc-3646-2f3c-4fd082951930','Vehicles Model V1','2012-06-07 10:28:40','2012-06-07 10:32:24','1','1','this is just a test creating product for tested purpose on Sugar',1,NULL,'RAJ002',NULL,'Internet','NonRecurring','500.000000',NULL,'500.000000',NULL,NULL,'Mbps'),('cc26707a-69e5-3aee-efc5-4fd088a04e39','Vehicles Model V1','2012-06-07 10:54:02','2012-06-07 10:54:43','1','1','This is just a test by rajan',1,NULL,'RAJ002',NULL,'Internet','NonRecurring','500.000000',NULL,'500.000000','http://www.google.com',NULL,'Kbps'),('11a8816a-e469-f08e-30b5-4fd088b57ee7','Vehicles Model V1','2012-06-07 10:54:11','2012-06-07 10:54:43','1','1','This is just a test by rajan',1,NULL,'RAJ002',NULL,'Internet','NonRecurring','500.000000',NULL,'500.000000','http://www.google.com',NULL,'Kbps'),('77cf787b-b5be-497f-23ba-4fd0899a8403','Vehicles Model V1','2012-06-07 11:00:04','2012-06-07 11:07:00','1','1','This is product integration testing',1,NULL,'RAJ002',NULL,'Internet','Recurring','500.000000',NULL,'500.000000','http://www.google.com',NULL,'Each'),('516cbfda-cdb2-f223-c9ea-4fd08b19194b','Vehicles Model V1','2012-06-07 11:08:19','2012-06-07 11:11:52','1','1','test product is on the mode.',1,NULL,'RAJ002',NULL,'Internet','Recurring','500.000000',NULL,'500.000000','http://www.google.com',NULL,'Mbps'),('da37190a-a884-d87a-2442-4fd08c9328db','Vehicles Model V1','2012-06-07 11:12:22','2012-06-07 11:26:25','1','1','testing...',1,NULL,'RAJ002',NULL,'Voice','Recurring','500.000000',NULL,'500.000000','http://www.google.com',NULL,'Mbps'),('9f548213-d218-1a0f-298c-4fd08e825ba7','Vehicles Model V1','2012-06-07 11:20:43','2012-06-07 11:26:25','1','1','testing...',1,NULL,'RAJ002',NULL,'Voice','Recurring','500.000000',NULL,'500.000000','http://www.google.com',NULL,'Mbps'),('80febb61-09dd-af9c-c0e8-4fd08e9b292d','Vehicles Model V1','2012-06-07 11:20:48','2012-06-07 11:26:25','1','1','testing...',1,NULL,'RAJ002',NULL,'Voice','Recurring','500.000000',NULL,'500.000000','http://www.google.com',NULL,'Mbps'),('becbcae0-2725-1ba2-1e80-4fd08f7fcabb','Vehicles Model V11','2012-06-07 11:23:57','2012-06-07 11:26:25','1','1','dasfgsgd',1,NULL,'RAJ002',NULL,'Internet','Recurring','500.000000',NULL,'500.000000','http://www.google.com',NULL,'Hours'),('88b8d699-71dc-39b1-f232-4fd090b3e2d3','Vehicles Model V1','2012-06-07 11:28:50','2012-06-07 11:31:26','1','1','Testing Product description',1,NULL,'RAJ002',NULL,'Voice','NonRecurring','500.000000',NULL,'500.000000','http://www.google.com',NULL,'Amps'),('4d1dd0e6-6cd7-2959-da2f-4fd0900c7c4f','Vehicles Model V1','2012-06-07 11:31:10','2012-06-07 16:15:34','2bf53c62-efbb-f811-41f8-4f3d64001d45','1','Testing Product description',1,NULL,'RAJ002',NULL,'Voice','NonRecurring','500.000000',NULL,'500.000000','http://www.google.com',NULL,'Amps'),('6e7aa191-47c7-5ee5-fd2b-4fd09684d565','Vehicles Model V2','2012-06-07 11:52:51','2012-06-07 11:56:19','1','1','This is second product creation call to jBilling',1,NULL,'RAJ003',NULL,'Internet','Recurring','500.000000',NULL,'500.000000','http://www.google.com',NULL,'Amps'),('51f443dc-2f82-124c-2d94-4fd09627e48a','Vehicles Model V2','2012-06-07 11:55:42','2012-06-07 11:56:19','1','1','This is second product creation call to jBilling',1,NULL,'RAJ003',NULL,'Internet','Recurring','500.000000',NULL,'500.000000','http://www.google.com',NULL,'Amps'),('a07a4f3f-6719-7ab0-c497-4fd0977b0e07','Vehicles Model V11','2012-06-07 11:56:54','2012-06-07 11:58:35','1','1','Products Integration testing',1,NULL,'RAJ003',NULL,'Internet','Recurring','500.000000',NULL,'500.000000','http://www.google.com',NULL,'Each'),('7242f8ad-a0ff-cb00-de88-4fd0972e3653','Vehicles Model V11','2012-06-07 12:00:52','2012-06-07 12:10:23','1','1','Testing',1,NULL,'RAJ003',NULL,'Internet','Recurring','500.000000',NULL,'500.000000','http://www.google.com',NULL,'Mbps'),('3dffa970-1643-ba0f-22ad-4fd099a15bb2','Vehicles Model V11','2012-06-07 12:06:19','2012-06-07 12:10:23','1','1','Testing',1,NULL,'RAJ003',NULL,'Internet','Recurring','500.000000',NULL,'500.000000','http://www.google.com',NULL,'Mbps'),('7bc7192e-2242-1ce3-9957-4fd09a39e2a1','Vehicles Model V11','2012-06-07 12:10:03','2012-06-07 12:10:23','1','1','Testing',1,NULL,'RAJ003',NULL,'Internet','Recurring','500.000000',NULL,'500.000000','http://www.google.com',NULL,'Mbps'),('eaf9da8f-5804-3983-20ff-4fd0d53ddd61','Test jBilling Integration','2012-06-07 16:23:09','2012-06-07 16:43:46','2bf53c62-efbb-f811-41f8-4f3d64001d45','2bf53c62-efbb-f811-41f8-4f3d64001d45','Product Description goes here',1,NULL,'0000000',NULL,'Voice','Recurring','10.000000',NULL,'100.000000',NULL,'bc2b8613-7800-d1d4-1f0e-4f2984fdcc27','Minutes'),('ad13d4de-4de8-0a01-ed7a-4fd19e7b2d4c','Vehicles Model V1 - updated','2012-06-08 06:39:47','2012-06-11 07:33:32','1','1','This is the test product by rajan',1,NULL,'RAJ002',NULL,'Internet','NonRecurring','500.000000',NULL,'500.000000','http://www.google.com',NULL,'Mbps'),('e0120045-6109-50ed-556f-4fd1a4186528','testtest','2012-06-08 07:06:47','2012-06-11 07:33:32','1','1','testtest',1,NULL,'testtest',NULL,'Voice','Recurring','123.000000',NULL,'246.000000',NULL,NULL,'Each'),('f17a0f37-260c-41e5-1aa7-4fd59f9dc944','Test Pro','2012-06-11 07:32:38','2012-06-11 07:33:32','1','1','test product in launch',1,NULL,'RAJ007','ABC12344','2','Recurring','500.000000',NULL,'500.000000','http://www.google.com',NULL,'Each'),('4bf68c7d-5215-dc8e-0ce4-4fd5a0040b23','Vehicles Model V1','2012-06-11 07:36:57','2012-06-11 07:42:33','1','1','Testing',1,NULL,'RAJ007','ABC12344','3','NonRecurring','500.000000',NULL,'500.000000','http://www.google.com',NULL,'Mbps'),('84019842-a2b2-3cd7-e329-4fd5a0c3f3ca','Vehicles Model V1','2012-06-11 07:40:35','2012-06-11 07:42:33','1','1','Testing',1,NULL,'RAJ007','ABC12344','3','NonRecurring','500.000000',NULL,'500.000000','http://www.google.com',NULL,'Mbps'),('819f4be8-f66a-592a-dccd-4fd5a017174b','Vehicles Model V1','2012-06-11 07:40:43','2012-06-11 07:42:33','1','1','Testing',1,NULL,'RAJ007','ABC12344','3','NonRecurring','500.000000',NULL,'500.000000','http://www.google.com',NULL,'Mbps'),('9915eb81-03d5-761c-6ece-4fd5a1a44bd4','Vehicles Model V1','2012-06-11 07:43:02','2012-06-11 07:56:52','1','1','Testing',1,NULL,'RAJ003','ABC12344','2','NonRecurring','500.000000',NULL,'500.000000','http://www.google.com',NULL,'Each'),('2f900885-217b-382a-3c75-4fd5a5411f7e','Vehicles Model V1','2012-06-11 07:58:32','2012-06-11 08:01:13','1','1','This is just a testing ',1,NULL,'RAJ002','ABC12344','7','Recurring','500.000000',NULL,'500.000000','http://www.google.com',NULL,'Each'),('3712f4c3-a14d-b9d3-c776-4fd5a603969d','Vehicles Model V1','2012-06-11 08:03:01','2012-06-18 11:36:29','1','1','Testing On the product ',1,NULL,'RAJ003','ABC12344','2','Recurring','500.000000',NULL,'500.000000','http://www.google.com',NULL,'Mbps'),('54300cc7-c095-ab2a-6fd8-4fd85f78dd95','Vehicles Model V007','2012-06-13 09:38:52','2012-06-18 11:36:29','1','1','test Product on flow',1,NULL,'RAJ007','ABC12344','2','Recurring','500.000000',NULL,'500.000000','http://www.google.com','d01375e7-5138-2fcd-a2fb-4fd739e17124','Amps'),('6a3473ea-b626-7542-86b0-4fd8606141ea','Vehicles Model V27','2012-06-13 09:42:53','2012-06-18 11:36:56','1','1','This is just a testing....',1,NULL,'RAJ0027','AB6F43','3','NonRecurring','500.000000',NULL,'500.000000','http://www.google.com','d01375e7-5138-2fcd-a2fb-4fd739e17124','Mbps'),('14985525-1e55-da77-8062-4fd86010cb7e','Vehicles Model V27','2012-06-13 09:43:45','2012-06-18 11:36:56','1','1','This is just a testing',1,NULL,'RAJ0027','AB6F43','2','NonRecurring','500.000000',NULL,'500.000000','http://www.google.com','efdf6c0b-12eb-b194-4933-4fd72d836f48','Mbps'),('bf9f50ce-7bc5-491a-6558-4fd86600ae51','Vehicles Model V28','2012-06-13 10:05:59','2012-06-19 17:20:00','1','1','This is Just a test product',1,NULL,'RAJ28','AB6F43','2','NonRecurring','500.000000',NULL,'500.000000','http://www.google.com','c4813da0-f8c5-75bc-2240-4fd72d916704','Hours'),('9bc9e8dc-aacc-cb26-d66e-4fdf08bdc04d','Vehicles Model V1','2012-06-18 10:54:38','2012-06-19 17:19:53','1','1','Testing....',1,NULL,'Test001','ABC12344','1','Recurring','500.000000',NULL,'500.000000','http://www.google.com',NULL,'Hours'),('c2cf8aef-dd95-99a1-7aa0-4fdf094da09f','Vehicles Model V11','2012-06-18 10:55:54','2012-06-18 11:36:56','1','1','Testing.....',1,NULL,'RAJ002','ABC12344','6','NonRecurring','500.000000',NULL,'500.000000','http://www.google.com',NULL,'Mbps'),('5e171ebb-6179-a4ee-5120-4fdf0e2c796e','Vehicles Model V1','2012-06-18 11:19:43','2012-06-18 11:36:56','1','1','Testing.....',1,NULL,'RAJ0027','ABC12344','5','Recurring','500.000000',NULL,'500.000000','http://www.google.com',NULL,'Kbps'),('45488fca-516e-9e26-f0e0-4fdf0f637740','Vehicles Model V27','2012-06-18 11:20:53','2012-06-18 11:36:29','1','1','Testing.....',1,NULL,'RAJ28','ABC12344','4','Recurring','500.000000',NULL,'500.000000','http://www.google.com',NULL,'Mbps'),('af2926a3-ca23-b101-3ad2-4fdf0f752c13','Vehicles Model V11','2012-06-18 11:21:41','2012-06-18 11:36:29','1','1','Testing......',1,NULL,'RAJ28','ABC12344','3','Recurring','500.000000',NULL,'500.000000','http://www.google.com',NULL,'Kbps'),('1f1c02a1-037a-e8bb-dce9-4fdf0fe6d614','Vehicles Model V98','2012-06-18 11:23:07','2012-06-18 11:36:29','1','1','Testing......',1,NULL,'RAJ98',NULL,'1','Recurring','500.000000',NULL,'500.000000','http://www.google.com',NULL,'Kbps'),('39494e99-298e-52ae-cbf5-4fdf10c0ba2e','Vehicles Model V99','2012-06-18 11:26:51','2012-06-18 11:36:29','1','1','Testing......',1,NULL,'RAJ99','ABC99','1','Recurring','500.000000',NULL,'500.000000','http://www.google.com',NULL,'Kbps'),('f2bc6f0b-83ac-52e3-e0f0-4fdf11b60271','Vehicles Model V97','2012-06-18 11:30:34','2012-06-18 11:36:29','1','1','Testing',1,NULL,'RAJ97','AB6F43','5','NonRecurring','500.000000',NULL,'500.000000','http://www.google.com',NULL,'Hours'),('8f72c314-097b-5f1f-c45a-4fdf119f0db6','Vehicles Model V97','2012-06-18 11:31:19','2012-06-18 11:36:29','1','1','Testing.....',1,NULL,'RAJ97','AB6F43','1','Recurring','500.000000',NULL,'500.000000','http://www.google.com',NULL,'Hours'),('571d14ca-9c72-00b3-211a-4fdf132a3823','Vehicles Model V96','2012-06-18 11:39:27','2012-06-18 11:46:09','1','1','Testing',1,NULL,'RAJ96','AB6F43','3','NonRecurring','500.000000',NULL,'500.000000','http://www.google.com',NULL,'Hours'),('f2d34d73-6d95-12be-21bd-4fdf136d92f1','Vehicles Model V32','2012-06-18 11:40:21','2012-06-18 11:46:09','1','1','Testing',1,NULL,'RAJ32','AB6F43','1','NonRecurring','500.000000',NULL,'500.000000','http://www.google.com',NULL,'Kbps'),('2b61cd93-a9d6-6c0d-6fd7-4fdf147a9ed0','Vehicles Model V33','2012-06-18 11:43:12','2012-06-19 17:19:47','1','1','Testing',1,NULL,'RAJ33','AB6F43','2','NonRecurring','500.000000',NULL,'500.000000','http://www.google.com',NULL,'Kbps'),('5150029b-6cbf-e1c4-96f5-4fe011f7ffd2','Vehicles Model V35','2012-06-19 05:45:25','2012-06-19 17:19:41','1','1','Testing.',1,NULL,'RAJ35','AB6F43','5','NonRecurring','500.000000',NULL,'500.000000','http://www.google.com',NULL,'Mbps'),('32f593f2-e3f1-e82f-6638-4fe178e25280','hjhihuh','2012-06-20 07:15:30','2012-06-20 07:29:09','1','1',NULL,1,NULL,'102102',NULL,'ProServices','Recurring','45.000000',NULL,'56.000000',NULL,NULL,NULL),('d5ec065e-5f62-7a78-e63b-4fe40b4a469b','Included MyNLV Fax #','2012-06-22 06:05:08','2012-06-22 11:06:56','1','1','Included MyNLV Fax #',0,NULL,'VO01100',NULL,'Voice','Recurring','0.000000',NULL,'0.000000',NULL,NULL,'Each'),('8303578e-50c0-fa52-f750-4fe40ba82d8c','MyNLV Fax #','2012-06-22 06:05:44','2012-06-22 11:07:16','1','1','MyNLV Fax #',0,NULL,'VO01200',NULL,'Voice','Recurring','0.000000',NULL,'0.000000',NULL,NULL,'Each'),('f2d1723c-310a-e701-1f7b-4fe40b6469d0','Inbound Toll Free MyNLV Fax #','2012-06-22 06:08:43','2012-06-22 11:07:34','1','1','Inbound Toll Free MyNLV Fax #',0,NULL,'VO01300',NULL,'Voice','Recurring','0.000000',NULL,'0.000000',NULL,NULL,'Each'),('617eab4d-c56c-e609-7967-4fe40ce4690d','Included Extension','2012-06-22 06:09:18','2012-06-22 11:13:03','1','1','Included Extension',0,NULL,'VO90002',NULL,'Voice','Recurring','0.000000',NULL,'0.000000',NULL,NULL,'Each'),('bec5ff1d-6dfc-e227-d706-4fe40c30fa26','Included Minute Block','2012-06-22 06:09:49','2012-06-22 11:13:24','1','1','Included Minute Block',0,NULL,'VO90003',NULL,'Voice','Recurring','0.000000',NULL,'0.000000',NULL,NULL,'Each'),('5df48c75-2998-6725-839b-4fe40c01ac90','Temp DID','2012-06-22 06:10:23','2012-06-22 11:13:43','1','1','Temp DID',0,NULL,'VO90005',NULL,'Voice','Recurring','0.000000',NULL,'0.000000',NULL,NULL,'Each'),('4df2fe35-5be9-e4af-a5b6-4fe40cd0167b','Temp DOD','2012-06-22 06:11:15','2012-06-22 11:14:01','1','1','Temp DOD',0,NULL,'VO90006',NULL,'Voice','Recurring','0.000000',NULL,'0.000000',NULL,NULL,'Each'),('548bbb12-2904-53fc-04b8-4fe40c92f958','External Forward','2012-06-22 06:11:47','2012-06-22 11:14:19','1','1','External Forward',0,NULL,'VO90007',NULL,'Voice','Recurring','0.000000',NULL,'0.000000',NULL,NULL,'Each'),('adbbefd9-9fbc-4c88-000c-4fe40cb7d064','Old-style Auto Attendant','2012-06-22 06:12:17','2012-06-22 11:14:40','1','1','Old-style Auto Attendant',0,NULL,'VO90008',NULL,'Voice','Recurring','0.000000',NULL,'0.000000',NULL,NULL,'Each'),('911a2cb3-54d6-b648-137f-4fe40d643227','Voice Service Request','2012-06-22 06:13:49','2012-06-22 11:14:59','1','1','Voice Service Request',0,NULL,'VO90009',NULL,'Voice','Recurring','0.000000',NULL,'0.000000',NULL,NULL,'Each'),('29220b32-9265-d7dd-dd37-4fe40dd66fb7','Unconfigured Services','2012-06-22 06:14:24','2012-06-22 11:15:32','1','1','Unconfigured Services',0,NULL,'VO90010',NULL,'Voice','Recurring','0.000000',NULL,'0.000000',NULL,NULL,'Each'),('384b857d-eab6-4bef-c2f0-4fe40ef6a929','Local, Long Distance, and Toll Free','2012-06-22 06:18:01','2012-06-22 11:16:00','1','1','Local, Long Distance, and Toll Free',0,NULL,'VU00100',NULL,'VoiceUsage','NonRecurring','0.000000',NULL,'0.000000',NULL,NULL,'Minutes'),('34ed6a4d-bd4f-5116-2882-4fe40ef5088b','Inbound Toll Free','2012-06-22 06:18:37','2012-06-22 11:16:18','1','1','Inbound Toll Free',0,NULL,'VU00200',NULL,'VoiceUsage','NonRecurring','0.000000',NULL,'0.000000',NULL,NULL,'Minutes'),('d28bb51b-8251-4396-a63d-4fe40ec61eaa','International','2012-06-22 06:19:08','2012-06-22 11:16:39','1','1','International',0,NULL,'VU00300',NULL,'VoiceUsage','NonRecurring','0.000000',NULL,'0.000000',NULL,NULL,'Minutes'),('c2242865-6ad5-6313-5a0e-4fe40e0b38e2','Internal','2012-06-22 06:19:47','2012-06-22 11:16:58','1','1','Internal',0,NULL,'VU00400',NULL,'VoiceUsage','NonRecurring','0.000000',NULL,'0.000000',NULL,NULL,'Minutes'),('ab28e3c7-0787-5f3f-9221-4fe4131fd43f','Directory Assistance','2012-06-22 06:40:01','2012-06-22 11:17:15','1','1','Directory Assistance',0,NULL,'VU00500',NULL,'VoiceUsage','NonRecurring','0.000000',NULL,'0.000000',NULL,NULL,'Minutes'),('2e560469-de22-4f2d-3f3d-4fe4139eeda1','911 Emergency Services','2012-06-22 06:41:11','2012-06-22 11:17:36','1','1','911 Emergency Services',0,NULL,'VU00600',NULL,'VoiceUsage','NonRecurring','0.000000',NULL,'0.000000',NULL,NULL,'Minutes'),('a803daae-81ea-1f67-5576-4fe447873b38','Vehicles Model V1','2012-06-22 10:21:17','2012-06-22 10:22:58','1','1',NULL,1,NULL,'RAJ002',NULL,'Internet','Recurring','0.000000',NULL,'0.000000',NULL,NULL,NULL),('a742f6db-b9af-8611-304f-4fe447cb663b','dryhryrw','2012-06-22 10:21:59','2012-06-22 10:22:58','1','1','rtywwrywrywrtywr',1,NULL,'RAJ002',NULL,'Internet','Recurring','500.000000',NULL,'500.000000',NULL,NULL,'Hours'),('aa20ad9f-701b-ca9d-456a-4fe45a9b258e','fgjdgjd','2012-06-22 11:45:00','2012-06-22 12:04:24','1','1',NULL,1,NULL,'vbnmn',NULL,'Internet','Recurring','0.000000',NULL,'0.000000',NULL,NULL,NULL),('333c0b9b-9d75-4434-0930-4fecf149a910','e911 Location','2012-06-29 00:06:26','2012-06-29 00:06:26','1','1','Sales staff has the option to charge for e911 per location. Or can use this product to charge for each e911 number.',0,NULL,'VO90004',NULL,'Voice','Recurring','0.600000',NULL,'0.000000',NULL,NULL,'Each'),('228b645a-3168-1b98-3563-4fedf3ec6ec1','Internet Installation','2012-06-29 18:27:17','2012-06-29 18:51:08','1','1','Product is generally not used in Quotes. However it will show as a separate line item on the invoice.',0,NULL,'IN99500',NULL,'Internet','NonRecurring','0.000000',NULL,'0.000000',NULL,NULL,'Each'),('8fdceab5-61d9-d69d-5789-4fedf3369cbd','Voice Installation','2012-06-29 18:28:36','2012-06-29 18:28:36','1','1','Will generally not get used on a Quote. But will show as a separate line item on the invoice.',0,NULL,'VO99500',NULL,'Voice','NonRecurring','0.000000',NULL,'0.000000',NULL,NULL,'Each'),('2d52966c-111d-64bb-0b9b-4fedf4f8601b','Colo Installation','2012-06-29 18:29:48','2012-06-29 18:53:53','1','1','Generally won\'t get used on Quotes. However will show as separate line item on invoice.',1,NULL,'CO9500',NULL,'Colo','NonRecurring','0.000000',NULL,'0.000000',NULL,NULL,'Each'),('5c2c41b3-f751-5fbf-29b5-4fedf69f3ac4','Internet Last Month Deposit','2012-06-29 18:39:13','2012-06-29 18:39:13','1','1',NULL,0,NULL,'IN99990',NULL,'Internet','NonRecurring','0.000000',NULL,'0.000000',NULL,NULL,'Each'),('2c3689b6-d408-06d5-e657-4fedf68aa0a7','Voice Last Month Deposit','2012-06-29 18:39:59','2012-06-29 18:39:59','1','1',NULL,0,NULL,'VO99990',NULL,'Voice','NonRecurring','0.000000',NULL,'0.000000',NULL,NULL,'Each'),('ab993771-0aa4-de5c-fc65-4fedf6133799','Colo Last Month Deposit','2012-06-29 18:40:49','2012-06-29 18:40:49','1','1',NULL,0,NULL,'CO99990',NULL,'Colo','NonRecurring','0.000000',NULL,'0.000000',NULL,NULL,'Each'),('bb3abac4-f3f9-7945-b383-4fedf9199f7f','Colo Installation','2012-06-29 18:54:16','2012-06-29 18:54:16','1','1','Generally won\'t get used on Quotes. However will show as separate line item on invoice. ',0,NULL,'CO99500',NULL,'Colo','NonRecurring','0.000000',NULL,'0.000000',NULL,NULL,'Each'),('10c3e228-ddf2-46e3-6a6f-4fedfc44edfa','Miscellaneous Installation','2012-06-29 19:03:42','2012-06-29 19:03:42','1','1',NULL,0,NULL,'MI99500',NULL,'MiscServices','NonRecurring','0.000000',NULL,'0.000000',NULL,NULL,'Each'),('8d9c97f6-96d0-6ef3-d8b7-4fedfc836f04','Miscellaneous Deposit','2012-06-29 19:04:31','2012-06-29 19:04:31','1','1',NULL,0,NULL,'MI99990',NULL,'MiscServices','NonRecurring','0.000000',NULL,'0.000000',NULL,NULL,'Each');
/*!40000 ALTER TABLE `aos_products` ENABLE KEYS */;
UNLOCK TABLES;

--
-- Table structure for table `aos_products_audit`
--

DROP TABLE IF EXISTS `aos_products_audit`;
/*!40101 SET @saved_cs_client     = @@character_set_client */;
/*!40101 SET character_set_client = utf8 */;
CREATE TABLE `aos_products_audit` (
  `id` char(36) NOT NULL,
  `parent_id` char(36) NOT NULL,
  `date_created` datetime DEFAULT NULL,
  `created_by` varchar(36) DEFAULT NULL,
  `field_name` varchar(100) DEFAULT NULL,
  `data_type` varchar(100) DEFAULT NULL,
  `before_value_string` varchar(255) DEFAULT NULL,
  `after_value_string` varchar(255) DEFAULT NULL,
  `before_value_text` text,
  `after_value_text` text,
  KEY `idx_aos_products_primary` (`id`),
  KEY `idx_aos_products_parent_id` (`parent_id`)
) ENGINE=MyISAM DEFAULT CHARSET=utf8;
/*!40101 SET character_set_client = @saved_cs_client */;

--
-- Dumping data for table `aos_products_audit`
--

LOCK TABLES `aos_products_audit` WRITE;
/*!40000 ALTER TABLE `aos_products_audit` DISABLE KEYS */;
INSERT INTO `aos_products_audit` VALUES ('86d15a2f-3324-6dfe-7fdf-4f4e945f3357','7b764d87-208a-1aa5-dcba-4f29884bc105','2012-02-29 21:10:00','1','maincode','varchar','XXXX','77887777',NULL,NULL),('d274f2da-aebf-0673-db08-4f4fee58f85f','9c318fa3-8bf8-28ae-d404-4f2986d3e707','2012-03-01 21:47:25','9106f88a-f272-8119-72a3-4f3165461fc6','price','currency','1500','0',NULL,NULL),('d2a4af71-9670-44d7-3763-4f4fee11c447','9c318fa3-8bf8-28ae-d404-4f2986d3e707','2012-03-01 21:47:25','9106f88a-f272-8119-72a3-4f3165461fc6','unit_measure','enum','','Minutes',NULL,NULL),('2f5a8dc4-f0ad-15f0-86b3-4f5f75eedc9a','7b764d87-208a-1aa5-dcba-4f29884bc105','2012-03-13 16:26:00','1','unit_measure','enum','','Amps',NULL,NULL),('8fce9820-cb18-361c-5161-4f68bc10fa33','9c318fa3-8bf8-28ae-d404-4f2986d3e707','2012-03-20 17:21:03','2bf53c62-efbb-f811-41f8-4f3d64001d45','cost','currency','750','0',NULL,NULL),('901ac1c3-d182-e7dc-281d-4f68bc077946','9c318fa3-8bf8-28ae-d404-4f2986d3e707','2012-03-20 17:21:03','2bf53c62-efbb-f811-41f8-4f3d64001d45','unit_measure','enum','Minutes','Mbps',NULL,NULL),('dff80eb1-d855-8476-6c25-4f68c7bf8c32','9c318fa3-8bf8-28ae-d404-4f2986d3e707','2012-03-20 18:09:22','2bf53c62-efbb-f811-41f8-4f3d64001d45','type','enum','Good','Recurring',NULL,NULL),('d0647c99-8e57-aa24-6411-4f7244e64850','25e8ddd8-d8fd-8539-2724-4f298838b100','2012-03-27 22:53:13','2bf53c62-efbb-f811-41f8-4f3d64001d45','type','enum','Good','Recurring',NULL,NULL),('f3210e2b-de3e-b08d-fd00-4f724477bc94','25e8ddd8-d8fd-8539-2724-4f298838b100','2012-03-27 22:53:43','2bf53c62-efbb-f811-41f8-4f3d64001d45','unit_measure','enum','','Minutes',NULL,NULL),('a7224bb3-724d-c404-6256-4f7245e16963','25e8ddd8-d8fd-8539-2724-4f298838b100','2012-03-27 22:55:29','2bf53c62-efbb-f811-41f8-4f3d64001d45','cost','currency','0.01','0.0001',NULL,NULL),('a748e311-d90e-a306-6cd1-4f72457a76fa','25e8ddd8-d8fd-8539-2724-4f298838b100','2012-03-27 22:55:29','2bf53c62-efbb-f811-41f8-4f3d64001d45','price','currency','300','0',NULL,NULL),('58d2019b-325d-2b87-94c9-4f79f11e1fee','3aa7f4f2-be1d-6561-8582-4f7585ec480a','2012-04-02 18:35:25','1','unit_measure','enum','','Amps',NULL,NULL),('945884ca-88ea-9a87-4d83-4f7ad7e0f8c1','25e8ddd8-d8fd-8539-2724-4f298838b100','2012-04-03 10:58:02','1','type','enum','Good','Recurring',NULL,NULL),('94a6a2f0-2dcb-4ff2-6902-4f7ad79807ca','25e8ddd8-d8fd-8539-2724-4f298838b100','2012-04-03 10:58:02','1','cost','currency','0.01','0.05',NULL,NULL),('94cb1c35-432f-7586-6d96-4f7ad7cd1bc2','25e8ddd8-d8fd-8539-2724-4f298838b100','2012-04-03 10:58:02','1','price','currency','300','0.05',NULL,NULL),('4ffa36a0-722a-4de0-2975-4f7b7117f876','8da952fb-b646-306d-4ac3-4f756ee6b964','2012-04-03 21:54:53','2bf53c62-efbb-f811-41f8-4f3d64001d45','type','enum','Recurring','NonRecurring',NULL,NULL),('96afa19e-0fb6-0e4b-7eed-4f7b714f80bc','8084ccda-0767-af6b-24e8-4f756d970c0a','2012-04-03 21:55:41','2bf53c62-efbb-f811-41f8-4f3d64001d45','type','enum','Recurring','NonRecurring',NULL,NULL),('92bedce0-9f79-72d9-e54a-4f7b7159680f','85cf682c-0a5e-c39f-5f34-4f756e5ecdb4','2012-04-03 21:56:07','2bf53c62-efbb-f811-41f8-4f3d64001d45','type','enum','Recurring','NonRecurring',NULL,NULL),('4ce5358b-f3b2-40cf-eff7-4f7b721f5c2b','3bd3ae3d-c918-c4e8-306e-4f75618c9ac3','2012-04-03 21:57:10','2bf53c62-efbb-f811-41f8-4f3d64001d45','type','enum','Recurring','NonRecurring',NULL,NULL),('c1ccbee1-4811-78c9-e81b-4f7b72b3f17b','77e7cef4-e03f-2c79-9e98-4f75715e3169','2012-04-03 21:59:06','2bf53c62-efbb-f811-41f8-4f3d64001d45','type','enum','Recurring','NonRecurring',NULL,NULL),('3fff126c-cc3a-796d-1ce7-4f7b72c3f816','d7472556-dd2f-9ee8-3881-4f75712081fe','2012-04-03 21:59:24','2bf53c62-efbb-f811-41f8-4f3d64001d45','type','enum','Recurring','NonRecurring',NULL,NULL),('53410e46-c6de-c44a-1be4-4f7b725b7184','6d6ba743-7c58-0e4b-1c46-4f7571a459dd','2012-04-03 21:59:39','2bf53c62-efbb-f811-41f8-4f3d64001d45','type','enum','Recurring','NonRecurring',NULL,NULL),('c789cacd-97bf-94b1-422d-4f7b7332393e','1abaa724-1ce2-5db5-6715-4f757152bad9','2012-04-03 22:00:55','2bf53c62-efbb-f811-41f8-4f3d64001d45','type','enum','Recurring','NonRecurring',NULL,NULL),('3824d3a0-6dfa-cb87-da95-4f7b73cb011f','3cb2eeb7-8419-f244-7fc2-4f7572c132f3','2012-04-03 22:01:20','2bf53c62-efbb-f811-41f8-4f3d64001d45','type','enum','Recurring','NonRecurring',NULL,NULL),('634f37f9-bf6d-4efd-6c1b-4f7b73830b6f','195a8cae-bfcf-8bc1-2e82-4f757f21c81a','2012-04-03 22:01:53','2bf53c62-efbb-f811-41f8-4f3d64001d45','type','enum','Recurring','NonRecurring',NULL,NULL),('6c074e12-5b45-9b76-8abc-4f7b732a20fa','361909b8-ac00-6899-9914-4f757f4468a7','2012-04-03 22:02:12','2bf53c62-efbb-f811-41f8-4f3d64001d45','type','enum','Recurring','NonRecurring',NULL,NULL),('f0cd6044-04af-c3aa-11d8-4f7b73ef73e0','5960419b-c9d2-dc5f-25ac-4f7581882d91','2012-04-03 22:02:55','2bf53c62-efbb-f811-41f8-4f3d64001d45','type','enum','Recurring','NonRecurring',NULL,NULL),('b4c796b3-9a05-bcc9-3fd4-4f7b7303d584','3361fd13-c82a-60d3-943b-4f75817ef798','2012-04-03 22:03:09','2bf53c62-efbb-f811-41f8-4f3d64001d45','type','enum','Recurring','NonRecurring',NULL,NULL),('1cc00c43-107e-1027-1778-4f7b73473d3b','e024a2d5-f164-b3f2-05a0-4f75816d7872','2012-04-03 22:03:24','2bf53c62-efbb-f811-41f8-4f3d64001d45','type','enum','Recurring','NonRecurring',NULL,NULL),('4b7f8cd4-b94b-48e0-21b4-4f7b74ed83a6','ee420407-3f08-b031-2054-4f7582668867','2012-04-03 22:07:04','2bf53c62-efbb-f811-41f8-4f3d64001d45','type','enum','Recurring','NonRecurring',NULL,NULL),('c9e9565f-07ee-7ffb-9d19-4f860237acac','1a03c20b-9c81-1b19-1261-4f75822ac1c0','2012-04-11 22:13:56','b13a4520-fde1-596b-17d8-4f74c7865de6','maincode','varchar','xxx','CO00100',NULL,NULL),('320d79a6-cdaa-fe34-024a-4f860213bd0d','781c0e06-2c01-5aca-de51-4f7583a9a46f','2012-04-11 22:14:05','b13a4520-fde1-596b-17d8-4f74c7865de6','maincode','varchar','xxx','CO00200',NULL,NULL),('f3d95257-9816-c864-761c-4f86022f827e','a820793d-adfa-0fd6-5bb3-4f75831faff1','2012-04-11 22:14:10','b13a4520-fde1-596b-17d8-4f74c7865de6','maincode','varchar','xxx','CO00300',NULL,NULL),('c6dbd346-c32d-aff0-3e81-4f86025ae879','c8fc8426-59b3-47f7-9a3c-4f75850b8b00','2012-04-11 22:15:21','b13a4520-fde1-596b-17d8-4f74c7865de6','maincode','varchar','xxx','CO0400',NULL,NULL),('87d9f0f1-1923-01df-45cc-4f8602740a71','c8fc8426-59b3-47f7-9a3c-4f75850b8b00','2012-04-11 22:15:47','b13a4520-fde1-596b-17d8-4f74c7865de6','maincode','varchar','CO0400','CO00400',NULL,NULL),('d8dd6b28-a32e-bc98-b3be-4f8602796ab0','9eb28251-3a8d-0c81-3d6f-4f7586e23abc','2012-04-11 22:15:48','b13a4520-fde1-596b-17d8-4f74c7865de6','maincode','varchar','xxx','CO00500',NULL,NULL),('6bfa39d7-7534-d10a-c5b3-4f8603e158a1','35975fff-782c-4d0f-8a67-4f7587479c16','2012-04-11 22:20:11','b13a4520-fde1-596b-17d8-4f74c7865de6','maincode','varchar','xxx','CO00600',NULL,NULL),('e26c5780-32ae-c114-19ea-4f86030b341b','6eaf8fc6-9626-d23c-878b-4f75872c5e24','2012-04-11 22:20:15','b13a4520-fde1-596b-17d8-4f74c7865de6','maincode','varchar','xxx','CO00700',NULL,NULL),('db956584-9a08-a1d5-521b-4f860300c3cf','bf14b76f-86f6-7e7b-5d77-4f7587e63a2a','2012-04-11 22:20:16','b13a4520-fde1-596b-17d8-4f74c7865de6','maincode','varchar','xxx','CO00800',NULL,NULL),('c8687fe7-d346-1dc0-ece7-4f860363cdb4','8c5935eb-74f2-f6e1-58fe-4f75870a4a82','2012-04-11 22:20:17','b13a4520-fde1-596b-17d8-4f74c7865de6','maincode','varchar','xxx','CO00900',NULL,NULL),('421588f5-8713-353a-7107-4f8605cd1fb0','c8fc8426-59b3-47f7-9a3c-4f75850b8b00','2012-04-11 22:28:32','b13a4520-fde1-596b-17d8-4f74c7865de6','maincode','varchar','CO00400','CO00500',NULL,NULL),('b2db497f-a519-0b92-90a2-4f8605ebcb0b','9eb28251-3a8d-0c81-3d6f-4f7586e23abc','2012-04-11 22:29:00','b13a4520-fde1-596b-17d8-4f74c7865de6','maincode','varchar','CO00500','CO00600',NULL,NULL),('4d448438-21ac-cd6c-295d-4f86053cd4c7','35975fff-782c-4d0f-8a67-4f7587479c16','2012-04-11 22:29:03','b13a4520-fde1-596b-17d8-4f74c7865de6','maincode','varchar','CO00600','CO00700',NULL,NULL),('3b7cc352-aca9-6981-c4e4-4f860516abf8','6eaf8fc6-9626-d23c-878b-4f75872c5e24','2012-04-11 22:29:06','b13a4520-fde1-596b-17d8-4f74c7865de6','maincode','varchar','CO00700','CO00800',NULL,NULL),('1af60c0a-1a4a-b5e3-a54f-4f8605ae0fbc','bf14b76f-86f6-7e7b-5d77-4f7587e63a2a','2012-04-11 22:29:09','b13a4520-fde1-596b-17d8-4f74c7865de6','maincode','varchar','CO00800','CO00900',NULL,NULL),('cc14dbab-17b8-9593-7954-4f8605606a4d','8c5935eb-74f2-f6e1-58fe-4f75870a4a82','2012-04-11 22:29:13','b13a4520-fde1-596b-17d8-4f74c7865de6','maincode','varchar','CO00900','CO01000',NULL,NULL),('5ebd9a9e-868f-c102-6cf4-4f8605fc2578','f02db2a8-85c5-b75d-1c60-4f7583d63110','2012-04-11 22:30:11','b13a4520-fde1-596b-17d8-4f74c7865de6','maincode','varchar','xxx','CO00400',NULL,NULL),('59c216d1-bb3d-4a36-4557-4f860656263a','d3504c70-3418-1f77-7f70-4f758448f89d','2012-04-11 22:31:10','b13a4520-fde1-596b-17d8-4f74c7865de6','maincode','varchar','xxx','CO01100',NULL,NULL),('8f19152d-e606-d418-52d6-4f86065b0577','aad7ffcd-ba53-0e60-3f1d-4f7584cec8f9','2012-04-11 22:31:19','b13a4520-fde1-596b-17d8-4f74c7865de6','maincode','varchar','xxx','CO01200',NULL,NULL),('47a7a205-a5e0-b31a-f1ae-4f8606d70691','abf19cc6-b40a-efb5-ca25-4f758a7d86a2','2012-04-11 22:31:53','b13a4520-fde1-596b-17d8-4f74c7865de6','maincode','varchar','xxx','CO01300',NULL,NULL),('7e5c86d9-6cb9-ffac-8fe6-4f86060ec0cf','2203fe13-41b2-4d34-9640-4f7585670725','2012-04-11 22:32:17','b13a4520-fde1-596b-17d8-4f74c7865de6','maincode','varchar','xxx','CO01400',NULL,NULL),('b5b66ce2-9128-507f-15d3-4f8606cbaf1b','76e80d0e-8794-ab8e-8d58-4f7585a32262','2012-04-11 22:32:20','b13a4520-fde1-596b-17d8-4f74c7865de6','maincode','varchar','xxx','CO01500',NULL,NULL),('64133891-476b-123c-6014-4f8606df5144','22410041-e0ed-fa9c-7818-4f75887e8b05','2012-04-11 22:33:21','b13a4520-fde1-596b-17d8-4f74c7865de6','maincode','varchar','xxx','CO01600',NULL,NULL),('310de17d-0d90-dc8d-4c8f-4f86066d5a49','3a286901-f2d4-cf53-311f-4f7588af1734','2012-04-11 22:33:22','b13a4520-fde1-596b-17d8-4f74c7865de6','maincode','varchar','xxx','CO01700',NULL,NULL),('663a0f61-85d5-5d74-415e-4f8606474bcf','394acc06-bbf0-8c1f-1cd0-4f7586a3bd36','2012-04-11 22:33:22','b13a4520-fde1-596b-17d8-4f74c7865de6','maincode','varchar','xxx','CO01800',NULL,NULL),('cc380a98-73e6-af12-4a51-4f86066b6ae6','6e72bd6c-6255-fe35-5c74-4f7588a1725f','2012-04-11 22:33:23','b13a4520-fde1-596b-17d8-4f74c7865de6','maincode','varchar','xxx','CO01900',NULL,NULL),('3ede5abe-133f-907f-d5e3-4f8607e81d16','6df1dbb0-3205-5bbf-1ae7-4f758202c7c6','2012-04-11 22:36:38','b13a4520-fde1-596b-17d8-4f74c7865de6','maincode','varchar','xxx','FA00100',NULL,NULL),('3ccda755-6f5f-0378-0ead-4f86083c9217','9c318fa3-8bf8-28ae-d404-4f2986d3e707','2012-04-11 22:40:45','b13a4520-fde1-596b-17d8-4f74c7865de6','maincode','varchar','xxx','IN00100',NULL,NULL),('31b4fd92-7a26-8179-4e49-4f8608b84946','141a1467-2427-93b2-8867-4f755b592a59','2012-04-11 22:40:46','b13a4520-fde1-596b-17d8-4f74c7865de6','maincode','varchar','xxx','IN00200',NULL,NULL),('d182d508-e0c7-b470-5cbb-4f86084a70fb','89b02035-92da-4275-4d9d-4f755b65d35f','2012-04-11 22:40:46','b13a4520-fde1-596b-17d8-4f74c7865de6','maincode','varchar','xxx','IN00300',NULL,NULL),('820d8fbc-04dd-321a-ea34-4f8608be1111','2ed9839b-7a68-c569-0f13-4f755fb6a051','2012-04-11 22:40:47','b13a4520-fde1-596b-17d8-4f74c7865de6','maincode','varchar','xxx','IN00400',NULL,NULL),('59bbcaf1-a853-2797-f0dd-4f86086c61fd','1b2b28bf-8fd5-0afb-460c-4f755a17c3f0','2012-04-11 22:40:48','b13a4520-fde1-596b-17d8-4f74c7865de6','maincode','varchar','xxx','IN00500',NULL,NULL),('c5e6b0d3-04dd-33fa-6d8d-4f8608c9351c','84c4b381-f6d9-d162-255a-4f756cc84e01','2012-04-11 22:41:51','b13a4520-fde1-596b-17d8-4f74c7865de6','maincode','varchar','xxx','VO00300',NULL,NULL),('adb406c7-1b08-7a14-e00b-4f8608acda9a','30b4518e-ad10-a7f4-87b3-4f756bdca368','2012-04-11 22:41:52','b13a4520-fde1-596b-17d8-4f74c7865de6','maincode','varchar','xxx','VO00200',NULL,NULL),('3fdf6e41-d5d6-d5a4-462d-4f86082281d5','7b764d87-208a-1aa5-dcba-4f29884bc105','2012-04-11 22:41:53','b13a4520-fde1-596b-17d8-4f74c7865de6','maincode','varchar','xxx','VO00100',NULL,NULL),('726b0ead-02c6-160e-349a-4f860aeca737','1e946297-dfe0-3fce-3fc2-4f7566ba4a0d','2012-04-11 22:48:26','b13a4520-fde1-596b-17d8-4f74c7865de6','maincode','varchar','xxx','VO00500',NULL,NULL),('7f99d9d4-2430-38c3-9e4f-4f860a8775d7','1ee4cbaa-51cf-ee57-6f58-4f7560496b4d','2012-04-11 22:49:44','b13a4520-fde1-596b-17d8-4f74c7865de6','maincode','varchar','xxx','VO00600',NULL,NULL),('d62f0bfd-0fb1-d8c6-2791-4f860a2479f6','7a65b598-064d-e109-73a5-4f755ffa82ea','2012-04-11 22:49:45','b13a4520-fde1-596b-17d8-4f74c7865de6','maincode','varchar','xxx','VO00700',NULL,NULL),('25ce47f4-afa2-7e33-6f0b-4f860a4bd8ea','52d55a4f-4562-bca2-10e9-4f7560b5c618','2012-04-11 22:49:46','b13a4520-fde1-596b-17d8-4f74c7865de6','maincode','varchar','xxx','VO000800',NULL,NULL),('c86c7c97-b0ee-ed40-128d-4f860a0bb543','52d55a4f-4562-bca2-10e9-4f7560b5c618','2012-04-11 22:50:15','b13a4520-fde1-596b-17d8-4f74c7865de6','maincode','varchar','VO000800','VO00800',NULL,NULL),('679a0fbc-55ec-a7b2-dc67-4f860ac4f8b4','9a3ba35f-a29f-4173-56b0-4f756e95fb7b','2012-04-11 22:51:15','b13a4520-fde1-596b-17d8-4f74c7865de6','maincode','varchar','xxx','VO00900',NULL,NULL),('b84ccce3-a4a0-d872-94b1-4f860a4faca9','1c6b2a64-b961-574e-985f-4f757240bb33','2012-04-11 22:51:22','b13a4520-fde1-596b-17d8-4f74c7865de6','maincode','varchar','xxx','VO01000',NULL,NULL),('51d3ebff-52d1-786a-ea34-4f860b3cb6ef','c1ab7b16-5bd4-6a72-f8a7-4f75725956f9','2012-04-11 22:53:42','b13a4520-fde1-596b-17d8-4f74c7865de6','maincode','varchar','xxx','VO01200',NULL,NULL),('33627608-2afa-07ca-2b15-4f860bef4ee5','c1ab7b16-5bd4-6a72-f8a7-4f75725956f9','2012-04-11 22:54:33','b13a4520-fde1-596b-17d8-4f74c7865de6','maincode','varchar','VO01200','VO01300',NULL,NULL),('2c132720-d912-0c95-0a77-4f860bd9c64e','b9a083f0-b1b3-0f6f-d6a2-4f860b1616eb','2012-04-11 22:54:34','b13a4520-fde1-596b-17d8-4f74c7865de6','maincode','varchar','VO01100','VO01200',NULL,NULL),('c067c407-595c-ed5f-f8f1-4f860b51c23c','1c6b2a64-b961-574e-985f-4f757240bb33','2012-04-11 22:54:34','b13a4520-fde1-596b-17d8-4f74c7865de6','maincode','varchar','VO01000','VO01100',NULL,NULL),('ac2e52af-9b0f-0952-4413-4f860b6c45eb','521f7d32-3b3d-0c39-8638-4f756f041714','2012-04-11 22:54:54','b13a4520-fde1-596b-17d8-4f74c7865de6','maincode','varchar','xxx','VO01000',NULL,NULL),('6d1babc8-c502-fd03-eace-4f860c5e5732','c1ab7b16-5bd4-6a72-f8a7-4f75725956f9','2012-04-11 22:57:10','b13a4520-fde1-596b-17d8-4f74c7865de6','maincode','varchar','VO01300','VO01400',NULL,NULL),('b401855c-c5ad-338f-745b-4f860c01dd93','b9a083f0-b1b3-0f6f-d6a2-4f860b1616eb','2012-04-11 22:57:11','b13a4520-fde1-596b-17d8-4f74c7865de6','maincode','varchar','VO01200','VO01300',NULL,NULL),('e7570d50-ef22-bbf2-4643-4f860ced31e5','1c6b2a64-b961-574e-985f-4f757240bb33','2012-04-11 22:57:11','b13a4520-fde1-596b-17d8-4f74c7865de6','maincode','varchar','VO01100','VO01200',NULL,NULL),('c27750e7-f4cc-2cfc-113d-4f860cd106d3','e34ebf32-517b-5db6-66db-4f756f54df72','2012-04-11 22:58:40','b13a4520-fde1-596b-17d8-4f74c7865de6','maincode','varchar','xxx','VO01600',NULL,NULL),('631f899d-f3de-8a14-62f1-4f860cf61338','16855674-6dc2-7b2f-2ce7-4f756fc318f2','2012-04-11 22:58:42','b13a4520-fde1-596b-17d8-4f74c7865de6','maincode','varchar','xxx','VO01500',NULL,NULL),('86a597bd-38a4-fc82-9ea9-4f860d7140e3','78c40016-bf9c-6315-d9e1-4f7580cb562c','2012-04-11 23:02:33','b13a4520-fde1-596b-17d8-4f74c7865de6','maincode','varchar','xxx','VO01900',NULL,NULL),('8587f191-186a-525b-bc80-4f860d233009','bfd14048-3d2b-d441-0eb9-4f7563a8cf81','2012-04-11 23:04:21','b13a4520-fde1-596b-17d8-4f74c7865de6','maincode','varchar','xxx','VO02000',NULL,NULL),('a0a161c5-92f7-b35f-c51b-4f860db68f87','42b6d220-5c09-ec14-6b4b-4f7570e995fe','2012-04-11 23:04:22','b13a4520-fde1-596b-17d8-4f74c7865de6','maincode','varchar','xxx','VO01800',NULL,NULL),('7c33b6e5-81ea-1512-75e2-4f860d0376ec','4f694772-b323-a589-df66-4f7580c3dbdc','2012-04-11 23:04:24','b13a4520-fde1-596b-17d8-4f74c7865de6','maincode','varchar','xxx','VO01700',NULL,NULL),('b549fd7b-21bb-d7e7-7200-4f860ea24ebf','78c40016-bf9c-6315-d9e1-4f7580cb562c','2012-04-11 23:05:11','b13a4520-fde1-596b-17d8-4f74c7865de6','cost','currency','50','30',NULL,NULL),('b570baab-23d6-0ef7-a94b-4f860e3ba336','78c40016-bf9c-6315-d9e1-4f7580cb562c','2012-04-11 23:05:11','b13a4520-fde1-596b-17d8-4f74c7865de6','price','currency','50','30',NULL,NULL),('aa00d586-fed3-4e6b-d488-4f860e97d99d','4ff746e3-1c13-044f-f013-4f758c044ed3','2012-04-11 23:06:19','b13a4520-fde1-596b-17d8-4f74c7865de6','maincode','varchar','xxx','PE00100',NULL,NULL),('21ba4a28-15dd-9433-68a6-4f860fdce775','9d9d8153-58fe-2649-6fc5-4f758ccefcab','2012-04-11 23:09:18','b13a4520-fde1-596b-17d8-4f74c7865de6','maincode','varchar','xxx','MI00100',NULL,NULL),('a5e9ee71-84e3-cbf5-4a3a-4f860fb89536','8189216e-2254-fc08-d3f9-4f758cdf1e60','2012-04-11 23:09:20','b13a4520-fde1-596b-17d8-4f74c7865de6','maincode','varchar','xxx','MI00200',NULL,NULL),('daa64972-7402-ed0f-09ad-4f860f3d4595','67610010-1dbd-67ff-ac0a-4f758c947fb1','2012-04-11 23:09:21','b13a4520-fde1-596b-17d8-4f74c7865de6','maincode','varchar','xxx','MI00300',NULL,NULL),('a14b383e-c3d1-6b12-2762-4f860fa6e55f','9449a56d-cf9f-c6dd-de90-4f758b5279bb','2012-04-11 23:09:22','b13a4520-fde1-596b-17d8-4f74c7865de6','maincode','varchar','xxx','MI00400',NULL,NULL),('6a11d404-f115-58c9-2067-4f860f1f4063','706a1cf5-6880-7d5a-fdf6-4f758cdf78e8','2012-04-11 23:09:51','b13a4520-fde1-596b-17d8-4f74c7865de6','maincode','varchar','xxx','MI00500',NULL,NULL),('92eaf6fe-e757-1538-d137-4f86107ec3ba','8084ccda-0767-af6b-24e8-4f756d970c0a','2012-04-11 23:14:04','b13a4520-fde1-596b-17d8-4f74c7865de6','maincode','varchar','xxx','RE00100',NULL,NULL),('c1229c40-dd73-faa9-bbbd-4f8610338def','85cf682c-0a5e-c39f-5f34-4f756e5ecdb4','2012-04-11 23:14:05','b13a4520-fde1-596b-17d8-4f74c7865de6','maincode','varchar','xxx','RE00200',NULL,NULL),('7192e994-8740-d747-67d8-4f8610be7963','8da952fb-b646-306d-4ac3-4f756ee6b964','2012-04-11 23:14:06','b13a4520-fde1-596b-17d8-4f74c7865de6','maincode','varchar','xxx','RE00300',NULL,NULL),('6b5aea24-8bfd-2e7f-3955-4f8610d6f3d9','77e7cef4-e03f-2c79-9e98-4f75715e3169','2012-04-11 23:14:07','b13a4520-fde1-596b-17d8-4f74c7865de6','maincode','varchar','xxx','RE00400',NULL,NULL),('f2a74abb-9701-1f7a-ca7c-4f8610ad7e38','d7472556-dd2f-9ee8-3881-4f75712081fe','2012-04-11 23:14:08','b13a4520-fde1-596b-17d8-4f74c7865de6','maincode','varchar','xxx','RE00500',NULL,NULL),('9ed2227e-c5de-3e8c-0e5c-4f8610499d97','6d6ba743-7c58-0e4b-1c46-4f7571a459dd','2012-04-11 23:14:09','b13a4520-fde1-596b-17d8-4f74c7865de6','maincode','varchar','xxx','RE00600',NULL,NULL),('b1e9e298-fd1f-12ff-5fbc-4f8610a57ce1','1abaa724-1ce2-5db5-6715-4f757152bad9','2012-04-11 23:14:09','b13a4520-fde1-596b-17d8-4f74c7865de6','maincode','varchar','xxx','RE00700',NULL,NULL),('5b09a28f-1eed-ba68-6ecb-4f8610ee0974','3cb2eeb7-8419-f244-7fc2-4f7572c132f3','2012-04-11 23:14:10','b13a4520-fde1-596b-17d8-4f74c7865de6','maincode','varchar','xxx','RE00800',NULL,NULL),('c9800d0e-5367-56b9-b090-4f8610609ba3','195a8cae-bfcf-8bc1-2e82-4f757f21c81a','2012-04-11 23:14:10','b13a4520-fde1-596b-17d8-4f74c7865de6','maincode','varchar','xxx','RE00900',NULL,NULL),('3b52b8c8-b28e-d352-81aa-4f8610ae309d','361909b8-ac00-6899-9914-4f757f4468a7','2012-04-11 23:14:12','b13a4520-fde1-596b-17d8-4f74c7865de6','maincode','varchar','xxx','RE01000',NULL,NULL),('bca34e65-c5ec-faa0-5a97-4f8610b3e2c0','5960419b-c9d2-dc5f-25ac-4f7581882d91','2012-04-11 23:14:12','b13a4520-fde1-596b-17d8-4f74c7865de6','maincode','varchar','xxx','RE01100',NULL,NULL),('7fef6436-3704-0583-fe33-4f86100f1357','3361fd13-c82a-60d3-943b-4f75817ef798','2012-04-11 23:14:14','b13a4520-fde1-596b-17d8-4f74c7865de6','maincode','varchar','xxx','RE01200',NULL,NULL),('d6345871-2e01-5e7c-31e0-4f8610b10c6c','e024a2d5-f164-b3f2-05a0-4f75816d7872','2012-04-11 23:14:14','b13a4520-fde1-596b-17d8-4f74c7865de6','maincode','varchar','xxx','RE01300',NULL,NULL),('7a83e971-1c0e-19f3-4d7d-4f8610e02270','ee420407-3f08-b031-2054-4f7582668867','2012-04-11 23:14:15','b13a4520-fde1-596b-17d8-4f74c7865de6','maincode','varchar','xxx','RE01400',NULL,NULL),('8a11571f-922f-7ebd-4a38-4f8613aa3868','de17c51b-91b6-d37a-7c57-4f758b4adcdf','2012-04-11 23:28:52','b13a4520-fde1-596b-17d8-4f74c7865de6','maincode','varchar','xxx','PR000700',NULL,NULL),('b8e99a62-e066-1d02-0d33-4f86134fd66a','3bd3ae3d-c918-c4e8-306e-4f75618c9ac3','2012-04-11 23:28:55','b13a4520-fde1-596b-17d8-4f74c7865de6','maincode','varchar','xxx','PR00100',NULL,NULL),('2befa204-5f8b-f7ec-5172-4f86130e511f','81fa39f4-1600-5cd5-5a58-4f758bb8a269','2012-04-11 23:28:59','b13a4520-fde1-596b-17d8-4f74c7865de6','maincode','varchar','xxx','PR00200',NULL,NULL),('3459f187-6245-6251-d57e-4f8613c1fbd1','19b42493-dbf3-c292-6672-4f758b1039ad','2012-04-11 23:29:01','b13a4520-fde1-596b-17d8-4f74c7865de6','maincode','varchar','xxx','PR00300',NULL,NULL),('419420a5-2fcf-6812-1b9e-4f86136f6558','3ef2af98-dddf-18d2-1b0b-4f758b307bc6','2012-04-11 23:29:03','b13a4520-fde1-596b-17d8-4f74c7865de6','maincode','varchar','xxx','PR00400',NULL,NULL),('1c5004a8-aec1-59ff-bd0e-4f8613d4a8c9','6e5b2c45-bdd3-1071-19e3-4f758bf14563','2012-04-11 23:29:05','b13a4520-fde1-596b-17d8-4f74c7865de6','maincode','varchar','xxx','PR00500',NULL,NULL),('df828f71-351c-5faf-be2c-4f8614033cb7','de17c51b-91b6-d37a-7c57-4f758b4adcdf','2012-04-11 23:31:33','b13a4520-fde1-596b-17d8-4f74c7865de6','maincode','varchar','PR000700','PR00700',NULL,NULL),('72bc8330-fee9-27b3-bf74-4f8614d51a24','de17c51b-91b6-d37a-7c57-4f758b4adcdf','2012-04-11 23:32:04','b13a4520-fde1-596b-17d8-4f74c7865de6','maincode','varchar','PR00700','PR00600',NULL,NULL),('a62a9192-bd55-380a-2398-4f8614c5be88','ceee1015-43b2-03c6-889e-4f758c811949','2012-04-11 23:34:10','b13a4520-fde1-596b-17d8-4f74c7865de6','maincode','varchar','xxx','TX00100',NULL,NULL),('c74d032a-0a1a-6948-68bc-4f874579d48c','6e72bd6c-6255-fe35-5c74-4f7588a1725f','2012-04-12 21:13:32','9106f88a-f272-8119-72a3-4f3165461fc6','maincode','varchar','CO01900','VO02100',NULL,NULL),('4e0f0d50-b201-8a30-528f-4fd122d1a542','81fa39f4-1600-5cd5-5a58-4f758bb8a269','2012-06-07 21:52:11','2bf53c62-efbb-f811-41f8-4f3d64001d45','type','enum','Recurring','NonRecurring',NULL,NULL),('119ec50c-b277-9ba8-f95e-4fe309cc17bf','1e946297-dfe0-3fce-3fc2-4f7566ba4a0d','2012-06-21 11:45:46','1','maincode','varchar','VO00500','VO00400',NULL,NULL),('55f9dee3-61c9-03e0-5d6b-4fe3092332be','364b06a4-be67-f21d-e348-4fe230863782','2012-06-21 11:47:30','1','maincode','varchar','VO03000','VO90001',NULL,NULL),('92f7cf92-36d5-4084-20c7-4fe30b043588','6e72bd6c-6255-fe35-5c74-4f7588a1725f','2012-06-21 11:56:47','1','maincode','varchar','VO02100','VO02600',NULL,NULL),('c464d2ac-0591-e131-3d76-4fe30c4a87f4','bfd14048-3d2b-d441-0eb9-4f7563a8cf81','2012-06-21 11:57:08','1','maincode','varchar','VO02000','VO02500',NULL,NULL),('712829ca-7cbe-9421-4b2d-4fe30c83758b','78c40016-bf9c-6315-d9e1-4f7580cb562c','2012-06-21 11:57:31','1','maincode','varchar','VO01900','VO02400',NULL,NULL),('93baa3c8-8b48-c006-bd96-4fe30c67aca9','42b6d220-5c09-ec14-6b4b-4f7570e995fe','2012-06-21 11:58:03','1','maincode','varchar','VO01800','VO02300',NULL,NULL),('3fbf46dc-1703-d972-634a-4fe30c9e0506','4f694772-b323-a589-df66-4f7580c3dbdc','2012-06-21 11:58:33','1','maincode','varchar','VO01700','VO02200',NULL,NULL),('b06bfc3d-c263-279c-7e2f-4fe30c9b1d1f','e34ebf32-517b-5db6-66db-4f756f54df72','2012-06-21 11:58:50','1','maincode','varchar','VO01600','VO02100',NULL,NULL),('4c1fd92f-1319-ff61-ce8c-4fe30cd75b5e','16855674-6dc2-7b2f-2ce7-4f756fc318f2','2012-06-21 11:59:22','1','maincode','varchar','VO01500','VO02000',NULL,NULL),('c9707904-ada5-f53f-3eca-4fe30c9c3b10','c1ab7b16-5bd4-6a72-f8a7-4f75725956f9','2012-06-21 11:59:36','1','maincode','varchar','VO01400','VO01900',NULL,NULL),('670c26b8-347f-d2de-d00d-4fe30c600cff','b9a083f0-b1b3-0f6f-d6a2-4f860b1616eb','2012-06-21 12:00:06','1','maincode','varchar','VO01300','VO01800',NULL,NULL),('1d927cab-1333-8428-2ba1-4fe30c0fbb27','1c6b2a64-b961-574e-985f-4f757240bb33','2012-06-21 12:00:31','1','maincode','varchar','VO01200','VO01700',NULL,NULL),('1fed0fbd-83c0-6739-b5a1-4fe30cb2b89c','1dc577f3-4e2e-8ff3-93e0-4f860cd3218b','2012-06-21 12:01:02','1','maincode','varchar','VO01100','VO01600',NULL,NULL),('a50c6fc3-11f8-dfa2-a4df-4fe30d7b1436','521f7d32-3b3d-0c39-8638-4f756f041714','2012-06-21 12:01:30','1','maincode','varchar','VO01000','VO01500',NULL,NULL),('43202cd3-9e21-d295-d786-4fe30d5f58c2','9a3ba35f-a29f-4173-56b0-4f756e95fb7b','2012-06-21 12:01:48','1','maincode','varchar','VO00900','VO01400',NULL,NULL),('e0260f6d-406b-5448-32d8-4fe30d86a926','52d55a4f-4562-bca2-10e9-4f7560b5c618','2012-06-21 12:02:14','1','maincode','varchar','VO00800','VO00900',NULL,NULL),('64cde36c-186c-42ba-28f1-4fe30dbcc30d','7a65b598-064d-e109-73a5-4f755ffa82ea','2012-06-21 12:02:37','1','maincode','varchar','VO00700','VO00800',NULL,NULL),('51205953-2a26-8796-de35-4fe30de28efb','1e946297-dfe0-3fce-3fc2-4f7566ba4a0d','2012-06-21 12:03:46','1','maincode','varchar','VO00400','VO00500',NULL,NULL),('62e0edb3-af23-9fc7-8cdb-4fe30d753dc9','1e946297-dfe0-3fce-3fc2-4f7566ba4a0d','2012-06-21 12:04:05','1','maincode','varchar','VO00500','VO00400',NULL,NULL);
/*!40000 ALTER TABLE `aos_products_audit` ENABLE KEYS */;
UNLOCK TABLES;

--
-- Table structure for table `aos_products_cstm`
--

DROP TABLE IF EXISTS `aos_products_cstm`;
/*!40101 SET @saved_cs_client     = @@character_set_client */;
/*!40101 SET character_set_client = utf8 */;
CREATE TABLE `aos_products_cstm` (
  `id_c` char(36) NOT NULL,
  `jbilling_relation_id_c` varchar(255) DEFAULT NULL,
  `homir_id_c` varchar(255) DEFAULT NULL,
  PRIMARY KEY (`id_c`)
) ENGINE=MyISAM DEFAULT CHARSET=utf8;
/*!40101 SET character_set_client = @saved_cs_client */;

--
-- Dumping data for table `aos_products_cstm`
--

LOCK TABLES `aos_products_cstm` WRITE;
/*!40000 ALTER TABLE `aos_products_cstm` DISABLE KEYS */;
INSERT INTO `aos_products_cstm` VALUES ('1a03c20b-9c81-1b19-1261-4f75822ac1c0','3897','112'),('781c0e06-2c01-5aca-de51-4f7583a9a46f','3898','113'),('a820793d-adfa-0fd6-5bb3-4f75831faff1','3899','114'),('f02db2a8-85c5-b75d-1c60-4f7583d63110','3900','115'),('c8fc8426-59b3-47f7-9a3c-4f75850b8b00','3901','116'),('9eb28251-3a8d-0c81-3d6f-4f7586e23abc','3902','117'),('35975fff-782c-4d0f-8a67-4f7587479c16','3903','118'),('6eaf8fc6-9626-d23c-878b-4f75872c5e24','3904','119'),('bf14b76f-86f6-7e7b-5d77-4f7587e63a2a','3905','120'),('8c5935eb-74f2-f6e1-58fe-4f75870a4a82','3906','121'),('d3504c70-3418-1f77-7f70-4f758448f89d','3907','122'),('aad7ffcd-ba53-0e60-3f1d-4f7584cec8f9','3908','123'),('abf19cc6-b40a-efb5-ca25-4f758a7d86a2','3909','124'),('2203fe13-41b2-4d34-9640-4f7585670725','3910','125'),('76e80d0e-8794-ab8e-8d58-4f7585a32262','3911','126'),('22410041-e0ed-fa9c-7818-4f75887e8b05','3912','127'),('3a286901-f2d4-cf53-311f-4f7588af1734','3913','128'),('394acc06-bbf0-8c1f-1cd0-4f7586a3bd36','3914','129'),('6df1dbb0-3205-5bbf-1ae7-4f758202c7c6','3915','130'),('9c318fa3-8bf8-28ae-d404-4f2986d3e707','3916','131'),('141a1467-2427-93b2-8867-4f755b592a59','3917','132'),('89b02035-92da-4275-4d9d-4f755b65d35f','3918','133'),('2ed9839b-7a68-c569-0f13-4f755fb6a051','3919','134'),('1b2b28bf-8fd5-0afb-460c-4f755a17c3f0','3920','135'),('9d9d8153-58fe-2649-6fc5-4f758ccefcab','3921','136'),('8189216e-2254-fc08-d3f9-4f758cdf1e60','3922','137'),('67610010-1dbd-67ff-ac0a-4f758c947fb1','3923','138'),('9449a56d-cf9f-c6dd-de90-4f758b5279bb','3924','139'),('706a1cf5-6880-7d5a-fdf6-4f758cdf78e8','3925','140'),('4ff746e3-1c13-044f-f013-4f758c044ed3','3926','141'),('3bd3ae3d-c918-c4e8-306e-4f75618c9ac3','3927','142'),('81fa39f4-1600-5cd5-5a58-4f758bb8a269','3928','143'),('19b42493-dbf3-c292-6672-4f758b1039ad','3929','144'),('3ef2af98-dddf-18d2-1b0b-4f758b307bc6','3930','145'),('6e5b2c45-bdd3-1071-19e3-4f758bf14563','3931','146'),('de17c51b-91b6-d37a-7c57-4f758b4adcdf','3932','147'),('8084ccda-0767-af6b-24e8-4f756d970c0a','3933','148'),('85cf682c-0a5e-c39f-5f34-4f756e5ecdb4','3934','149'),('8da952fb-b646-306d-4ac3-4f756ee6b964','3935','150'),('77e7cef4-e03f-2c79-9e98-4f75715e3169','3936','151'),('d7472556-dd2f-9ee8-3881-4f75712081fe','3937','152'),('6d6ba743-7c58-0e4b-1c46-4f7571a459dd','3938','153'),('1abaa724-1ce2-5db5-6715-4f757152bad9','3939','154'),('3cb2eeb7-8419-f244-7fc2-4f7572c132f3','3940','155'),('195a8cae-bfcf-8bc1-2e82-4f757f21c81a','3941','156'),('361909b8-ac00-6899-9914-4f757f4468a7','3942','157'),('5960419b-c9d2-dc5f-25ac-4f7581882d91','3943','158'),('3361fd13-c82a-60d3-943b-4f75817ef798','3944','159'),('e024a2d5-f164-b3f2-05a0-4f75816d7872','3945','160'),('ee420407-3f08-b031-2054-4f7582668867','3946','161'),('ceee1015-43b2-03c6-889e-4f758c811949','3947','162'),('7b764d87-208a-1aa5-dcba-4f29884bc105','3948','163'),('30b4518e-ad10-a7f4-87b3-4f756bdca368','3949','164'),('84c4b381-f6d9-d162-255a-4f756cc84e01','3950','165'),('1e946297-dfe0-3fce-3fc2-4f7566ba4a0d','3951','166'),('91a05d16-f0a1-ceb0-396d-4f8609eda5fd','3952','167'),('54427934-58e6-462c-ca2d-4fe40923be56','3953','168'),('1ee4cbaa-51cf-ee57-6f58-4f7560496b4d','3954','169'),('2e6feaef-54d8-4998-60e6-4fe40a2cadbe','3955','170'),('7a65b598-064d-e109-73a5-4f755ffa82ea','3956','171'),('52d55a4f-4562-bca2-10e9-4f7560b5c618','3957','172'),('1541bc93-b4ce-3549-c414-4fe40a21d5dc','3958','173'),('d5ec065e-5f62-7a78-e63b-4fe40b4a469b','3959','174'),('8303578e-50c0-fa52-f750-4fe40ba82d8c','3960','175'),('f2d1723c-310a-e701-1f7b-4fe40b6469d0','3961','176'),('521f7d32-3b3d-0c39-8638-4f756f041714','3962','177'),('9a3ba35f-a29f-4173-56b0-4f756e95fb7b','3963','178'),('1dc577f3-4e2e-8ff3-93e0-4f860cd3218b','3964','179'),('1c6b2a64-b961-574e-985f-4f757240bb33','3965','180'),('b9a083f0-b1b3-0f6f-d6a2-4f860b1616eb','3966','181'),('c1ab7b16-5bd4-6a72-f8a7-4f75725956f9','3967','182'),('16855674-6dc2-7b2f-2ce7-4f756fc318f2','3968','183'),('e34ebf32-517b-5db6-66db-4f756f54df72','3969','184'),('4f694772-b323-a589-df66-4f7580c3dbdc','3970','185'),('42b6d220-5c09-ec14-6b4b-4f7570e995fe','3971','186'),('78c40016-bf9c-6315-d9e1-4f7580cb562c','3972','187'),('bfd14048-3d2b-d441-0eb9-4f7563a8cf81','3973','188'),('6e72bd6c-6255-fe35-5c74-4f7588a1725f','3974','189'),('364b06a4-be67-f21d-e348-4fe230863782','3975','190'),('617eab4d-c56c-e609-7967-4fe40ce4690d','3976','191'),('bec5ff1d-6dfc-e227-d706-4fe40c30fa26','3977','192'),('5df48c75-2998-6725-839b-4fe40c01ac90','3978','193'),('4df2fe35-5be9-e4af-a5b6-4fe40cd0167b','3979','194'),('548bbb12-2904-53fc-04b8-4fe40c92f958','3980','195'),('adbbefd9-9fbc-4c88-000c-4fe40cb7d064','3981','196'),('911a2cb3-54d6-b648-137f-4fe40d643227','3982','197'),('29220b32-9265-d7dd-dd37-4fe40dd66fb7','3983','198'),('384b857d-eab6-4bef-c2f0-4fe40ef6a929','3984','199'),('34ed6a4d-bd4f-5116-2882-4fe40ef5088b','3985','200'),('d28bb51b-8251-4396-a63d-4fe40ec61eaa','3986','201'),('c2242865-6ad5-6313-5a0e-4fe40e0b38e2','3987','202'),('ab28e3c7-0787-5f3f-9221-4fe4131fd43f','3988','203'),('2e560469-de22-4f2d-3f3d-4fe4139eeda1','3989','204'),('333c0b9b-9d75-4434-0930-4fecf149a910','3992','205'),('228b645a-3168-1b98-3563-4fedf3ec6ec1','4000','206'),('8fdceab5-61d9-d69d-5789-4fedf3369cbd','4001','207'),('2d52966c-111d-64bb-0b9b-4fedf4f8601b','4002','208'),('5c2c41b3-f751-5fbf-29b5-4fedf69f3ac4','4003','209'),('2c3689b6-d408-06d5-e657-4fedf68aa0a7','4004','210'),('ab993771-0aa4-de5c-fc65-4fedf6133799','4005','211'),('bb3abac4-f3f9-7945-b383-4fedf9199f7f','4006','212'),('10c3e228-ddf2-46e3-6a6f-4fedfc44edfa','4007','213'),('8d9c97f6-96d0-6ef3-d8b7-4fedfc836f04','4008','214');
/*!40000 ALTER TABLE `aos_products_cstm` ENABLE KEYS */;
UNLOCK TABLES;

--
-- Table structure for table `aos_products_quotes`
--

DROP TABLE IF EXISTS `aos_products_quotes`;
/*!40101 SET @saved_cs_client     = @@character_set_client */;
/*!40101 SET character_set_client = utf8 */;
CREATE TABLE `aos_products_quotes` (
  `id` char(36) NOT NULL,
  `name` varchar(255) DEFAULT NULL,
  `date_entered` datetime DEFAULT NULL,
  `date_modified` datetime DEFAULT NULL,
  `modified_user_id` char(36) DEFAULT NULL,
  `created_by` char(36) DEFAULT NULL,
  `description` text,
  `deleted` tinyint(1) DEFAULT '0',
  `assigned_user_id` char(36) DEFAULT NULL,
  `number` int(11) DEFAULT NULL,
  `product_qty` decimal(18,4) DEFAULT NULL,
  `product_cost_price` decimal(26,6) DEFAULT NULL,
  `product_list_price` decimal(26,6) DEFAULT NULL,
  `product_discount` decimal(26,6) DEFAULT NULL,
  `product_discount_amount` decimal(26,6) DEFAULT NULL,
  `discount` varchar(255) DEFAULT 'Percentage',
  `product_unit_price` decimal(26,6) DEFAULT NULL,
  `vat_amt` decimal(26,6) DEFAULT NULL,
  `product_total_price` decimal(26,6) DEFAULT NULL,
  `vat` varchar(100) DEFAULT '5.0',
  `parent_type` varchar(100) DEFAULT NULL,
  `parent_id` char(36) DEFAULT NULL,
  `product_id` char(36) DEFAULT NULL,
  `unit` varchar(100) DEFAULT NULL,
  `product_code` varchar(100) DEFAULT NULL,
  `product_total_nrc` double DEFAULT NULL,
  `product_total_lmd` double DEFAULT NULL,
  `quotes_product_name` varchar(100) DEFAULT NULL,
  `per_unit_price` double DEFAULT NULL,
  `desired_install_date` date DEFAULT NULL,
  `service_period` varchar(100) DEFAULT '24 Months',
  `renewal_period` varchar(100) DEFAULT '12 Months',
  `product_service_period` varchar(100) DEFAULT '24 Months',
  `product_renewal_period` varchar(100) DEFAULT '12 Months',
  `is_service` tinyint(1) DEFAULT '0',
  `service_address_id` varchar(40) DEFAULT NULL,
  PRIMARY KEY (`id`)
) ENGINE=MyISAM DEFAULT CHARSET=utf8;
/*!40101 SET character_set_client = @saved_cs_client */;

--
-- Dumping data for table `aos_products_quotes`
--

LOCK TABLES `aos_products_quotes` WRITE;
/*!40000 ALTER TABLE `aos_products_quotes` DISABLE KEYS */;
INSERT INTO `aos_products_quotes` VALUES ('6173c4a8-653b-c371-0afc-4f298bfb833d','HSRP Configuration ','2012-02-01 18:58:33','2012-04-07 15:46:09','1','1',NULL,0,NULL,1,'112.0000','175.000000','19600.000000','0.000000','0.000000','Amount','19600.000000','2332.400000','19600.000000','11.9','AOS_Quotes','5fa96842-e9f3-67e0-2f17-4f298bbc1548','6e5b2c45-bdd3-1071-19e3-4f758bf14563','Each','xxx',19600,19600,'HSRP Configuration ',175,NULL,'24 Months','12 Months','24 Months','12 Months',0,NULL),('61f129a4-6070-4e5d-0d98-4f298b108310','Clear Channel Internet','2012-02-01 18:58:33','2012-04-07 15:46:09','1','1',NULL,0,NULL,2,'12.0000','0.000000','5100.000000','0.000000','0.000000','Amount','5100.000000','606.900000','5100.000000','11.9','AOS_Quotes','5fa96842-e9f3-67e0-2f17-4f298bbc1548','9c318fa3-8bf8-28ae-d404-4f2986d3e707','Mbps','XXXX',5100,5100,'Clear Channel Internet ',425,NULL,'24 Months','12 Months','24 Months','12 Months',0,NULL),('6248995b-23d9-4f59-bbe7-4f298b5e54b1','GigE (1000Mb) Internet Uplink - Secondary','2012-02-01 18:58:33','2012-04-07 15:46:09','1','1',NULL,0,NULL,3,'1200.0000','250.000000','300000.000000','2.000000','2.000000','Amount','299998.000000','35699.760000','299998.000000','11.9','AOS_Quotes','5fa96842-e9f3-67e0-2f17-4f298bbc1548','8c5935eb-74f2-f6e1-58fe-4f75870a4a82','Each','xxx',299998,299998,'GigE (1000Mb) Internet Uplink - Secondary',250,NULL,'24 Months','12 Months','24 Months','12 Months',0,NULL),('9a4a2efb-148b-0d12-0ef3-4f2ae609410f','Clear Channel 3.0mbps Internet','2012-02-01 18:58:33','2012-02-02 19:38:17','1','1',NULL,0,NULL,1,'1.0000','750.000000','1500.000000','200.000000','-200.000000','Amount','1300.000000','65.000000','1300.000000','5.0','AOS_Invoices','98c0484b-8cfb-bb94-00ac-4f2ae60e5d14','9c318fa3-8bf8-28ae-d404-4f2986d3e707',NULL,NULL,NULL,NULL,NULL,NULL,NULL,'24 Months','12 Months','24 Months','12 Months',0,NULL),('9b508569-62f4-6dd2-b00d-4f2ae6b53fbb','10,000 Minutes','2012-02-01 18:58:33','2012-02-02 19:38:17','1','1',NULL,0,NULL,2,'1.0000','0.010000','300.000000','30.000000','-30.000000','Amount','270.000000','13.500000','270.000000','5.0','AOS_Invoices','98c0484b-8cfb-bb94-00ac-4f2ae60e5d14','25e8ddd8-d8fd-8539-2724-4f298838b100',NULL,NULL,NULL,NULL,NULL,NULL,NULL,'24 Months','12 Months','24 Months','12 Months',0,NULL),('9bca6cf7-6644-5e30-5432-4f2ae68a66e5','Enhanced Extension','2012-02-01 18:58:33','2012-02-02 19:38:17','1','1',NULL,0,NULL,3,'10.0000','0.010000','8.000000','2.000000','-2.000000','Amount','6.000000','3.000000','60.000000','5.0','AOS_Invoices','98c0484b-8cfb-bb94-00ac-4f2ae60e5d14','7b764d87-208a-1aa5-dcba-4f29884bc105',NULL,NULL,NULL,NULL,NULL,NULL,NULL,'24 Months','12 Months','24 Months','12 Months',0,NULL),('bb4d1d7e-5455-234a-ce18-4f5f97ec41fc','REMOVE Whisper Feature ','2012-03-13 18:54:54','2012-04-07 15:46:09','1','1',NULL,0,NULL,4,'145.0000','100.000000','14500.000000','0.000000','0.000000','Amount','14500.000000','1725.500000','14500.000000','11.9','AOS_Quotes','5fa96842-e9f3-67e0-2f17-4f298bbc1548','e024a2d5-f164-b3f2-05a0-4f75816d7872','Each','xxx',14500,14500,'REMOVE Whisper Feature ',100,NULL,'24 Months','12 Months','24 Months','12 Months',0,NULL),('9d497cc2-2978-72a9-e8b5-4f60d1881b25','DS-3 ','2012-03-14 17:11:37','2012-04-07 15:46:09','1','1',NULL,0,NULL,5,'1000.0000','250.000000','250000.000000','0.000000','0.000000','Amount','250000.000000','29750.000000','250000.000000','11.9','AOS_Quotes','5fa96842-e9f3-67e0-2f17-4f298bbc1548','3a286901-f2d4-cf53-311f-4f7588af1734','Each','xxx',250000,250000,'DS-3 ',250,NULL,'24 Months','12 Months','24 Months','12 Months',0,NULL),('92a2374a-181d-4288-f923-4f6a0edb2033','Enhanced Extension','2012-02-01 18:58:33','2012-03-21 17:23:36','1','1',NULL,0,NULL,1,'112.0000','0.010000','8.000000','8.000000','-8.000000','Amount','0.000000','0.000000','0.000000','5.0','AOS_Invoices','90eaeaf5-622d-3ae2-18b9-4f6a0e5b4044','7b764d87-208a-1aa5-dcba-4f29884bc105','Amps','77887777',0,0,NULL,NULL,NULL,'24 Months','12 Months','24 Months','12 Months',0,NULL),('932adcf6-2db8-8b29-8c6b-4f6a0e4cf426','Clear Channel Internet','2012-02-01 18:58:33','2012-03-21 17:23:36','1','1',NULL,0,NULL,2,'12.0000','0.000000','0.000000','0.000000','0.000000','Amount','0.000000','0.000000','0.000000','5.0','AOS_Invoices','90eaeaf5-622d-3ae2-18b9-4f6a0e5b4044','9c318fa3-8bf8-28ae-d404-4f2986d3e707','Mbps','XXXX',0,0,NULL,NULL,NULL,'24 Months','12 Months','24 Months','12 Months',0,NULL),('93a9dfb1-6b33-5a9d-566d-4f6a0edc8ea6','Enhanced Extension','2012-02-01 18:58:33','2012-03-21 17:23:36','1','1',NULL,0,NULL,3,'1200.0000','0.010000','5666.000000','2.000000','-2.000000','Amount','5664.000000','339840.000000','6796800.000000','5.0','AOS_Invoices','90eaeaf5-622d-3ae2-18b9-4f6a0e5b4044','7b764d87-208a-1aa5-dcba-4f29884bc105','Amps','77887777',6796800,6796800,NULL,NULL,NULL,'24 Months','12 Months','24 Months','12 Months',0,NULL),('942a6fd1-a4e3-e48d-7d86-4f6a0eff7585','Clear Channel Internet','2012-03-13 18:54:54','2012-03-21 17:23:36','1','1',NULL,0,NULL,4,'145465.0000','750.000000','0.000000','0.000000','0.000000','Amount','0.000000','0.000000','0.000000','5.0','AOS_Invoices','90eaeaf5-622d-3ae2-18b9-4f6a0e5b4044','9c318fa3-8bf8-28ae-d404-4f2986d3e707','Minutes','XXXX',0,0,NULL,NULL,NULL,'24 Months','12 Months','24 Months','12 Months',0,NULL),('94a943cb-be09-e8b4-377c-4f6a0e70904d','Enhanced Extension','2012-03-14 17:11:37','2012-03-22 17:20:07','1','1',NULL,0,NULL,5,'1000.0000','0.010000','8.000000','0.000000','0.000000','Amount','8.000000','400.000000','8000.000000','5.0','AOS_Invoices','90eaeaf5-622d-3ae2-18b9-4f6a0e5b4044','7b764d87-208a-1aa5-dcba-4f29884bc105','Amps','77887777',88880,85220,NULL,NULL,NULL,'24 Months','12 Months','24 Months','12 Months',0,NULL),('693e2bf9-d545-5e45-713d-4f7b85bf1540','Clear Channel Internet','2012-04-03 23:20:08','2012-04-24 17:16:42','2bf53c62-efbb-f811-41f8-4f3d64001d45','2bf53c62-efbb-f811-41f8-4f3d64001d45',NULL,1,NULL,1,'1.5010','0.000000','650.000000',NULL,'0.000000','Amount','650.000000','77.350000','650.000000','11.9','AOS_Quotes','67a3dd80-ba2d-d7d5-a6b8-4f7b8534c346','9c318fa3-8bf8-28ae-d404-4f2986d3e707','Mbps','xxx',650,650,NULL,NULL,NULL,'24 Months','12 Months','24 Months','12 Months',0,NULL),('69bf5cf5-bcc1-a1fa-3433-4f8df4dc4e3c','Clear Channel Internet','2012-04-17 22:55:45','2012-04-21 13:43:31','1','2bf53c62-efbb-f811-41f8-4f3d64001d45',' ',0,NULL,1,'6.1000','0.000000','3250.000000','500.000000','500.000000','Amount','2750.000000','327.250000','2750.000000','11.9','AOS_Quotes','67c89441-a287-27d1-09f9-4f8ddce2412e','9c318fa3-8bf8-28ae-d404-4f2986d3e707','Mbps','IN00100',2750,2750,'Clear Channel Internet',532.7869,'2012-04-08','24 Months','12 Months','24 Months','12 Months',0,NULL),('6deb09f8-d8b8-769d-4716-4f8df40db126','Enhanced Extension','2012-04-17 22:55:45','2012-04-21 13:43:31','1','2bf53c62-efbb-f811-41f8-4f3d64001d45',NULL,0,NULL,2,'10.0000','45.000000','450.000000','50.000000','50.000000','Amount','400.000000','47.600000','400.000000','11.9','AOS_Quotes','67c89441-a287-27d1-09f9-4f8ddce2412e','7b764d87-208a-1aa5-dcba-4f29884bc105','Each','VO00100',400,400,'Enhanced Extension',45,'2012-04-22','24 Months','12 Months','24 Months','12 Months',0,NULL),('6e581cc1-106f-c917-3639-4f8df43c3703','Minute Block','2012-04-17 22:55:45','2012-04-21 13:43:31','1','2bf53c62-efbb-f811-41f8-4f3d64001d45',NULL,0,NULL,3,'10000.0000','0.000000','75.000000','25.000000','25.000000','Amount','50.000000','5.950000','50.000000','11.9','AOS_Quotes','67c89441-a287-27d1-09f9-4f8ddce2412e','91a05d16-f0a1-ceb0-396d-4f8609eda5fd','Minutes','VO00400',50,50,'Minute Block',0.0075,'2012-04-23','24 Months','12 Months','24 Months','12 Months',0,NULL),('6ec69767-e90c-5d1d-f272-4f8df4ea69ff','BGP Configuration & Monitoring ','2012-04-17 22:55:45','2012-04-21 13:43:31','1','2bf53c62-efbb-f811-41f8-4f3d64001d45',NULL,0,NULL,4,'1.0000','175.000000','175.000000','0.000000','0.000000','Percentage','175.000000','0.000000','175.000000','0.0','AOS_Quotes','67c89441-a287-27d1-09f9-4f8ddce2412e','19b42493-dbf3-c292-6672-4f758b1039ad','Each','PR00300',175,175,'BGP Configuration & Monitoring ',175,'2012-04-01','24 Months','12 Months','24 Months','12 Months',0,NULL),('61ee040e-2fd7-cbfb-9a39-4f928284f6b2','Minute Block','2012-04-21 09:46:57','2012-04-21 13:43:31','1','1',NULL,0,NULL,5,'1000.0000','0.000000','45.000000','0.000000','0.000000','Amount','45.000000','5.360000','45.000000','11.9','AOS_Quotes','67c89441-a287-27d1-09f9-4f8ddce2412e','91a05d16-f0a1-ceb0-396d-4f8609eda5fd','Minutes','VO00400',45,45,'Minute Block',0.045,'2012-04-24','24 Months','12 Months','24 Months','12 Months',0,NULL),('22a3e464-cf8b-ffbb-e7bd-4f96dff34806','Clear Channel Internet','2012-04-24 17:16:42','2012-04-24 21:06:00','2bf53c62-efbb-f811-41f8-4f3d64001d45','2bf53c62-efbb-f811-41f8-4f3d64001d45',NULL,0,NULL,1,'3.0000','0.000000','650.000000','50.000000','50.000000','Amount','600.000000','71.400000','600.000000','11.9','AOS_Quotes','67a3dd80-ba2d-d7d5-a6b8-4f7b8534c346','9c318fa3-8bf8-28ae-d404-4f2986d3e707','Mbps','IN00100',600,600,'Blazing Internet',216.6667,NULL,'24 Months','12 Months','12 Months','24 Months',0,NULL),('45b2db03-a11e-ca90-88a0-4f970d19515a','Basic Automated Attendant ','2012-04-24 20:32:28','2012-04-24 21:06:00','2bf53c62-efbb-f811-41f8-4f3d64001d45','2bf53c62-efbb-f811-41f8-4f3d64001d45',NULL,0,NULL,2,'1.0000','45.000000','45.000000','0.000000','0.000000','Amount','45.000000','5.360000','45.000000','11.9','AOS_Quotes','67a3dd80-ba2d-d7d5-a6b8-4f7b8534c346','9a3ba35f-a29f-4173-56b0-4f756e95fb7b','Each','VO00900',45,45,'Basic Automated Attendant ',45,NULL,'24 Months','12 Months','12 Months','24 Months',0,NULL),('1383da5c-54b9-d569-3987-4f97119f0c6f','Enhanced Extension','2012-04-24 20:47:04','2012-04-24 21:06:00','2bf53c62-efbb-f811-41f8-4f3d64001d45','2bf53c62-efbb-f811-41f8-4f3d64001d45',NULL,0,NULL,3,'30.0000','45.000000','1350.000000','0.000000','0.000000','Amount','1350.000000','160.650000','1350.000000','11.9','AOS_Quotes','67a3dd80-ba2d-d7d5-a6b8-4f7b8534c346','7b764d87-208a-1aa5-dcba-4f29884bc105','Each','VO00100',1350,1350,'Enhanced Extension',45,NULL,'24 Months','12 Months','12 Months','24 Months',0,NULL),('644e3fea-2b82-599c-4c91-4f97364b4a66','Clear Channel Internet','2012-04-24 23:24:30','2012-05-16 18:27:09','1','1',NULL,0,NULL,6,'300.0000','0.000000','650.000000','10.000000','10.000000','Amount','600.000000','71.400000','600.000000','11.9','AOS_Quotes','62bdea22-4e45-0999-0716-4f97368b3e7c','9c318fa3-8bf8-28ae-d404-4f2986d3e707','Mbps','IN00100',640,600,'Clear Channel Internet',2.1667,'2012-05-21','24 Months','12 Months','12 Months','24 Months',1,NULL),('64efb41e-d7d2-a973-a648-4f9736207ad3','Enhanced Extension','2012-04-24 23:24:30','2012-05-03 15:25:58','1','2bf53c62-efbb-f811-41f8-4f3d64001d45',NULL,1,NULL,2,'20.0000','45.000000','900.000000','50.000000','50.000000','Amount','850.000000','101.150000','850.000000','11.9','AOS_Quotes','62bdea22-4e45-0999-0716-4f97368b3e7c','7b764d87-208a-1aa5-dcba-4f29884bc105','Each','VO00100',0,850,'Enhanced Extension',45,'2012-05-22','24 Months','12 Months','12 Months','24 Months',0,NULL),('65647d1d-5b21-a866-2e52-4f9736411ce1','Minute Block','2012-04-24 23:24:30','2012-05-03 15:25:58','1','2bf53c62-efbb-f811-41f8-4f3d64001d45',NULL,1,NULL,3,'10000.0000','0.000000','500.000000','100.000000','100.000000','Amount','400.000000','47.600000','400.000000','11.9','AOS_Quotes','62bdea22-4e45-0999-0716-4f97368b3e7c','91a05d16-f0a1-ceb0-396d-4f8609eda5fd','Minutes','VO00400',400,400,'Minute Block',0.05,NULL,'24 Months','12 Months','12 Months','24 Months',0,NULL),('f67203dd-7a97-a404-619f-4fa029c5c979','HSRP Configuration ','2012-05-01 18:21:38','2012-05-16 18:27:09','1','1',NULL,0,NULL,1,'20.0000','175.000000','3500.000000','0.000000','0.000000','Amount','3500.000000','416.500000','3500.000000','11.9','AOS_Quotes','62bdea22-4e45-0999-0716-4f97368b3e7c','6e5b2c45-bdd3-1071-19e3-4f758bf14563','Each','PR00500',3400,3200,'HSRP Configuration ',175,NULL,'24 Months','12 Months','12 Months','24 Months',0,'7a05eb0a-4164-10b0-0059-4fa967a8ad7b'),('feb60973-0f12-93d9-ab1e-4fa02914ad82','Voice Broadcast','2012-05-01 18:21:38','2012-05-03 15:25:58','1','1',NULL,1,NULL,2,'1.0000','15.000000','0.000000','0.000000',NULL,'Amount','15.000000',NULL,NULL,'5.0','AOS_Quotes','62bdea22-4e45-0999-0716-4f97368b3e7c','1dc577f3-4e2e-8ff3-93e0-4f860cd3218b','Each','VO01100',15,NULL,'Voice Broadcast',0,NULL,'24 Months','12 Months','24 Months','12 Months',0,NULL),('1049ff81-0258-7faf-386d-4fa0293331fa','Voice Broadcast','2012-05-01 18:21:38','2012-05-03 15:25:58','1','1',NULL,1,NULL,3,'1.0000','15.000000','0.000000','0.000000',NULL,'Amount','15.000000',NULL,NULL,'5.0','AOS_Quotes','62bdea22-4e45-0999-0716-4f97368b3e7c','1dc577f3-4e2e-8ff3-93e0-4f860cd3218b','Each','VO01100',15,NULL,'Voice Broadcast',NULL,NULL,'24 Months','12 Months','24 Months','12 Months',0,NULL),('c7772b84-e057-b715-dc23-4fa02aafec0e','Late Payment ','2012-05-01 18:23:34','2012-05-03 15:25:58','1','1',NULL,1,NULL,1,'1.0000','25.000000','25.000000',NULL,'0.000000','Amount','25.000000','2.980000','25.000000','11.9','AOS_Quotes','62bdea22-4e45-0999-0716-4f97368b3e7c','4ff746e3-1c13-044f-f013-4f758c044ed3','Each','PE00100',25,25,'Late Payment ',45,NULL,'24 Months','12 Months','12 Months','24 Months',0,NULL),('c8447dac-67f5-a98d-268c-4fa02a58e089','Minute Block','2012-05-01 18:23:34','2012-05-03 15:25:58','1','1',NULL,1,NULL,2,'1.0000','0.000000','45.000000','0.000000',NULL,'Amount','0.000000',NULL,NULL,'5.0','AOS_Quotes','62bdea22-4e45-0999-0716-4f97368b3e7c','91a05d16-f0a1-ceb0-396d-4f8609eda5fd','Minutes','VO00400',45,NULL,'Minute Block',NULL,NULL,'24 Months','12 Months','24 Months','12 Months',0,NULL),('5a7b40a6-d907-e42a-47b2-4fa2a3da42ee','Minute Block','2012-05-03 15:25:58','2012-05-16 18:27:09','1','1','test',0,NULL,5,'1.0000','0.000000','45.000000','0.000000','0.000000','Amount','45.000000','0.000000','45.000000','0.0','AOS_Quotes','62bdea22-4e45-0999-0716-4f97368b3e7c','91a05d16-f0a1-ceb0-396d-4f8609eda5fd','Minutes','VO00400',45,45,'Minute Block',45,NULL,'24 Months','12 Months','24 Months','12 Months',1,NULL),('74cec35b-acbb-e9dc-95b1-4fa2a3c2c7cc','Engineering Services ','2012-05-03 15:27:09','2012-05-16 18:27:09','1','1',NULL,0,NULL,2,'200.0000','175.000000','35000.000000','500.000000','500.000000','Amount','34500.000000','0.000000','34500.000000','0.0','AOS_Quotes','62bdea22-4e45-0999-0716-4f97368b3e7c','81fa39f4-1600-5cd5-5a58-4f758bb8a269','Each','PR00200',34500,34500,'Engineering Services ',175,'2012-04-27','24 Months','12 Months','12 Months','12 Months',0,'7a05eb0a-4164-10b0-0059-4fa967a8ad7b'),('d04bf1c0-66d4-84a2-f8c3-4fa6e99ca16d','Remote Hands (after hours) ','2012-05-06 21:15:10','2012-05-16 18:27:09','1','1',NULL,0,NULL,3,'1.0000','225.000000','225.000000','100.000000','225.000000','Percentage','0.000000','0.000000','0.000000','11.9','AOS_Quotes','62bdea22-4e45-0999-0716-4f97368b3e7c','de17c51b-91b6-d37a-7c57-4f758b4adcdf','Each','PR00600',0,0,'Remote Hands (after hours) ',225,NULL,'24 Months','12 Months','12 Months','24 Months',0,'7a05eb0a-4164-10b0-0059-4fa967a8ad7b'),('414b03d6-8469-c000-5373-4fadf28ef2cf','Call Recording per extension ','2012-05-12 05:16:01','2012-05-16 18:27:09','1','1',NULL,0,NULL,4,'200.0000','45.000000','9000.000000','0.000000','0.000000','Amount','9000.000000','1071.000000','9000.000000','11.9','AOS_Quotes','62bdea22-4e45-0999-0716-4f97368b3e7c','4f694772-b323-a589-df66-4f7580c3dbdc','Each','VO01700',9000,9000,'Call Recording per extension ',45,NULL,'24 Months','12 Months','12 Months','24 Months',0,NULL),('bfa62d36-11e4-6a8b-55a2-4fb2906cbd88','Minute Block','2012-05-15 17:22:52','2012-05-16 18:27:09','1','1',NULL,0,NULL,7,'20000.0000','0.000000','500.000000','0.000000','0.000000','Amount','0.030000',NULL,NULL,'5.0','AOS_Quotes','62bdea22-4e45-0999-0716-4f97368b3e7c','91a05d16-f0a1-ceb0-396d-4f8609eda5fd','Minutes','VO00400',500,NULL,'Minute Block',0.025,NULL,'24 Months','12 Months','24 Months','12 Months',1,NULL),('680d4e8b-748c-e8d2-b3b2-4fb2c30df33b','Clear Channel Internet','2012-05-15 20:56:51','2012-05-15 21:25:32','2bf53c62-efbb-f811-41f8-4f3d64001d45','2bf53c62-efbb-f811-41f8-4f3d64001d45',NULL,1,NULL,1,'3.0000','0.000000','800.000000','200.000000','200.000000','Amount','600.000000','71.400000','600.000000','11.9','AOS_Quotes','66a50f99-218e-9a6a-7807-4fb2c3118710','9c318fa3-8bf8-28ae-d404-4f2986d3e707','Mbps','IN00100',600,600,'Clear Channel Internet',266.6667,'2012-05-31','24 Months','12 Months','12 Months','24 Months',0,NULL),('5e8f4698-2c0d-1c5b-7ee2-4fb2c9005c1f','Clear Channel Internet','2012-05-15 21:25:32','2012-05-21 16:48:49','1','2bf53c62-efbb-f811-41f8-4f3d64001d45','Special Notes to customer go here and will be shown on Quote.',0,NULL,1,'3.0000','0.000000','650.000000','25.000000','25.000000','Amount','625.000000','74.380000','625.000000','11.9','AOS_Quotes','66a50f99-218e-9a6a-7807-4fb2c3118710','9c318fa3-8bf8-28ae-d404-4f2986d3e707','Mbps','IN00100',625,625,'Super Internet',216.6667,'2012-05-20','24 Months','12 Months','12','24',0,'2dc72617-ea9c-3a6c-1964-4fb2bbdafcd1'),('a8555546-e691-8f77-d201-4fc67ae04f86','Call Center Statistics ','2012-05-30 19:54:32','2012-06-07 19:16:21','2bf53c62-efbb-f811-41f8-4f3d64001d45','9106f88a-f272-8119-72a3-4f3165461fc6','Call Center Note',1,NULL,1,'1.0000','150.000000','150.000000','25.000000','25.000000','Amount','125.000000','14.880000','125.000000','11.9','AOS_Quotes','a6f8f833-cc01-424e-d7e0-4fc67abff248','1c6b2a64-b961-574e-985f-4f757240bb33','Each','VO01200',125,125,'Call Center Statistics ',150,'2012-06-14','24 Months','12 Months','12','24',0,'68b06612-5bc8-50f3-d2bf-4fcf9a6656e8'),('5f44f8e4-7d7b-32a0-295d-4fb2c920efb8','BGP Configuration & Monitoring ','2012-05-15 21:25:32','2012-05-21 16:48:49','1','2bf53c62-efbb-f811-41f8-4f3d64001d45',NULL,0,NULL,2,'5000.0000','175.000000','875000.000000','8000.000000','8000.000000','Amount','175.000000',NULL,NULL,'5.0','AOS_Quotes','66a50f99-218e-9a6a-7807-4fb2c3118710','19b42493-dbf3-c292-6672-4f758b1039ad','Each','PR00300',867000,NULL,'BGP Configuration & Monitoring ',175,NULL,'24 Months','12 Months','24 Months','12 Months',1,NULL),('afcffa0d-91b6-6859-eaa3-4fc6800aae3d','Call Center Agent ','2012-05-30 20:17:51','2012-06-07 19:16:21','2bf53c62-efbb-f811-41f8-4f3d64001d45','9106f88a-f272-8119-72a3-4f3165461fc6',NULL,1,NULL,2,'10.0000','5.000000','50.000000','0.000000','0.000000','Amount','50.000000','5.950000','50.000000','11.9','AOS_Quotes','a6f8f833-cc01-424e-d7e0-4fc67abff248','c1ab7b16-5bd4-6a72-f8a7-4f75725956f9','Each','VO01400',50,50,'Call Center Agent ',5,NULL,'24 Months','12 Months','12','24',0,NULL),('b04a72eb-6634-39d6-f0ca-4fc680ce96dc','Minute Block','2012-05-30 20:17:51','2012-06-07 19:16:21','2bf53c62-efbb-f811-41f8-4f3d64001d45','9106f88a-f272-8119-72a3-4f3165461fc6',NULL,1,NULL,3,'10001.0000','0.000000','500.000000','0.000000','0.000000','Amount','500.000000','59.500000','500.000000','11.9','AOS_Quotes','a6f8f833-cc01-424e-d7e0-4fc67abff248','91a05d16-f0a1-ceb0-396d-4f8609eda5fd','Minutes','VO00400',500,500,'Minute Block',0.05,NULL,'24 Months','12 Months','12','24',0,NULL),('ba946f17-90a5-8800-d741-4fd0fb4810ba','Engineering Services ','2012-06-07 19:03:51','2012-06-07 19:16:21','2bf53c62-efbb-f811-41f8-4f3d64001d45','2bf53c62-efbb-f811-41f8-4f3d64001d45',NULL,1,NULL,4,'1.0000','175.000000','0.000000','0.000000','0.000000','Amount','175.000000',NULL,NULL,'5.0','AOS_Quotes','a6f8f833-cc01-424e-d7e0-4fc67abff248','81fa39f4-1600-5cd5-5a58-4f758bb8a269','Each','PR00200',1750,NULL,'Waive Install Fees',0,NULL,'24 Months','12 Months','24 Months','12 Months',1,NULL),('dd64742b-0f2a-9936-96f3-4fd0fe2d883d','Basic Automated Attendant ','2012-06-07 19:16:21','2012-06-07 19:17:38','2bf53c62-efbb-f811-41f8-4f3d64001d45','2bf53c62-efbb-f811-41f8-4f3d64001d45','Includes 4 hours of engineering to define and configure. Beyond 4 hours will be billed T&M at $150/hour.',0,NULL,1,'1.0000','45.000000','45.000000','5.000000','5.000000','Amount','40.000000','4.760000','40.000000','11.9','AOS_Quotes','a6f8f833-cc01-424e-d7e0-4fc67abff248','9a3ba35f-a29f-4173-56b0-4f756e95fb7b','Each','VO00900',40,40,'Basic Automated Attendant ',45,'2012-06-28','24 Months','12 Months','12','24',0,'68b06612-5bc8-50f3-d2bf-4fcf9a6656e8'),('b3d356e3-e877-c4cf-8e11-4fd0fe03cf08','Enhanced Extension','2012-06-07 19:17:38','2012-06-07 19:17:38','2bf53c62-efbb-f811-41f8-4f3d64001d45','2bf53c62-efbb-f811-41f8-4f3d64001d45',NULL,0,NULL,2,'20.0000','45.000000','900.000000','100.000000','100.000000','Amount','800.000000','95.200000','800.000000','11.9','AOS_Quotes','a6f8f833-cc01-424e-d7e0-4fc67abff248','7b764d87-208a-1aa5-dcba-4f29884bc105','Each','VO00100',800,800,'Enhanced Extension',45,'2012-06-28','24 Months','12 Months','12','24',0,NULL),('59f06309-ea6d-2f85-c8ad-4fd105b38f54','Basic Automated Attendant ','2012-06-07 19:47:42','2012-06-07 21:48:19','2bf53c62-efbb-f811-41f8-4f3d64001d45','2bf53c62-efbb-f811-41f8-4f3d64001d45','Service Notes',0,NULL,1,'1.0000','45.000000','60.000000','10.000000','10.000000','Amount','50.000000','5.950000','50.000000','11.9','AOS_Quotes','57ff3353-f377-a7aa-3138-4fd105124b23','9a3ba35f-a29f-4173-56b0-4f756e95fb7b','Each','VO00900',50,50,'Basic Automated Attendant ',60,'2012-06-16','24 Months','12 Months','12','24',0,'73dafaa6-8e76-d5ed-2a8b-4fd104b83c68'),('5a94dd5e-2be7-1ce1-d6db-4fd10590caff','Enhanced Extension','2012-06-07 19:47:42','2012-06-07 21:48:19','2bf53c62-efbb-f811-41f8-4f3d64001d45','2bf53c62-efbb-f811-41f8-4f3d64001d45',NULL,0,NULL,2,'20.0000','45.000000','900.000000','100.000000','100.000000','Amount','800.000000','95.200000','800.000000','11.9','AOS_Quotes','57ff3353-f377-a7aa-3138-4fd105124b23','7b764d87-208a-1aa5-dcba-4f29884bc105','Each','VO00100',800,800,'Enhanced Extension',45,'2012-06-16','24 Months','12 Months','12','24',0,'73dafaa6-8e76-d5ed-2a8b-4fd104b83c68'),('364524fd-5621-f749-bbdf-4fd1094b231d','Minute Block','2012-06-07 20:06:04','2012-06-07 21:48:19','2bf53c62-efbb-f811-41f8-4f3d64001d45','2bf53c62-efbb-f811-41f8-4f3d64001d45',NULL,0,NULL,3,'15000.0000','0.000000','500.000000','100.000000','100.000000','Amount','400.000000','47.600000','400.000000','11.9','AOS_Quotes','57ff3353-f377-a7aa-3138-4fd105124b23','91a05d16-f0a1-ceb0-396d-4f8609eda5fd','Minutes','VO00400',400,400,'Minute Block',0.0333,'2012-06-16','24 Months','12 Months','12','24',0,NULL),('36bad5ea-112d-3490-ec80-4fd1096b2250','Engineering Services ','2012-06-07 20:06:04','2012-06-07 21:48:19','2bf53c62-efbb-f811-41f8-4f3d64001d45','2bf53c62-efbb-f811-41f8-4f3d64001d45',NULL,0,NULL,5,'10.0000','175.000000','1750.000000','50.000000','50.000000','Amount','175.000000',NULL,NULL,'5.0','AOS_Quotes','57ff3353-f377-a7aa-3138-4fd105124b23','81fa39f4-1600-5cd5-5a58-4f758bb8a269','Each','PR00200',1700,NULL,'Engineering Services ',175,NULL,'24 Months','12 Months','24 Months','12 Months',1,NULL),('3573fca6-6fae-6ac3-07e9-4fd10d4789e7','Clear Channel Internet','2012-06-07 20:21:43','2012-06-07 21:48:19','2bf53c62-efbb-f811-41f8-4f3d64001d45','2bf53c62-efbb-f811-41f8-4f3d64001d45',NULL,0,NULL,4,'3.0000','0.000000','650.000000','50.000000','50.000000','Amount','600.000000','71.400000','600.000000','11.9','AOS_Quotes','57ff3353-f377-a7aa-3138-4fd105124b23','9c318fa3-8bf8-28ae-d404-4f2986d3e707','Mbps','IN00100',600,600,'Clear Channel Internet',216.6667,'2012-06-17','24 Months','12 Months','12','24',0,NULL),('689ee3ab-6bce-7b8a-007f-4fd1218ef6de','Call Center Hunt Group','2012-06-07 21:46:47','2012-06-07 21:48:19','2bf53c62-efbb-f811-41f8-4f3d64001d45','2bf53c62-efbb-f811-41f8-4f3d64001d45',NULL,1,NULL,5,'5.0000','10.000000','50.000000','0.000000','0.000000','Amount','50.000000','5.950000','50.000000','11.9','AOS_Quotes','57ff3353-f377-a7aa-3138-4fd105124b23','b9a083f0-b1b3-0f6f-d6a2-4f860b1616eb','Each','VO01300',50,50,'Call Center Hunt Group',10,'2012-06-28','24 Months','12 Months','12','24',0,NULL),('1b45cfe1-2d33-4fd3-1415-4fd121853a98','Remote Hands (after hours) ','2012-06-07 21:47:49','2012-06-07 21:48:19','2bf53c62-efbb-f811-41f8-4f3d64001d45','2bf53c62-efbb-f811-41f8-4f3d64001d45',NULL,1,NULL,7,'5.0000','225.000000','1125.000000','0.000000','0.000000','Amount','225.000000',NULL,NULL,'5.0','AOS_Quotes','57ff3353-f377-a7aa-3138-4fd105124b23','de17c51b-91b6-d37a-7c57-4f758b4adcdf','Each','PR00600',1125,NULL,'Remote Hands (after hours) ',225,NULL,'24 Months','12 Months','24 Months','12 Months',1,NULL);
/*!40000 ALTER TABLE `aos_products_quotes` ENABLE KEYS */;
UNLOCK TABLES;

--
-- Table structure for table `aos_products_quotes_audit`
--

DROP TABLE IF EXISTS `aos_products_quotes_audit`;
/*!40101 SET @saved_cs_client     = @@character_set_client */;
/*!40101 SET character_set_client = utf8 */;
CREATE TABLE `aos_products_quotes_audit` (
  `id` char(36) NOT NULL,
  `parent_id` char(36) NOT NULL,
  `date_created` datetime DEFAULT NULL,
  `created_by` varchar(36) DEFAULT NULL,
  `field_name` varchar(100) DEFAULT NULL,
  `data_type` varchar(100) DEFAULT NULL,
  `before_value_string` varchar(255) DEFAULT NULL,
  `after_value_string` varchar(255) DEFAULT NULL,
  `before_value_text` text,
  `after_value_text` text,
  KEY `idx_aos_products_quotes_primary` (`id`),
  KEY `idx_aos_products_quotes_parent_id` (`parent_id`)
) ENGINE=MyISAM DEFAULT CHARSET=utf8;
/*!40101 SET character_set_client = @saved_cs_client */;

--
-- Dumping data for table `aos_products_quotes_audit`
--

LOCK TABLES `aos_products_quotes_audit` WRITE;
/*!40000 ALTER TABLE `aos_products_quotes_audit` DISABLE KEYS */;
/*!40000 ALTER TABLE `aos_products_quotes_audit` ENABLE KEYS */;
UNLOCK TABLES;

--
-- Table structure for table `aos_quotes`
--

DROP TABLE IF EXISTS `aos_quotes`;
/*!40101 SET @saved_cs_client     = @@character_set_client */;
/*!40101 SET character_set_client = utf8 */;
CREATE TABLE `aos_quotes` (
  `id` char(36) NOT NULL,
  `name` varchar(255) DEFAULT NULL,
  `date_entered` datetime DEFAULT NULL,
  `date_modified` datetime DEFAULT NULL,
  `modified_user_id` char(36) DEFAULT NULL,
  `created_by` char(36) DEFAULT NULL,
  `description` text,
  `deleted` tinyint(1) DEFAULT '0',
  `assigned_user_id` char(36) DEFAULT NULL,
  `approval_issue` text,
  `billing_account_id` char(36) DEFAULT NULL,
  `billing_contact_id` char(36) DEFAULT NULL,
  `billing_address_street` varchar(150) DEFAULT NULL,
  `billing_address_city` varchar(100) DEFAULT NULL,
  `billing_address_state` varchar(100) DEFAULT NULL,
  `billing_address_postalcode` varchar(20) DEFAULT NULL,
  `billing_address_country` varchar(255) DEFAULT NULL,
  `shipping_address_street` varchar(150) DEFAULT NULL,
  `shipping_address_city` varchar(100) DEFAULT NULL,
  `shipping_address_state` varchar(100) DEFAULT NULL,
  `shipping_address_postalcode` varchar(20) DEFAULT NULL,
  `shipping_address_country` varchar(255) DEFAULT NULL,
  `expiration` date DEFAULT NULL,
  `number` varchar(50) DEFAULT NULL,
  `opportunity_id` char(36) DEFAULT NULL,
  `template_ddown_c` text,
  `total_amt` decimal(26,6) DEFAULT NULL,
  `subtotal_amount` decimal(26,6) DEFAULT NULL,
  `discount_amount` decimal(26,6) DEFAULT NULL,
  `tax_amount` decimal(26,6) DEFAULT NULL,
  `shipping_amount` decimal(26,6) DEFAULT NULL,
  `total_amount` decimal(26,6) DEFAULT NULL,
  `currency_id` char(36) DEFAULT NULL,
  `stage` varchar(100) DEFAULT 'Draft',
  `term` varchar(100) DEFAULT NULL,
  `terms_c` text,
  `approval_status` varchar(100) DEFAULT NULL,
  `invoice_status` varchar(100) DEFAULT 'Not Invoiced',
  `subtotal_tax_amount` decimal(26,6) DEFAULT NULL,
  `total_nrc` decimal(26,6) DEFAULT NULL,
  `total_lmd` decimal(26,6) DEFAULT NULL,
  `total_discount` decimal(26,6) DEFAULT NULL,
  `order_discount` decimal(26,6) DEFAULT NULL,
  `service_period` int(11) DEFAULT '24',
  `renewal_period` int(11) DEFAULT '12',
  `product_subtotal_discount` decimal(26,6) DEFAULT NULL,
  `product_subtotal_mrc` decimal(26,6) DEFAULT NULL,
  `product_subtotal_lmd` decimal(26,6) DEFAULT NULL,
  `product_subtotal_nrc` decimal(26,6) DEFAULT NULL,
  `service_subtotal_discount` decimal(26,6) DEFAULT NULL,
  `service_subtotal_nrc` decimal(26,6) DEFAULT NULL,
  `quote_desired_install` date DEFAULT NULL,
  `order_nrc_discont` decimal(26,6) DEFAULT NULL,
  `total_nrc_discont` decimal(26,6) DEFAULT NULL,
  `total_nrc_subtotal` decimal(26,6) DEFAULT NULL,
  `grand_total_nrc` decimal(26,6) DEFAULT NULL,
  `product_subtotal_list_price` decimal(26,6) DEFAULT NULL,
  `product_subtotal_tax` decimal(26,6) DEFAULT NULL,
  `quote_cover_letter` text,
  `quote_introduction` text,
  `quote_final_notes` text,
  PRIMARY KEY (`id`)
) ENGINE=MyISAM DEFAULT CHARSET=utf8;
/*!40101 SET character_set_client = @saved_cs_client */;

--
-- Dumping data for table `aos_quotes`
--

LOCK TABLES `aos_quotes` WRITE;
/*!40000 ALTER TABLE `aos_quotes` DISABLE KEYS */;
INSERT INTO `aos_quotes` VALUES ('5fa96842-e9f3-67e0-2f17-4f298bbc1548','Internet and VOIP','2012-02-01 18:58:33','2012-04-07 15:46:09','1','1',NULL,0,'9106f88a-f272-8119-72a3-4f3165461fc6',NULL,'5f670136-f107-f7c3-68a9-4f2985be35cf','bc2b8613-7800-d1d4-1f0e-4f2984fdcc27','941 Orange Ave #108','Coronado','CA','92118','US','941 Orange Ave #108','Coronado','CA','92118','US','2012-02-29','1','ca209b95-d565-6308-bdc0-4f2986bff41f','^9260051b-2e32-7aea-8aeb-4f70dcc6843f^','589196.000000','589198.000000','2.000000','70114.560000',NULL,'659312.560000',NULL,'Draft','Net 15',NULL,'Approved','Invoiced',NULL,'589198.000000','589198.000000','2.000000',NULL,24,12,NULL,NULL,NULL,NULL,NULL,NULL,NULL,NULL,NULL,NULL,NULL,NULL,NULL,NULL,NULL,NULL),('67a3dd80-ba2d-d7d5-a6b8-4f7b8534c346','Jeff\'s Super Quote','2012-04-03 23:20:08','2012-04-24 21:06:00','2bf53c62-efbb-f811-41f8-4f3d64001d45','2bf53c62-efbb-f811-41f8-4f3d64001d45',NULL,0,'2bf53c62-efbb-f811-41f8-4f3d64001d45',NULL,'5f670136-f107-f7c3-68a9-4f2985be35cf','bc2b8613-7800-d1d4-1f0e-4f2984fdcc27','941 Orange Ave #108','Coronado','CA','92118','US','941 Orange Ave #108','Coronado','CA','92118','US','2012-04-04','2','ca209b95-d565-6308-bdc0-4f2986bff41f','^9260051b-2e32-7aea-8aeb-4f70dcc6843f^','1945.000000','1995.000000','50.000000','237.410000',NULL,'2232.410000',NULL,'Draft','Net 15',NULL,'Approved','Not Invoiced',NULL,'1995.000000','1995.000000','150.000000','100.000000',24,12,NULL,NULL,NULL,NULL,NULL,NULL,NULL,NULL,NULL,NULL,NULL,NULL,NULL,NULL,NULL,NULL),('67c89441-a287-27d1-09f9-4f8ddce2412e','Inet & Voip 1203200930','2012-04-17 21:10:51','2012-04-21 13:43:31','1','2bf53c62-efbb-f811-41f8-4f3d64001d45',NULL,0,'2bf53c62-efbb-f811-41f8-4f3d64001d45',NULL,'5f670136-f107-f7c3-68a9-4f2985be35cf',NULL,'941 Orange Ave #108','Coronado','CA','92118','US','941 Orange Ave #108','Coronado','CA','92118','US','2012-05-16','3','e77d0167-2881-8330-58b2-4f68b94892ca','^9260051b-2e32-7aea-8aeb-4f70dcc6843f^','2845.000000','3420.000000','575.000000','386.160000',NULL,'3806.160000',NULL,'Draft','Net 15',NULL,'Not Approved','Not Invoiced',NULL,'3420.000000','3420.000000','575.000000',NULL,24,12,NULL,NULL,NULL,NULL,NULL,NULL,NULL,NULL,NULL,NULL,NULL,NULL,NULL,NULL,NULL,NULL),('62bdea22-4e45-0999-0716-4f97368b3e7c','Internet and VOIP','2012-04-24 23:24:30','2012-05-16 18:27:09','1','2bf53c62-efbb-f811-41f8-4f3d64001d45',NULL,0,'2bf53c62-efbb-f811-41f8-4f3d64001d45',NULL,'5f670136-f107-f7c3-68a9-4f2985be35cf','bc2b8613-7800-d1d4-1f0e-4f2984fdcc27','941 Orange Ave #108','Coronado','CA','92118','US','941 Orange Ave #108','Coronado','CA','92118','US','2012-05-24','4','ca209b95-d565-6308-bdc0-4f2986bff41f','^9260051b-2e32-7aea-8aeb-4f70dcc6843f^','46275.000000','47000.000000',NULL,'1487.500000','255.000000','48742.500000',NULL,'Draft','Net 15',NULL,'Approved','Not Invoiced',NULL,'46900.000000','46700.000000','0.000000','0.000000',24,12,'725.000000','47000.000000','46700.000000','46900.000000','10.000000','1185.000000',NULL,'2075.000000','10.000000','46000.000000','46255.000000','47725.000000','1487.500000',NULL,NULL,NULL),('66a50f99-218e-9a6a-7807-4fb2c3118710','Internet and VOIP','2012-05-15 20:56:51','2012-05-21 16:48:49','1','2bf53c62-efbb-f811-41f8-4f3d64001d45',NULL,0,'2bf53c62-efbb-f811-41f8-4f3d64001d45',NULL,'5f670136-f107-f7c3-68a9-4f2985be35cf','bc2b8613-7800-d1d4-1f0e-4f2984fdcc27','941 Orange Ave #108','Coronado','CA','92118','US','941 Orange Ave #108','Coronado','CA','92118','US','2012-06-15','5','ca209b95-d565-6308-bdc0-4f2986bff41f','^9260051b-2e32-7aea-8aeb-4f70dcc6843f^',NULL,'525.000000',NULL,'74.380000','50.000000','749.380000',NULL,'Draft','Net 15',NULL,'Pending','Not Invoiced',NULL,'625.000000',NULL,'125.000000','100.000000',24,12,'25.000000','625.000000','625.000000','625.000000','8000.000000','867000.000000','2012-05-31','50.000000','8050.000000','859575.000000','859625.000000','650.000000','74.380000',NULL,NULL,NULL),('a6f8f833-cc01-424e-d7e0-4fc67abff248','Al Voice Test','2012-05-30 19:54:32','2012-06-07 19:17:38','2bf53c62-efbb-f811-41f8-4f3d64001d45','9106f88a-f272-8119-72a3-4f3165461fc6',NULL,0,'9106f88a-f272-8119-72a3-4f3165461fc6',NULL,'1e735357-2a37-25df-facb-4fa26ff76a47','542e6ba0-fc91-fb9b-caab-4fcfab04ca3d','Some street','San Diego','CA','92118',NULL,NULL,NULL,NULL,NULL,NULL,'2012-06-30','6',NULL,'^e6720b78-8583-3d9d-9487-4fcfa830495e^','735.000000','840.000000',NULL,'99.960000',NULL,'939.960000',NULL,'Draft','Net 15',NULL,'Pending','Not Invoiced',NULL,'840.000000','840.000000','105.000000','0.000000',30,12,'105.000000','840.000000','840.000000','840.000000','0.000000','0.000000','2012-06-29','150.000000','150.000000','690.000000','690.000000','945.000000','99.960000','<table style=\"width: 100%;\" border=\"0\">\r\n<tbody>\r\n<tr>\r\n<td colspan=\"2\"><span style=\"font-size: xx-small;\">Dear $contacts_first_name,</span></td>\r\n</tr>\r\n<tr>\r\n<td colspan=\"2\"><span style=\"font-size: xx-small;\">It is my pleasure to offer<strong>$accounts_name</strong> NextLevels Clear Channel Internet and Hosted Voice services. NextLevel is completely dedicated to providing superior managed Internet and Voice services to enterprise businesses. Below you will find our service advantages:</span></td>\r\n</tr>\r\n<tr>\r\n<td></td>\r\n<td><span style=\"font-size: xx-small;\"><strong>Privately Managed Data Access </strong>- NextLevelsClear Channel Internet connectivity privately transports and prioritizes the Voice services directly to our highly-redundant, Tier 1 data centers.</span></td>\r\n</tr>\r\n<tr>\r\n<td></td>\r\n<td><span style=\"font-size: xx-small;\"><strong>Flawless voice quality</strong> - NextLevel Voice delivers carrier-grade voice service over a Tier 1 network that is specifically designed to provide exceptional clarity, reliability, and redundancy.</span></td>\r\n</tr>\r\n<tr>\r\n<td></td>\r\n<td><span style=\"font-size: xx-small;\"><strong>Predictable operating expenses</strong> - The NextLevel Voice platform has low to no capital costs with zero maintenance fees, zero management expenses, and flat rate, per seat pricing.</span></td>\r\n</tr>\r\n<tr>\r\n<td></td>\r\n<td><span style=\"font-size: xx-small;\"><strong>Simplicity and flexibility</strong> - Place the order and have voice services in hours, not days or weeks. Fast-growing companies and distributed companies with a large number of off-site employees are all supported with free unlimited calling between locations.</span></td>\r\n</tr>\r\n<tr>\r\n<td></td>\r\n<td><span style=\"font-size: xx-small;\"><strong>Premium feature bundles</strong> - The NextLevel Voice platform offers businesses a feature set comparable with overpriced PBX solutions previously available only to large enterprises, including Business Class Voicemail, Voicemail to Email, Web-based Administration, Auto-Attendant, Extension Dialing, Conference Calling, Call Transfer, 3-Way Calling, Call Forwarding, Distinctive Ringing, and Multi-Site Support - all with Unlimited Domestic Calling plans available.</span></td>\r\n</tr>\r\n<tr>\r\n<td></td>\r\n<td><span style=\"font-size: xx-small;\"><strong>Straightforward billing</strong> - There is only one bill and point of contact for all local, long distance, and data services. There is no costly investment or maintenance contract associated with an in-house PBX or hybrid phone system-only flat rate, per seat pricing.</span></td>\r\n</tr>\r\n<tr>\r\n<td></td>\r\n<td><span style=\"font-size: xx-small;\"><strong>24/7 support and service</strong> - NextLevel Internet prides itself on its customer retention and satisfaction, providing world class service with USA-based support.</span></td>\r\n</tr>\r\n<tr>\r\n<td colspan=\"2\"></td>\r\n</tr>\r\n<tr>\r\n<td colspan=\"2\"></td>\r\n</tr>\r\n<tr>\r\n<td colspan=\"2\"><span style=\"font-size: xx-small;\">NextLevel Internet looks forward to exceeding your expectations!</span></td>\r\n</tr>\r\n<tr>\r\n<td colspan=\"2\"></td>\r\n</tr>\r\n<tr>\r\n<td colspan=\"2\"><span style=\"font-size: xx-small;\">Best Regards</span></td>\r\n</tr>\r\n<tr>\r\n<td colspan=\"2\"></td>\r\n</tr>\r\n</tbody>\r\n</table>','<p><span style=\"font-size: x-small;\">NextLevel Internets Clear Channel Voice solution allows your business the opportunity to build a flexible and high availability PBX replacement system that affordably supports between 5 and 200+ users. This is a cost-effective alternative to purchasing, managing, and supporting an obsolete PBX or hybrid key system. NextLevels mission-critical voice solution is designed to give you everything you need to maximize your company\'s uptime.</span></p>\r\n<p><span style=\"font-size: x-small;\">At </span><span style=\"font-size: x-small;\">NextLevel Internet</span><span style=\"font-size: x-small;\">, we look forward to the opportunity to exceed your companys service expectations!</span></p>','<p>Deliverables:</p>\r\n<ul>\r\n<li style=\"font-size: x-small;\">NextLevel will fully Training client staff on both the phones and user interface portal</li>\r\n<li style=\"font-size: x-small;\">NextLevel will assist in the final selection and purchase of the phones</li>\r\n<li style=\"font-size: x-small;\">NextLevel will pre-configure the phones before hardware vendor drop ships to client location</li>\r\n<li style=\"font-size: x-small;\">NextLevel Internet will install and make sure phones are working to client satisfaction</li>\r\n<li style=\"font-size: x-small;\">NextLevel will set up the system to your specs</li>\r\n<li style=\"font-size: x-small;\">NextLevel to create caller ID and number for inbound and outbound calls per client specs</li>\r\n<li style=\"font-size: x-small;\">NextLevel will port numbers - A Letter Of Authorization (LOA) will allow us to initiate the process of transferring your service and telephone number to NextLevel. You will then be able to use your old number with our service.</li>\r\n<li style=\"font-size: x-small;\">NextLevel will assist your technician with the proper router settings</li>\r\n<li style=\"font-size: x-small;\">NextLevel support is 24/7 and US based</li>\r\n<li style=\"font-size: x-small;\">Anywhere client plugs in the phone with an internet (anywhere in the world) the phone will be up and running as if phone was in the office</li>\r\n<li style=\"font-size: x-small;\">There are no typical Upgrade or Maintenance fees</li>\r\n<li style=\"font-size: x-small;\">100% uptime guarantee</li>\r\n<li style=\"font-size: x-small;\">Waived Install fees with a 2 year term</li>\r\n</ul>'),('57ff3353-f377-a7aa-3138-4fd105124b23','BUSINESS CLASS VOICE OVER IP SERVICES QUOTE','2012-06-07 19:47:42','2012-06-07 21:48:19','2bf53c62-efbb-f811-41f8-4f3d64001d45','2bf53c62-efbb-f811-41f8-4f3d64001d45',NULL,0,'2bf53c62-efbb-f811-41f8-4f3d64001d45',NULL,'5f670136-f107-f7c3-68a9-4f2985be35cf','bc2b8613-7800-d1d4-1f0e-4f2984fdcc27','941 Orange Ave #108','Coronado','CA','92118','US','941 Orange Ave #108','Coronado','CA','92118','US','2012-07-07','7','5a909012-e130-1832-fcb9-4fd10050d33b','^e6720b78-8583-3d9d-9487-4fcfa830495e^','1590.000000','1850.000000',NULL,'220.150000',NULL,'2070.150000',NULL,'Draft','Net 15',NULL,'Pending','Not Invoiced',NULL,'1850.000000','1850.000000','360.000000','100.000000',24,12,'260.000000','1850.000000','1850.000000','1850.000000','50.000000','1700.000000','2012-06-29','1850.000000','1900.000000','1650.000000','1650.000000','2110.000000','220.150000','<table style=\"width: 100%;\" border=\"0\">\r\n<tbody>\r\n<tr>\r\n<td colspan=\"2\"><span style=\"font-size: x-small;\">Dear $contacts_first_name,</span></td>\r\n</tr>\r\n<tr>\r\n<td colspan=\"2\"><span style=\"font-size: x-small;\">It is my pleasure to offer<strong>$accounts_name</strong> NextLevels Clear Channel Internet and Hosted Voice services. NextLevel is completely dedicated to providing superior managed Internet and Voice services to enterprise businesses. Below you will find our service advantages:</span></td>\r\n</tr>\r\n<tr>\r\n<td></td>\r\n<td><span style=\"font-size: x-small;\"><strong>Privately Managed Data Access </strong>- NextLevelsClear Channel Internet connectivity privately transports and prioritizes the Voice services directly to our highly-redundant, Tier 1 data centers.</span></td>\r\n</tr>\r\n<tr>\r\n<td></td>\r\n<td><span style=\"font-size: x-small;\"><strong>Flawless voice quality</strong> - NextLevel Voice delivers carrier-grade voice service over a Tier 1 network that is specifically designed to provide exceptional clarity, reliability, and redundancy.</span></td>\r\n</tr>\r\n<tr>\r\n<td></td>\r\n<td><span style=\"font-size: x-small;\"><strong>Predictable operating expenses</strong> - The NextLevel Voice platform has low to no capital costs with zero maintenance fees, zero management expenses, and flat rate, per seat pricing.</span></td>\r\n</tr>\r\n<tr>\r\n<td></td>\r\n<td><span style=\"font-size: x-small;\"><strong>Simplicity and flexibility</strong> - Place the order and have voice services in hours, not days or weeks. Fast-growing companies and distributed companies with a large number of off-site employees are all supported with free unlimited calling between locations.</span></td>\r\n</tr>\r\n<tr>\r\n<td></td>\r\n<td><span style=\"font-size: x-small;\"><strong>Premium feature bundles</strong> - The NextLevel Voice platform offers businesses a feature set comparable with overpriced PBX solutions previously available only to large enterprises, including Business Class Voicemail, Voicemail to Email, Web-based Administration, Auto-Attendant, Extension Dialing, Conference Calling, Call Transfer, 3-Way Calling, Call Forwarding, Distinctive Ringing, and Multi-Site Support - all with Unlimited Domestic Calling plans available.</span></td>\r\n</tr>\r\n<tr>\r\n<td></td>\r\n<td><span style=\"font-size: x-small;\"><strong>Straightforward billing</strong> - There is only one bill and point of contact for all local, long distance, and data services. There is no costly investment or maintenance contract associated with an in-house PBX or hybrid phone system-only flat rate, per seat pricing.</span></td>\r\n</tr>\r\n<tr>\r\n<td></td>\r\n<td><span style=\"font-size: x-small;\"><strong>24/7 support and service</strong> - NextLevel Internet prides itself on its customer retention and satisfaction, providing world class service with USA-based support.</span></td>\r\n</tr>\r\n<tr>\r\n<td colspan=\"2\"></td>\r\n</tr>\r\n<tr>\r\n<td colspan=\"2\"><span style=\"font-size: x-small;\">NextLevel Internet looks forward to exceeding your expectations!</span></td>\r\n</tr>\r\n<tr>\r\n<td colspan=\"2\"></td>\r\n</tr>\r\n<tr>\r\n<td colspan=\"2\"><span style=\"font-size: x-small;\">Best Regards</span></td>\r\n</tr>\r\n</tbody>\r\n</table>\r\n<p></p>','<p><span style=\"font-size: x-small;\">NextLevel Internets Clear Channel Voice solution allows your business the opportunity to build a flexible and high availability PBX replacement system that affordably supports between 5 and 200+ users. This is a cost-effective alternative to purchasing, managing, and supporting an obsolete PBX or hybrid key system. NextLevels mission-critical voice solution is designed to give you everything you need to maximize your company\'s uptime.</span></p>\r\n<p><span style=\"font-size: x-small;\">At NextLevel Internet, we look forward to the opportunity to exceed your companys service expectations!</span></p>','<p><span style=\"font-size: x-small;\">Deliverables:</span></p>\r\n<ul>\r\n<li style=\"font-size: x-small;\"><span style=\"font-size: x-small;\">NextLevel will fully Training client staff on both the phones and user interface portal</span></li>\r\n<li style=\"font-size: x-small;\"><span style=\"font-size: x-small;\">NextLevel will assist in the final selection and purchase of the phones</span></li>\r\n<li style=\"font-size: x-small;\"><span style=\"font-size: x-small;\">NextLevel will pre-configure the phones before hardware vendor drop ships to client location</span></li>\r\n<li style=\"font-size: x-small;\"><span style=\"font-size: x-small;\">NextLevel Internet will install and make sure phones are working to client satisfaction</span></li>\r\n<li style=\"font-size: x-small;\"><span style=\"font-size: x-small;\">NextLevel will set up the system to your specs</span></li>\r\n<li style=\"font-size: x-small;\"><span style=\"font-size: x-small;\">NextLevel to create caller ID and number for inbound and outbound calls per client specs</span></li>\r\n<li style=\"font-size: x-small;\"><span style=\"font-size: x-small;\">NextLevel will port numbers - A Letter Of Authorization (LOA) will allow us to initiate the process of transferring your service and telephone number to NextLevel. You will then be able to use your old number with our service.</span></li>\r\n<li style=\"font-size: x-small;\"><span style=\"font-size: x-small;\">NextLevel will assist your technician with the proper router settings</span></li>\r\n<li style=\"font-size: x-small;\"><span style=\"font-size: x-small;\">NextLevel support is 24/7 and US based</span></li>\r\n<li style=\"font-size: x-small;\"><span style=\"font-size: x-small;\">Anywhere client plugs in the phone with an internet (anywhere in the world) the phone will be up and running as if phone was in the office</span></li>\r\n<li style=\"font-size: x-small;\"><span style=\"font-size: x-small;\">There are no typical Upgrade or Maintenance fees</span></li>\r\n<li style=\"font-size: x-small;\"><span style=\"font-size: x-small;\">100% uptime guarantee</span></li>\r\n<li style=\"font-size: x-small;\"><span style=\"font-size: x-small;\">Waived Install fees with a 2 year term</span></li>\r\n</ul>');
/*!40000 ALTER TABLE `aos_quotes` ENABLE KEYS */;
UNLOCK TABLES;

--
-- Table structure for table `aos_quotes_aos_invoices_c`
--

DROP TABLE IF EXISTS `aos_quotes_aos_invoices_c`;
/*!40101 SET @saved_cs_client     = @@character_set_client */;
/*!40101 SET character_set_client = utf8 */;
CREATE TABLE `aos_quotes_aos_invoices_c` (
  `id` varchar(36) NOT NULL,
  `date_modified` datetime DEFAULT NULL,
  `deleted` tinyint(1) DEFAULT '0',
  `aos_quotes77d9_quotes_ida` varchar(36) DEFAULT NULL,
  `aos_quotes6b83nvoices_idb` varchar(36) DEFAULT NULL,
  PRIMARY KEY (`id`),
  KEY `aos_quotes_aos_invoices_alt` (`aos_quotes77d9_quotes_ida`,`aos_quotes6b83nvoices_idb`)
) ENGINE=MyISAM DEFAULT CHARSET=utf8;
/*!40101 SET character_set_client = @saved_cs_client */;

--
-- Dumping data for table `aos_quotes_aos_invoices_c`
--

LOCK TABLES `aos_quotes_aos_invoices_c` WRITE;
/*!40000 ALTER TABLE `aos_quotes_aos_invoices_c` DISABLE KEYS */;
INSERT INTO `aos_quotes_aos_invoices_c` VALUES ('997f8f5d-014d-71f7-1a10-4f2ae663fb01','2012-02-02 19:39:10',1,'5fa96842-e9f3-67e0-2f17-4f298bbc1548','98c0484b-8cfb-bb94-00ac-4f2ae60e5d14'),('91d3b2f9-4283-aa46-3614-4f6a0eebcdd6','2012-03-21 17:23:36',0,'5fa96842-e9f3-67e0-2f17-4f298bbc1548','90eaeaf5-622d-3ae2-18b9-4f6a0e5b4044');
/*!40000 ALTER TABLE `aos_quotes_aos_invoices_c` ENABLE KEYS */;
UNLOCK TABLES;

--
-- Table structure for table `aos_quotes_audit`
--

DROP TABLE IF EXISTS `aos_quotes_audit`;
/*!40101 SET @saved_cs_client     = @@character_set_client */;
/*!40101 SET character_set_client = utf8 */;
CREATE TABLE `aos_quotes_audit` (
  `id` char(36) NOT NULL,
  `parent_id` char(36) NOT NULL,
  `date_created` datetime DEFAULT NULL,
  `created_by` varchar(36) DEFAULT NULL,
  `field_name` varchar(100) DEFAULT NULL,
  `data_type` varchar(100) DEFAULT NULL,
  `before_value_string` varchar(255) DEFAULT NULL,
  `after_value_string` varchar(255) DEFAULT NULL,
  `before_value_text` text,
  `after_value_text` text,
  KEY `idx_aos_quotes_primary` (`id`),
  KEY `idx_aos_quotes_parent_id` (`parent_id`)
) ENGINE=MyISAM DEFAULT CHARSET=utf8;
/*!40101 SET character_set_client = @saved_cs_client */;

--
-- Dumping data for table `aos_quotes_audit`
--

LOCK TABLES `aos_quotes_audit` WRITE;
/*!40000 ALTER TABLE `aos_quotes_audit` DISABLE KEYS */;
INSERT INTO `aos_quotes_audit` VALUES ('97d1cb12-08ff-16c7-5c5a-4f2ae6783b41','5fa96842-e9f3-67e0-2f17-4f298bbc1548','2012-02-02 19:38:17','1','invoice_status','enum','Not Invoiced','Invoiced',NULL,NULL),('4e889259-dcbf-31f5-49f5-4f31661ec3da','5fa96842-e9f3-67e0-2f17-4f298bbc1548','2012-02-07 17:58:36','1','assigned_user_id','relate','1','9106f88a-f272-8119-72a3-4f3165461fc6',NULL,NULL),('b94a541e-a853-2477-c406-4f5f97c8a5ff','5fa96842-e9f3-67e0-2f17-4f298bbc1548','2012-03-13 18:54:54','1','total_amt','currency','1880','531680',NULL,NULL),('b97a1529-d65b-82f0-cb1a-4f5f97ee7be1','5fa96842-e9f3-67e0-2f17-4f298bbc1548','2012-03-13 18:54:54','1','subtotal_amount','currency','1630','484100',NULL,NULL),('b99a9846-dc82-16f5-53ad-4f5f97a66039','5fa96842-e9f3-67e0-2f17-4f298bbc1548','2012-03-13 18:54:54','1','discount_amount','currency','-300','-47580',NULL,NULL),('b9b9fb34-5a5f-524e-5633-4f5f97f6b751','5fa96842-e9f3-67e0-2f17-4f298bbc1548','2012-03-13 18:54:54','1','tax_amount','currency','81.5','24205',NULL,NULL),('9ab86ae2-bfb0-f2b2-749f-4f60d15d04ea','5fa96842-e9f3-67e0-2f17-4f298bbc1548','2012-03-14 17:11:37','1','total_amt','currency','531680','168088',NULL,NULL),('9ae0dde2-3457-00dd-6c74-4f60d1832e13','5fa96842-e9f3-67e0-2f17-4f298bbc1548','2012-03-14 17:11:37','1','subtotal_amount','currency','484100','156868',NULL,NULL),('9b00632e-fe38-1136-b334-4f60d19ddcd6','5fa96842-e9f3-67e0-2f17-4f298bbc1548','2012-03-14 17:11:37','1','discount_amount','currency','-47580','-11220',NULL,NULL),('9b2090aa-c87c-ed83-9344-4f60d125332e','5fa96842-e9f3-67e0-2f17-4f298bbc1548','2012-03-14 17:11:37','1','tax_amount','currency','24205','7843.4',NULL,NULL),('70c5047f-2f69-5cf6-4ff5-4f60d5ce5327','5fa96842-e9f3-67e0-2f17-4f298bbc1548','2012-03-14 17:28:31','1','total_amt','currency','168088','176080',NULL,NULL),('70f535e3-72df-d463-a898-4f60d58bfb91','5fa96842-e9f3-67e0-2f17-4f298bbc1548','2012-03-14 17:28:31','1','subtotal_amount','currency','156868','164860',NULL,NULL),('71157c43-9d47-7ff4-5db5-4f60d50fe50b','5fa96842-e9f3-67e0-2f17-4f298bbc1548','2012-03-14 17:28:31','1','tax_amount','currency','7843.4','8243',NULL,NULL),('23d850eb-729a-c34f-4e0f-4f6605a409c0','5fa96842-e9f3-67e0-2f17-4f298bbc1548','2012-03-18 15:54:49','1','total_amt','currency','176080','6975200',NULL,NULL),('240f5a10-d44a-7942-07b5-4f6605423b99','5fa96842-e9f3-67e0-2f17-4f298bbc1548','2012-03-18 15:54:49','1','subtotal_amount','currency','164860','6961600',NULL,NULL),('242f534b-0b52-5137-9bd1-4f660569b4e7','5fa96842-e9f3-67e0-2f17-4f298bbc1548','2012-03-18 15:54:49','1','discount_amount','currency','-11220','-13600',NULL,NULL),('244fd921-4851-309a-980e-4f6605016d9b','5fa96842-e9f3-67e0-2f17-4f298bbc1548','2012-03-18 15:54:49','1','tax_amount','currency','8243','348080',NULL,NULL),('246f6493-bdf4-c93e-a086-4f6605d234b2','5fa96842-e9f3-67e0-2f17-4f298bbc1548','2012-03-18 15:54:49','1','total_nrc','currency','0','6885680',NULL,NULL),('24907e73-5ba9-65c5-89e1-4f6605c60dce','5fa96842-e9f3-67e0-2f17-4f298bbc1548','2012-03-18 15:54:49','1','total_lmd','currency','0','6882020',NULL,NULL),('7b7326af-7d97-ea50-8ef5-4f6788a4f68a','5fa96842-e9f3-67e0-2f17-4f298bbc1548','2012-03-19 19:28:50','1','total_amt','currency','6975200','6808096',NULL,NULL),('7b9af4b9-7351-1249-cc98-4f6788759985','5fa96842-e9f3-67e0-2f17-4f298bbc1548','2012-03-19 19:28:50','1','subtotal_amount','currency','6961600','6804800',NULL,NULL),('7bbd77af-7f70-78ca-1032-4f678892df01','5fa96842-e9f3-67e0-2f17-4f298bbc1548','2012-03-19 19:28:50','1','discount_amount','currency','-13600','-3296',NULL,NULL),('7bde45e9-2940-132b-178b-4f67883cce85','5fa96842-e9f3-67e0-2f17-4f298bbc1548','2012-03-19 19:28:50','1','tax_amount','currency','348080','340240',NULL,NULL),('b48b4d75-0ed3-d47e-c113-4f7332305282','5fa96842-e9f3-67e0-2f17-4f298bbc1548','2012-03-28 15:46:15','1','total_amt','currency','6808096','12462810',NULL,NULL),('b4b15f7d-d547-ac30-3d7c-4f7332bdcea0','5fa96842-e9f3-67e0-2f17-4f298bbc1548','2012-03-28 15:46:15','1','subtotal_amount','currency','6804800','12462800',NULL,NULL),('b4d3a8dc-41b1-31b3-d4db-4f7332290e89','5fa96842-e9f3-67e0-2f17-4f298bbc1548','2012-03-28 15:46:15','1','discount_amount','currency','-3296','-10',NULL,NULL),('b4f331bc-1074-5701-0da4-4f73324ec039','5fa96842-e9f3-67e0-2f17-4f298bbc1548','2012-03-28 15:46:15','1','tax_amount','currency','340240','340123.3',NULL,NULL),('b512ff6f-e5c8-298c-739f-4f7332b2cc63','5fa96842-e9f3-67e0-2f17-4f298bbc1548','2012-03-28 15:46:15','1','total_nrc','currency','6885680','6802466',NULL,NULL),('b5337320-036e-4e60-f63c-4f73327da2d0','5fa96842-e9f3-67e0-2f17-4f298bbc1548','2012-03-28 15:46:15','1','total_lmd','currency','6882020','6802466',NULL,NULL),('b552d259-bbb5-76b4-a4bc-4f7332e49034','5fa96842-e9f3-67e0-2f17-4f298bbc1548','2012-03-28 15:46:15','1','total_discount','currency','0','-10',NULL,NULL),('a5fdcdc6-2f7c-0859-9588-4f74a127cb20','5fa96842-e9f3-67e0-2f17-4f298bbc1548','2012-03-29 17:54:38','1','total_amt','currency','12462810','13201206',NULL,NULL),('a637b822-d6a1-a56b-8ea4-4f74a131d94c','5fa96842-e9f3-67e0-2f17-4f298bbc1548','2012-03-29 17:54:38','1','subtotal_amount','currency','12462800','13201196',NULL,NULL),('a65a6cda-8529-aa75-366f-4f74a1ca7443','5fa96842-e9f3-67e0-2f17-4f298bbc1548','2012-03-29 17:54:38','1','tax_amount','currency','340123.3','2664.17',NULL,NULL),('a67e3399-b297-1601-f3b9-4f74a1de712a','5fa96842-e9f3-67e0-2f17-4f298bbc1548','2012-03-29 17:54:38','1','total_nrc','currency','6802466','22388',NULL,NULL),('a6a142ba-e9af-3b2f-aaee-4f74a1109273','5fa96842-e9f3-67e0-2f17-4f298bbc1548','2012-03-29 17:54:38','1','total_lmd','currency','6802466','22388',NULL,NULL),('d0c46986-ff58-a4d2-a020-4f74a375c319','5fa96842-e9f3-67e0-2f17-4f298bbc1548','2012-03-29 18:01:23','1','total_amt','currency','13201206','22398',NULL,NULL),('d0ec0108-e7b6-f3ca-1a54-4f74a301e9c1','5fa96842-e9f3-67e0-2f17-4f298bbc1548','2012-03-29 18:01:23','1','subtotal_amount','currency','13201196','22388',NULL,NULL),('2daa2b2b-e3b4-58fc-c364-4f74abb7a982','5fa96842-e9f3-67e0-2f17-4f298bbc1548','2012-03-29 18:36:29','1','total_amt','currency','22398','12398',NULL,NULL),('2dd25936-d33c-4ef3-ddd1-4f74ab32dd37','5fa96842-e9f3-67e0-2f17-4f298bbc1548','2012-03-29 18:36:29','1','subtotal_amount','currency','22388','17388',NULL,NULL),('2df65fa5-e9e6-06ca-5d48-4f74ab0bf480','5fa96842-e9f3-67e0-2f17-4f298bbc1548','2012-03-29 18:36:29','1','discount_amount','currency','-10','4990',NULL,NULL),('2e16f8c0-214e-18a4-d739-4f74ab150177','5fa96842-e9f3-67e0-2f17-4f298bbc1548','2012-03-29 18:36:29','1','tax_amount','currency','2664.17','2069.17',NULL,NULL),('2e3721c2-a799-af49-1813-4f74ab83b795','5fa96842-e9f3-67e0-2f17-4f298bbc1548','2012-03-29 18:36:29','1','total_nrc','currency','22388','17388',NULL,NULL),('2e581387-066f-0b02-2a5a-4f74abe6c06f','5fa96842-e9f3-67e0-2f17-4f298bbc1548','2012-03-29 18:36:29','1','total_lmd','currency','22388','17388',NULL,NULL),('2e77ff51-4fb6-6cad-39f1-4f74ab813216','5fa96842-e9f3-67e0-2f17-4f298bbc1548','2012-03-29 18:36:29','1','total_discount','currency','-10','4990',NULL,NULL),('b5102a3c-2e50-4e7f-d0cf-4f7f04942c6b','5fa96842-e9f3-67e0-2f17-4f298bbc1548','2012-04-06 14:58:01','1','total_amt','currency','12398','6732',NULL,NULL),('b54a5eda-8094-6afb-de5b-4f7f04f185d0','5fa96842-e9f3-67e0-2f17-4f298bbc1548','2012-04-06 14:58:01','1','subtotal_amount','currency','17388','11730',NULL,NULL),('b56badb0-9f9a-dbe0-7d1c-4f7f04535e1e','5fa96842-e9f3-67e0-2f17-4f298bbc1548','2012-04-06 14:58:01','1','discount_amount','currency','4990','4998',NULL,NULL),('b58bcf6a-0428-4ca9-bce3-4f7f047cd229','5fa96842-e9f3-67e0-2f17-4f298bbc1548','2012-04-06 14:58:01','1','tax_amount','currency','2069.17','1395.87',NULL,NULL),('b5ab8a06-04a9-2005-9ae2-4f7f04842172','5fa96842-e9f3-67e0-2f17-4f298bbc1548','2012-04-06 14:58:01','1','total_nrc','currency','17388','11730',NULL,NULL),('b5cba7d3-1ab7-8430-421c-4f7f04b76636','5fa96842-e9f3-67e0-2f17-4f298bbc1548','2012-04-06 14:58:01','1','total_lmd','currency','17388','11730',NULL,NULL),('214e53bf-e9ed-ed51-a3f4-4f805811a353','5fa96842-e9f3-67e0-2f17-4f298bbc1548','2012-04-07 15:10:25','1','total_amt','currency','6732','36037',NULL,NULL),('218c2928-1d1a-27f4-fe67-4f80588b7df2','5fa96842-e9f3-67e0-2f17-4f298bbc1548','2012-04-07 15:10:25','1','subtotal_amount','currency','11730','36064',NULL,NULL),('21adf15e-26b9-273f-b6cb-4f8058678eca','5fa96842-e9f3-67e0-2f17-4f298bbc1548','2012-04-07 15:10:25','1','discount_amount','currency','4998','27',NULL,NULL),('21cf22ed-505c-0b89-a4b6-4f8058b3803a','5fa96842-e9f3-67e0-2f17-4f298bbc1548','2012-04-07 15:10:25','1','tax_amount','currency','1395.87','4291.63',NULL,NULL),('21ef035c-6c16-2b8c-d084-4f80584a98d3','5fa96842-e9f3-67e0-2f17-4f298bbc1548','2012-04-07 15:10:25','1','total_nrc','currency','11730','36064',NULL,NULL),('22130390-98a7-5947-9032-4f805894b4f8','5fa96842-e9f3-67e0-2f17-4f298bbc1548','2012-04-07 15:10:25','1','total_lmd','currency','11730','36064',NULL,NULL),('223541c7-4520-c77d-3bd5-4f805874b534','5fa96842-e9f3-67e0-2f17-4f298bbc1548','2012-04-07 15:10:25','1','total_discount','currency','4990','27',NULL,NULL),('bbe27de9-6980-c503-7f69-4f806127757a','5fa96842-e9f3-67e0-2f17-4f298bbc1548','2012-04-07 15:46:09','1','total_amt','currency','36037','589196',NULL,NULL),('bc14c4bb-a0fe-aabe-a994-4f8061cccac4','5fa96842-e9f3-67e0-2f17-4f298bbc1548','2012-04-07 15:46:09','1','subtotal_amount','currency','36064','589198',NULL,NULL),('bc361cb1-7d8f-38bd-15d6-4f806195095b','5fa96842-e9f3-67e0-2f17-4f298bbc1548','2012-04-07 15:46:09','1','discount_amount','currency','27','2',NULL,NULL),('bc56eeb7-d323-534f-d62c-4f8061091f52','5fa96842-e9f3-67e0-2f17-4f298bbc1548','2012-04-07 15:46:09','1','tax_amount','currency','4291.63','70114.56',NULL,NULL),('bc78634a-cc12-c286-9668-4f806161769a','5fa96842-e9f3-67e0-2f17-4f298bbc1548','2012-04-07 15:46:09','1','total_nrc','currency','36064','589198',NULL,NULL),('bc995a11-0f63-bbd5-be29-4f8061707732','5fa96842-e9f3-67e0-2f17-4f298bbc1548','2012-04-07 15:46:09','1','total_lmd','currency','36064','589198',NULL,NULL),('bcba0bcd-df29-9530-2a9f-4f806159043a','5fa96842-e9f3-67e0-2f17-4f298bbc1548','2012-04-07 15:46:09','1','total_discount','currency','27','2',NULL,NULL),('5206cf87-7422-079a-613a-4f8df4a0b169','67c89441-a287-27d1-09f9-4f8ddce2412e','2012-04-17 22:55:45','2bf53c62-efbb-f811-41f8-4f3d64001d45','total_amt','currency','0','3750',NULL,NULL),('57db1443-80be-434d-7446-4f8df44690d7','67c89441-a287-27d1-09f9-4f8ddce2412e','2012-04-17 22:55:45','2bf53c62-efbb-f811-41f8-4f3d64001d45','subtotal_amount','currency','0','4325',NULL,NULL),('5800b29c-0c6c-b0e0-0fd8-4f8df413f396','67c89441-a287-27d1-09f9-4f8ddce2412e','2012-04-17 22:55:45','2bf53c62-efbb-f811-41f8-4f3d64001d45','discount_amount','currency','0','575',NULL,NULL),('58256897-7523-50ea-9fc0-4f8df4c26055','67c89441-a287-27d1-09f9-4f8ddce2412e','2012-04-17 22:55:45','2bf53c62-efbb-f811-41f8-4f3d64001d45','tax_amount','currency','0','455.18',NULL,NULL),('584bbf2d-200a-5137-2326-4f8df4089527','67c89441-a287-27d1-09f9-4f8ddce2412e','2012-04-17 22:55:45','2bf53c62-efbb-f811-41f8-4f3d64001d45','total_nrc','currency','0','3325',NULL,NULL),('586eb9b3-17d6-1fed-8608-4f8df47c320a','67c89441-a287-27d1-09f9-4f8ddce2412e','2012-04-17 22:55:45','2bf53c62-efbb-f811-41f8-4f3d64001d45','total_lmd','currency','0','3825',NULL,NULL),('58945f24-9801-34de-886a-4f8df44eca76','67c89441-a287-27d1-09f9-4f8ddce2412e','2012-04-17 22:55:45','2bf53c62-efbb-f811-41f8-4f3d64001d45','total_discount','currency','0','575',NULL,NULL),('5eaa0acd-41b9-4a9f-a92c-4f92821b8920','67c89441-a287-27d1-09f9-4f8ddce2412e','2012-04-21 09:46:57','1','total_amt','currency','3750','2670',NULL,NULL),('5ee115be-7989-4f9c-29fb-4f9282af7b97','67c89441-a287-27d1-09f9-4f8ddce2412e','2012-04-21 09:46:57','1','subtotal_amount','currency','4325','3245',NULL,NULL),('5f03e660-6af1-d9de-7978-4f928226d84a','67c89441-a287-27d1-09f9-4f8ddce2412e','2012-04-21 09:46:57','1','tax_amount','currency','455.18','386.16',NULL,NULL),('5f2a2aa9-b5f7-8408-bbb6-4f928211cf32','67c89441-a287-27d1-09f9-4f8ddce2412e','2012-04-21 09:46:57','1','total_nrc','currency','3325','3245',NULL,NULL),('5f4c735f-761e-8e67-23eb-4f928276d344','67c89441-a287-27d1-09f9-4f8ddce2412e','2012-04-21 09:46:57','1','total_lmd','currency','3825','3245',NULL,NULL),('3c52d61c-e563-3f83-5681-4f92822a0653','67c89441-a287-27d1-09f9-4f8ddce2412e','2012-04-21 09:47:44','1','total_amt','currency','2670','2845',NULL,NULL),('3c7bf5a5-c43a-2440-3d5b-4f9282f7e0bf','67c89441-a287-27d1-09f9-4f8ddce2412e','2012-04-21 09:47:44','1','subtotal_amount','currency','3245','3420',NULL,NULL),('3c9ec253-509d-06b7-d544-4f9282ba4897','67c89441-a287-27d1-09f9-4f8ddce2412e','2012-04-21 09:47:44','1','total_nrc','currency','3245','3420',NULL,NULL),('3cc02dee-8412-5b30-3c2c-4f92828edb6a','67c89441-a287-27d1-09f9-4f8ddce2412e','2012-04-21 09:47:44','1','total_lmd','currency','3245','3420',NULL,NULL),('1f3126ed-d43b-a2eb-2b91-4f96df5d4ba6','67a3dd80-ba2d-d7d5-a6b8-4f7b8534c346','2012-04-24 17:16:42','2bf53c62-efbb-f811-41f8-4f3d64001d45','total_amt','currency','650','550',NULL,NULL),('1f732f65-6419-f9cd-fbe1-4f96df018921','67a3dd80-ba2d-d7d5-a6b8-4f7b8534c346','2012-04-24 17:16:42','2bf53c62-efbb-f811-41f8-4f3d64001d45','subtotal_amount','currency','650','600',NULL,NULL),('1f962dda-93ab-e67e-6771-4f96dfb0f774','67a3dd80-ba2d-d7d5-a6b8-4f7b8534c346','2012-04-24 17:16:42','2bf53c62-efbb-f811-41f8-4f3d64001d45','discount_amount','currency','0','50',NULL,NULL),('1fb88006-6b9f-201c-8759-4f96df96d252','67a3dd80-ba2d-d7d5-a6b8-4f7b8534c346','2012-04-24 17:16:42','2bf53c62-efbb-f811-41f8-4f3d64001d45','tax_amount','currency','77.35','71.4',NULL,NULL),('1fdb091b-b3cd-7bc4-aea6-4f96df26e1d9','67a3dd80-ba2d-d7d5-a6b8-4f7b8534c346','2012-04-24 17:16:42','2bf53c62-efbb-f811-41f8-4f3d64001d45','total_nrc','currency','650','600',NULL,NULL),('1ffd1fa7-bc4b-d7b2-13a0-4f96dffbb20d','67a3dd80-ba2d-d7d5-a6b8-4f7b8534c346','2012-04-24 17:16:42','2bf53c62-efbb-f811-41f8-4f3d64001d45','total_lmd','currency','650','600',NULL,NULL),('201dc7c0-e827-742d-4b7e-4f96dfb0a648','67a3dd80-ba2d-d7d5-a6b8-4f7b8534c346','2012-04-24 17:16:42','2bf53c62-efbb-f811-41f8-4f3d64001d45','service_period','enum','24 Months','12 Months',NULL,NULL),('203e638d-2369-6ea0-a5f8-4f96df62a1e6','67a3dd80-ba2d-d7d5-a6b8-4f7b8534c346','2012-04-24 17:16:42','2bf53c62-efbb-f811-41f8-4f3d64001d45','renewal_period','enum','12 Months','24 Months',NULL,NULL),('682ebdbd-b76f-07be-b5f9-4f96e052e22b','67a3dd80-ba2d-d7d5-a6b8-4f7b8534c346','2012-04-24 17:17:50','2bf53c62-efbb-f811-41f8-4f3d64001d45','service_period','enum','12 Months','24 Months',NULL,NULL),('6857b89e-3c37-6b5b-88c3-4f96e00dba43','67a3dd80-ba2d-d7d5-a6b8-4f7b8534c346','2012-04-24 17:17:50','2bf53c62-efbb-f811-41f8-4f3d64001d45','renewal_period','enum','24 Months','12 Months',NULL,NULL),('435a177f-88f4-2b7b-da37-4f970df16917','67a3dd80-ba2d-d7d5-a6b8-4f7b8534c346','2012-04-24 20:32:28','2bf53c62-efbb-f811-41f8-4f3d64001d45','total_amt','currency','550','595',NULL,NULL),('43846a88-c5f8-e493-df2c-4f970d10094d','67a3dd80-ba2d-d7d5-a6b8-4f7b8534c346','2012-04-24 20:32:28','2bf53c62-efbb-f811-41f8-4f3d64001d45','subtotal_amount','currency','600','645',NULL,NULL),('43a65f3f-5299-01fb-f231-4f970d2d385f','67a3dd80-ba2d-d7d5-a6b8-4f7b8534c346','2012-04-24 20:32:28','2bf53c62-efbb-f811-41f8-4f3d64001d45','tax_amount','currency','71.4','76.76',NULL,NULL),('43c99b7d-f341-445f-1d5c-4f970d6af49b','67a3dd80-ba2d-d7d5-a6b8-4f7b8534c346','2012-04-24 20:32:28','2bf53c62-efbb-f811-41f8-4f3d64001d45','total_nrc','currency','600','645',NULL,NULL),('43f03474-6267-60c7-792f-4f970d4eb077','67a3dd80-ba2d-d7d5-a6b8-4f7b8534c346','2012-04-24 20:32:28','2bf53c62-efbb-f811-41f8-4f3d64001d45','total_lmd','currency','600','645',NULL,NULL),('4411d6fa-6ad4-d928-fe41-4f970d585ec1','67a3dd80-ba2d-d7d5-a6b8-4f7b8534c346','2012-04-24 20:32:28','2bf53c62-efbb-f811-41f8-4f3d64001d45','total_discount','currency','0','50',NULL,NULL),('10e0cbb3-4803-11f8-a199-4f9711afd7d7','67a3dd80-ba2d-d7d5-a6b8-4f7b8534c346','2012-04-24 20:47:04','2bf53c62-efbb-f811-41f8-4f3d64001d45','total_amt','currency','595','1945',NULL,NULL),('1108fb40-335d-cf03-a985-4f97116cc6da','67a3dd80-ba2d-d7d5-a6b8-4f7b8534c346','2012-04-24 20:47:04','2bf53c62-efbb-f811-41f8-4f3d64001d45','subtotal_amount','currency','645','1995',NULL,NULL),('112b2a9a-b301-2a54-db27-4f9711d750de','67a3dd80-ba2d-d7d5-a6b8-4f7b8534c346','2012-04-24 20:47:04','2bf53c62-efbb-f811-41f8-4f3d64001d45','tax_amount','currency','76.76','237.41',NULL,NULL),('114d6878-6066-f708-379f-4f9711aafcb0','67a3dd80-ba2d-d7d5-a6b8-4f7b8534c346','2012-04-24 20:47:04','2bf53c62-efbb-f811-41f8-4f3d64001d45','total_nrc','currency','645','1995',NULL,NULL),('1171b251-1758-6514-6a09-4f9711352b37','67a3dd80-ba2d-d7d5-a6b8-4f7b8534c346','2012-04-24 20:47:04','2bf53c62-efbb-f811-41f8-4f3d64001d45','total_lmd','currency','645','1995',NULL,NULL),('46a6dd42-0b6b-8a4a-62e2-4f9712763455','67a3dd80-ba2d-d7d5-a6b8-4f7b8534c346','2012-04-24 20:50:16','2bf53c62-efbb-f811-41f8-4f3d64001d45','total_discount','currency','50','150',NULL,NULL),('46cfda93-48d4-fa73-4e30-4f97125cfb64','67a3dd80-ba2d-d7d5-a6b8-4f7b8534c346','2012-04-24 20:50:16','2bf53c62-efbb-f811-41f8-4f3d64001d45','order_discount','currency','0','100',NULL,NULL),('ddc60de9-4a8f-1808-fcbe-4fa0291245f4','62bdea22-4e45-0999-0716-4f97368b3e7c','2012-05-01 18:21:38','1','total_amt','currency','1650','30',NULL,NULL),('e194026a-69d1-e4dc-eace-4fa0293f61cc','62bdea22-4e45-0999-0716-4f97368b3e7c','2012-05-01 18:21:38','1','subtotal_amount','currency','1850','30',NULL,NULL),('e3de03da-dc21-6c02-cb18-4fa029099c35','62bdea22-4e45-0999-0716-4f97368b3e7c','2012-05-01 18:21:38','1','discount_amount','currency','200','0',NULL,NULL),('e5f504cd-8b34-a93b-1f51-4fa0292d9d46','62bdea22-4e45-0999-0716-4f97368b3e7c','2012-05-01 18:21:38','1','tax_amount','currency','220.15','0',NULL,NULL),('c6419182-e246-ee5e-fb3d-4fa02af34ee7','62bdea22-4e45-0999-0716-4f97368b3e7c','2012-05-01 18:23:34','1','total_amt','currency','30','25',NULL,NULL),('c66b34db-d0b9-6977-327f-4fa02acf7ee3','62bdea22-4e45-0999-0716-4f97368b3e7c','2012-05-01 18:23:34','1','subtotal_amount','currency','30','25',NULL,NULL),('c68e75c9-ffc9-9de1-1956-4fa02a3eea27','62bdea22-4e45-0999-0716-4f97368b3e7c','2012-05-01 18:23:34','1','tax_amount','currency','0','2.98',NULL,NULL),('55980a9c-2209-4dd1-0dd5-4fa2a33a23d4','62bdea22-4e45-0999-0716-4f97368b3e7c','2012-05-03 15:25:58','1','total_amt','currency','25','550',NULL,NULL),('55c6ea16-129c-041a-e8ce-4fa2a3a465a9','62bdea22-4e45-0999-0716-4f97368b3e7c','2012-05-03 15:25:58','1','subtotal_amount','currency','25','600',NULL,NULL),('55e983d4-69fa-b576-bc77-4fa2a37392b3','62bdea22-4e45-0999-0716-4f97368b3e7c','2012-05-03 15:25:58','1','discount_amount','currency','0','50',NULL,NULL),('560d0b73-fa01-5d06-be76-4fa2a304b078','62bdea22-4e45-0999-0716-4f97368b3e7c','2012-05-03 15:25:58','1','tax_amount','currency','2.98','71.4',NULL,NULL),('562eedc2-fb67-4cec-c350-4fa2a3b4c243','62bdea22-4e45-0999-0716-4f97368b3e7c','2012-05-03 15:25:58','1','total_nrc','currency','400','0',NULL,NULL),('564fd1c5-36d5-ddc5-b470-4fa2a31c501a','62bdea22-4e45-0999-0716-4f97368b3e7c','2012-05-03 15:25:58','1','total_lmd','currency','1850','600',NULL,NULL),('714b95e7-aaf6-9acf-b1a4-4fa2a320e288','62bdea22-4e45-0999-0716-4f97368b3e7c','2012-05-03 15:27:09','1','total_amt','currency','550','670',NULL,NULL),('71775e0c-29ba-9219-6db0-4fa2a3c3969b','62bdea22-4e45-0999-0716-4f97368b3e7c','2012-05-03 15:27:09','1','subtotal_amount','currency','600','670',NULL,NULL),('7199b306-4b68-0dea-9d32-4fa2a36d8ad0','62bdea22-4e45-0999-0716-4f97368b3e7c','2012-05-03 15:27:09','1','discount_amount','currency','50','0',NULL,NULL),('71bca441-ee41-ec8a-30bf-4fa2a36dabfa','62bdea22-4e45-0999-0716-4f97368b3e7c','2012-05-03 15:27:09','1','tax_amount','currency','71.4','0',NULL,NULL),('71de8f40-5ce6-7f18-9bb2-4fa2a3f0bc25','62bdea22-4e45-0999-0716-4f97368b3e7c','2012-05-03 15:27:09','1','total_nrc','currency','0','45',NULL,NULL),('7202966e-3ad7-3c65-b8d7-4fa2a3cf28b2','62bdea22-4e45-0999-0716-4f97368b3e7c','2012-05-03 15:27:09','1','total_lmd','currency','600','45',NULL,NULL),('72241075-ff58-3db1-a219-4fa2a3983d82','62bdea22-4e45-0999-0716-4f97368b3e7c','2012-05-03 15:27:09','1','total_discount','currency','100','0',NULL,NULL),('9a658dc1-0f80-6380-79c9-4fa6e4e2ff4e','62bdea22-4e45-0999-0716-4f97368b3e7c','2012-05-06 20:50:52','1','total_amt','currency','670','21645',NULL,NULL),('9a9f4926-d5c8-756f-c76f-4fa6e4cf533f','62bdea22-4e45-0999-0716-4f97368b3e7c','2012-05-06 20:50:52','1','subtotal_amount','currency','670','21645',NULL,NULL),('9ac282bf-a0f2-8f33-ce76-4fa6e410658f','62bdea22-4e45-0999-0716-4f97368b3e7c','2012-05-06 20:50:52','1','tax_amount','currency','0','416.5',NULL,NULL),('9ae65d9c-744f-0b51-7c1e-4fa6e4bb6296','62bdea22-4e45-0999-0716-4f97368b3e7c','2012-05-06 20:50:52','1','total_nrc','currency','45','21000',NULL,NULL),('9b0738e5-79ae-edc4-d53b-4fa6e4c0a14d','62bdea22-4e45-0999-0716-4f97368b3e7c','2012-05-06 20:50:52','1','total_lmd','currency','45','21000',NULL,NULL),('9b2aaf6b-3288-0e39-5b18-4fa6e462cff3','62bdea22-4e45-0999-0716-4f97368b3e7c','2012-05-06 20:50:52','1','product_subtotal_mrc','currency','0','21000',NULL,NULL),('9b4c830e-3d69-a6a8-89c5-4fa6e479c270','62bdea22-4e45-0999-0716-4f97368b3e7c','2012-05-06 20:50:52','1','product_subtotal_lmd','currency','0','21000',NULL,NULL),('9b6d2cb0-a9d1-ba83-b81a-4fa6e4090fde','62bdea22-4e45-0999-0716-4f97368b3e7c','2012-05-06 20:50:52','1','product_subtotal_nrc','currency','0','21000',NULL,NULL),('9b8e2cc7-7100-d69b-dc72-4fa6e4610db1','62bdea22-4e45-0999-0716-4f97368b3e7c','2012-05-06 20:50:52','1','service_subtotal_nrc','currency','0','645',NULL,NULL),('ecd37584-ef22-a628-e3fc-4fa6e972c2d2','62bdea22-4e45-0999-0716-4f97368b3e7c','2012-05-06 21:11:58','1','total_amt','currency','21645','20645',NULL,NULL),('ed023677-5a78-26e4-41bf-4fa6e91ecc77','62bdea22-4e45-0999-0716-4f97368b3e7c','2012-05-06 21:11:58','1','subtotal_amount','currency','21645','21145',NULL,NULL),('ed24a796-e89f-d4cb-f9b3-4fa6e9772ba4','62bdea22-4e45-0999-0716-4f97368b3e7c','2012-05-06 21:11:58','1','total_nrc','currency','21000','20500',NULL,NULL),('ed45a649-b7ed-5cd5-cc39-4fa6e9240fb1','62bdea22-4e45-0999-0716-4f97368b3e7c','2012-05-06 21:11:58','1','total_lmd','currency','21000','20500',NULL,NULL),('ed673f64-7678-d0fd-fcfe-4fa6e9772204','62bdea22-4e45-0999-0716-4f97368b3e7c','2012-05-06 21:11:58','1','product_subtotal_mrc','currency','21000','20500',NULL,NULL),('ed893405-70f5-7f79-adb9-4fa6e9057531','62bdea22-4e45-0999-0716-4f97368b3e7c','2012-05-06 21:11:58','1','product_subtotal_lmd','currency','21000','20500',NULL,NULL),('edaa71ea-b960-1624-80cc-4fa6e9b1044d','62bdea22-4e45-0999-0716-4f97368b3e7c','2012-05-06 21:11:58','1','product_subtotal_nrc','currency','21000','20500',NULL,NULL),('cdc73a08-0805-029c-82c0-4fa6e972177c','62bdea22-4e45-0999-0716-4f97368b3e7c','2012-05-06 21:15:10','1','total_amt','currency','20645','20420',NULL,NULL),('cdf25009-ee4c-2abe-b84a-4fa6e949056b','62bdea22-4e45-0999-0716-4f97368b3e7c','2012-05-06 21:15:10','1','total_discount','currency','0','600',NULL,NULL),('ce14188c-c682-18a2-f374-4fa6e90dcea3','62bdea22-4e45-0999-0716-4f97368b3e7c','2012-05-06 21:15:10','1','product_subtotal_discount','currency','0','725',NULL,NULL),('cc94f24c-e04c-2f29-8b0d-4facf0b8956a','62bdea22-4e45-0999-0716-4f97368b3e7c','2012-05-11 10:55:47','1','total_amt','currency','20420','0',NULL,NULL),('ccca45cf-27ee-cae9-c7f3-4facf044fa80','62bdea22-4e45-0999-0716-4f97368b3e7c','2012-05-11 10:55:47','1','total_nrc','currency','20500','0',NULL,NULL),('ccec85f7-2f88-1539-ba0b-4facf0a6249a','62bdea22-4e45-0999-0716-4f97368b3e7c','2012-05-11 10:55:47','1','total_lmd','currency','20500','0',NULL,NULL),('cd0df145-64b7-c6d9-8910-4facf0696116','62bdea22-4e45-0999-0716-4f97368b3e7c','2012-05-11 10:55:47','1','service_subtotal_discount','currency','0','50',NULL,NULL),('476c6ea1-7981-f97d-4f17-4fad5b8a1278','62bdea22-4e45-0999-0716-4f97368b3e7c','2012-05-11 18:33:54','1','renewal_period','enum','12 Months','',NULL,NULL),('894407ec-e083-5cf9-9009-4fad5bfb7773','62bdea22-4e45-0999-0716-4f97368b3e7c','2012-05-11 18:34:10','1','renewal_period','enum','','24 Months',NULL,NULL),('ab88d475-cd78-3c28-0270-4fad5bea0f93','62bdea22-4e45-0999-0716-4f97368b3e7c','2012-05-11 18:34:25','1','service_period','enum','24 Months','',NULL,NULL),('abafbae8-8992-b787-c048-4fad5b427245','62bdea22-4e45-0999-0716-4f97368b3e7c','2012-05-11 18:34:25','1','renewal_period','enum','24 Months','',NULL,NULL),('96668339-dc3f-c43d-85f4-4fad651dba73','62bdea22-4e45-0999-0716-4f97368b3e7c','2012-05-11 19:14:48','1','service_period','enum','','24 Months',NULL,NULL),('96a26269-bedc-5f3d-16d9-4fad6519d257','62bdea22-4e45-0999-0716-4f97368b3e7c','2012-05-11 19:14:48','1','renewal_period','enum','','12 Months',NULL,NULL),('b024bda3-be79-c5c9-363c-4fad71f60f72','62bdea22-4e45-0999-0716-4f97368b3e7c','2012-05-11 20:05:37','1','product_subtotal_lmd','currency','20500','20200',NULL,NULL),('b04d3696-8f65-2838-6b0f-4fad718ab1be','62bdea22-4e45-0999-0716-4f97368b3e7c','2012-05-11 20:05:37','1','product_subtotal_nrc','currency','20500','20400',NULL,NULL),('3d67411a-f73b-7f08-e5d4-4fadf2052bd3','62bdea22-4e45-0999-0716-4f97368b3e7c','2012-05-12 05:16:01','1','total_amt','currency','0','29420',NULL,NULL),('3d9ac819-a760-2c9a-69f5-4fadf21cd23b','62bdea22-4e45-0999-0716-4f97368b3e7c','2012-05-12 05:16:01','1','subtotal_amount','currency','21145','30145',NULL,NULL),('3dbd13d7-305a-9d10-2652-4fadf2ad832f','62bdea22-4e45-0999-0716-4f97368b3e7c','2012-05-12 05:16:01','1','tax_amount','currency','416.5','1487.5',NULL,NULL),('3de005e9-a56d-2270-aea4-4fadf2253653','62bdea22-4e45-0999-0716-4f97368b3e7c','2012-05-12 05:16:01','1','total_nrc','currency','0','29400',NULL,NULL),('3e03a9bc-0e04-90db-4ef5-4fadf256d4ec','62bdea22-4e45-0999-0716-4f97368b3e7c','2012-05-12 05:16:01','1','total_lmd','currency','0','29200',NULL,NULL),('3e255e55-a780-5e1c-be88-4fadf2b666cb','62bdea22-4e45-0999-0716-4f97368b3e7c','2012-05-12 05:16:01','1','total_discount','currency','600','725',NULL,NULL),('3e49fef4-c791-f320-d4f7-4fadf2920503','62bdea22-4e45-0999-0716-4f97368b3e7c','2012-05-12 05:16:01','1','product_subtotal_mrc','currency','20500','29500',NULL,NULL),('3e6c3275-5c39-d925-392f-4fadf2443572','62bdea22-4e45-0999-0716-4f97368b3e7c','2012-05-12 05:16:01','1','product_subtotal_lmd','currency','20200','29200',NULL,NULL),('3e8e933a-6670-db7a-5b08-4fadf26e7cee','62bdea22-4e45-0999-0716-4f97368b3e7c','2012-05-12 05:16:01','1','product_subtotal_nrc','currency','20400','29400',NULL,NULL),('e5ea6bcc-012c-494b-5269-4fae02bacd6d','62bdea22-4e45-0999-0716-4f97368b3e7c','2012-05-12 06:24:00','1','total_amt','currency','29420','0',NULL,NULL),('e61ff062-813c-8f37-e30f-4fae0235afb5','62bdea22-4e45-0999-0716-4f97368b3e7c','2012-05-12 06:24:00','1','subtotal_amount','currency','30145','29500',NULL,NULL),('e64485f8-a4d9-f0c7-fa61-4fae028f6234','62bdea22-4e45-0999-0716-4f97368b3e7c','2012-05-12 06:24:00','1','total_nrc','currency','29400','0',NULL,NULL),('e667c05c-3918-1246-b469-4fae022883ec','62bdea22-4e45-0999-0716-4f97368b3e7c','2012-05-12 06:24:00','1','total_lmd','currency','29200','0',NULL,NULL),('7895744a-c549-7890-f07c-4fae021924ba','62bdea22-4e45-0999-0716-4f97368b3e7c','2012-05-12 06:24:26','1','total_amt','currency','0','46275',NULL,NULL),('78be0152-24d2-7c22-65ad-4fae021ebc9e','62bdea22-4e45-0999-0716-4f97368b3e7c','2012-05-12 06:24:26','1','subtotal_amount','currency','29500','47000',NULL,NULL),('78e08ab7-5970-4271-128d-4fae021c7977','62bdea22-4e45-0999-0716-4f97368b3e7c','2012-05-12 06:24:26','1','total_nrc','currency','0','46900',NULL,NULL),('79067ada-c3c8-e2ab-a2d2-4fae0272709a','62bdea22-4e45-0999-0716-4f97368b3e7c','2012-05-12 06:24:26','1','total_lmd','currency','0','46700',NULL,NULL),('7929dd7d-6f78-57fc-1076-4fae0267a59f','62bdea22-4e45-0999-0716-4f97368b3e7c','2012-05-12 06:24:26','1','product_subtotal_mrc','currency','29500','47000',NULL,NULL),('794bc01e-6683-a014-2676-4fae02bc1649','62bdea22-4e45-0999-0716-4f97368b3e7c','2012-05-12 06:24:26','1','product_subtotal_lmd','currency','29200','46700',NULL,NULL),('796d7cc3-3e13-98f9-b30d-4fae02bb31c8','62bdea22-4e45-0999-0716-4f97368b3e7c','2012-05-12 06:24:26','1','product_subtotal_nrc','currency','29400','46900',NULL,NULL),('bbc6bd29-40a9-89ba-6dd4-4fb2909d155b','62bdea22-4e45-0999-0716-4f97368b3e7c','2012-05-15 17:22:52','1','total_amt','currency','46275','0',NULL,NULL),('bbf815fc-d475-82dc-389c-4fb29077870e','62bdea22-4e45-0999-0716-4f97368b3e7c','2012-05-15 17:22:52','1','total_lmd','currency','46700','0',NULL,NULL),('bc1e8c84-0ec3-2f46-210b-4fb2904237c7','62bdea22-4e45-0999-0716-4f97368b3e7c','2012-05-15 17:22:52','1','service_subtotal_discount','currency','50','1050',NULL,NULL),('bc412953-dca9-be65-0652-4fb29073d9c0','62bdea22-4e45-0999-0716-4f97368b3e7c','2012-05-15 17:22:52','1','total_nrc_discont','currency','0','50',NULL,NULL),('b47c2054-3707-43ba-3ddf-4fb2a9964b84','62bdea22-4e45-0999-0716-4f97368b3e7c','2012-05-15 19:07:49','1','service_subtotal_discount','currency','1050','10',NULL,NULL),('b4acb789-8747-def6-9649-4fb2a928b2fe','62bdea22-4e45-0999-0716-4f97368b3e7c','2012-05-15 19:07:49','1','service_subtotal_nrc','currency','645','1185',NULL,NULL),('b4d2eb03-2d91-d37a-5e57-4fb2a9a24d1b','62bdea22-4e45-0999-0716-4f97368b3e7c','2012-05-15 19:07:49','1','order_nrc_discont','currency','0','2075',NULL,NULL),('b4f65d9a-469b-1900-061c-4fb2a9eb70b1','62bdea22-4e45-0999-0716-4f97368b3e7c','2012-05-15 19:07:49','1','total_nrc_discont','currency','50','10',NULL,NULL),('b5188f55-5769-45b8-6e13-4fb2a99c7bea','62bdea22-4e45-0999-0716-4f97368b3e7c','2012-05-15 19:07:49','1','total_nrc_subtotal','currency','0','46000',NULL,NULL),('b53a878c-a76b-7d6d-f475-4fb2a91237e3','62bdea22-4e45-0999-0716-4f97368b3e7c','2012-05-15 19:07:49','1','grand_total_nrc','currency','0','46000',NULL,NULL),('ca738f0f-f460-a8e5-c965-4fb2a95785b1','62bdea22-4e45-0999-0716-4f97368b3e7c','2012-05-15 19:08:13','1','grand_total_nrc','currency','46000','46255',NULL,NULL),('5a4c2cab-f06c-b030-a214-4fb2c991da27','66a50f99-218e-9a6a-7807-4fb2c3118710','2012-05-15 21:25:32','2bf53c62-efbb-f811-41f8-4f3d64001d45','total_amt','currency','400','540',NULL,NULL),('5a757cc4-c8e0-dbfb-ed52-4fb2c9089278','66a50f99-218e-9a6a-7807-4fb2c3118710','2012-05-15 21:25:32','2bf53c62-efbb-f811-41f8-4f3d64001d45','subtotal_amount','currency','600','500',NULL,NULL),('5a98709c-20ec-82b6-baa3-4fb2c90f69da','66a50f99-218e-9a6a-7807-4fb2c3118710','2012-05-15 21:25:32','2bf53c62-efbb-f811-41f8-4f3d64001d45','tax_amount','currency','71.4','70.81',NULL,NULL),('5aba1530-2fe3-f518-b4fe-4fb2c9566122','66a50f99-218e-9a6a-7807-4fb2c3118710','2012-05-15 21:25:32','2bf53c62-efbb-f811-41f8-4f3d64001d45','total_nrc','currency','600','595',NULL,NULL),('5adbe1ee-0d43-4e4a-e4ef-4fb2c94b9058','66a50f99-218e-9a6a-7807-4fb2c3118710','2012-05-15 21:25:32','2bf53c62-efbb-f811-41f8-4f3d64001d45','total_lmd','currency','600','595',NULL,NULL),('5aff8766-1096-3ac4-28b4-4fb2c9ae1fd2','66a50f99-218e-9a6a-7807-4fb2c3118710','2012-05-15 21:25:32','2bf53c62-efbb-f811-41f8-4f3d64001d45','order_discount','currency','0','95',NULL,NULL),('5b22bb30-b6c9-ac42-65e5-4fb2c950364c','66a50f99-218e-9a6a-7807-4fb2c3118710','2012-05-15 21:25:32','2bf53c62-efbb-f811-41f8-4f3d64001d45','product_subtotal_discount','currency','200','55',NULL,NULL),('5b43eba7-1825-694c-32d2-4fb2c9d6223f','66a50f99-218e-9a6a-7807-4fb2c3118710','2012-05-15 21:25:32','2bf53c62-efbb-f811-41f8-4f3d64001d45','product_subtotal_mrc','currency','600','595',NULL,NULL),('5b64d4f7-17cf-ff19-c627-4fb2c9b149c8','66a50f99-218e-9a6a-7807-4fb2c3118710','2012-05-15 21:25:32','2bf53c62-efbb-f811-41f8-4f3d64001d45','product_subtotal_lmd','currency','600','595',NULL,NULL),('5b86f6e4-6375-f457-1054-4fb2c94c359d','66a50f99-218e-9a6a-7807-4fb2c3118710','2012-05-15 21:25:32','2bf53c62-efbb-f811-41f8-4f3d64001d45','product_subtotal_nrc','currency','600','595',NULL,NULL),('5ba922c4-7ab0-58e7-8422-4fb2c93dd3f2','66a50f99-218e-9a6a-7807-4fb2c3118710','2012-05-15 21:25:32','2bf53c62-efbb-f811-41f8-4f3d64001d45','service_subtotal_discount','currency','0','70',NULL,NULL),('5bcbcff2-a6ed-a425-1517-4fb2c94a90f8','66a50f99-218e-9a6a-7807-4fb2c3118710','2012-05-15 21:25:32','2bf53c62-efbb-f811-41f8-4f3d64001d45','service_subtotal_nrc','currency','0','630',NULL,NULL),('5bec968d-5f1e-440e-8568-4fb2c9488f5a','66a50f99-218e-9a6a-7807-4fb2c3118710','2012-05-15 21:25:32','2bf53c62-efbb-f811-41f8-4f3d64001d45','order_nrc_discont','currency','0','1000',NULL,NULL),('5c0ee69a-cb30-9bb6-8499-4fb2c9ec2ea8','66a50f99-218e-9a6a-7807-4fb2c3118710','2012-05-15 21:25:32','2bf53c62-efbb-f811-41f8-4f3d64001d45','total_nrc_discont','currency','0','70',NULL,NULL),('5c2fd0a0-1307-f7bb-c956-4fb2c9ba3826','66a50f99-218e-9a6a-7807-4fb2c3118710','2012-05-15 21:25:32','2bf53c62-efbb-f811-41f8-4f3d64001d45','total_nrc_subtotal','currency','600','155',NULL,NULL),('5c536f3b-3f54-d306-4cc9-4fb2c9c3ea75','66a50f99-218e-9a6a-7807-4fb2c3118710','2012-05-15 21:25:32','2bf53c62-efbb-f811-41f8-4f3d64001d45','grand_total_nrc','currency','600','155',NULL,NULL),('47777806-cb43-5fba-fe33-4fb2c9ada9c0','66a50f99-218e-9a6a-7807-4fb2c3118710','2012-05-15 21:26:07','2bf53c62-efbb-f811-41f8-4f3d64001d45','total_amt','currency','540','0',NULL,NULL),('47a212fc-e247-0e56-a888-4fb2c91d36db','66a50f99-218e-9a6a-7807-4fb2c3118710','2012-05-15 21:26:07','2bf53c62-efbb-f811-41f8-4f3d64001d45','total_lmd','currency','595','0',NULL,NULL),('47c3e670-5be6-6e84-0b69-4fb2c9ba0a12','66a50f99-218e-9a6a-7807-4fb2c3118710','2012-05-15 21:26:07','2bf53c62-efbb-f811-41f8-4f3d64001d45','product_subtotal_nrc','currency','595','0',NULL,NULL),('b3d6f435-6201-4597-1cb0-4fb2cb9374e0','66a50f99-218e-9a6a-7807-4fb2c3118710','2012-05-15 21:31:00','2bf53c62-efbb-f811-41f8-4f3d64001d45','total_nrc','currency','595','0',NULL,NULL),('b41187f1-9350-3afc-fbf4-4fb2cb802df3','66a50f99-218e-9a6a-7807-4fb2c3118710','2012-05-15 21:31:00','2bf53c62-efbb-f811-41f8-4f3d64001d45','service_subtotal_discount','currency','70','100',NULL,NULL),('b435d19e-bcbb-0704-297a-4fb2cbe548fa','66a50f99-218e-9a6a-7807-4fb2c3118710','2012-05-15 21:31:00','2bf53c62-efbb-f811-41f8-4f3d64001d45','service_subtotal_nrc','currency','630','600',NULL,NULL),('b4575248-73d0-b62a-23b8-4fb2cb3f9b12','66a50f99-218e-9a6a-7807-4fb2c3118710','2012-05-15 21:31:00','2bf53c62-efbb-f811-41f8-4f3d64001d45','order_nrc_discont','currency','1000','50',NULL,NULL),('b4795d3e-c161-1832-291f-4fb2cb3f5cfd','66a50f99-218e-9a6a-7807-4fb2c3118710','2012-05-15 21:31:00','2bf53c62-efbb-f811-41f8-4f3d64001d45','total_nrc_discont','currency','70','100',NULL,NULL),('b49b30ba-5fba-b350-aad3-4fb2cb635afa','66a50f99-218e-9a6a-7807-4fb2c3118710','2012-05-15 21:31:00','2bf53c62-efbb-f811-41f8-4f3d64001d45','total_nrc_subtotal','currency','155','450',NULL,NULL),('b4bd6056-b9c4-1940-a24f-4fb2cbeabf74','66a50f99-218e-9a6a-7807-4fb2c3118710','2012-05-15 21:31:00','2bf53c62-efbb-f811-41f8-4f3d64001d45','grand_total_nrc','currency','155','500',NULL,NULL),('3bcc1109-867d-5850-4cd3-4fb3ebe803a9','66a50f99-218e-9a6a-7807-4fb2c3118710','2012-05-16 17:59:43','1','product_subtotal_list_price','currency','0','650',NULL,NULL),('a00f62ad-bfa1-626f-6cac-4fb3f1cd6887','62bdea22-4e45-0999-0716-4f97368b3e7c','2012-05-16 18:27:09','1','total_amt','currency','0','46275',NULL,NULL),('a0484438-828d-0fcb-9892-4fb3f1367c78','62bdea22-4e45-0999-0716-4f97368b3e7c','2012-05-16 18:27:09','1','total_lmd','currency','0','46700',NULL,NULL),('a06a5410-7f17-1a16-9990-4fb3f102952c','62bdea22-4e45-0999-0716-4f97368b3e7c','2012-05-16 18:27:09','1','total_discount','currency','725','0',NULL,NULL),('a08d13c9-4845-7b4a-591d-4fb3f13bdbf6','62bdea22-4e45-0999-0716-4f97368b3e7c','2012-05-16 18:27:09','1','product_subtotal_tax','currency','0','1487.5',NULL,NULL),('a0b133e7-0d45-d013-9ee2-4fb3f1defc11','62bdea22-4e45-0999-0716-4f97368b3e7c','2012-05-16 18:27:09','1','product_subtotal_list_price','currency','0','47725',NULL,NULL),('4abce4e8-6cc3-3c6b-fbec-4fb53b2827d3','66a50f99-218e-9a6a-7807-4fb2c3118710','2012-05-17 17:54:10','1','total_amt','currency','0','600',NULL,NULL),('4af0ab68-873f-0ad2-9905-4fb53b0ae44d','66a50f99-218e-9a6a-7807-4fb2c3118710','2012-05-17 17:54:10','1','subtotal_amount','currency','500','590',NULL,NULL),('4b130d8e-f498-788f-84ca-4fb53b5b8834','66a50f99-218e-9a6a-7807-4fb2c3118710','2012-05-17 17:54:10','1','tax_amount','currency','70.81','74.38',NULL,NULL),('4b34aa8d-d3b6-cd83-266a-4fb53b828472','66a50f99-218e-9a6a-7807-4fb2c3118710','2012-05-17 17:54:10','1','total_nrc','currency','0','625',NULL,NULL),('4b55e028-a2ca-6a7a-5dcf-4fb53be1e5b9','66a50f99-218e-9a6a-7807-4fb2c3118710','2012-05-17 17:54:10','1','total_lmd','currency','0','625',NULL,NULL),('4b7c4f86-f517-730e-6eb5-4fb53b302bac','66a50f99-218e-9a6a-7807-4fb2c3118710','2012-05-17 17:54:10','1','total_discount','currency','0','45',NULL,NULL),('4ba1711f-b8fc-9fa2-4930-4fb53b7d5211','66a50f99-218e-9a6a-7807-4fb2c3118710','2012-05-17 17:54:10','1','order_discount','currency','95','35',NULL,NULL),('4bc3f1d9-4133-6121-d33a-4fb53b1e666d','66a50f99-218e-9a6a-7807-4fb2c3118710','2012-05-17 17:54:10','1','product_subtotal_discount','currency','55','25',NULL,NULL),('4be70045-79a4-1728-a766-4fb53bb09ed9','66a50f99-218e-9a6a-7807-4fb2c3118710','2012-05-17 17:54:10','1','product_subtotal_mrc','currency','595','625',NULL,NULL),('4c08d455-794a-4ae2-4756-4fb53b236ddb','66a50f99-218e-9a6a-7807-4fb2c3118710','2012-05-17 17:54:10','1','product_subtotal_lmd','currency','595','625',NULL,NULL),('4c2a5248-51e6-dc52-94fd-4fb53b867995','66a50f99-218e-9a6a-7807-4fb2c3118710','2012-05-17 17:54:10','1','product_subtotal_nrc','currency','0','625',NULL,NULL),('4c4b952f-5824-6025-ba88-4fb53bc839a4','66a50f99-218e-9a6a-7807-4fb2c3118710','2012-05-17 17:54:10','1','total_nrc_subtotal','currency','450','1075',NULL,NULL),('4c6e63ce-2ff6-5937-b77c-4fb53be03f91','66a50f99-218e-9a6a-7807-4fb2c3118710','2012-05-17 17:54:10','1','grand_total_nrc','currency','500','1125',NULL,NULL),('4c90e014-7680-4726-f47a-4fb53b912ec9','66a50f99-218e-9a6a-7807-4fb2c3118710','2012-05-17 17:54:10','1','product_subtotal_tax','currency','0','74.38',NULL,NULL),('629e4ddb-ab5b-02b9-c877-4fb53df33475','66a50f99-218e-9a6a-7807-4fb2c3118710','2012-05-17 18:05:30','1','total_amt','currency','600','0',NULL,NULL),('62c88974-95ad-8b3d-302c-4fb53d1dc27d','66a50f99-218e-9a6a-7807-4fb2c3118710','2012-05-17 18:05:30','1','subtotal_amount','currency','590','5',NULL,NULL),('62eabec8-d54b-fb4a-8786-4fb53d85bc47','66a50f99-218e-9a6a-7807-4fb2c3118710','2012-05-17 18:05:30','1','total_lmd','currency','625','0',NULL,NULL),('630cbadf-dcb6-a6d8-c8fc-4fb53d1c8b2b','66a50f99-218e-9a6a-7807-4fb2c3118710','2012-05-17 18:05:30','1','order_discount','currency','35','620',NULL,NULL),('a2e4eece-3e63-d8c4-9a15-4fb542c0e9a7','66a50f99-218e-9a6a-7807-4fb2c3118710','2012-05-17 18:25:44','1','subtotal_amount','currency','5','525',NULL,NULL),('a30edd42-2962-9ae2-fd6c-4fb54231ac88','66a50f99-218e-9a6a-7807-4fb2c3118710','2012-05-17 18:25:44','1','total_discount','currency','45','125',NULL,NULL),('a331fb0e-5fc9-1b26-f3bc-4fb54259eb27','66a50f99-218e-9a6a-7807-4fb2c3118710','2012-05-17 18:25:44','1','order_discount','currency','620','100',NULL,NULL),('87aa86ad-f72d-dd0a-ed18-4fba715f4dfb','66a50f99-218e-9a6a-7807-4fb2c3118710','2012-05-21 16:48:49','1','service_subtotal_discount','currency','100','8000',NULL,NULL),('87e31352-8ce3-cfcd-6a45-4fba719f6dbb','66a50f99-218e-9a6a-7807-4fb2c3118710','2012-05-21 16:48:49','1','service_subtotal_nrc','currency','600','867000',NULL,NULL),('880a6bd1-2053-471b-9235-4fba71f0413e','66a50f99-218e-9a6a-7807-4fb2c3118710','2012-05-21 16:48:49','1','total_nrc_discont','currency','100','8050',NULL,NULL),('88327cc1-fb0c-5c6a-dea4-4fba7113e29c','66a50f99-218e-9a6a-7807-4fb2c3118710','2012-05-21 16:48:49','1','total_nrc_subtotal','currency','1075','859575',NULL,NULL),('8858d176-faf4-3030-d068-4fba714e196d','66a50f99-218e-9a6a-7807-4fb2c3118710','2012-05-21 16:48:49','1','grand_total_nrc','currency','1125','859625',NULL,NULL),('22f4419f-09b3-cb49-1911-4fc67b6e3ac0','a6f8f833-cc01-424e-d7e0-4fc67abff248','2012-05-30 19:58:22','9106f88a-f272-8119-72a3-4f3165461fc6','total_amt','currency','150','0',NULL,NULL),('233c1aa7-7879-6f6a-e2b8-4fc67b68bf69','a6f8f833-cc01-424e-d7e0-4fc67abff248','2012-05-30 19:58:22','9106f88a-f272-8119-72a3-4f3165461fc6','total_lmd','currency','150','0',NULL,NULL),('23637dfa-c40f-ccef-d9b6-4fc67b69e8f6','a6f8f833-cc01-424e-d7e0-4fc67abff248','2012-05-30 19:58:22','9106f88a-f272-8119-72a3-4f3165461fc6','order_nrc_discont','currency','0','150',NULL,NULL),('238492a8-219d-0fb7-3ef5-4fc67b0a88e9','a6f8f833-cc01-424e-d7e0-4fc67abff248','2012-05-30 19:58:22','9106f88a-f272-8119-72a3-4f3165461fc6','total_nrc_discont','currency','0','150',NULL,NULL),('23a6ab87-ad4f-2f0a-b2bd-4fc67b78cf45','a6f8f833-cc01-424e-d7e0-4fc67abff248','2012-05-30 19:58:22','9106f88a-f272-8119-72a3-4f3165461fc6','total_nrc_subtotal','currency','150','0',NULL,NULL),('23c87ccb-0ca6-c7b8-d656-4fc67b9cea61','a6f8f833-cc01-424e-d7e0-4fc67abff248','2012-05-30 19:58:22','9106f88a-f272-8119-72a3-4f3165461fc6','grand_total_nrc','currency','150','0',NULL,NULL),('bd2defe6-80e7-bd96-bc3e-4fc67d18a05d','a6f8f833-cc01-424e-d7e0-4fc67abff248','2012-05-30 20:04:59','9106f88a-f272-8119-72a3-4f3165461fc6','total_amt','currency','0','100',NULL,NULL),('bd5d1c56-987b-390c-9855-4fc67de970ed','a6f8f833-cc01-424e-d7e0-4fc67abff248','2012-05-30 20:04:59','9106f88a-f272-8119-72a3-4f3165461fc6','tax_amount','currency','17.85','14.88',NULL,NULL),('bd803cd2-f535-5429-4671-4fc67dc4096f','a6f8f833-cc01-424e-d7e0-4fc67abff248','2012-05-30 20:04:59','9106f88a-f272-8119-72a3-4f3165461fc6','total_nrc','currency','150','125',NULL,NULL),('bda1f714-3e4a-00c2-9b01-4fc67da57496','a6f8f833-cc01-424e-d7e0-4fc67abff248','2012-05-30 20:04:59','9106f88a-f272-8119-72a3-4f3165461fc6','total_lmd','currency','0','125',NULL,NULL),('bdc3f329-08e6-a4f7-002a-4fc67d8530ea','a6f8f833-cc01-424e-d7e0-4fc67abff248','2012-05-30 20:04:59','9106f88a-f272-8119-72a3-4f3165461fc6','order_discount','currency','25','0',NULL,NULL),('bde9ded0-6db1-f99b-6874-4fc67d79fbcf','a6f8f833-cc01-424e-d7e0-4fc67abff248','2012-05-30 20:04:59','9106f88a-f272-8119-72a3-4f3165461fc6','product_subtotal_discount','currency','0','25',NULL,NULL),('be0d3fda-9da0-2416-093f-4fc67df8f0ce','a6f8f833-cc01-424e-d7e0-4fc67abff248','2012-05-30 20:04:59','9106f88a-f272-8119-72a3-4f3165461fc6','product_subtotal_mrc','currency','150','125',NULL,NULL),('be2e231c-ba13-1e6d-d420-4fc67ddc538d','a6f8f833-cc01-424e-d7e0-4fc67abff248','2012-05-30 20:04:59','9106f88a-f272-8119-72a3-4f3165461fc6','product_subtotal_lmd','currency','150','125',NULL,NULL),('be4f282d-4fe9-d360-0695-4fc67d288942','a6f8f833-cc01-424e-d7e0-4fc67abff248','2012-05-30 20:04:59','9106f88a-f272-8119-72a3-4f3165461fc6','product_subtotal_nrc','currency','150','125',NULL,NULL),('be6fdbc4-5e50-4427-2d45-4fc67d8727e6','a6f8f833-cc01-424e-d7e0-4fc67abff248','2012-05-30 20:04:59','9106f88a-f272-8119-72a3-4f3165461fc6','total_nrc_subtotal','currency','0','-25',NULL,NULL),('be915b6a-a800-9e6d-1907-4fc67d2d6954','a6f8f833-cc01-424e-d7e0-4fc67abff248','2012-05-30 20:04:59','9106f88a-f272-8119-72a3-4f3165461fc6','grand_total_nrc','currency','0','-25',NULL,NULL),('beb35fc7-09bd-6591-591e-4fc67de3a756','a6f8f833-cc01-424e-d7e0-4fc67abff248','2012-05-30 20:04:59','9106f88a-f272-8119-72a3-4f3165461fc6','product_subtotal_tax','currency','17.85','14.88',NULL,NULL),('acb7db37-f8b8-be4d-70bf-4fc680fe3437','a6f8f833-cc01-424e-d7e0-4fc67abff248','2012-05-30 20:17:51','9106f88a-f272-8119-72a3-4f3165461fc6','total_amt','currency','100','650',NULL,NULL),('ace0d3b1-43f8-70e7-2f57-4fc6800f87d8','a6f8f833-cc01-424e-d7e0-4fc67abff248','2012-05-30 20:17:51','9106f88a-f272-8119-72a3-4f3165461fc6','subtotal_amount','currency','125','675',NULL,NULL),('ad0264b9-5907-a80c-5dbb-4fc680bc597c','a6f8f833-cc01-424e-d7e0-4fc67abff248','2012-05-30 20:17:51','9106f88a-f272-8119-72a3-4f3165461fc6','tax_amount','currency','14.88','80.33',NULL,NULL),('ad2347f2-75b8-b4a8-8787-4fc680e74438','a6f8f833-cc01-424e-d7e0-4fc67abff248','2012-05-30 20:17:51','9106f88a-f272-8119-72a3-4f3165461fc6','total_nrc','currency','125','675',NULL,NULL),('ad466254-751a-0f1c-fb78-4fc6802e3fe5','a6f8f833-cc01-424e-d7e0-4fc67abff248','2012-05-30 20:17:51','9106f88a-f272-8119-72a3-4f3165461fc6','total_lmd','currency','125','675',NULL,NULL),('ad6b14af-82b7-e6d1-9974-4fc680bdcd2c','a6f8f833-cc01-424e-d7e0-4fc67abff248','2012-05-30 20:17:51','9106f88a-f272-8119-72a3-4f3165461fc6','product_subtotal_mrc','currency','125','675',NULL,NULL),('ad8c6d00-315f-51f2-6353-4fc680ea9503','a6f8f833-cc01-424e-d7e0-4fc67abff248','2012-05-30 20:17:51','9106f88a-f272-8119-72a3-4f3165461fc6','product_subtotal_lmd','currency','125','675',NULL,NULL),('adad4a72-12fd-ffa2-c86a-4fc680386421','a6f8f833-cc01-424e-d7e0-4fc67abff248','2012-05-30 20:17:51','9106f88a-f272-8119-72a3-4f3165461fc6','product_subtotal_nrc','currency','125','675',NULL,NULL),('adce12ed-2104-9bf3-e507-4fc680f0348d','a6f8f833-cc01-424e-d7e0-4fc67abff248','2012-05-30 20:17:51','9106f88a-f272-8119-72a3-4f3165461fc6','total_nrc_subtotal','currency','-25','525',NULL,NULL),('adefbbc5-b355-e448-60ca-4fc680bfc99a','a6f8f833-cc01-424e-d7e0-4fc67abff248','2012-05-30 20:17:51','9106f88a-f272-8119-72a3-4f3165461fc6','grand_total_nrc','currency','-25','525',NULL,NULL),('ae10a2cf-ad81-fcf8-2747-4fc680f7c6ba','a6f8f833-cc01-424e-d7e0-4fc67abff248','2012-05-30 20:17:51','9106f88a-f272-8119-72a3-4f3165461fc6','product_subtotal_tax','currency','14.88','80.33',NULL,NULL),('ae31a497-a219-6189-2e55-4fc680b7df36','a6f8f833-cc01-424e-d7e0-4fc67abff248','2012-05-30 20:17:51','9106f88a-f272-8119-72a3-4f3165461fc6','product_subtotal_list_price','currency','150','700',NULL,NULL),('3b9b0a11-ca16-8b0b-f9ab-4fc6846c0882','a6f8f833-cc01-424e-d7e0-4fc67abff248','2012-05-30 20:33:19','9106f88a-f272-8119-72a3-4f3165461fc6','total_amt','currency','650','0',NULL,NULL),('3e7609ab-28f4-27d6-1bbf-4fc6847fb5f8','a6f8f833-cc01-424e-d7e0-4fc67abff248','2012-05-30 20:33:19','9106f88a-f272-8119-72a3-4f3165461fc6','total_lmd','currency','675','0',NULL,NULL),('40910ea1-ef63-c8bb-a4b5-4fc684e94650','a6f8f833-cc01-424e-d7e0-4fc67abff248','2012-05-30 20:33:19','9106f88a-f272-8119-72a3-4f3165461fc6','total_nrc_discont','currency','150','0',NULL,NULL),('ee4e11d6-2dad-e9c7-4657-4fd0e7945b31','a6f8f833-cc01-424e-d7e0-4fc67abff248','2012-06-07 17:38:24','2bf53c62-efbb-f811-41f8-4f3d64001d45','service_period','int','24','30',NULL,NULL),('b7130e71-56e6-85e0-806b-4fd0fb21cf56','a6f8f833-cc01-424e-d7e0-4fc67abff248','2012-06-07 19:03:51','2bf53c62-efbb-f811-41f8-4f3d64001d45','total_nrc','currency','675','15',NULL,NULL),('b73d9774-4613-0eab-a4c7-4fd0fb14ac9f','a6f8f833-cc01-424e-d7e0-4fc67abff248','2012-06-07 19:03:51','2bf53c62-efbb-f811-41f8-4f3d64001d45','product_subtotal_nrc','currency','675','15',NULL,NULL),('b761e330-9a12-b123-fc63-4fd0fb3ff183','a6f8f833-cc01-424e-d7e0-4fc67abff248','2012-06-07 19:03:51','2bf53c62-efbb-f811-41f8-4f3d64001d45','service_subtotal_nrc','currency','0','1750',NULL,NULL),('b7846308-9fb8-1f28-999a-4fd0fb9091f0','a6f8f833-cc01-424e-d7e0-4fc67abff248','2012-06-07 19:03:51','2bf53c62-efbb-f811-41f8-4f3d64001d45','total_nrc_discont','currency','0','150',NULL,NULL),('b7a5d9e0-44e1-991b-db97-4fd0fbefb949','a6f8f833-cc01-424e-d7e0-4fc67abff248','2012-06-07 19:03:51','2bf53c62-efbb-f811-41f8-4f3d64001d45','total_nrc_subtotal','currency','525','1615',NULL,NULL),('b7c74dec-da3d-a0f8-b595-4fd0fbbb2887','a6f8f833-cc01-424e-d7e0-4fc67abff248','2012-06-07 19:03:51','2bf53c62-efbb-f811-41f8-4f3d64001d45','grand_total_nrc','currency','525','1615',NULL,NULL),('7e811f9e-5450-ee8a-59a1-4fd0fd1abe3d','a6f8f833-cc01-424e-d7e0-4fc67abff248','2012-06-07 19:12:47','2bf53c62-efbb-f811-41f8-4f3d64001d45','total_nrc_discont','currency','150','0',NULL,NULL),('d827262c-ceb7-a454-4770-4fd0feca8f05','a6f8f833-cc01-424e-d7e0-4fc67abff248','2012-06-07 19:16:21','2bf53c62-efbb-f811-41f8-4f3d64001d45','total_amt','currency','0','35',NULL,NULL),('d855f951-48ad-88a4-9b8b-4fd0fef078b0','a6f8f833-cc01-424e-d7e0-4fc67abff248','2012-06-07 19:16:21','2bf53c62-efbb-f811-41f8-4f3d64001d45','subtotal_amount','currency','675','40',NULL,NULL),('d87a9419-c765-9aca-c342-4fd0fe35c7e9','a6f8f833-cc01-424e-d7e0-4fc67abff248','2012-06-07 19:16:21','2bf53c62-efbb-f811-41f8-4f3d64001d45','tax_amount','currency','80.33','4.76',NULL,NULL),('d89ffa2a-b0d2-a9c9-dbe1-4fd0fe12972f','a6f8f833-cc01-424e-d7e0-4fc67abff248','2012-06-07 19:16:21','2bf53c62-efbb-f811-41f8-4f3d64001d45','total_nrc','currency','15','40',NULL,NULL),('d8c398f7-58da-e674-8b69-4fd0fe36b447','a6f8f833-cc01-424e-d7e0-4fc67abff248','2012-06-07 19:16:21','2bf53c62-efbb-f811-41f8-4f3d64001d45','total_lmd','currency','0','40',NULL,NULL),('d8e9f22c-7f54-7cfd-a548-4fd0fe0b18a9','a6f8f833-cc01-424e-d7e0-4fc67abff248','2012-06-07 19:16:21','2bf53c62-efbb-f811-41f8-4f3d64001d45','total_discount','currency','25','5',NULL,NULL),('d911e383-9602-b60e-63b9-4fd0fec1e156','a6f8f833-cc01-424e-d7e0-4fc67abff248','2012-06-07 19:16:21','2bf53c62-efbb-f811-41f8-4f3d64001d45','product_subtotal_discount','currency','25','5',NULL,NULL),('d936b38d-196d-56b7-9b56-4fd0fe01df84','a6f8f833-cc01-424e-d7e0-4fc67abff248','2012-06-07 19:16:21','2bf53c62-efbb-f811-41f8-4f3d64001d45','product_subtotal_mrc','currency','675','40',NULL,NULL),('d95aab51-e28d-5897-6118-4fd0fe2f907d','a6f8f833-cc01-424e-d7e0-4fc67abff248','2012-06-07 19:16:21','2bf53c62-efbb-f811-41f8-4f3d64001d45','product_subtotal_lmd','currency','675','40',NULL,NULL),('d983cb34-e247-92c4-6912-4fd0fe3dd9fc','a6f8f833-cc01-424e-d7e0-4fc67abff248','2012-06-07 19:16:21','2bf53c62-efbb-f811-41f8-4f3d64001d45','product_subtotal_nrc','currency','15','40',NULL,NULL),('d9a93281-0403-6ebc-4f24-4fd0fee87c1e','a6f8f833-cc01-424e-d7e0-4fc67abff248','2012-06-07 19:16:21','2bf53c62-efbb-f811-41f8-4f3d64001d45','service_subtotal_nrc','currency','1750','0',NULL,NULL),('d9ce0426-db66-e63a-aa06-4fd0fe49b3c3','a6f8f833-cc01-424e-d7e0-4fc67abff248','2012-06-07 19:16:21','2bf53c62-efbb-f811-41f8-4f3d64001d45','total_nrc_discont','currency','0','150',NULL,NULL),('d9f321ff-c84e-f16a-4a2b-4fd0fe95980d','a6f8f833-cc01-424e-d7e0-4fc67abff248','2012-06-07 19:16:21','2bf53c62-efbb-f811-41f8-4f3d64001d45','total_nrc_subtotal','currency','1615','-110',NULL,NULL),('da17e9de-0278-3644-7fd6-4fd0feaf848e','a6f8f833-cc01-424e-d7e0-4fc67abff248','2012-06-07 19:16:21','2bf53c62-efbb-f811-41f8-4f3d64001d45','grand_total_nrc','currency','1615','-110',NULL,NULL),('da3c0a69-6d04-7ac2-699a-4fd0fe74831a','a6f8f833-cc01-424e-d7e0-4fc67abff248','2012-06-07 19:16:21','2bf53c62-efbb-f811-41f8-4f3d64001d45','product_subtotal_tax','currency','80.33','4.76',NULL,NULL),('da60ae73-1507-f27e-4c99-4fd0fe58d9d3','a6f8f833-cc01-424e-d7e0-4fc67abff248','2012-06-07 19:16:21','2bf53c62-efbb-f811-41f8-4f3d64001d45','product_subtotal_list_price','currency','700','45',NULL,NULL),('b02e5d29-f354-8375-3437-4fd0fe17d51e','a6f8f833-cc01-424e-d7e0-4fc67abff248','2012-06-07 19:17:38','2bf53c62-efbb-f811-41f8-4f3d64001d45','total_amt','currency','35','735',NULL,NULL),('b05c09cf-3cad-670e-4937-4fd0fe11b4c2','a6f8f833-cc01-424e-d7e0-4fc67abff248','2012-06-07 19:17:38','2bf53c62-efbb-f811-41f8-4f3d64001d45','subtotal_amount','currency','40','840',NULL,NULL),('b081e82d-7f27-5a7d-9085-4fd0fe952be3','a6f8f833-cc01-424e-d7e0-4fc67abff248','2012-06-07 19:17:38','2bf53c62-efbb-f811-41f8-4f3d64001d45','tax_amount','currency','4.76','99.96',NULL,NULL),('b0a452a4-9996-2824-3742-4fd0fe2e1d8b','a6f8f833-cc01-424e-d7e0-4fc67abff248','2012-06-07 19:17:38','2bf53c62-efbb-f811-41f8-4f3d64001d45','total_nrc','currency','40','840',NULL,NULL),('b0c6e785-52ba-2efb-e9f2-4fd0fe34804b','a6f8f833-cc01-424e-d7e0-4fc67abff248','2012-06-07 19:17:38','2bf53c62-efbb-f811-41f8-4f3d64001d45','total_lmd','currency','40','840',NULL,NULL),('b0e8f01f-3be9-a54c-3b8c-4fd0febf7b8e','a6f8f833-cc01-424e-d7e0-4fc67abff248','2012-06-07 19:17:38','2bf53c62-efbb-f811-41f8-4f3d64001d45','total_discount','currency','5','105',NULL,NULL),('b10b2148-4f55-51bb-b21d-4fd0fec91796','a6f8f833-cc01-424e-d7e0-4fc67abff248','2012-06-07 19:17:38','2bf53c62-efbb-f811-41f8-4f3d64001d45','product_subtotal_discount','currency','5','105',NULL,NULL),('b13071e1-6295-5738-3513-4fd0fe9994c9','a6f8f833-cc01-424e-d7e0-4fc67abff248','2012-06-07 19:17:38','2bf53c62-efbb-f811-41f8-4f3d64001d45','product_subtotal_mrc','currency','40','840',NULL,NULL),('b15405c6-dd40-5103-b146-4fd0fe604845','a6f8f833-cc01-424e-d7e0-4fc67abff248','2012-06-07 19:17:38','2bf53c62-efbb-f811-41f8-4f3d64001d45','product_subtotal_lmd','currency','40','840',NULL,NULL),('b17804b4-622d-607c-ab98-4fd0feb4d1bb','a6f8f833-cc01-424e-d7e0-4fc67abff248','2012-06-07 19:17:38','2bf53c62-efbb-f811-41f8-4f3d64001d45','product_subtotal_nrc','currency','40','840',NULL,NULL),('b19cc0aa-932b-6d7f-462b-4fd0fed768d8','a6f8f833-cc01-424e-d7e0-4fc67abff248','2012-06-07 19:17:38','2bf53c62-efbb-f811-41f8-4f3d64001d45','total_nrc_subtotal','currency','-110','690',NULL,NULL),('b1c4952b-5cb8-b0e1-cf21-4fd0feae0766','a6f8f833-cc01-424e-d7e0-4fc67abff248','2012-06-07 19:17:38','2bf53c62-efbb-f811-41f8-4f3d64001d45','grand_total_nrc','currency','-110','690',NULL,NULL),('b1e95be3-0085-fdbd-15f9-4fd0fe6e6622','a6f8f833-cc01-424e-d7e0-4fc67abff248','2012-06-07 19:17:38','2bf53c62-efbb-f811-41f8-4f3d64001d45','product_subtotal_tax','currency','4.76','99.96',NULL,NULL),('b20db839-7254-2579-3594-4fd0fe451909','a6f8f833-cc01-424e-d7e0-4fc67abff248','2012-06-07 19:17:38','2bf53c62-efbb-f811-41f8-4f3d64001d45','product_subtotal_list_price','currency','45','945',NULL,NULL),('32311bb5-4ef7-a5bc-87f1-4fd10968a3ef','57ff3353-f377-a7aa-3138-4fd105124b23','2012-06-07 20:06:04','2bf53c62-efbb-f811-41f8-4f3d64001d45','total_amt','currency','735','1135',NULL,NULL),('3266e7ae-cfd7-2bb4-049a-4fd10926fc10','57ff3353-f377-a7aa-3138-4fd105124b23','2012-06-07 20:06:04','2bf53c62-efbb-f811-41f8-4f3d64001d45','subtotal_amount','currency','840','1290',NULL,NULL),('3288a186-3fba-013f-0c8c-4fd1095de488','57ff3353-f377-a7aa-3138-4fd105124b23','2012-06-07 20:06:04','2bf53c62-efbb-f811-41f8-4f3d64001d45','tax_amount','currency','99.96','153.51',NULL,NULL),('32aacc73-f680-a81b-d054-4fd10922dce4','57ff3353-f377-a7aa-3138-4fd105124b23','2012-06-07 20:06:04','2bf53c62-efbb-f811-41f8-4f3d64001d45','total_nrc','currency','840','1290',NULL,NULL),('32cd4297-1692-3961-62e4-4fd109d637ce','57ff3353-f377-a7aa-3138-4fd105124b23','2012-06-07 20:06:04','2bf53c62-efbb-f811-41f8-4f3d64001d45','total_lmd','currency','840','1290',NULL,NULL),('32efac3e-898e-82a3-1c69-4fd109da9331','57ff3353-f377-a7aa-3138-4fd105124b23','2012-06-07 20:06:04','2bf53c62-efbb-f811-41f8-4f3d64001d45','total_discount','currency','105','155',NULL,NULL),('33116b98-fddf-bcf5-7d84-4fd1099629d7','57ff3353-f377-a7aa-3138-4fd105124b23','2012-06-07 20:06:04','2bf53c62-efbb-f811-41f8-4f3d64001d45','product_subtotal_discount','currency','105','155',NULL,NULL),('3332652a-a7be-5102-e609-4fd1099dde94','57ff3353-f377-a7aa-3138-4fd105124b23','2012-06-07 20:06:04','2bf53c62-efbb-f811-41f8-4f3d64001d45','product_subtotal_mrc','currency','840','1290',NULL,NULL),('33530507-65ca-af76-3044-4fd10904751f','57ff3353-f377-a7aa-3138-4fd105124b23','2012-06-07 20:06:04','2bf53c62-efbb-f811-41f8-4f3d64001d45','product_subtotal_lmd','currency','840','1290',NULL,NULL),('3374b5df-8b41-fc38-7086-4fd1092b7938','57ff3353-f377-a7aa-3138-4fd105124b23','2012-06-07 20:06:04','2bf53c62-efbb-f811-41f8-4f3d64001d45','product_subtotal_nrc','currency','840','1290',NULL,NULL),('3395872b-af1d-8c10-9806-4fd1091e8dff','57ff3353-f377-a7aa-3138-4fd105124b23','2012-06-07 20:06:04','2bf53c62-efbb-f811-41f8-4f3d64001d45','service_subtotal_nrc','currency','0','1750',NULL,NULL),('33b76870-0210-12bc-af3b-4fd10950a035','57ff3353-f377-a7aa-3138-4fd105124b23','2012-06-07 20:06:04','2bf53c62-efbb-f811-41f8-4f3d64001d45','total_nrc_subtotal','currency','840','3040',NULL,NULL),('33d9d49f-db81-992f-1189-4fd109721edd','57ff3353-f377-a7aa-3138-4fd105124b23','2012-06-07 20:06:04','2bf53c62-efbb-f811-41f8-4f3d64001d45','grand_total_nrc','currency','840','3040',NULL,NULL),('33fc141d-c258-30a5-6e24-4fd1094a5f1d','57ff3353-f377-a7aa-3138-4fd105124b23','2012-06-07 20:06:04','2bf53c62-efbb-f811-41f8-4f3d64001d45','product_subtotal_tax','currency','99.96','153.51',NULL,NULL),('341d025f-4859-37ff-3a43-4fd109676fb6','57ff3353-f377-a7aa-3138-4fd105124b23','2012-06-07 20:06:04','2bf53c62-efbb-f811-41f8-4f3d64001d45','product_subtotal_list_price','currency','945','1445',NULL,NULL),('302d2b3a-b555-b901-fe2a-4fd10d91910b','57ff3353-f377-a7aa-3138-4fd105124b23','2012-06-07 20:21:43','2bf53c62-efbb-f811-41f8-4f3d64001d45','total_amt','currency','1135','1590',NULL,NULL),('305bd0e7-f348-f0fe-be62-4fd10d06f597','57ff3353-f377-a7aa-3138-4fd105124b23','2012-06-07 20:21:43','2bf53c62-efbb-f811-41f8-4f3d64001d45','subtotal_amount','currency','1290','1850',NULL,NULL),('307f61c9-f4fc-539b-b101-4fd10dcd6b63','57ff3353-f377-a7aa-3138-4fd105124b23','2012-06-07 20:21:43','2bf53c62-efbb-f811-41f8-4f3d64001d45','tax_amount','currency','153.51','220.15',NULL,NULL),('30a10568-f2a6-8c85-e502-4fd10d98cc97','57ff3353-f377-a7aa-3138-4fd105124b23','2012-06-07 20:21:43','2bf53c62-efbb-f811-41f8-4f3d64001d45','total_nrc','currency','1290','1850',NULL,NULL),('30c42f76-f402-8343-c65b-4fd10dd44dd6','57ff3353-f377-a7aa-3138-4fd105124b23','2012-06-07 20:21:43','2bf53c62-efbb-f811-41f8-4f3d64001d45','total_lmd','currency','1290','1850',NULL,NULL),('30e5dd70-5387-d052-9f89-4fd10d344aa2','57ff3353-f377-a7aa-3138-4fd105124b23','2012-06-07 20:21:43','2bf53c62-efbb-f811-41f8-4f3d64001d45','total_discount','currency','155','360',NULL,NULL),('31072326-7fbb-b635-16ea-4fd10d107a4c','57ff3353-f377-a7aa-3138-4fd105124b23','2012-06-07 20:21:43','2bf53c62-efbb-f811-41f8-4f3d64001d45','order_discount','currency','0','100',NULL,NULL),('31282066-0abb-a333-f47e-4fd10d8edbca','57ff3353-f377-a7aa-3138-4fd105124b23','2012-06-07 20:21:43','2bf53c62-efbb-f811-41f8-4f3d64001d45','product_subtotal_discount','currency','155','260',NULL,NULL),('314c2750-299b-b891-24b8-4fd10de67e5f','57ff3353-f377-a7aa-3138-4fd105124b23','2012-06-07 20:21:43','2bf53c62-efbb-f811-41f8-4f3d64001d45','product_subtotal_mrc','currency','1290','1850',NULL,NULL),('316df3b7-9964-2ec5-bbf0-4fd10d90b9a0','57ff3353-f377-a7aa-3138-4fd105124b23','2012-06-07 20:21:43','2bf53c62-efbb-f811-41f8-4f3d64001d45','product_subtotal_lmd','currency','1290','1850',NULL,NULL),('318f5f76-e314-0d04-3904-4fd10d91561e','57ff3353-f377-a7aa-3138-4fd105124b23','2012-06-07 20:21:43','2bf53c62-efbb-f811-41f8-4f3d64001d45','product_subtotal_nrc','currency','1290','1850',NULL,NULL),('31b11169-6675-95a9-6e90-4fd10db8ac94','57ff3353-f377-a7aa-3138-4fd105124b23','2012-06-07 20:21:43','2bf53c62-efbb-f811-41f8-4f3d64001d45','service_subtotal_discount','currency','0','50',NULL,NULL),('31d299b5-fdf6-5c72-927a-4fd10db8d131','57ff3353-f377-a7aa-3138-4fd105124b23','2012-06-07 20:21:43','2bf53c62-efbb-f811-41f8-4f3d64001d45','service_subtotal_nrc','currency','1750','1700',NULL,NULL),('3201f741-86fb-cae2-98f7-4fd10df88507','57ff3353-f377-a7aa-3138-4fd105124b23','2012-06-07 20:21:43','2bf53c62-efbb-f811-41f8-4f3d64001d45','order_nrc_discont','currency','0','50',NULL,NULL),('3223fd74-7b21-a5a0-8b8d-4fd10d89eabe','57ff3353-f377-a7aa-3138-4fd105124b23','2012-06-07 20:21:43','2bf53c62-efbb-f811-41f8-4f3d64001d45','total_nrc_discont','currency','0','100',NULL,NULL),('324566bc-edb8-e862-2541-4fd10d644450','57ff3353-f377-a7aa-3138-4fd105124b23','2012-06-07 20:21:43','2bf53c62-efbb-f811-41f8-4f3d64001d45','total_nrc_subtotal','currency','3040','3450',NULL,NULL),('32671747-826b-a9b7-e6ca-4fd10d8cc195','57ff3353-f377-a7aa-3138-4fd105124b23','2012-06-07 20:21:43','2bf53c62-efbb-f811-41f8-4f3d64001d45','grand_total_nrc','currency','3040','3450',NULL,NULL),('328b14ad-1500-e55a-cbe0-4fd10d383d7b','57ff3353-f377-a7aa-3138-4fd105124b23','2012-06-07 20:21:43','2bf53c62-efbb-f811-41f8-4f3d64001d45','product_subtotal_tax','currency','153.51','220.15',NULL,NULL),('32acd676-9a23-4ecd-007c-4fd10dd575e0','57ff3353-f377-a7aa-3138-4fd105124b23','2012-06-07 20:21:43','2bf53c62-efbb-f811-41f8-4f3d64001d45','product_subtotal_list_price','currency','1445','2110',NULL,NULL),('8d23b0ca-0dd1-5742-899d-4fd10d506261','57ff3353-f377-a7aa-3138-4fd105124b23','2012-06-07 20:23:37','2bf53c62-efbb-f811-41f8-4f3d64001d45','total_amt','currency','1590','0',NULL,NULL),('8d4f456c-0c5b-017b-4fe7-4fd10df5cdf3','57ff3353-f377-a7aa-3138-4fd105124b23','2012-06-07 20:23:37','2bf53c62-efbb-f811-41f8-4f3d64001d45','total_lmd','currency','1850','0',NULL,NULL),('8d72925a-0825-31cc-2193-4fd10dfc3914','57ff3353-f377-a7aa-3138-4fd105124b23','2012-06-07 20:23:37','2bf53c62-efbb-f811-41f8-4f3d64001d45','total_nrc_discont','currency','100','50',NULL,NULL),('b95a1a19-502f-d796-e190-4fd11a6ae2b4','57ff3353-f377-a7aa-3138-4fd105124b23','2012-06-07 21:19:10','2bf53c62-efbb-f811-41f8-4f3d64001d45','order_nrc_discont','currency','50','1850',NULL,NULL),('b984f220-7659-f860-5362-4fd11a8aec59','57ff3353-f377-a7aa-3138-4fd105124b23','2012-06-07 21:19:10','2bf53c62-efbb-f811-41f8-4f3d64001d45','total_nrc_discont','currency','50','1900',NULL,NULL),('b9a82862-0e2f-b720-8849-4fd11a51d219','57ff3353-f377-a7aa-3138-4fd105124b23','2012-06-07 21:19:10','2bf53c62-efbb-f811-41f8-4f3d64001d45','total_nrc_subtotal','currency','3450','1650',NULL,NULL),('b9ca7a5b-b9ac-87c6-53b2-4fd11a3c71a7','57ff3353-f377-a7aa-3138-4fd105124b23','2012-06-07 21:19:10','2bf53c62-efbb-f811-41f8-4f3d64001d45','grand_total_nrc','currency','3450','1650',NULL,NULL),('63d7f60c-257f-1d90-0049-4fd121df8717','57ff3353-f377-a7aa-3138-4fd105124b23','2012-06-07 21:46:47','2bf53c62-efbb-f811-41f8-4f3d64001d45','total_amt','currency','0','1640',NULL,NULL),('640535ab-285d-47f7-f212-4fd1215e3dd7','57ff3353-f377-a7aa-3138-4fd105124b23','2012-06-07 21:46:47','2bf53c62-efbb-f811-41f8-4f3d64001d45','subtotal_amount','currency','1850','1900',NULL,NULL),('64291a50-ba6c-662d-ab99-4fd1219a86a2','57ff3353-f377-a7aa-3138-4fd105124b23','2012-06-07 21:46:47','2bf53c62-efbb-f811-41f8-4f3d64001d45','tax_amount','currency','220.15','226.1',NULL,NULL),('644bcee8-e25c-8573-bed0-4fd121c999c0','57ff3353-f377-a7aa-3138-4fd105124b23','2012-06-07 21:46:47','2bf53c62-efbb-f811-41f8-4f3d64001d45','total_nrc','currency','1850','1900',NULL,NULL),('646de684-0eeb-22ef-1cc0-4fd121d191da','57ff3353-f377-a7aa-3138-4fd105124b23','2012-06-07 21:46:47','2bf53c62-efbb-f811-41f8-4f3d64001d45','total_lmd','currency','0','1900',NULL,NULL),('64915b45-5697-508c-1806-4fd121b13e1f','57ff3353-f377-a7aa-3138-4fd105124b23','2012-06-07 21:46:47','2bf53c62-efbb-f811-41f8-4f3d64001d45','product_subtotal_mrc','currency','1850','1900',NULL,NULL),('64b6fc2d-6c82-c3d0-ba0a-4fd12120738b','57ff3353-f377-a7aa-3138-4fd105124b23','2012-06-07 21:46:47','2bf53c62-efbb-f811-41f8-4f3d64001d45','product_subtotal_lmd','currency','1850','1900',NULL,NULL),('64d92475-f84e-ac69-7042-4fd1213ebdc6','57ff3353-f377-a7aa-3138-4fd105124b23','2012-06-07 21:46:47','2bf53c62-efbb-f811-41f8-4f3d64001d45','product_subtotal_nrc','currency','1850','1900',NULL,NULL),('64faf502-6de7-53ae-4367-4fd121109b0a','57ff3353-f377-a7aa-3138-4fd105124b23','2012-06-07 21:46:47','2bf53c62-efbb-f811-41f8-4f3d64001d45','total_nrc_subtotal','currency','1650','1700',NULL,NULL),('651cda39-6a21-df8e-eed3-4fd121457ac4','57ff3353-f377-a7aa-3138-4fd105124b23','2012-06-07 21:46:47','2bf53c62-efbb-f811-41f8-4f3d64001d45','grand_total_nrc','currency','1650','1700',NULL,NULL),('65409aff-a33e-d0ad-9685-4fd1219864fa','57ff3353-f377-a7aa-3138-4fd105124b23','2012-06-07 21:46:47','2bf53c62-efbb-f811-41f8-4f3d64001d45','product_subtotal_tax','currency','220.15','226.1',NULL,NULL),('6562fad3-cd31-8a5f-87c5-4fd121d59fcf','57ff3353-f377-a7aa-3138-4fd105124b23','2012-06-07 21:46:47','2bf53c62-efbb-f811-41f8-4f3d64001d45','product_subtotal_list_price','currency','2110','2160',NULL,NULL),('16bc75e3-33a6-01d4-9bec-4fd121dc5321','57ff3353-f377-a7aa-3138-4fd105124b23','2012-06-07 21:47:49','2bf53c62-efbb-f811-41f8-4f3d64001d45','total_amt','currency','1640','0',NULL,NULL),('16e8de20-a39c-825a-b031-4fd121fcf1ea','57ff3353-f377-a7aa-3138-4fd105124b23','2012-06-07 21:47:49','2bf53c62-efbb-f811-41f8-4f3d64001d45','total_lmd','currency','1900','0',NULL,NULL),('170c62f3-756d-98a4-395e-4fd121a3dc29','57ff3353-f377-a7aa-3138-4fd105124b23','2012-06-07 21:47:49','2bf53c62-efbb-f811-41f8-4f3d64001d45','service_subtotal_nrc','currency','1700','2825',NULL,NULL),('172f0f08-e36a-1cf6-ce93-4fd1216fdd00','57ff3353-f377-a7aa-3138-4fd105124b23','2012-06-07 21:47:49','2bf53c62-efbb-f811-41f8-4f3d64001d45','total_nrc_subtotal','currency','1700','2825',NULL,NULL),('1751d390-1a40-0fa5-3290-4fd12121d410','57ff3353-f377-a7aa-3138-4fd105124b23','2012-06-07 21:47:49','2bf53c62-efbb-f811-41f8-4f3d64001d45','grand_total_nrc','currency','1700','2825',NULL,NULL),('7f9c0f12-6965-f646-6149-4fd121dc97b0','57ff3353-f377-a7aa-3138-4fd105124b23','2012-06-07 21:48:19','2bf53c62-efbb-f811-41f8-4f3d64001d45','total_amt','currency','0','1590',NULL,NULL),('7fc8a0a5-6d18-b3da-de33-4fd121baaf44','57ff3353-f377-a7aa-3138-4fd105124b23','2012-06-07 21:48:19','2bf53c62-efbb-f811-41f8-4f3d64001d45','subtotal_amount','currency','1900','1850',NULL,NULL),('7fee4342-5452-08fe-5d0b-4fd121fbe1b0','57ff3353-f377-a7aa-3138-4fd105124b23','2012-06-07 21:48:19','2bf53c62-efbb-f811-41f8-4f3d64001d45','tax_amount','currency','226.1','220.15',NULL,NULL),('80142b8a-da4c-300a-8cb7-4fd121d60f90','57ff3353-f377-a7aa-3138-4fd105124b23','2012-06-07 21:48:19','2bf53c62-efbb-f811-41f8-4f3d64001d45','total_nrc','currency','1900','1850',NULL,NULL),('8037060a-ed8b-ba12-4a31-4fd1214b120c','57ff3353-f377-a7aa-3138-4fd105124b23','2012-06-07 21:48:19','2bf53c62-efbb-f811-41f8-4f3d64001d45','total_lmd','currency','0','1850',NULL,NULL),('805eb524-4a5c-afbc-3c06-4fd1218668b2','57ff3353-f377-a7aa-3138-4fd105124b23','2012-06-07 21:48:19','2bf53c62-efbb-f811-41f8-4f3d64001d45','product_subtotal_mrc','currency','1900','1850',NULL,NULL),('80832016-8d61-6b71-a06b-4fd121fa6407','57ff3353-f377-a7aa-3138-4fd105124b23','2012-06-07 21:48:19','2bf53c62-efbb-f811-41f8-4f3d64001d45','product_subtotal_lmd','currency','1900','1850',NULL,NULL),('80a76741-d0a8-cd76-9bd1-4fd1218c8cc4','57ff3353-f377-a7aa-3138-4fd105124b23','2012-06-07 21:48:19','2bf53c62-efbb-f811-41f8-4f3d64001d45','product_subtotal_nrc','currency','1900','1850',NULL,NULL),('80ca45a1-558c-7c16-44be-4fd121c643c6','57ff3353-f377-a7aa-3138-4fd105124b23','2012-06-07 21:48:19','2bf53c62-efbb-f811-41f8-4f3d64001d45','service_subtotal_nrc','currency','2825','1700',NULL,NULL),('80f036c3-c1a3-d793-b4f0-4fd1218997f7','57ff3353-f377-a7aa-3138-4fd105124b23','2012-06-07 21:48:19','2bf53c62-efbb-f811-41f8-4f3d64001d45','total_nrc_subtotal','currency','2825','1650',NULL,NULL),('81133ad8-0745-3305-8c9f-4fd12145cdea','57ff3353-f377-a7aa-3138-4fd105124b23','2012-06-07 21:48:19','2bf53c62-efbb-f811-41f8-4f3d64001d45','grand_total_nrc','currency','2825','1650',NULL,NULL),('81361bdb-5359-621c-c9d8-4fd1213fc46b','57ff3353-f377-a7aa-3138-4fd105124b23','2012-06-07 21:48:19','2bf53c62-efbb-f811-41f8-4f3d64001d45','product_subtotal_tax','currency','226.1','220.15',NULL,NULL),('815aca35-e8df-0ab0-9f28-4fd121f6516d','57ff3353-f377-a7aa-3138-4fd105124b23','2012-06-07 21:48:19','2bf53c62-efbb-f811-41f8-4f3d64001d45','product_subtotal_list_price','currency','2160','2110',NULL,NULL);
/*!40000 ALTER TABLE `aos_quotes_audit` ENABLE KEYS */;
UNLOCK TABLES;

--
-- Table structure for table `aos_quotes_os_contracts_c`
--

DROP TABLE IF EXISTS `aos_quotes_os_contracts_c`;
/*!40101 SET @saved_cs_client     = @@character_set_client */;
/*!40101 SET character_set_client = utf8 */;
CREATE TABLE `aos_quotes_os_contracts_c` (
  `id` varchar(36) NOT NULL,
  `date_modified` datetime DEFAULT NULL,
  `deleted` tinyint(1) DEFAULT '0',
  `aos_quotese81e_quotes_ida` varchar(36) DEFAULT NULL,
  `aos_quotes4dc0ntracts_idb` varchar(36) DEFAULT NULL,
  PRIMARY KEY (`id`),
  KEY `aos_quotes_aos_contracts_alt` (`aos_quotese81e_quotes_ida`,`aos_quotes4dc0ntracts_idb`)
) ENGINE=MyISAM DEFAULT CHARSET=utf8;
/*!40101 SET character_set_client = @saved_cs_client */;

--
-- Dumping data for table `aos_quotes_os_contracts_c`
--

LOCK TABLES `aos_quotes_os_contracts_c` WRITE;
/*!40000 ALTER TABLE `aos_quotes_os_contracts_c` DISABLE KEYS */;
INSERT INTO `aos_quotes_os_contracts_c` VALUES ('4926d36a-3e0a-efef-e18b-4f318749538d','2012-02-07 20:20:41',0,'5fa96842-e9f3-67e0-2f17-4f298bbc1548','4856405f-d491-18f0-3d42-4f3187d623e6');
/*!40000 ALTER TABLE `aos_quotes_os_contracts_c` ENABLE KEYS */;
UNLOCK TABLES;

--
-- Table structure for table `aos_quotes_project_c`
--

DROP TABLE IF EXISTS `aos_quotes_project_c`;
/*!40101 SET @saved_cs_client     = @@character_set_client */;
/*!40101 SET character_set_client = utf8 */;
CREATE TABLE `aos_quotes_project_c` (
  `id` varchar(36) NOT NULL,
  `date_modified` datetime DEFAULT NULL,
  `deleted` tinyint(1) DEFAULT '0',
  `aos_quotes1112_quotes_ida` varchar(36) DEFAULT NULL,
  `aos_quotes7207project_idb` varchar(36) DEFAULT NULL,
  PRIMARY KEY (`id`),
  KEY `aos_quotes_project_alt` (`aos_quotes1112_quotes_ida`,`aos_quotes7207project_idb`)
) ENGINE=MyISAM DEFAULT CHARSET=utf8;
/*!40101 SET character_set_client = @saved_cs_client */;

--
-- Dumping data for table `aos_quotes_project_c`
--

LOCK TABLES `aos_quotes_project_c` WRITE;
/*!40000 ALTER TABLE `aos_quotes_project_c` DISABLE KEYS */;
/*!40000 ALTER TABLE `aos_quotes_project_c` ENABLE KEYS */;
UNLOCK TABLES;

--
-- Table structure for table `bugs`
--

DROP TABLE IF EXISTS `bugs`;
/*!40101 SET @saved_cs_client     = @@character_set_client */;
/*!40101 SET character_set_client = utf8 */;
CREATE TABLE `bugs` (
  `id` char(36) NOT NULL,
  `name` varchar(255) DEFAULT NULL,
  `date_entered` datetime DEFAULT NULL,
  `date_modified` datetime DEFAULT NULL,
  `modified_user_id` char(36) DEFAULT NULL,
  `created_by` char(36) DEFAULT NULL,
  `description` text,
  `deleted` tinyint(1) DEFAULT '0',
  `assigned_user_id` char(36) DEFAULT NULL,
  `bug_number` int(11) NOT NULL AUTO_INCREMENT,
  `type` varchar(255) DEFAULT NULL,
  `status` varchar(100) DEFAULT NULL,
  `priority` varchar(100) DEFAULT NULL,
  `resolution` varchar(255) DEFAULT NULL,
  `work_log` text,
  `found_in_release` varchar(255) DEFAULT NULL,
  `fixed_in_release` varchar(255) DEFAULT NULL,
  `source` varchar(255) DEFAULT NULL,
  `product_category` varchar(255) DEFAULT NULL,
  PRIMARY KEY (`id`),
  UNIQUE KEY `bugsnumk` (`bug_number`),
  KEY `bug_number` (`bug_number`),
  KEY `idx_bug_name` (`name`),
  KEY `idx_bugs_assigned_user` (`assigned_user_id`)
) ENGINE=MyISAM AUTO_INCREMENT=6 DEFAULT CHARSET=utf8;
/*!40101 SET character_set_client = @saved_cs_client */;

--
-- Dumping data for table `bugs`
--

LOCK TABLES `bugs` WRITE;
/*!40000 ALTER TABLE `bugs` DISABLE KEYS */;
INSERT INTO `bugs` VALUES ('b641114c-18da-c313-cf1a-4f3d5fbf36ee','circuitTestRecord','2012-02-16 19:55:48','2012-02-19 18:39:44','9673dc31-3233-8829-d8af-4f3d55b2ff3c','9673dc31-3233-8829-d8af-4f3d55b2ff3c','Test Bug',1,'b382dde4-a6f4-b9c9-76b7-4f3d574329b1',1,'Defect','New','Low','Accepted',NULL,'887830ae-5478-7009-9285-4f3d5cfc44e7','887830ae-5478-7009-9285-4f3d5cfc44e7','Internal','HOMIR'),('34ce799a-f3d9-f766-1e0a-4f3e4c6f5333','JBilling Item Id\'s needs to pass for creating the Order','2012-02-17 12:47:02','2012-02-17 12:47:02','9673dc31-3233-8829-d8af-4f3d55b2ff3c','9673dc31-3233-8829-d8af-4f3d55b2ff3c','All  the Orders Item Id is harcoded in HOMIR as 1. JBilling is always creating orders against this Item.\r\nThis needs to be changed to pass the correct JBilling Item Id\'s. Currently the Synchronisation of both system catalogue is happening though database side. ',0,'529b1975-f375-4559-0442-4f3d597ffd41',2,'Defect','New','Urgent','Accepted',NULL,NULL,NULL,'Internal','HOMIR'),('8680e2a5-cd28-69a7-cdda-4f3fb4b7d946','InvoiceId in Invoice is not coming correctly','2012-02-18 14:25:20','2012-02-18 14:25:20','9673dc31-3233-8829-d8af-4f3d55b2ff3c','9673dc31-3233-8829-d8af-4f3d55b2ff3c','InvoiceId in Invoice not coming correctly.',0,'9673dc31-3233-8829-d8af-4f3d55b2ff3c',3,'Defect','New','Urgent','Accepted',NULL,NULL,NULL,'Internal','JBILLING'),('9bc91d90-b73d-9484-406c-4f3fe27fe416','Mapping of Product Catalog of Homir to JBilling','2012-02-18 17:39:35','2012-02-29 00:06:54','2bf53c62-efbb-f811-41f8-4f3d64001d45','9673dc31-3233-8829-d8af-4f3d55b2ff3c','Mapping of Product Catalog of Homir to JBilling. Dave to have Ash build Product Management in SugarCRM, then integrate with HOMIR. If Manish comes available to write integration we will do that. Otherwise we\'ll have Ash write the integration.',0,'b382dde4-a6f4-b9c9-76b7-4f3d574329b1',4,'Feature','Pending','High','Later',NULL,'887830ae-5478-7009-9285-4f3d5cfc44e7',NULL,'Internal','HOMIR'),('167800c3-797a-dc87-8559-4f4d253fc631','Parent Order Issues','2012-02-28 19:06:48','2012-02-28 22:55:26','3f1eeaaf-26fa-30f4-f990-4f3d62566304','2bf53c62-efbb-f811-41f8-4f3d64001d45','Add Contact\r\n- Clean Up Validation messages on add contact screen\r\n- Clicking Add Contact had no effect, system did nothing\r\nAdd Location\r\n- Add validation to Add Location screen\r\n- \"Add Contact\" button should read \"Add Location\"\r\nAdd Parent Order Line Items (POLIs)\r\n- Make first option in \"Type\" drop down be \"Select\" and validate that something is chosen.\r\nRelate to SubOrder\r\n- After relating POLI to SubOrder, when returning to the Parent Order the relation of the POLI to the SubOrder needs to be shown. i.e. if I related the POLI \"3.0 Mbps Circuit\" to two SubOrders: \"Circuit SubOrder 1\" and \"Circuit SubOrder 2\", links to those SubOrders should be provided on the screen. Maybe in the same column as the check boxes on the right, or maybe in the their own column.\r\n\r\nTEST ADD from Bryant 2/28 3pm',0,'529b1975-f375-4559-0442-4f3d597ffd41',5,'Feature','New','Urgent',NULL,NULL,NULL,NULL,NULL,NULL);
/*!40000 ALTER TABLE `bugs` ENABLE KEYS */;
UNLOCK TABLES;

--
-- Table structure for table `bugs_audit`
--

DROP TABLE IF EXISTS `bugs_audit`;
/*!40101 SET @saved_cs_client     = @@character_set_client */;
/*!40101 SET character_set_client = utf8 */;
CREATE TABLE `bugs_audit` (
  `id` char(36) NOT NULL,
  `parent_id` char(36) NOT NULL,
  `date_created` datetime DEFAULT NULL,
  `created_by` varchar(36) DEFAULT NULL,
  `field_name` varchar(100) DEFAULT NULL,
  `data_type` varchar(100) DEFAULT NULL,
  `before_value_string` varchar(255) DEFAULT NULL,
  `after_value_string` varchar(255) DEFAULT NULL,
  `before_value_text` text,
  `after_value_text` text,
  KEY `idx_bugs_primary` (`id`),
  KEY `idx_bugs_parent_id` (`parent_id`)
) ENGINE=MyISAM DEFAULT CHARSET=utf8;
/*!40101 SET character_set_client = @saved_cs_client */;

--
-- Dumping data for table `bugs_audit`
--

LOCK TABLES `bugs_audit` WRITE;
/*!40000 ALTER TABLE `bugs_audit` DISABLE KEYS */;
INSERT INTO `bugs_audit` VALUES ('d2fbdbc7-d686-571a-6381-4f4d6cb76aaf','9bc91d90-b73d-9484-406c-4f3fe27fe416','2012-02-29 00:06:54','2bf53c62-efbb-f811-41f8-4f3d64001d45','assigned_user_id','relate','e9f79185-1406-a996-16f2-4f3d61458948','b382dde4-a6f4-b9c9-76b7-4f3d574329b1',NULL,NULL),('d331d743-f174-4878-8356-4f4d6cae430f','9bc91d90-b73d-9484-406c-4f3fe27fe416','2012-02-29 00:06:54','2bf53c62-efbb-f811-41f8-4f3d64001d45','status','enum','New','Pending',NULL,NULL),('d35251e4-04b4-d7c6-8d5e-4f4d6c420583','9bc91d90-b73d-9484-406c-4f3fe27fe416','2012-02-29 00:06:54','2bf53c62-efbb-f811-41f8-4f3d64001d45','priority','enum','Urgent','High',NULL,NULL),('d3734462-74a5-e32d-d388-4f4d6cdb58ec','9bc91d90-b73d-9484-406c-4f3fe27fe416','2012-02-29 00:06:54','2bf53c62-efbb-f811-41f8-4f3d64001d45','resolution','enum','Accepted','Later',NULL,NULL);
/*!40000 ALTER TABLE `bugs_audit` ENABLE KEYS */;
UNLOCK TABLES;

--
-- Table structure for table `bugs_cstm`
--

DROP TABLE IF EXISTS `bugs_cstm`;
/*!40101 SET @saved_cs_client     = @@character_set_client */;
/*!40101 SET character_set_client = utf8 */;
CREATE TABLE `bugs_cstm` (
  `id_c` char(36) NOT NULL,
  `date_logged_c` date DEFAULT NULL,
  `date_fixed_c` date DEFAULT NULL,
  PRIMARY KEY (`id_c`)
) ENGINE=MyISAM DEFAULT CHARSET=utf8;
/*!40101 SET character_set_client = @saved_cs_client */;

--
-- Dumping data for table `bugs_cstm`
--

LOCK TABLES `bugs_cstm` WRITE;
/*!40000 ALTER TABLE `bugs_cstm` DISABLE KEYS */;
INSERT INTO `bugs_cstm` VALUES ('b641114c-18da-c313-cf1a-4f3d5fbf36ee','2012-02-16',NULL),('34ce799a-f3d9-f766-1e0a-4f3e4c6f5333','2012-02-17',NULL),('8680e2a5-cd28-69a7-cdda-4f3fb4b7d946','2012-02-18',NULL),('9bc91d90-b73d-9484-406c-4f3fe27fe416','2012-02-18',NULL),('167800c3-797a-dc87-8559-4f4d253fc631','2012-02-28',NULL);
/*!40000 ALTER TABLE `bugs_cstm` ENABLE KEYS */;
UNLOCK TABLES;

--
-- Table structure for table `calls`
--

DROP TABLE IF EXISTS `calls`;
/*!40101 SET @saved_cs_client     = @@character_set_client */;
/*!40101 SET character_set_client = utf8 */;
CREATE TABLE `calls` (
  `id` char(36) NOT NULL,
  `name` varchar(50) DEFAULT NULL,
  `date_entered` datetime DEFAULT NULL,
  `date_modified` datetime DEFAULT NULL,
  `modified_user_id` char(36) DEFAULT NULL,
  `created_by` char(36) DEFAULT NULL,
  `description` text,
  `deleted` tinyint(1) DEFAULT '0',
  `assigned_user_id` char(36) DEFAULT NULL,
  `duration_hours` int(2) DEFAULT NULL,
  `duration_minutes` int(2) DEFAULT NULL,
  `date_start` datetime DEFAULT NULL,
  `date_end` datetime DEFAULT NULL,
  `parent_type` varchar(255) DEFAULT NULL,
  `status` varchar(100) DEFAULT 'Planned',
  `direction` varchar(100) DEFAULT NULL,
  `parent_id` char(36) DEFAULT NULL,
  `reminder_time` int(4) DEFAULT '-1',
  `outlook_id` varchar(255) DEFAULT NULL,
  PRIMARY KEY (`id`),
  KEY `idx_call_name` (`name`),
  KEY `idx_status` (`status`),
  KEY `idx_calls_date_start` (`date_start`),
  KEY `idx_calls_par_del` (`parent_id`,`parent_type`,`deleted`),
  KEY `idx_calls_assigned_del` (`deleted`,`assigned_user_id`)
) ENGINE=MyISAM DEFAULT CHARSET=utf8;
/*!40101 SET character_set_client = @saved_cs_client */;

--
-- Dumping data for table `calls`
--

LOCK TABLES `calls` WRITE;
/*!40000 ALTER TABLE `calls` DISABLE KEYS */;
/*!40000 ALTER TABLE `calls` ENABLE KEYS */;
UNLOCK TABLES;

--
-- Table structure for table `calls_contacts`
--

DROP TABLE IF EXISTS `calls_contacts`;
/*!40101 SET @saved_cs_client     = @@character_set_client */;
/*!40101 SET character_set_client = utf8 */;
CREATE TABLE `calls_contacts` (
  `id` varchar(36) NOT NULL,
  `call_id` varchar(36) DEFAULT NULL,
  `contact_id` varchar(36) DEFAULT NULL,
  `required` varchar(1) DEFAULT '1',
  `accept_status` varchar(25) DEFAULT 'none',
  `date_modified` datetime DEFAULT NULL,
  `deleted` tinyint(1) DEFAULT '0',
  PRIMARY KEY (`id`),
  KEY `idx_con_call_call` (`call_id`),
  KEY `idx_con_call_con` (`contact_id`),
  KEY `idx_call_contact` (`call_id`,`contact_id`)
) ENGINE=MyISAM DEFAULT CHARSET=utf8;
/*!40101 SET character_set_client = @saved_cs_client */;

--
-- Dumping data for table `calls_contacts`
--

LOCK TABLES `calls_contacts` WRITE;
/*!40000 ALTER TABLE `calls_contacts` DISABLE KEYS */;
/*!40000 ALTER TABLE `calls_contacts` ENABLE KEYS */;
UNLOCK TABLES;

--
-- Table structure for table `calls_leads`
--

DROP TABLE IF EXISTS `calls_leads`;
/*!40101 SET @saved_cs_client     = @@character_set_client */;
/*!40101 SET character_set_client = utf8 */;
CREATE TABLE `calls_leads` (
  `id` varchar(36) NOT NULL,
  `call_id` varchar(36) DEFAULT NULL,
  `lead_id` varchar(36) DEFAULT NULL,
  `required` varchar(1) DEFAULT '1',
  `accept_status` varchar(25) DEFAULT 'none',
  `date_modified` datetime DEFAULT NULL,
  `deleted` tinyint(1) DEFAULT '0',
  PRIMARY KEY (`id`),
  KEY `idx_lead_call_call` (`call_id`),
  KEY `idx_lead_call_lead` (`lead_id`),
  KEY `idx_call_lead` (`call_id`,`lead_id`)
) ENGINE=MyISAM DEFAULT CHARSET=utf8;
/*!40101 SET character_set_client = @saved_cs_client */;

--
-- Dumping data for table `calls_leads`
--

LOCK TABLES `calls_leads` WRITE;
/*!40000 ALTER TABLE `calls_leads` DISABLE KEYS */;
/*!40000 ALTER TABLE `calls_leads` ENABLE KEYS */;
UNLOCK TABLES;

--
-- Table structure for table `calls_users`
--

DROP TABLE IF EXISTS `calls_users`;
/*!40101 SET @saved_cs_client     = @@character_set_client */;
/*!40101 SET character_set_client = utf8 */;
CREATE TABLE `calls_users` (
  `id` varchar(36) NOT NULL,
  `call_id` varchar(36) DEFAULT NULL,
  `user_id` varchar(36) DEFAULT NULL,
  `required` varchar(1) DEFAULT '1',
  `accept_status` varchar(25) DEFAULT 'none',
  `date_modified` datetime DEFAULT NULL,
  `deleted` tinyint(1) DEFAULT '0',
  PRIMARY KEY (`id`),
  KEY `idx_usr_call_call` (`call_id`),
  KEY `idx_usr_call_usr` (`user_id`),
  KEY `idx_call_users` (`call_id`,`user_id`)
) ENGINE=MyISAM DEFAULT CHARSET=utf8;
/*!40101 SET character_set_client = @saved_cs_client */;

--
-- Dumping data for table `calls_users`
--

LOCK TABLES `calls_users` WRITE;
/*!40000 ALTER TABLE `calls_users` DISABLE KEYS */;
/*!40000 ALTER TABLE `calls_users` ENABLE KEYS */;
UNLOCK TABLES;

--
-- Table structure for table `campaign_log`
--

DROP TABLE IF EXISTS `campaign_log`;
/*!40101 SET @saved_cs_client     = @@character_set_client */;
/*!40101 SET character_set_client = utf8 */;
CREATE TABLE `campaign_log` (
  `id` char(36) NOT NULL,
  `campaign_id` char(36) DEFAULT NULL,
  `target_tracker_key` varchar(36) DEFAULT NULL,
  `target_id` varchar(36) DEFAULT NULL,
  `target_type` varchar(100) DEFAULT NULL,
  `activity_type` varchar(100) DEFAULT NULL,
  `activity_date` datetime DEFAULT NULL,
  `related_id` varchar(36) DEFAULT NULL,
  `related_type` varchar(100) DEFAULT NULL,
  `archived` tinyint(1) DEFAULT '0',
  `hits` int(11) DEFAULT '0',
  `list_id` char(36) DEFAULT NULL,
  `deleted` tinyint(1) DEFAULT '0',
  `date_modified` datetime DEFAULT NULL,
  `more_information` varchar(100) DEFAULT NULL,
  `marketing_id` char(36) DEFAULT NULL,
  PRIMARY KEY (`id`),
  KEY `idx_camp_tracker` (`target_tracker_key`),
  KEY `idx_camp_campaign_id` (`campaign_id`),
  KEY `idx_camp_more_info` (`more_information`),
  KEY `idx_target_id` (`target_id`),
  KEY `idx_target_id_deleted` (`target_id`,`deleted`)
) ENGINE=MyISAM DEFAULT CHARSET=utf8;
/*!40101 SET character_set_client = @saved_cs_client */;

--
-- Dumping data for table `campaign_log`
--

LOCK TABLES `campaign_log` WRITE;
/*!40000 ALTER TABLE `campaign_log` DISABLE KEYS */;
/*!40000 ALTER TABLE `campaign_log` ENABLE KEYS */;
UNLOCK TABLES;

--
-- Table structure for table `campaign_trkrs`
--

DROP TABLE IF EXISTS `campaign_trkrs`;
/*!40101 SET @saved_cs_client     = @@character_set_client */;
/*!40101 SET character_set_client = utf8 */;
CREATE TABLE `campaign_trkrs` (
  `id` char(36) NOT NULL,
  `tracker_name` varchar(30) DEFAULT NULL,
  `tracker_url` varchar(255) DEFAULT 'http://',
  `tracker_key` int(11) NOT NULL AUTO_INCREMENT,
  `campaign_id` char(36) DEFAULT NULL,
  `date_entered` datetime DEFAULT NULL,
  `date_modified` datetime DEFAULT NULL,
  `modified_user_id` char(36) DEFAULT NULL,
  `created_by` char(36) DEFAULT NULL,
  `is_optout` tinyint(1) DEFAULT '0',
  `deleted` tinyint(1) DEFAULT '0',
  PRIMARY KEY (`id`),
  KEY `campaign_tracker_key_idx` (`tracker_key`)
) ENGINE=MyISAM DEFAULT CHARSET=utf8;
/*!40101 SET character_set_client = @saved_cs_client */;

--
-- Dumping data for table `campaign_trkrs`
--

LOCK TABLES `campaign_trkrs` WRITE;
/*!40000 ALTER TABLE `campaign_trkrs` DISABLE KEYS */;
/*!40000 ALTER TABLE `campaign_trkrs` ENABLE KEYS */;
UNLOCK TABLES;

--
-- Table structure for table `campaigns`
--

DROP TABLE IF EXISTS `campaigns`;
/*!40101 SET @saved_cs_client     = @@character_set_client */;
/*!40101 SET character_set_client = utf8 */;
CREATE TABLE `campaigns` (
  `id` char(36) NOT NULL,
  `name` varchar(50) DEFAULT NULL,
  `date_entered` datetime DEFAULT NULL,
  `date_modified` datetime DEFAULT NULL,
  `modified_user_id` char(36) DEFAULT NULL,
  `created_by` char(36) DEFAULT NULL,
  `deleted` tinyint(1) DEFAULT '0',
  `assigned_user_id` char(36) DEFAULT NULL,
  `tracker_key` int(11) NOT NULL AUTO_INCREMENT,
  `tracker_count` int(11) DEFAULT '0',
  `refer_url` varchar(255) DEFAULT 'http://',
  `tracker_text` varchar(255) DEFAULT NULL,
  `start_date` date DEFAULT NULL,
  `end_date` date DEFAULT NULL,
  `status` varchar(100) DEFAULT NULL,
  `impressions` int(11) DEFAULT '0',
  `currency_id` char(36) DEFAULT NULL,
  `budget` double DEFAULT NULL,
  `expected_cost` double DEFAULT NULL,
  `actual_cost` double DEFAULT NULL,
  `expected_revenue` double DEFAULT NULL,
  `campaign_type` varchar(100) DEFAULT NULL,
  `objective` text,
  `content` text,
  `frequency` varchar(100) DEFAULT NULL,
  PRIMARY KEY (`id`),
  KEY `camp_auto_tracker_key` (`tracker_key`),
  KEY `idx_campaign_name` (`name`)
) ENGINE=MyISAM DEFAULT CHARSET=utf8;
/*!40101 SET character_set_client = @saved_cs_client */;

--
-- Dumping data for table `campaigns`
--

LOCK TABLES `campaigns` WRITE;
/*!40000 ALTER TABLE `campaigns` DISABLE KEYS */;
/*!40000 ALTER TABLE `campaigns` ENABLE KEYS */;
UNLOCK TABLES;

--
-- Table structure for table `campaigns_audit`
--

DROP TABLE IF EXISTS `campaigns_audit`;
/*!40101 SET @saved_cs_client     = @@character_set_client */;
/*!40101 SET character_set_client = utf8 */;
CREATE TABLE `campaigns_audit` (
  `id` char(36) NOT NULL,
  `parent_id` char(36) NOT NULL,
  `date_created` datetime DEFAULT NULL,
  `created_by` varchar(36) DEFAULT NULL,
  `field_name` varchar(100) DEFAULT NULL,
  `data_type` varchar(100) DEFAULT NULL,
  `before_value_string` varchar(255) DEFAULT NULL,
  `after_value_string` varchar(255) DEFAULT NULL,
  `before_value_text` text,
  `after_value_text` text,
  KEY `idx_campaigns_primary` (`id`),
  KEY `idx_campaigns_parent_id` (`parent_id`)
) ENGINE=MyISAM DEFAULT CHARSET=utf8;
/*!40101 SET character_set_client = @saved_cs_client */;

--
-- Dumping data for table `campaigns_audit`
--

LOCK TABLES `campaigns_audit` WRITE;
/*!40000 ALTER TABLE `campaigns_audit` DISABLE KEYS */;
/*!40000 ALTER TABLE `campaigns_audit` ENABLE KEYS */;
UNLOCK TABLES;

--
-- Table structure for table `cases`
--

DROP TABLE IF EXISTS `cases`;
/*!40101 SET @saved_cs_client     = @@character_set_client */;
/*!40101 SET character_set_client = utf8 */;
CREATE TABLE `cases` (
  `id` char(36) NOT NULL,
  `name` varchar(255) DEFAULT NULL,
  `date_entered` datetime DEFAULT NULL,
  `date_modified` datetime DEFAULT NULL,
  `modified_user_id` char(36) DEFAULT NULL,
  `created_by` char(36) DEFAULT NULL,
  `description` text,
  `deleted` tinyint(1) DEFAULT '0',
  `assigned_user_id` char(36) DEFAULT NULL,
  `case_number` int(11) NOT NULL AUTO_INCREMENT,
  `type` varchar(255) DEFAULT NULL,
  `status` varchar(100) DEFAULT NULL,
  `priority` varchar(100) DEFAULT NULL,
  `resolution` text,
  `work_log` text,
  `account_id` char(36) DEFAULT NULL,
  PRIMARY KEY (`id`),
  UNIQUE KEY `casesnumk` (`case_number`),
  KEY `case_number` (`case_number`),
  KEY `idx_case_name` (`name`),
  KEY `idx_account_id` (`account_id`),
  KEY `idx_cases_stat_del` (`assigned_user_id`,`status`,`deleted`)
) ENGINE=MyISAM DEFAULT CHARSET=utf8;
/*!40101 SET character_set_client = @saved_cs_client */;

--
-- Dumping data for table `cases`
--

LOCK TABLES `cases` WRITE;
/*!40000 ALTER TABLE `cases` DISABLE KEYS */;
/*!40000 ALTER TABLE `cases` ENABLE KEYS */;
UNLOCK TABLES;

--
-- Table structure for table `cases_audit`
--

DROP TABLE IF EXISTS `cases_audit`;
/*!40101 SET @saved_cs_client     = @@character_set_client */;
/*!40101 SET character_set_client = utf8 */;
CREATE TABLE `cases_audit` (
  `id` char(36) NOT NULL,
  `parent_id` char(36) NOT NULL,
  `date_created` datetime DEFAULT NULL,
  `created_by` varchar(36) DEFAULT NULL,
  `field_name` varchar(100) DEFAULT NULL,
  `data_type` varchar(100) DEFAULT NULL,
  `before_value_string` varchar(255) DEFAULT NULL,
  `after_value_string` varchar(255) DEFAULT NULL,
  `before_value_text` text,
  `after_value_text` text,
  KEY `idx_cases_primary` (`id`),
  KEY `idx_cases_parent_id` (`parent_id`)
) ENGINE=MyISAM DEFAULT CHARSET=utf8;
/*!40101 SET character_set_client = @saved_cs_client */;

--
-- Dumping data for table `cases_audit`
--

LOCK TABLES `cases_audit` WRITE;
/*!40000 ALTER TABLE `cases_audit` DISABLE KEYS */;
/*!40000 ALTER TABLE `cases_audit` ENABLE KEYS */;
UNLOCK TABLES;

--
-- Table structure for table `cases_bugs`
--

DROP TABLE IF EXISTS `cases_bugs`;
/*!40101 SET @saved_cs_client     = @@character_set_client */;
/*!40101 SET character_set_client = utf8 */;
CREATE TABLE `cases_bugs` (
  `id` varchar(36) NOT NULL,
  `case_id` varchar(36) DEFAULT NULL,
  `bug_id` varchar(36) DEFAULT NULL,
  `date_modified` datetime DEFAULT NULL,
  `deleted` tinyint(1) DEFAULT '0',
  PRIMARY KEY (`id`),
  KEY `idx_cas_bug_cas` (`case_id`),
  KEY `idx_cas_bug_bug` (`bug_id`),
  KEY `idx_case_bug` (`case_id`,`bug_id`)
) ENGINE=MyISAM DEFAULT CHARSET=utf8;
/*!40101 SET character_set_client = @saved_cs_client */;

--
-- Dumping data for table `cases_bugs`
--

LOCK TABLES `cases_bugs` WRITE;
/*!40000 ALTER TABLE `cases_bugs` DISABLE KEYS */;
/*!40000 ALTER TABLE `cases_bugs` ENABLE KEYS */;
UNLOCK TABLES;

--
-- Table structure for table `config`
--

DROP TABLE IF EXISTS `config`;
/*!40101 SET @saved_cs_client     = @@character_set_client */;
/*!40101 SET character_set_client = utf8 */;
CREATE TABLE `config` (
  `category` varchar(32) DEFAULT NULL,
  `name` varchar(32) DEFAULT NULL,
  `value` text,
  KEY `idx_config_cat` (`category`)
) ENGINE=MyISAM DEFAULT CHARSET=utf8;
/*!40101 SET character_set_client = @saved_cs_client */;

--
-- Dumping data for table `config`
--

LOCK TABLES `config` WRITE;
/*!40000 ALTER TABLE `config` DISABLE KEYS */;
INSERT INTO `config` VALUES ('notify','fromaddress','sugar@nextlevelinternet.com'),('notify','fromname','NLI SugarCRM'),('notify','send_by_default','1'),('notify','on','1'),('notify','send_from_assigning_user','2'),('info','sugar_version','6.3.1'),('MySettings','tab','YToyNzp7czo0OiJIb21lIjtzOjQ6IkhvbWUiO3M6NzoiUHJvamVjdCI7czo3OiJQcm9qZWN0IjtzOjg6IkFjY291bnRzIjtzOjg6IkFjY291bnRzIjtzOjQ6IkJ1Z3MiO3M6NDoiQnVncyI7czo4OiJDb250YWN0cyI7czo4OiJDb250YWN0cyI7czoxMzoiT3Bwb3J0dW5pdGllcyI7czoxMzoiT3Bwb3J0dW5pdGllcyI7czo1OiJMZWFkcyI7czo1OiJMZWFkcyI7czo4OiJDYWxlbmRhciI7czo4OiJDYWxlbmRhciI7czo5OiJEb2N1bWVudHMiO3M6OToiRG9jdW1lbnRzIjtzOjY6IkVtYWlscyI7czo2OiJFbWFpbHMiO3M6OToiQ2FtcGFpZ25zIjtzOjk6IkNhbXBhaWducyI7czo1OiJDYWxscyI7czo1OiJDYWxscyI7czo4OiJNZWV0aW5ncyI7czo4OiJNZWV0aW5ncyI7czo1OiJUYXNrcyI7czo1OiJUYXNrcyI7czo1OiJOb3RlcyI7czo1OiJOb3RlcyI7czo1OiJDYXNlcyI7czo1OiJDYXNlcyI7czo5OiJQcm9zcGVjdHMiO3M6OToiUHJvc3BlY3RzIjtzOjEzOiJQcm9zcGVjdExpc3RzIjtzOjEzOiJQcm9zcGVjdExpc3RzIjtzOjEzOiJBT1NfQ29udHJhY3RzIjtzOjEzOiJBT1NfQ29udHJhY3RzIjtzOjEyOiJBT1NfSW52b2ljZXMiO3M6MTI6IkFPU19JbnZvaWNlcyI7czoxNzoiQU9TX1BERl9UZW1wbGF0ZXMiO3M6MTc6IkFPU19QREZfVGVtcGxhdGVzIjtzOjEyOiJBT1NfUHJvZHVjdHMiO3M6MTI6IkFPU19Qcm9kdWN0cyI7czoxMDoiQU9TX1F1b3RlcyI7czoxMDoiQU9TX1F1b3RlcyI7czo4OiJLUmVwb3J0cyI7czo4OiJLUmVwb3J0cyI7czoxMToibmxpX1ByaWNpbmciO3M6MTE6Im5saV9QcmljaW5nIjtzOjIwOiJubGlfU2VydmljZUFkZHJlc3NlcyI7czoyMDoibmxpX1NlcnZpY2VBZGRyZXNzZXMiO3M6MTQ6Imh3X3NhbGVzUmVwTW9kIjtzOjE0OiJod19zYWxlc1JlcE1vZCI7fQ=='),('portal','on','0'),('tracker','Tracker','1'),('system','skypeout_on','1'),('sugarfeed','enabled','1'),('sugarfeed','module_UserFeed','1'),('sugarfeed','module_Opportunities','1'),('sugarfeed','module_Leads','1'),('sugarfeed','module_Cases','1'),('sugarfeed','module_Contacts','1'),('Update','CheckUpdates','automatic'),('system','name','Next Level Internet'),('license','msg_admin',''),('license','msg_all',''),('license','last_validation','success'),('license','latest_versions','YToxOntpOjA7YToyOntzOjc6InZlcnNpb24iO3M6NToiNi40LjUiO3M6MTE6ImRlc2NyaXB0aW9uIjtzOjIwMzoiVGhlIGxhdGVzdCB2ZXJzaW9uIG9mIFN1Z2FyQ1JNIGlzIDYuNC41LiAgVGhpcyB2ZXJzaW9uIGNvbnRhaW5zIHNlY3VyaXR5IHVwZGF0ZXMuICBQbGVhc2UgdmlzaXQgPGEgaHJlZj0iaHR0cDovL3N1cHBvcnQuc3VnYXJjcm0uY29tIiB0YXJnZXQ9Il9uZXciPnN1cHBvcnQuc3VnYXJjcm0uY29tPC9hPiB0byBhY3F1aXJlIHRoZSBsYXRlc3QgdmVyc2lvbi4iO319'),('Update','last_check_date','1341213797'),('sugarfeed','flushdate','2012-07-02'),('system','adminwizard','1'),('notify','allow_default_outbound','0'),('proxy','on','0'),('proxy','host',''),('proxy','port',''),('proxy','auth','0'),('proxy','username','admin'),('proxy','password','kycgzmu9XEayPtNPs1jsoA=='),('system','mailmerge_on','0'),('MySettings','disable_useredit','no'),('MySettings','hide_subpanels','YTowOnt9'),('captcha','on','0'),('captcha','public_key',''),('captcha','private_key',''),('ldap','hostname',''),('ldap','port',''),('ldap','base_dn',''),('ldap','login_filter',''),('ldap','bind_attr',''),('ldap','login_attr',''),('ldap','group_dn',''),('ldap','group_name',''),('ldap','group_user_attr',''),('ldap','group_attr',''),('ldap','admin_user',''),('ldap','admin_password',''),('ldap','auto_create_users','0'),('ldap','enc_key',''),('system','ldap_enabled','0'),('ldap','group','0'),('ldap','authentication','0'),('Update','last_check_version','6.4.5');
/*!40000 ALTER TABLE `config` ENABLE KEYS */;
UNLOCK TABLES;

--
-- Table structure for table `contacts`
--

DROP TABLE IF EXISTS `contacts`;
/*!40101 SET @saved_cs_client     = @@character_set_client */;
/*!40101 SET character_set_client = utf8 */;
CREATE TABLE `contacts` (
  `id` char(36) NOT NULL,
  `date_entered` datetime DEFAULT NULL,
  `date_modified` datetime DEFAULT NULL,
  `modified_user_id` char(36) DEFAULT NULL,
  `created_by` char(36) DEFAULT NULL,
  `description` text,
  `deleted` tinyint(1) DEFAULT '0',
  `assigned_user_id` char(36) DEFAULT NULL,
  `salutation` varchar(255) DEFAULT NULL,
  `first_name` varchar(100) DEFAULT NULL,
  `last_name` varchar(100) DEFAULT NULL,
  `title` varchar(100) DEFAULT NULL,
  `department` varchar(255) DEFAULT NULL,
  `do_not_call` tinyint(1) DEFAULT '0',
  `phone_home` varchar(100) DEFAULT NULL,
  `phone_mobile` varchar(100) DEFAULT NULL,
  `phone_work` varchar(100) DEFAULT NULL,
  `phone_other` varchar(100) DEFAULT NULL,
  `phone_fax` varchar(100) DEFAULT NULL,
  `primary_address_street` varchar(150) DEFAULT NULL,
  `primary_address_city` varchar(100) DEFAULT NULL,
  `primary_address_state` varchar(100) DEFAULT NULL,
  `primary_address_postalcode` varchar(20) DEFAULT NULL,
  `primary_address_country` varchar(255) DEFAULT NULL,
  `alt_address_street` varchar(150) DEFAULT NULL,
  `alt_address_city` varchar(100) DEFAULT NULL,
  `alt_address_state` varchar(100) DEFAULT NULL,
  `alt_address_postalcode` varchar(20) DEFAULT NULL,
  `alt_address_country` varchar(255) DEFAULT NULL,
  `assistant` varchar(75) DEFAULT NULL,
  `assistant_phone` varchar(100) DEFAULT NULL,
  `lead_source` varchar(255) DEFAULT NULL,
  `reports_to_id` char(36) DEFAULT NULL,
  `birthdate` date DEFAULT NULL,
  `campaign_id` char(36) DEFAULT NULL,
  PRIMARY KEY (`id`),
  KEY `idx_cont_last_first` (`last_name`,`first_name`,`deleted`),
  KEY `idx_contacts_del_last` (`deleted`,`last_name`),
  KEY `idx_cont_del_reports` (`deleted`,`reports_to_id`,`last_name`),
  KEY `idx_reports_to_id` (`reports_to_id`),
  KEY `idx_del_id_user` (`deleted`,`id`,`assigned_user_id`),
  KEY `idx_cont_assigned` (`assigned_user_id`)
) ENGINE=MyISAM DEFAULT CHARSET=utf8;
/*!40101 SET character_set_client = @saved_cs_client */;

--
-- Dumping data for table `contacts`
--

LOCK TABLES `contacts` WRITE;
/*!40000 ALTER TABLE `contacts` DISABLE KEYS */;
INSERT INTO `contacts` VALUES ('bc2b8613-7800-d1d4-1f0e-4f2984fdcc27','2012-02-01 18:31:20','2012-06-22 07:28:29','1','1','Test Record',0,'1','Mr.','David red','Ferrell','Architect','IT',0,NULL,'619-889-4816','619-889-4816',NULL,'619-889-4816','2300 Cabot Drive\r\nSuite 250 Lisle IL US 60532',NULL,NULL,NULL,NULL,NULL,'Coronado','CA','92118','US',NULL,NULL,NULL,NULL,NULL,NULL),('a5cf2bca-cc8c-ae8b-16c1-4f32daf5cd68','2012-02-08 20:27:06','2012-06-13 13:19:34','1','1',NULL,0,NULL,NULL,'Ashutosh','Singh','CRM Developer',NULL,0,NULL,NULL,'45435435435',NULL,NULL,'Some street','San Diego','CA','92101',NULL,NULL,NULL,NULL,NULL,NULL,NULL,NULL,NULL,NULL,NULL,NULL),('53dc08aa-bee5-df18-e1fa-4f3a9b76cd2b','2012-02-14 17:34:05','2012-02-14 19:48:51','1','1',NULL,0,'1',NULL,'Test','outlook','Test job title',NULL,0,NULL,NULL,NULL,NULL,NULL,NULL,NULL,NULL,NULL,NULL,NULL,NULL,NULL,NULL,NULL,NULL,NULL,NULL,NULL,NULL,NULL),('560f9275-9d38-feeb-f887-4f3a9b9987ed','2012-02-14 17:34:05','2012-02-14 20:09:19','1','1','Test Record',1,'1','Mr.','David','Ferrell','Architect','IT',0,NULL,'619-889-4816','619-889-4816',NULL,'619-889-4816','941 Orange Ave #108','Coronado','CA','92118','US','941 Orange Ave #108','Coronado','CA','92118','US',NULL,NULL,NULL,NULL,NULL,NULL),('576ed637-eae4-a8cc-f639-4f3a9bd79ffa','2012-02-14 17:34:05','2012-02-14 19:48:51','1','1',NULL,0,'1','Mr.','Ashutosh',NULL,NULL,NULL,0,NULL,NULL,NULL,NULL,NULL,NULL,NULL,NULL,NULL,NULL,NULL,NULL,NULL,NULL,NULL,NULL,NULL,NULL,NULL,NULL,NULL),('58903a56-2486-8dbb-461c-4f3a9bb27369','2012-02-14 17:34:05','2012-02-14 19:48:51','1','1','This is a test contact begin created from Kinamu outlook plugin',0,'1',NULL,'Test','Contact',NULL,NULL,0,NULL,NULL,NULL,NULL,NULL,NULL,NULL,NULL,NULL,NULL,NULL,NULL,NULL,NULL,NULL,NULL,NULL,NULL,NULL,NULL,NULL),('59e12e40-b849-d46f-165c-4fa7a69a9c8b','2012-05-07 10:40:59','2012-05-07 12:14:05','1','1','dfdfdfdsfddfdsfdsfdsfdsfdsfdsfdsfds',1,NULL,'Mr.','Shekhar','Verma','PHP Developer','PHP',0,NULL,'3232312332','34324324324432',NULL,'3432432423',NULL,NULL,NULL,NULL,NULL,NULL,NULL,NULL,NULL,NULL,NULL,NULL,NULL,NULL,NULL,NULL),('b79f6d2e-e7e9-58fd-e815-4fa7a5bd6814','2012-05-07 10:37:31','2012-05-07 10:38:25','1','1','dfdfdfdsfddfdsfdsfdsfdsfdsfdsfdsfds',1,NULL,'Mr.','Shekhar','Verma',NULL,'PHP',0,NULL,NULL,'34324324324432',NULL,NULL,NULL,NULL,NULL,NULL,NULL,NULL,NULL,NULL,NULL,NULL,NULL,NULL,NULL,NULL,NULL,NULL),('e9097b85-e55e-8387-9423-4f3aaf83fa9a','2012-02-14 19:03:02','2012-02-14 20:09:19','1','1',NULL,1,'1',NULL,'Test','outlook','Test job title',NULL,0,NULL,NULL,NULL,NULL,NULL,NULL,NULL,NULL,NULL,NULL,NULL,NULL,NULL,NULL,NULL,NULL,NULL,NULL,NULL,NULL,NULL),('eb875b08-d207-9557-2270-4f3aaf329e19','2012-02-14 19:03:02','2012-02-14 20:09:19','1','1','Test Record',1,'1','Mr.','David','Ferrell','Architect','IT',0,NULL,'619-889-4816','619-889-4816',NULL,'619-889-4816','941 Orange Ave #108','Coronado','CA','92118','US','941 Orange Ave #108','Coronado','CA','92118','US',NULL,NULL,NULL,NULL,NULL,NULL),('ecd95942-40bd-87ff-9e88-4f3aafeb831a','2012-02-14 19:03:02','2012-02-14 20:09:19','1','1',NULL,1,'1','Mr.','Ashutosh',NULL,NULL,NULL,0,NULL,NULL,NULL,NULL,NULL,NULL,NULL,NULL,NULL,NULL,NULL,NULL,NULL,NULL,NULL,NULL,NULL,NULL,NULL,NULL,NULL),('eddd9f19-45e5-9778-b092-4f3aafb4bb67','2012-02-14 19:03:02','2012-06-06 11:57:45','1','1','This is a test contact begin created from Kinamu outlook plugin',1,'1',NULL,'Test','Contact',NULL,NULL,0,NULL,NULL,NULL,NULL,NULL,NULL,NULL,NULL,NULL,NULL,NULL,NULL,NULL,NULL,NULL,NULL,NULL,NULL,NULL,NULL,NULL),('eede9d0f-635e-3e0f-e1c3-4f3aafd8030e','2012-02-14 19:03:02','2012-02-14 19:48:51','1','1',NULL,0,'1','Dr.','John',NULL,NULL,NULL,0,NULL,NULL,NULL,NULL,NULL,NULL,NULL,NULL,NULL,NULL,NULL,NULL,NULL,NULL,NULL,NULL,NULL,NULL,NULL,NULL,NULL),('efe96a32-66ef-938b-7286-4f3aafa95128','2012-02-14 19:03:02','2012-02-14 19:48:51','1','1','Test sync record',0,'1','Mr.','Yim','Lee',NULL,NULL,0,NULL,NULL,'445-555-5999',NULL,NULL,NULL,NULL,NULL,NULL,NULL,NULL,NULL,NULL,NULL,NULL,NULL,NULL,NULL,NULL,NULL,NULL),('6ede068e-db91-abce-99b7-4f3c4b18983f','2012-02-16 00:20:55','2012-06-06 11:57:36','1','1',NULL,1,NULL,NULL,'Ram','Singh',NULL,NULL,0,NULL,NULL,NULL,NULL,NULL,NULL,NULL,NULL,NULL,NULL,NULL,NULL,NULL,NULL,NULL,NULL,NULL,NULL,NULL,NULL,NULL),('90fce7f1-a465-f97f-0fae-4fa7a59d8fc4','2012-05-07 10:35:17','2012-05-07 10:36:38','1','1','dfdfdfdsfddfdsfdsfdsfdsfdsfdsfdsfds',1,NULL,'Mr.','vcxc','vc bvcbvc',NULL,'dfdfdfdsfds',0,NULL,NULL,'34324324324432',NULL,NULL,NULL,NULL,NULL,NULL,NULL,NULL,NULL,NULL,NULL,NULL,NULL,NULL,NULL,NULL,NULL,NULL),('3c8d93d8-a039-bfde-98fd-4fa7bc12c57d','2012-05-07 12:15:46','2012-05-07 12:16:11','1','1','PHP Developer\r\nImpinge Solutions\r\nMohali\r\nPunjab\r\nIndia',1,NULL,'Prof.','Shekhar','Verma','PHP Developer','PHP',0,NULL,'3232312332','34324324324432',NULL,'3432432423',NULL,NULL,NULL,NULL,NULL,NULL,NULL,NULL,NULL,NULL,NULL,NULL,NULL,NULL,NULL,NULL),('2031127e-6ab0-7726-4aac-4fa7bd499de4','2012-05-07 12:18:02','2012-05-07 12:19:06','1','1','PHP Developer\r\nImpinge Solutions\r\nMohali\r\nPunjab\r\nIndia',1,NULL,'Prof.','Shekhar','Verma','PHP Developer','PHP',0,NULL,'3232312332','34324324324432',NULL,'3432432423',NULL,NULL,NULL,NULL,NULL,NULL,NULL,NULL,NULL,NULL,NULL,NULL,NULL,NULL,NULL,NULL),('985af6b7-0ff0-a2d6-31bc-4fa7be2ca6a0','2012-05-07 12:23:53','2012-05-07 12:59:16','1','1','PHP Developer\r\nImpinge Solutions\r\nMohali\r\nPunjab\r\nIndia',1,NULL,'Dr.','Shekhar','Verma','PHP Developer','PHP',0,NULL,'3232312332','34324324324432',NULL,'3432432423','County Rd N, Stratton, CO 80836, USA',NULL,NULL,NULL,NULL,NULL,NULL,NULL,NULL,NULL,NULL,NULL,NULL,NULL,NULL,NULL),('e73861cd-0ee7-b55d-98db-4fa7c74f2671','2012-05-07 13:00:46','2012-06-06 11:57:36','1','1','PHP Developer\r\nMohali',1,NULL,'Mr.','Primary','BillContact','PM','IT',0,NULL,'6198894816','6198894816',NULL,'6198894816','2300 Cabot Drive\r\nSuite 250 Lisle IL US 60532',NULL,NULL,NULL,NULL,NULL,NULL,NULL,NULL,NULL,NULL,NULL,NULL,NULL,NULL,NULL),('2a3fea86-944f-ef1c-c2c1-4fa7cae5b177','2012-05-07 13:11:37','2012-06-06 11:57:36','1','1','PHP Developer\r\nMohali',1,NULL,'Mr.','Shekh','Verma','PHP Developer','PHP',0,NULL,'87865754645645645','34435432432435',NULL,'45645645645645645','Unnamed Rd, Richland Springs, TX 76871, USA',NULL,NULL,NULL,NULL,'Unnamed Rd, Richland Springs, TX 76871, USA',NULL,NULL,NULL,NULL,NULL,NULL,NULL,NULL,NULL,NULL),('72255ecd-206b-800a-1f12-4fa7cadbbf8b','2012-05-07 13:12:30','2012-05-07 13:12:47','1','1','PHP Developer\r\nMohali',1,NULL,'Mr.','Shekh3','Verma','PHP Developer','PHP',0,NULL,'87865754645645645','34435432432435',NULL,'45645645645645645','Unnamed Rd, Richland Springs, TX 76871, USA',NULL,NULL,NULL,NULL,NULL,NULL,NULL,NULL,NULL,NULL,NULL,NULL,NULL,NULL,NULL),('d44502cc-2405-cb41-eca8-4fa7cab32300','2012-05-07 13:13:12','2012-05-07 13:17:44','1','1','PHP Developer\r\nMohali',1,NULL,'Mr.','Shekh3','Verma','PHP Developer','PHP',0,NULL,'87865754645645645','34435432432435',NULL,'45645645645645645','Unnamed Rd, Richland Springs, TX 76871, USA',NULL,NULL,NULL,NULL,NULL,NULL,NULL,NULL,NULL,NULL,NULL,NULL,NULL,NULL,NULL),('df97b6cc-30a2-5f5c-a010-4fa7ca6243b8','2012-05-07 13:14:02','2012-05-07 13:14:23','1','1','dasdas',1,NULL,'Ms.','asdasd','sdasdasd','sdasdasdas','dasdas',0,NULL,'3232312332','34324324324432',NULL,'3432432423',NULL,NULL,NULL,NULL,NULL,NULL,NULL,NULL,NULL,NULL,NULL,NULL,NULL,NULL,NULL,NULL),('e3aef071-9578-c6de-98ac-4fa7cbc4aca5','2012-05-07 13:19:14','2012-05-07 13:19:34','1','1','PHP Developer',1,NULL,'Prof.','Raj','Dev','PHP Developer','PHP',0,NULL,'3232312332','34324324324432',NULL,'3432432423','Mumbai-Goa Rd, Kolad, Maharashtra, India',NULL,NULL,NULL,NULL,'Mumbai-Goa Rd, Kolad, Maharashtra, India',NULL,NULL,NULL,NULL,NULL,NULL,NULL,NULL,NULL,NULL),('da4632bc-a864-2e7a-9543-4fa7cc2134cc','2012-05-07 13:20:10','2012-06-06 11:57:25','1','1','PHP Developer',1,NULL,'Prof.','Raj','Dev','PHP Developer','PHP',0,NULL,'3232312332','34324324324432',NULL,'3432432423','Khandala-Bavada Rd, Maharashtra, India',NULL,NULL,NULL,NULL,'Khandala-Bavada Rd, Maharashtra, India',NULL,NULL,NULL,NULL,NULL,NULL,NULL,NULL,NULL,NULL),('63200703-4f6b-46a2-55d3-4fa7ccea010f','2012-05-07 13:23:41','2012-05-07 13:23:57','1','1','PHP Developer',1,NULL,'Prof.','Raj','Dev','PHP Developer','PHP',0,NULL,'3232312332','34324324324432',NULL,'3432432423','Khandala-Bavada Rd, Maharashtra, India',NULL,NULL,NULL,NULL,'Khandala-Bavada Rd, Maharashtra, India',NULL,NULL,NULL,NULL,NULL,NULL,NULL,NULL,NULL,NULL),('2459cc18-f2b1-df9d-8ba7-4fa7cdc209e8','2012-05-07 13:24:21','2012-05-07 13:24:40','1','1','PHP Developer',1,NULL,'Prof.','Raj','Dev','PHP Developer','PHP',0,NULL,'3232312332','34324324324432',NULL,'3432432423','Khandala-Bavada Rd, Maharashtra, India',NULL,NULL,NULL,NULL,'Khandala-Bavada Rd, Maharashtra, India',NULL,NULL,NULL,NULL,NULL,NULL,NULL,NULL,NULL,NULL),('e376791c-487b-86f1-5e0f-4fa7ce62ab47','2012-05-07 13:32:40','2012-06-06 11:57:25','1','1','PHP Developer',1,NULL,'Mrs.','Sta','etr','PHP Developer','PHP',0,NULL,'3232312332','34324324324432',NULL,'45645645645645645','County Highway 5-14D, OR 97641, USA',NULL,NULL,NULL,NULL,'W Williamsburg St, Daniel Boone National Forest, Whitley City, KY 42653, USA',NULL,NULL,NULL,NULL,NULL,NULL,NULL,NULL,NULL,NULL),('976284ee-6b0e-1cae-7996-4fa7d0c34754','2012-05-07 13:37:45','2012-06-06 11:57:25','1','1','PHP Developer',1,NULL,'Mr.','test','Impinge','PHP Developer','PHP',0,NULL,'87865754645645645','34324324324432',NULL,'3432432423','17283-17553 Slaughterville Rd, Lexington, OK 73051, USA',NULL,NULL,NULL,NULL,'Chihuahua 67, Las Mesteas, Chihuahua, Mexico',NULL,NULL,NULL,NULL,NULL,NULL,NULL,NULL,NULL,NULL),('59df3e24-8683-5183-3ebc-4fa7d0e3642e','2012-05-07 13:41:00','2012-06-06 11:57:25','1','1','PHP Developer',1,NULL,'Ms.','test33','Verma','PHP Developer','PHP',0,NULL,'3232312332','34324324324432',NULL,'3432432423','Levee, Belzoni, MS 39038, USA',NULL,NULL,NULL,NULL,'National Forest Development Road 585, Martinsdale, Mt 59053, USA',NULL,NULL,NULL,NULL,NULL,NULL,NULL,NULL,NULL,NULL),('8d282cf9-6cae-a17c-f323-4fa7d18c6b7d','2012-05-07 13:43:26','2012-06-06 11:57:25','1','1','PHP Developer',1,NULL,'Dr.','Shekh3de','Dev','PHP Developer','PHP',0,NULL,'3232312332','34324324324432',NULL,'3432432423','The Western Cir, Fishlake National Forest, Salina, UT 84654, USA',NULL,NULL,NULL,NULL,'1000-1604 444th St SE, Driscoll, ND 58532, USA',NULL,NULL,NULL,NULL,NULL,NULL,NULL,NULL,NULL,NULL),('e98a2c51-30f5-1050-e27a-4fa7ef984fe4','2012-05-07 15:52:19','2012-06-06 11:57:25','1','2bf53c62-efbb-f811-41f8-4f3d64001d45',NULL,1,'2bf53c62-efbb-f811-41f8-4f3d64001d45',NULL,'Primary','Technical','IT Manager',NULL,0,NULL,NULL,'619-889-4816',NULL,NULL,'941 Orange Ave #108','Coronado','CA','92118','US',NULL,NULL,NULL,NULL,NULL,NULL,NULL,NULL,NULL,NULL,NULL),('70a61daf-01a8-2e1c-dd3f-4fa802a7c0f9','2012-05-07 17:11:20','2012-05-09 05:26:31','1','1',NULL,1,NULL,'Mr.',NULL,NULL,NULL,NULL,0,NULL,NULL,NULL,NULL,NULL,NULL,NULL,NULL,NULL,NULL,NULL,NULL,NULL,NULL,NULL,NULL,NULL,NULL,NULL,NULL,NULL),('355d68e0-de3b-8812-47de-4fa8ccd5e450','2012-05-08 07:32:16','2012-05-09 05:26:31','1','1','PHP Developer\r\n\r\nPHP Developer\r\n\r\nPHP Developer\r\nMohali',1,NULL,'Mr.','Test','Verma Again','PHP Developer','PHP',0,NULL,'43543543656745','6435435435435',NULL,'6435645645643535','County Road 47Yy, Villa Grove, CO 81155, USA',NULL,NULL,NULL,NULL,'Chrysler Corp Proving, Wittmann, AZ 85361, USA',NULL,NULL,NULL,NULL,NULL,NULL,NULL,NULL,NULL,NULL),('4e24d22f-93ad-59e0-a9e4-4fa8d3886286','2012-05-08 08:04:10','2012-05-09 05:26:31','1','1','PHP Developer',1,NULL,'Mr.','dsfdsf','dsfdsfds','PHP Developer','PHP',0,NULL,'3232312332','34324324324432',NULL,'3432432423','1450-1464 County Road 215, Hale Center, TX 79041, USA',NULL,NULL,NULL,NULL,'1450-1464 County Road 215, Hale Center, TX 79041, USA',NULL,NULL,NULL,NULL,NULL,NULL,NULL,NULL,NULL,NULL),('175af988-1dd7-c63f-2dab-4fa8d405cca5','2012-05-08 08:09:07','2012-05-08 08:09:31','1','1','dfdsfdsds',1,NULL,'Ms.','dfdsfdsf','dsfdsfdsf',NULL,NULL,0,NULL,NULL,'34435432432435',NULL,NULL,'2332-2498 S Bradford Rd, Reese, MI 48757, USA',NULL,NULL,NULL,NULL,'1352-1590 County Road 28, Lisbon, NY 13658, USA',NULL,NULL,NULL,NULL,NULL,NULL,NULL,NULL,NULL,NULL),('6cc2234e-41a9-a93b-be4d-4fa9061718ab','2012-05-08 11:40:09','2012-06-06 11:57:25','1','1','PHP Developer',1,NULL,'Dr.','Riya','Parker','PHP Developer','PHP',0,NULL,'645664576588','6546645645',NULL,'4354354365443','Cochrane District, ON, Canada',NULL,NULL,NULL,NULL,'Baie-James, QC, Canada',NULL,NULL,NULL,NULL,NULL,NULL,NULL,NULL,NULL,NULL),('373eb42a-b9d6-b368-e1e5-4fa912071114','2012-05-08 12:31:00','2012-05-08 12:31:31','1','1',NULL,1,NULL,NULL,NULL,NULL,NULL,NULL,0,NULL,NULL,NULL,NULL,NULL,NULL,NULL,NULL,NULL,NULL,NULL,NULL,NULL,NULL,NULL,NULL,NULL,NULL,NULL,NULL,NULL),('7d08f37b-a777-aa2e-5031-4fa91425c42f','2012-05-08 12:40:09','2012-05-08 12:40:24','1','1',NULL,1,NULL,NULL,'dsdasdas','dfdsfdsf',NULL,NULL,0,NULL,NULL,'5435435435-',NULL,NULL,NULL,NULL,NULL,NULL,NULL,NULL,NULL,NULL,NULL,NULL,NULL,NULL,NULL,NULL,NULL,NULL),('38d20adf-8261-ca22-5b99-4fa9143a281c','2012-05-08 12:42:05','2012-05-08 12:42:24','1','1',NULL,1,NULL,NULL,'dsdasdas','dfdsfdsf',NULL,NULL,0,NULL,NULL,'5435435435-',NULL,NULL,NULL,NULL,NULL,NULL,NULL,NULL,NULL,NULL,NULL,NULL,NULL,NULL,NULL,NULL,NULL,NULL),('e17834bd-efce-df33-df66-4fa9207d76a3','2012-05-08 13:33:48','2012-05-09 05:26:31','1','1',NULL,1,NULL,NULL,'sdasdsd','dsasdasd',NULL,NULL,0,NULL,NULL,'5435435435-',NULL,NULL,NULL,NULL,NULL,NULL,NULL,NULL,NULL,NULL,NULL,NULL,NULL,NULL,NULL,NULL,NULL,NULL),('ea550625-151e-9e82-5910-4fbc94881949','2012-05-23 07:39:27','2012-06-06 11:57:25','1','1',NULL,1,'1','Mr.','Billing Contact 1','Billing Contact 1','Billing Contact 1','Billing Contact 1',0,NULL,'Billing Contact 1','6198894816',NULL,'Billing Contact 1','2300 Cabot Drive\r\nSuite 250 Lisle IL US 60532',NULL,NULL,NULL,NULL,NULL,NULL,NULL,NULL,NULL,NULL,NULL,NULL,NULL,NULL,NULL),('467aee3c-589b-6109-24f6-4faa26008677','2012-05-09 08:10:20','2012-06-06 11:57:25','1','1',NULL,1,NULL,'Prof.','dfdsfdsfd','dsdsdsfdsf','PHP Developer',NULL,0,NULL,NULL,'5435435435-',NULL,NULL,'US65 # 2 a 100, Puerto Lleras, Meta, Colombia',NULL,NULL,NULL,NULL,'MS-245 - Bandeirantes - Mato Grosso do Sul, Brazil',NULL,NULL,NULL,NULL,NULL,NULL,NULL,NULL,NULL,NULL),('61e6a0a2-47a2-5221-f2a3-4faa26194d82','2012-05-09 08:12:42','2012-05-09 08:20:27','1','1',NULL,1,NULL,'Prof.','dfdsfdsfd','dsdsdsfdsf','PHP Developer',NULL,0,NULL,NULL,'5435435435-',NULL,NULL,'US65 # 2 a 100, Puerto Lleras, Meta, Colombia',NULL,NULL,NULL,NULL,'MS-245 - Bandeirantes - Mato Grosso do Sul, Brazil',NULL,NULL,NULL,NULL,NULL,NULL,NULL,NULL,NULL,NULL),('8c04f1f5-9583-9b52-9d44-4faa27aeac63','2012-05-09 08:15:19','2012-05-09 08:20:27','1','1',NULL,1,NULL,'Prof.','dfdsfdsfd','dsdsdsfdsf','PHP Developer',NULL,0,NULL,NULL,'5435435435-',NULL,NULL,'US65 # 2 a 100, Puerto Lleras, Meta, Colombia',NULL,NULL,NULL,NULL,'MS-245 - Bandeirantes - Mato Grosso do Sul, Brazil',NULL,NULL,NULL,NULL,NULL,NULL,NULL,NULL,NULL,NULL),('472f369a-9655-0ab1-d72b-4faa282cdadb','2012-05-09 08:19:08','2012-05-09 08:20:27','1','1',NULL,1,NULL,'Prof.','dfdsfdsfd','dsdsdsfdsf','PHP Developer',NULL,0,NULL,NULL,'5435435435-',NULL,NULL,'US65 # 2 a 100, Puerto Lleras, Meta, Colombia',NULL,NULL,NULL,NULL,'MS-245 - Bandeirantes - Mato Grosso do Sul, Brazil',NULL,NULL,NULL,NULL,NULL,NULL,NULL,NULL,NULL,NULL),('4c4fc267-1ab2-839e-c0b1-4faa282809de','2012-05-09 08:20:01','2012-05-09 08:20:27','1','1',NULL,1,NULL,'Prof.','dfdsfdsfd','dsdsdsfdsf','PHP Developer',NULL,0,NULL,NULL,'5435435435-',NULL,NULL,'US65 # 2 a 100, Puerto Lleras, Meta, Colombia',NULL,NULL,NULL,NULL,'MS-245 - Bandeirantes - Mato Grosso do Sul, Brazil',NULL,NULL,NULL,NULL,NULL,NULL,NULL,NULL,NULL,NULL),('692deabb-769c-c34d-4087-4faa4b12b22f','2012-05-09 10:46:54','2012-06-06 11:57:25','1','1',NULL,1,'1','Ms.','dd','fds',NULL,NULL,0,NULL,NULL,NULL,NULL,NULL,'5140 Yonge Street\r\nSuite 1400','Toronto','Ontario','M2N 6L7','Canada',NULL,NULL,NULL,NULL,NULL,NULL,NULL,NULL,NULL,NULL,NULL),('d9da5b20-c7af-862f-c618-4faa71c21c51','2012-05-09 13:28:45','2012-06-06 11:57:25','1','1',NULL,1,NULL,'Ms.','fddsf','dsfdsfdsf',NULL,NULL,0,NULL,'3232312332','34324324324432',NULL,NULL,'Level 14\r\n116 Adelaide Street\r\nBrisbane, QLD 4000 ',NULL,NULL,NULL,NULL,'Level 3, 77 Pacific Highway\r\nNorth Sydney NSW 20060\r\nPostal: PO Box 1885\r\nNorth Sydney NSW 2060',NULL,NULL,NULL,NULL,NULL,NULL,NULL,NULL,NULL,NULL),('8ad69120-3350-8636-e9f8-4faa71776b61','2012-05-09 13:29:55','2012-06-06 11:57:25','1','1',NULL,1,NULL,'Mr.','rtretret','retretrere',NULL,NULL,0,NULL,'87865754645645645','5435435435-',NULL,NULL,'Level 3, 77 Pacific Highway\r\nNorth Sydney NSW 20060\r\nPostal: PO Box 1885\r\nNorth Sydney NSW 2060',NULL,NULL,NULL,NULL,'Level 3, 77 Pacific Highway\r\nNorth Sydney NSW 20060\r\nPostal: PO Box 1885\r\nNorth Sydney NSW 2060',NULL,NULL,NULL,NULL,NULL,NULL,NULL,NULL,NULL,NULL),('b9247ae3-978a-aa44-12d6-4facb4036900','2012-05-11 06:41:48','2012-06-06 11:57:25','1','1',NULL,1,NULL,'Mrs.','NewT','Test','PHP Developer','PHP',0,NULL,'3232312332','564565645645',NULL,'3432432423','2300 Cabot Drive\r\nSuite 250 Lisle IL US 60532',NULL,NULL,NULL,NULL,NULL,NULL,NULL,NULL,NULL,NULL,NULL,NULL,NULL,NULL,NULL),('95c09ebe-2885-1d4e-7514-4fbc945fefb5','2012-05-23 07:39:28','2012-06-06 11:57:25','1','1',NULL,1,'1','Dr.','Technical Contact 1','Technical Contact 1','Technical Contact 1','Technical Contact 1',0,NULL,'Technical Contact 1','8668786587',NULL,'Technical Contact 1','2300 Cabot Drive\r\nSuite 250 Lisle IL US 60532',NULL,NULL,NULL,NULL,NULL,NULL,NULL,NULL,NULL,NULL,NULL,NULL,NULL,NULL,NULL),('9c3f5e73-0acd-ba42-f1c1-4fbc955b7f73','2012-05-23 07:43:51','2012-05-29 07:33:07','1','1',NULL,1,'1','Prof.','Billing Contact  2','Billing Contact  2','Billing Contact  2','Billing Contact  2',0,NULL,'Billing Contact  2','6198894816',NULL,'Billing Contact  2','2300 Cabot Drive\r\nSuite 250 Lisle IL US 60532',NULL,NULL,NULL,NULL,NULL,NULL,NULL,NULL,NULL,NULL,NULL,NULL,NULL,NULL,NULL),('49059aa2-5b64-174b-6b3f-4fbc9599214a','2012-05-23 07:43:52','2012-05-29 07:33:07','1','1',NULL,1,'1','Mrs.','Technical Contact 2','Technical Contact 2','Technical Contact 2','Technical Contact 2',0,NULL,'Technical Contact 2','96198894816',NULL,'Technical Contact 2','2300 Cabot Drive\r\nSuite 250 Lisle IL US 60532',NULL,NULL,NULL,NULL,NULL,NULL,NULL,NULL,NULL,NULL,NULL,NULL,NULL,NULL,NULL),('30f0c1fe-6e0e-deaf-ce3c-4fc476e8d54d','2012-05-29 07:10:58','2012-05-29 07:33:07','1','1',NULL,1,'1','Mr.','Test Bill Contact  2ddd','Test Bill Contact  2ddd','Test Bill Contact  2ddd','Test Bill Contact  2ddd',0,NULL,'Test Bill Contact  2ddd','6198894816',NULL,'Test Bill Contact  2ddd','2300 Cabot Drive\r\nSuite 250 Lisle IL US 60532',NULL,NULL,NULL,NULL,NULL,NULL,NULL,NULL,NULL,NULL,NULL,NULL,NULL,NULL,NULL),('d35e1fd5-aae4-a180-cb4f-4fc476084412','2012-05-29 07:10:58','2012-05-29 07:33:07','1','1',NULL,1,'1','Prof.','Test Tech Contact  2ddd','Test Tech Contact  2ddd','Test Tech Contact  2ddd','Test Tech Contact  2ddd',0,NULL,'Test Tech Contact  2ddd','6198894816',NULL,'Test Tech Contact  2ddd','2300 Cabot Drive\r\nSuite 250 Lisle IL US 60532',NULL,NULL,NULL,NULL,NULL,NULL,NULL,NULL,NULL,NULL,NULL,NULL,NULL,NULL,NULL),('4bc302e7-f404-4a5f-b24a-4fc47732ce7b','2012-05-29 07:14:10','2012-05-29 07:33:07','1','1',NULL,1,'1','Mr.','testin Billing Contact  2','testin Billing Contact  2','testin Billing Contact  2','testin Billing Contact  2',0,NULL,'testin Billing Contact  2','6198894816',NULL,'testin Billing Contact  2','2300 Cabot Drive\r\nSuite 250 Lisle IL US 60532',NULL,NULL,NULL,NULL,NULL,NULL,NULL,NULL,NULL,NULL,NULL,NULL,NULL,NULL,NULL),('f0901078-661d-c19c-785c-4fc4773855ec','2012-05-29 07:14:10','2012-05-29 07:33:07','1','1',NULL,1,'1','Mrs.','testin Te Contact  2','testin Te Contact  2','testin Te Contact  2','testin Te Contact  2',0,NULL,'testin Te Contact  2','6198894816',NULL,'testin Te Contact  2','2300 Cabot Drive\r\nSuite 250 Lisle IL US 60532',NULL,NULL,NULL,NULL,NULL,NULL,NULL,NULL,NULL,NULL,NULL,NULL,NULL,NULL,NULL),('a2f61fca-8c48-ceed-e026-4fc477345b5a','2012-05-29 07:15:29','2012-05-29 07:33:07','1','1',NULL,1,'1','Mr.','testin Billing Contact  2','testin Billing Contact  2','testin Billing Contact  2','testin Billing Contact  2',0,NULL,'testin Billing Contact  2','6198894816',NULL,'testin Billing Contact  2','2300 Cabot Drive\r\nSuite 250 Lisle IL US 60532',NULL,NULL,NULL,NULL,NULL,NULL,NULL,NULL,NULL,NULL,NULL,NULL,NULL,NULL,NULL),('521ee559-bf05-6a63-ea61-4fc4770f662f','2012-05-29 07:15:30','2012-05-29 07:33:07','1','1',NULL,1,'1','Mrs.','testin Te Contact  2','testin Te Contact  2','testin Te Contact  2','testin Te Contact  2',0,NULL,'testin Te Contact  2','6198894816',NULL,'testin Te Contact  2','2300 Cabot Drive\r\nSuite 250 Lisle IL US 60532',NULL,NULL,NULL,NULL,NULL,NULL,NULL,NULL,NULL,NULL,NULL,NULL,NULL,NULL,NULL),('77359902-9901-779e-1f64-4fc47878c7f3','2012-05-29 07:18:08','2012-05-29 07:33:07','1','1',NULL,1,'1','Ms.','sdfdsBill Contact  2ddd','sdfdsBill Contact  2ddd','sdfdsBill Contact  2ddd','sdfdsBill Contact  2ddd',0,NULL,'sdfdsBill Contact  2ddd','6198894816',NULL,'sdfdsBill Contact  2ddd','2300 Cabot Drive\r\nSuite 250 Lisle IL US 60532',NULL,NULL,NULL,NULL,NULL,NULL,NULL,NULL,NULL,NULL,NULL,NULL,NULL,NULL,NULL),('27e5d242-7ea4-8137-e607-4fc4788521ad','2012-05-29 07:18:09','2012-05-29 07:32:42','1','1',NULL,1,'1','Prof.','rrefe','rrefe','rrefe','rrefe',0,NULL,'rrefe','6198894816',NULL,'rrefe','2300 Cabot Drive\r\nSuite 250 Lisle IL US 60532',NULL,NULL,NULL,NULL,NULL,NULL,NULL,NULL,NULL,NULL,NULL,NULL,NULL,NULL,NULL),('54f36812-d70c-3799-ec17-4fc478529c98','2012-05-29 07:19:09','2012-05-29 07:32:42','1','1',NULL,1,'1','Ms.','sdfdsBill Contact  2ddd','sdfdsBill Contact  2ddd','sdfdsBill Contact  2ddd','sdfdsBill Contact  2ddd',0,NULL,'sdfdsBill Contact  2ddd','6198894816',NULL,'sdfdsBill Contact  2ddd','2300 Cabot Drive\r\nSuite 250 Lisle IL US 60532',NULL,NULL,NULL,NULL,NULL,NULL,NULL,NULL,NULL,NULL,NULL,NULL,NULL,NULL,NULL),('882404a6-b98b-cfba-3809-4fc4786bbfe1','2012-05-29 07:19:09','2012-05-29 07:32:42','1','1',NULL,1,'1','Prof.','rrefe','rrefe','rrefe','rrefe',0,NULL,'rrefe','6198894816',NULL,'rrefe','2300 Cabot Drive\r\nSuite 250 Lisle IL US 60532',NULL,NULL,NULL,NULL,NULL,NULL,NULL,NULL,NULL,NULL,NULL,NULL,NULL,NULL,NULL),('9e92d9af-99b6-e64d-4ec7-4fc479b39e20','2012-05-29 07:21:43','2012-05-29 07:32:42','1','1',NULL,1,'1','Ms.','fgfgdfgdfgdf','fgfgdfgdfgdf','fgfgdfgdfgdf','fgfgdfgdfgdf',0,NULL,'fgfgdfgdfgdf','6198894816',NULL,'fgfgdfgdfgdf','2300 Cabot Drive\r\nSuite 250 Lisle IL US 60532',NULL,NULL,NULL,NULL,NULL,NULL,NULL,NULL,NULL,NULL,NULL,NULL,NULL,NULL,NULL),('a3cdb855-25d9-c72b-fbe0-4fc479c82e65','2012-05-29 07:21:48','2012-05-29 07:32:42','1','1',NULL,1,'1','Prof.','dfdfdsffds','dfdfdsffds','dfdfdsffds','dfdfdsffds',0,NULL,'dfdfdsffds','6198894816',NULL,'dfdfdsffds','2300 Cabot Drive\r\nSuite 250 Lisle IL US 60532',NULL,NULL,NULL,NULL,NULL,NULL,NULL,NULL,NULL,NULL,NULL,NULL,NULL,NULL,NULL),('c91c98bb-22d3-6c7d-2913-4fc47994f839','2012-05-29 07:24:39','2012-05-29 07:32:42','1','1',NULL,1,'1','Mr.','ffdsfdsf','sdfdsfdsf','dsfdsfdsfds','dsfdsfsd',0,NULL,'fdsf','6198894816',NULL,'fdsfdsfdsf','2300 Cabot Drive\r\nSuite 250 Lisle IL US 60532',NULL,NULL,NULL,NULL,NULL,NULL,NULL,NULL,NULL,NULL,NULL,NULL,NULL,NULL,NULL),('97bea470-00e6-a099-5cbe-4fc47930dbce','2012-05-29 07:24:44','2012-05-29 07:32:42','1','1',NULL,1,'1','Ms.','fdsfdsfdsf','dsfdsfdsf','dsfdsfdsf','dsfdsfdsfds',0,NULL,'fdsfdsf','6198894816',NULL,'fdsfdsfds','2300 Cabot Drive\r\nSuite 250 Lisle IL US 60532',NULL,NULL,NULL,NULL,NULL,NULL,NULL,NULL,NULL,NULL,NULL,NULL,NULL,NULL,NULL),('7129730c-6cfa-c969-5a71-4fc47a34c4e5','2012-05-29 07:29:13','2012-05-29 07:32:42','1','1',NULL,1,'1','Ms.','vcxvxcv','xcvxcvxcv','dfdsf','fdsfdsfsdf',0,NULL,'dsfdsfdsfds','6198894816',NULL,'dsfdsfds','2300 Cabot Drive\r\nSuite 250 Lisle IL US 60532',NULL,NULL,NULL,NULL,NULL,NULL,NULL,NULL,NULL,NULL,NULL,NULL,NULL,NULL,NULL),('1f66f392-2c42-800f-5ae9-4fc47a75684a','2012-05-29 07:29:18','2012-05-29 07:32:42','1','1',NULL,1,'1','Ms.','dsfdsfdsfds','dsfdsfdsf','434324','sfdsfsdf',0,NULL,'fdfdsfdsfdsfd','6198894816',NULL,'dsfsdfds','2300 Cabot Drive\r\nSuite 250 Lisle IL US 60532',NULL,NULL,NULL,NULL,NULL,NULL,NULL,NULL,NULL,NULL,NULL,NULL,NULL,NULL,NULL),('b518910f-5fb5-dd0e-58c5-4fc47bf0fdae','2012-05-29 07:33:48','2012-06-06 11:57:25','1','1',NULL,1,'1','Ms.','fdsfdsfdsf','dsfdsfdsfds','sdfdsfdsfds','fdsfdsf',0,NULL,'dsfdsfds','6198894816',NULL,'dsfdsdsf','2300 Cabot Drive\r\nSuite 250 Lisle IL US 60532',NULL,NULL,NULL,NULL,NULL,NULL,NULL,NULL,NULL,NULL,NULL,NULL,NULL,NULL,NULL),('2f7bfd77-ceea-c2f9-c231-4fc47b0fb73b','2012-05-29 07:33:50','2012-06-06 11:57:25','1','1',NULL,1,'1','Dr.','dsfdsfds','dsfdsfdsf','dsfdsf','dsdsfdsf',0,NULL,'dsfdsfdsf','6198894816',NULL,'dsfdsfds','2300 Cabot Drive\r\nSuite 250 Lisle IL US 60532',NULL,NULL,NULL,NULL,NULL,NULL,NULL,NULL,NULL,NULL,NULL,NULL,NULL,NULL,NULL),('76cf7e78-4626-6b70-6d06-4fc47f952585','2012-05-29 07:47:51','2012-06-06 11:57:25','1','1',NULL,1,'1','Ms.','gfgdfgdfgdggdf','gdfgdfgdfgd','fdgdfg','gdfgdgd',0,NULL,'dfgdfgdfg','6198894816',NULL,'gdfgdfg','2300 Cabot Drive\r\nSuite 250 Lisle IL US 60532',NULL,NULL,NULL,NULL,NULL,NULL,NULL,NULL,NULL,NULL,NULL,NULL,NULL,NULL,NULL),('7e8309bc-cc0e-d455-42ad-4fc47fdc4290','2012-05-29 07:47:56','2012-06-06 11:57:25','1','1',NULL,1,'1','Ms.','fdgfgdf','gfgfgdfgdfg','hghgfh','hgfhfghgf',0,NULL,'gfhgfhgf','6198894816',NULL,'hgfhfghgf','2300 Cabot Drive\r\nSuite 250 Lisle IL US 60532',NULL,NULL,NULL,NULL,NULL,NULL,NULL,NULL,NULL,NULL,NULL,NULL,NULL,NULL,NULL),('32d80eeb-9991-15e0-a249-4fc5cd0c19a2','2012-05-30 07:36:12','2012-06-06 11:57:25','1','1',NULL,1,'1','Mr.','dfdsfds','dsfdsfdsfds','dsfsdf','dfdsf',0,NULL,'dsdsfdsf','6198894816',NULL,'dsfdsfds','2300 Cabot Drive\r\nSuite 250 Lisle IL US 60532',NULL,NULL,NULL,NULL,NULL,NULL,NULL,NULL,NULL,NULL,NULL,NULL,NULL,NULL,NULL),('eada6287-d747-55b4-36be-4fc5cd19f095','2012-05-30 07:36:16','2012-06-06 11:57:25','1','1',NULL,1,'1','Dr.','sdfsdf','dsfdsfdsfds','dsfdsfds','dsfdsfds',0,NULL,'dsfdsfds','6198894816',NULL,'fdsfdsfd','2300 Cabot Drive\r\nSuite 250 Lisle IL US 60532',NULL,NULL,NULL,NULL,NULL,NULL,NULL,NULL,NULL,NULL,NULL,NULL,NULL,NULL,NULL),('7eb2386a-bc9f-f10b-84df-4fcf4c27df2a','2012-06-06 12:27:41','2012-06-06 12:30:08','1','1',NULL,1,'1','Ms.','ffddsf','dsfdsfsdf','sdfdsfsdf','dsfdsfds',0,NULL,'dsfdsfdsfd','619-889-4816',NULL,'dsfdsfdsf','2300 Cabot Drive\r\nSuite 250 Lisle IL US 60532',NULL,NULL,NULL,NULL,NULL,NULL,NULL,NULL,NULL,NULL,NULL,NULL,NULL,NULL,NULL),('9faa4fac-0690-79a6-0c6f-4fcf4cb1d5e0','2012-06-06 12:27:46','2012-06-06 12:30:08','1','1',NULL,1,'1','Ms.','dsfdsfds','dsfdsfdsf','dsfdsfds','dsfdsf',0,NULL,'dsfdsfds','619-889-4816',NULL,'sdfdsfds','2300 Cabot Drive\r\nSuite 250 Lisle IL US 60532',NULL,NULL,NULL,NULL,NULL,NULL,NULL,NULL,NULL,NULL,NULL,NULL,NULL,NULL,NULL),('54379873-30e1-3fa9-ebc5-4fcf4d55fdb4','2012-06-06 12:30:23','2012-06-06 12:32:29','1','1',NULL,1,'1','Ms.','ffddsf','dsfdsfsdf','sdfdsfsdf','dsfdsfds',0,NULL,'dsfdsfdsfd','619-889-4816',NULL,'dsfdsfdsf','2300 Cabot Drive\r\nSuite 250 Lisle IL US 60532',NULL,NULL,NULL,NULL,NULL,NULL,NULL,NULL,NULL,NULL,NULL,NULL,NULL,NULL,NULL),('155918a1-9b36-149b-1630-4fcf4d54771d','2012-06-06 12:30:27','2012-06-06 12:32:29','1','1',NULL,1,'1','Ms.','dsfdsfds','dsfdsfdsf','dsfdsfds','dsfdsf',0,NULL,'dsfdsfds','619-889-4816',NULL,'sdfdsfds','2300 Cabot Drive\r\nSuite 250 Lisle IL US 60532',NULL,NULL,NULL,NULL,NULL,NULL,NULL,NULL,NULL,NULL,NULL,NULL,NULL,NULL,NULL),('d1e13ae6-8b49-5b0a-4718-4fcf4de29232','2012-06-06 12:32:45','2012-06-06 12:35:18','1','1',NULL,1,'1','Ms.','ffddsf','dsfdsfsdf','sdfdsfsdf','dsfdsfds',0,NULL,'dsfdsfdsfd','619-889-4816',NULL,'dsfdsfdsf','2300 Cabot Drive\r\nSuite 250 Lisle IL US 60532',NULL,NULL,NULL,NULL,NULL,NULL,NULL,NULL,NULL,NULL,NULL,NULL,NULL,NULL,NULL),('94a3b1d3-c262-98fe-8681-4fcf4dc682d5','2012-06-06 12:32:50','2012-06-06 12:35:18','1','1',NULL,1,'1','Ms.','dsfdsfds','dsfdsfdsf','dsfdsfds','dsfdsf',0,NULL,'dsfdsfds','619-889-4816',NULL,'sdfdsfds','2300 Cabot Drive\r\nSuite 250 Lisle IL US 60532',NULL,NULL,NULL,NULL,NULL,NULL,NULL,NULL,NULL,NULL,NULL,NULL,NULL,NULL,NULL),('1c5a6faa-268c-af01-d2a4-4fcf4fe7a474','2012-06-06 12:38:33','2012-06-12 11:29:03','1','1',NULL,1,'1','Ms.','ffddsf','dsfdsfsdf','sdfdsfsdf','dsfdsfds',0,NULL,'dsfdsfdsfd','619-889-4816',NULL,'dsfdsfdsf','2300 Cabot Drive\r\nSuite 250 Lisle IL US 60532',NULL,NULL,NULL,NULL,NULL,NULL,NULL,NULL,NULL,NULL,NULL,NULL,NULL,NULL,NULL),('d4fb30c9-2f3a-25f2-018d-4fcf4fceb81b','2012-06-06 12:38:37','2012-06-12 11:29:03','1','1',NULL,1,'1','Ms.','dsfdsfds','dsfdsfdsf','dsfdsfds','dsfdsf',0,NULL,'dsfdsfds','619-889-4816',NULL,'sdfdsfds','2300 Cabot Drive\r\nSuite 250 Lisle IL US 60532',NULL,NULL,NULL,NULL,NULL,NULL,NULL,NULL,NULL,NULL,NULL,NULL,NULL,NULL,NULL),('542e6ba0-fc91-fb9b-caab-4fcfab04ca3d','2012-06-06 19:12:07','2012-06-19 10:33:44','1','1',NULL,0,'1',NULL,'John','Smith','SSE',NULL,0,NULL,'23255','645645645',NULL,NULL,NULL,NULL,NULL,NULL,NULL,NULL,NULL,NULL,NULL,NULL,NULL,NULL,NULL,NULL,NULL,NULL),('1b0b7a07-7d32-6242-d3b8-4fd0859b0d6b','2012-06-07 10:42:01','2012-06-12 11:29:03','1','1',NULL,1,'1','Mr.','dds','dsfdsfsd','fgfgdfgdfgdf','fgdfgfd',0,NULL,'54353534454','619-889-4816',NULL,'54543543543','2300 Cabot Drive\r\nSuite 250 Lisle IL US 60532',NULL,NULL,NULL,NULL,NULL,NULL,NULL,NULL,NULL,NULL,NULL,NULL,NULL,NULL,NULL),('183da45b-536c-2e03-80a3-4fd085ca39a6','2012-06-07 10:42:07','2012-06-12 11:29:03','1','1',NULL,1,'1','Dr.','fgfgdfg','gdfgfdgdf','fgfgdfg','dfgdfgdfg',0,NULL,'54543543543','619-889-4816',NULL,'54554353455','2300 Cabot Drive\r\nSuite 250 Lisle IL US 60532',NULL,NULL,NULL,NULL,NULL,NULL,NULL,NULL,NULL,NULL,NULL,NULL,NULL,NULL,NULL),('884761b0-bd89-7a96-2bf1-4fd08f673ddf','2012-06-07 11:23:58','2012-06-12 11:29:03','1','1',NULL,1,'1','Ms.','ddsfds','dssada','sadadasdasd','sasdddsdasdas',0,NULL,'54353534454','619-889-4816',NULL,'534543543543','2300 Cabot Drive\r\nSuite 250 Lisle IL US 60532',NULL,NULL,NULL,NULL,NULL,NULL,NULL,NULL,NULL,NULL,NULL,NULL,NULL,NULL,NULL),('8ab39a46-6a4a-37ac-ad6b-4fd08f4ffd72','2012-06-07 11:24:03','2012-06-12 11:29:03','1','1',NULL,1,'1','Prof.','weeweqwe','qweqweqw','erwerwere','werwerwer',0,NULL,'4534543543','619-889-4816',NULL,'5435435435354','2300 Cabot Drive\r\nSuite 250 Lisle IL US 60532',NULL,NULL,NULL,NULL,NULL,NULL,NULL,NULL,NULL,NULL,NULL,NULL,NULL,NULL,NULL),('42caacb2-4cff-78bf-6675-4fd092b4cd04','2012-06-07 11:39:16','2012-06-12 11:29:03','1','1',NULL,1,'1','Mrs.','dfgdfgdf','gdfgdfgdfg','fgfgdfgdfgdf','dfgdfgdfgdf',0,NULL,'54353534454','619-889-4816',NULL,'54543543543','2300 Cabot Drive\r\nSuite 250 Lisle IL US 60532',NULL,NULL,NULL,NULL,NULL,NULL,NULL,NULL,NULL,NULL,NULL,NULL,NULL,NULL,NULL),('3ab5f001-dec0-8c1b-2249-4fd09243c120','2012-06-07 11:39:21','2012-06-12 11:29:03','1','1',NULL,1,'1','Dr.','assadasdas','dasddsfdf','dsfdsfsdsdas','asdasdasdas',0,NULL,'54543543543','619-889-4816',NULL,'789678678678','2300 Cabot Drive\r\nSuite 250 Lisle IL US 60532',NULL,NULL,NULL,NULL,NULL,NULL,NULL,NULL,NULL,NULL,NULL,NULL,NULL,NULL,NULL),('a4d11fe7-f2d1-de6a-a163-4fd094dcad13','2012-06-07 11:44:00','2012-06-12 11:29:03','1','1',NULL,1,'1','Mrs.','sadasdas','dasdasdas','asdasdaASas','ASAASDSDSDAS',0,NULL,'45435435435','619-889-4816',NULL,'43543543543543543','2300 Cabot Drive\r\nSuite 250 Lisle IL US 60532',NULL,NULL,NULL,NULL,NULL,NULL,NULL,NULL,NULL,NULL,NULL,NULL,NULL,NULL,NULL),('c6c5bc90-5828-9104-97b2-4fd094e79393','2012-06-07 11:44:05','2012-06-12 11:29:03','1','1',NULL,1,'1','Prof.','hjhjhgjhg','jhgjhgjhgj','hgjghjhgy','uygjhgjhgjhg',0,NULL,'56645645645','619-889-4816',NULL,'8675645645645','2300 Cabot Drive\r\nSuite 250 Lisle IL US 60532',NULL,NULL,NULL,NULL,NULL,NULL,NULL,NULL,NULL,NULL,NULL,NULL,NULL,NULL,NULL),('ed99e667-cd6c-ecfc-2192-4fd0945abbde','2012-06-07 11:47:03','2012-06-12 11:29:03','1','1',NULL,1,'1','Ms.','fgdfgdfg','dsfdsfdsfdsf','dfdsf','sdfdsfdsfds',0,NULL,'454354354354343','619-889-4816',NULL,'435435435435','2300 Cabot Drive\r\nSuite 250 Lisle IL US 60532',NULL,NULL,NULL,NULL,NULL,NULL,NULL,NULL,NULL,NULL,NULL,NULL,NULL,NULL,NULL),('ef135f48-278a-d312-b510-4fd0946af369','2012-06-07 11:47:08','2012-06-12 11:28:43','1','1',NULL,1,'1','Prof.','retretret','retretret','retretretre','tretretre',0,NULL,'4332432','619-889-4816',NULL,'3243243242','2300 Cabot Drive\r\nSuite 250 Lisle IL US 60532',NULL,NULL,NULL,NULL,NULL,NULL,NULL,NULL,NULL,NULL,NULL,NULL,NULL,NULL,NULL),('b52e83c3-fde5-6458-6f55-4fd095bbe532','2012-06-07 11:48:55','2012-06-12 11:28:43','1','1',NULL,1,'1','Ms.','dsds','fdsfdsfds','fgfg','dfgdfdfg',0,NULL,'543543543','619-889-4816',NULL,'435435435435','2300 Cabot Drive\r\nSuite 250 Lisle IL US 60532',NULL,NULL,NULL,NULL,NULL,NULL,NULL,NULL,NULL,NULL,NULL,NULL,NULL,NULL,NULL),('bf157d01-c4b3-54aa-8ee1-4fd095aaf08b','2012-06-07 11:49:00','2012-06-12 11:28:43','1','1',NULL,1,'1','Mrs.','dfgdfgdf','gdfgdfg','fgfdgdfg','dfgdfgdfg',0,NULL,'435435435','619-889-4816',NULL,'43534543','2300 Cabot Drive\r\nSuite 250 Lisle IL US 60532',NULL,NULL,NULL,NULL,NULL,NULL,NULL,NULL,NULL,NULL,NULL,NULL,NULL,NULL,NULL),('a130815e-b04f-e0d4-3383-4fd7251b0176','2012-06-12 11:19:18','2012-06-12 11:28:43','1','1',NULL,1,'1','Mr.','fgdfgdfg','dfgdfgdfg','dfgdfgdfg','gdfgdf',0,NULL,'dfgdfgdf','619-889-4816',NULL,'gdfgdfgdfgdf','2300 Cabot Drive\r\nSuite 250 Lisle IL US 60532',NULL,NULL,NULL,NULL,NULL,NULL,NULL,NULL,NULL,NULL,NULL,NULL,NULL,NULL,NULL),('51e2eace-6c81-51f2-7a88-4fd72528e2af','2012-06-12 11:19:19','2012-06-12 11:28:43','1','1',NULL,1,'1',NULL,NULL,NULL,NULL,NULL,0,NULL,NULL,NULL,NULL,NULL,'2300 Cabot Drive\r\nSuite 250 Lisle IL US 60532',NULL,NULL,NULL,NULL,NULL,NULL,NULL,NULL,NULL,NULL,NULL,NULL,NULL,NULL,NULL),('31b2e97f-707f-58a8-9864-4fd7250ddfda','2012-06-12 11:19:24','2012-06-12 11:28:43','1','1',NULL,1,'1','Mrs.','dfgdfgdfgdf','dfgdfgdfg','gdfgdfgdfgdfg','gdfgdfgdf',0,NULL,'dfgdfgdfgdf','619-889-4816',NULL,'gdfgdfgdfgdf','2300 Cabot Drive\r\nSuite 250 Lisle IL US 60532',NULL,NULL,NULL,NULL,NULL,NULL,NULL,NULL,NULL,NULL,NULL,NULL,NULL,NULL,NULL),('d562041a-101e-29a6-fca8-4fd725ca596d','2012-06-12 11:19:24','2012-06-12 11:28:43','1','1',NULL,1,'1',NULL,NULL,NULL,NULL,NULL,0,NULL,NULL,NULL,NULL,NULL,'2300 Cabot Drive\r\nSuite 250 Lisle IL US 60532',NULL,NULL,NULL,NULL,NULL,NULL,NULL,NULL,NULL,NULL,NULL,NULL,NULL,NULL,NULL),('917e9629-15bf-0ba6-d1f7-4fd7287b373e','2012-06-12 11:30:46','2012-06-21 08:40:30','1','1',NULL,1,'1','Ms.','fgdfgdfg','dfgdfgdfg','gfdgdfgdf','ggdfgdfg',0,NULL,'dfgdfgdfdfgdf','619-889-4816',NULL,'gdfgdfgdfgdf','2300 Cabot Drive\r\nSuite 250 Lisle IL US 60532',NULL,NULL,NULL,NULL,NULL,NULL,NULL,NULL,NULL,NULL,NULL,NULL,NULL,NULL,NULL),('492fbf39-7702-1995-d0a3-4fd728ba4473','2012-06-12 11:30:47','2012-06-21 08:45:22','1','1',NULL,1,'1','Mrs.','dfgdfgdfgdf','dfgdfgdfgdf','gdfgdfg','dfgdfgdfg',0,NULL,'dfgdfgdfgdfg','619-889-4816',NULL,'dfgdfgdfgdf','2300 Cabot Drive\r\nSuite 250 Lisle IL US 60532',NULL,NULL,NULL,NULL,NULL,NULL,NULL,NULL,NULL,NULL,NULL,NULL,NULL,NULL,NULL),('572134e2-5ce9-7b00-1169-4fd728888ce4','2012-06-12 11:30:52','2012-06-12 11:30:52','1','1',NULL,0,'1','Mrs.','vcvxcv','xcvxcvxc','vxcvxcv','xcvxcvxc',0,NULL,'vxcvxcvxcv','619-889-4816',NULL,'xcvxcvxcvxc','2300 Cabot Drive\r\nSuite 250 Lisle IL US 60532',NULL,NULL,NULL,NULL,NULL,NULL,NULL,NULL,NULL,NULL,NULL,NULL,NULL,NULL,NULL),('616a07d7-94a7-0e34-df50-4fd7280fda6b','2012-06-12 11:30:52','2012-06-12 11:30:52','1','1',NULL,0,'1','Mrs.','xcvxcvxcvxcv','xcvxcvxc','cvcxvxcvxcv','cxvxcvxcvxcv',0,NULL,'vxcvxcvxcv','619-889-4816',NULL,'xcvxcvxc','2300 Cabot Drive\r\nSuite 250 Lisle IL US 60532',NULL,NULL,NULL,NULL,NULL,NULL,NULL,NULL,NULL,NULL,NULL,NULL,NULL,NULL,NULL),('59010045-b7b6-b7ce-a997-4fd72905b659','2012-06-12 11:37:08','2012-06-21 10:22:29','1','1',NULL,0,'1','Mrs.','Second Add Fname','Second Add Lname','Second Add Title','Second Add Deptt',0,NULL,'Second Add Mob','619-889-4816',NULL,'Second Add Fax','2300 Cabot Drive\r\nSuite 250 Lisle IL US 60532',NULL,NULL,NULL,NULL,NULL,NULL,NULL,NULL,NULL,NULL,NULL,NULL,NULL,NULL,NULL),('2f57d841-f59c-2a43-48b4-4fd729446ede','2012-06-12 11:37:14','2012-06-12 11:37:14','1','1',NULL,0,'1','Mrs.','wewqeqwe','qweqweqweeqw','qweqw','eqweqw',0,NULL,'eqwe','619-889-4816',NULL,'eqweqwe','2300 Cabot Drive\r\nSuite 250 Lisle IL US 60532',NULL,NULL,NULL,NULL,NULL,NULL,NULL,NULL,NULL,NULL,NULL,NULL,NULL,NULL,NULL),('efdf6c0b-12eb-b194-4933-4fd72d836f48','2012-06-12 11:51:32','2012-06-21 10:47:05','1','1',NULL,0,'1','Mrs.','ytcc','ytcc','ytcc','asdasd',0,NULL,'asdasd','619-889-4816',NULL,'asdasdas','2300 Cabot Drive\r\nSuite 250 Lisle IL US 60532',NULL,NULL,NULL,NULL,NULL,NULL,NULL,NULL,NULL,NULL,NULL,NULL,NULL,NULL,NULL),('c4813da0-f8c5-75bc-2240-4fd72d916704','2012-06-12 11:51:37','2012-06-21 11:38:19','1','1',NULL,1,'1','Prof.','sdasasdas','dasdasdasd','asdasdasd','asdasdas',0,NULL,'asdas','619-889-4816',NULL,'dasdasdas','2300 Cabot Drive\r\nSuite 250 Lisle IL US 60532',NULL,NULL,NULL,NULL,NULL,NULL,NULL,NULL,NULL,NULL,NULL,NULL,NULL,NULL,NULL),('d2daf851-7bc6-01ea-de51-4fd7362fdd77','2012-06-12 12:32:33','2012-06-21 08:41:29','1','1',NULL,1,'1','Mrs.','dfgdfgdfg','dfgdfgdfg','dfgdfgdfg','gdfgdfg',0,NULL,'dfgdfgdf','619-889-4816',NULL,'dfgdfgdfgdf','2300 Cabot Drive\r\nSuite 250 Lisle IL US 60532',NULL,NULL,NULL,NULL,NULL,NULL,NULL,NULL,NULL,NULL,NULL,NULL,NULL,NULL,NULL),('ee97571b-ce0b-d42d-866a-4fd73624daa6','2012-06-12 12:32:38','2012-06-21 11:45:57','1','1',NULL,0,'1','Dr.','First Additional Tech','First Additional Tech Con','First Additional Tech Con','First Additional Tech Con',0,NULL,'fdsfdsfdsf','619-889-4816',NULL,'dsfdsfdsfdsf','2300 Cabot Drive\r\nSuite 250 Lisle IL US 60532',NULL,NULL,NULL,NULL,NULL,NULL,NULL,NULL,NULL,NULL,NULL,NULL,NULL,NULL,NULL),('d01375e7-5138-2fcd-a2fb-4fd739e17124','2012-06-12 12:43:20','2012-06-21 08:48:23','1','1',NULL,1,'1','Dr.','dffdsfds','fdsfdsfdf','dfgdfgdfg','dfgdfg',0,NULL,'dfgdfg','619-889-4816',NULL,'dfgdfgdfgdfg','2300 Cabot Drive\r\nSuite 250 Lisle IL US 60532',NULL,NULL,NULL,NULL,NULL,NULL,NULL,NULL,NULL,NULL,NULL,NULL,NULL,NULL,NULL),('cb751ee3-818f-b3f8-5672-4fd739c6f812','2012-06-12 12:43:25','2012-06-12 12:43:25','1','1',NULL,0,'1','Prof.','dsffdsfds','rghgfgh','hjhhhgj','hghgjhgj',0,NULL,'hgjhgjhgj','619-889-4816',NULL,'hgjhgjhg','2300 Cabot Drive\r\nSuite 250 Lisle IL US 60532',NULL,NULL,NULL,NULL,NULL,NULL,NULL,NULL,NULL,NULL,NULL,NULL,NULL,NULL,NULL),('ce704696-9a5f-0d23-91a1-4fd88b67170c','2012-06-13 12:44:52','2012-06-13 12:45:17','1','1',NULL,1,'1',NULL,NULL,'dd',NULL,NULL,0,NULL,NULL,NULL,NULL,NULL,NULL,NULL,NULL,NULL,NULL,NULL,NULL,NULL,NULL,NULL,NULL,NULL,NULL,NULL,NULL,NULL),('b6ad420d-4835-544c-8e66-4fd9d1cd56ee','2012-06-14 11:56:51','2012-06-14 11:58:42','1','1',NULL,1,'1',NULL,NULL,'sdassadasdasdas',NULL,NULL,0,NULL,NULL,NULL,NULL,NULL,NULL,NULL,NULL,NULL,NULL,NULL,NULL,NULL,NULL,NULL,NULL,NULL,NULL,NULL,NULL,NULL),('2fbdb79c-d8cf-072d-54cd-4fd9d4322e76','2012-06-14 12:07:42','2012-06-14 12:07:42','1','1',NULL,0,'1',NULL,NULL,'ddsfsd',NULL,NULL,0,NULL,NULL,NULL,NULL,NULL,NULL,NULL,NULL,NULL,NULL,NULL,NULL,NULL,NULL,NULL,NULL,NULL,NULL,NULL,NULL,NULL),('f4229823-dc7c-2b1d-4a7a-4fd9d474235f','2012-06-14 12:07:54','2012-06-14 12:07:54','1','1',NULL,0,'1',NULL,NULL,'dsfgfdfghjhgjgh',NULL,NULL,0,NULL,NULL,NULL,NULL,NULL,NULL,NULL,NULL,NULL,NULL,NULL,NULL,NULL,NULL,NULL,NULL,NULL,NULL,NULL,NULL,NULL),('3752eef2-641a-c1d7-8150-4fdadeab84b3','2012-06-15 07:05:55','2012-06-15 07:05:55','1','1',NULL,0,'1',NULL,'testFname','testLname',NULL,NULL,0,NULL,NULL,NULL,NULL,NULL,NULL,NULL,NULL,NULL,NULL,NULL,NULL,NULL,NULL,NULL,NULL,NULL,NULL,NULL,NULL,NULL),('aa138745-e47f-c99a-236f-4fdae6ef5fb6','2012-06-15 07:39:20','2012-06-15 07:45:54','1','1',NULL,1,NULL,NULL,NULL,NULL,NULL,NULL,0,NULL,NULL,NULL,NULL,NULL,NULL,NULL,NULL,NULL,NULL,NULL,NULL,NULL,NULL,NULL,NULL,NULL,NULL,NULL,NULL,NULL),('467dcdae-7161-53bd-3f7e-4fdae8eda62d','2012-06-15 07:46:08','2012-06-15 08:06:51','1','1',NULL,1,NULL,'Mr.','New Primary Tech','New Primary Tech','Architect','IT',0,NULL,'619-889-4816','619-889-4816',NULL,'619-889-4816',NULL,NULL,NULL,NULL,NULL,NULL,NULL,NULL,NULL,NULL,NULL,NULL,NULL,NULL,NULL,NULL),('639abbd8-0c73-181b-1575-4fdaedcaba07','2012-06-15 08:08:30','2012-06-15 08:12:59','1','1',NULL,1,NULL,'Mr.','New Primary Tech','New Primary Tech','Architect','IT',0,NULL,'619-889-4816','619-889-4816',NULL,'619-889-4816',NULL,NULL,NULL,NULL,NULL,NULL,NULL,NULL,NULL,NULL,NULL,NULL,NULL,NULL,NULL,NULL),('183b2da3-5ee4-3c86-04c2-4fdaf1e74570','2012-06-15 08:25:17','2012-06-22 07:28:30','1','1',NULL,0,NULL,'Mr.','Main Primary Tech red','Main Primary Tech','Architect yu','IT',0,NULL,'619-889-4816','619-889-4816',NULL,'619-889-4816',NULL,NULL,NULL,NULL,NULL,NULL,NULL,NULL,NULL,NULL,NULL,NULL,NULL,NULL,NULL,NULL),('a4c6c428-7dd1-5f50-38db-4fe055d3bb93','2012-06-19 10:33:45','2012-06-19 10:33:45','1','1',NULL,0,NULL,'Ms.','testttttttt','testttttttt','testttttttt','testttttttt',0,NULL,'354545435435','34343432432',NULL,'435435435',NULL,NULL,NULL,NULL,NULL,NULL,NULL,NULL,NULL,NULL,NULL,NULL,NULL,NULL,NULL,NULL),('108cea6e-7571-2e21-7a27-4fe1be0fb781','2012-06-20 12:14:33','2012-06-22 07:25:25','1','1',NULL,0,'1','Mr.','First Additional Fname','First Additional Lname','First Additional Title','First Additional Department',0,NULL,'First Additional Mobile','619-889-4816',NULL,'First Additional Fax',NULL,NULL,NULL,NULL,NULL,NULL,NULL,NULL,NULL,NULL,NULL,NULL,NULL,NULL,NULL,NULL),('eb4c23bc-5091-4767-f798-4fe41e660bc4','2012-06-22 07:28:30','2012-06-22 07:28:30','1','1',NULL,0,'1','Prof.','dgfdf','dfg','545435','435rtret',0,NULL,'retret','619-889-4816',NULL,'retretre',NULL,NULL,NULL,NULL,NULL,NULL,NULL,NULL,NULL,NULL,NULL,NULL,NULL,NULL,NULL,NULL),('76f66c69-0e1d-b310-9aea-4fe41e5a9754','2012-06-22 07:28:31','2012-06-22 07:28:31','1','1',NULL,0,'1','Dr.','kjhkhjk','jhkhkjhkjhkjh','fdgdfg','dfgdfgdfg',0,NULL,'435435435','619-889-4816',NULL,'435435435',NULL,NULL,NULL,NULL,NULL,NULL,NULL,NULL,NULL,NULL,NULL,NULL,NULL,NULL,NULL,NULL),('eb40af8d-0574-d433-1eff-4fec24c7c59b','2012-06-28 09:31:02','2012-06-28 09:31:02','1','1',NULL,0,'1','Ms.',NULL,'testingImp',NULL,NULL,0,NULL,NULL,NULL,NULL,NULL,NULL,NULL,NULL,NULL,NULL,NULL,NULL,NULL,NULL,NULL,NULL,NULL,NULL,NULL,NULL,NULL);
/*!40000 ALTER TABLE `contacts` ENABLE KEYS */;
UNLOCK TABLES;

--
-- Table structure for table `contacts_audit`
--

DROP TABLE IF EXISTS `contacts_audit`;
/*!40101 SET @saved_cs_client     = @@character_set_client */;
/*!40101 SET character_set_client = utf8 */;
CREATE TABLE `contacts_audit` (
  `id` char(36) NOT NULL,
  `parent_id` char(36) NOT NULL,
  `date_created` datetime DEFAULT NULL,
  `created_by` varchar(36) DEFAULT NULL,
  `field_name` varchar(100) DEFAULT NULL,
  `data_type` varchar(100) DEFAULT NULL,
  `before_value_string` varchar(255) DEFAULT NULL,
  `after_value_string` varchar(255) DEFAULT NULL,
  `before_value_text` text,
  `after_value_text` text,
  KEY `idx_contacts_primary` (`id`),
  KEY `idx_contacts_parent_id` (`parent_id`)
) ENGINE=MyISAM DEFAULT CHARSET=utf8;
/*!40101 SET character_set_client = @saved_cs_client */;

--
-- Dumping data for table `contacts_audit`
--

LOCK TABLES `contacts_audit` WRITE;
/*!40000 ALTER TABLE `contacts_audit` DISABLE KEYS */;
INSERT INTO `contacts_audit` VALUES ('1383e94a-ba45-fb73-a5d4-4fb27adbb856','e73861cd-0ee7-b55d-98db-4fa7c74f2671','2012-05-15 15:45:50','1','phone_work','phone','34324324324432','6198894816',NULL,NULL),('e749f00e-76c8-388f-104b-4fd88ee5e7c6','a5cf2bca-cc8c-ae8b-16c1-4f32daf5cd68','2012-06-13 12:56:48','1','phone_work','phone','','45435435435',NULL,NULL),('5c8c9d94-5fbd-5c26-5eea-4fe05525afef','542e6ba0-fc91-fb9b-caab-4fcfab04ca3d','2012-06-19 10:33:44','1','phone_work','phone','','645645645',NULL,NULL);
/*!40000 ALTER TABLE `contacts_audit` ENABLE KEYS */;
UNLOCK TABLES;

--
-- Table structure for table `contacts_bugs`
--

DROP TABLE IF EXISTS `contacts_bugs`;
/*!40101 SET @saved_cs_client     = @@character_set_client */;
/*!40101 SET character_set_client = utf8 */;
CREATE TABLE `contacts_bugs` (
  `id` varchar(36) NOT NULL,
  `contact_id` varchar(36) DEFAULT NULL,
  `bug_id` varchar(36) DEFAULT NULL,
  `contact_role` varchar(50) DEFAULT NULL,
  `date_modified` datetime DEFAULT NULL,
  `deleted` tinyint(1) DEFAULT '0',
  PRIMARY KEY (`id`),
  KEY `idx_con_bug_con` (`contact_id`),
  KEY `idx_con_bug_bug` (`bug_id`),
  KEY `idx_contact_bug` (`contact_id`,`bug_id`)
) ENGINE=MyISAM DEFAULT CHARSET=utf8;
/*!40101 SET character_set_client = @saved_cs_client */;

--
-- Dumping data for table `contacts_bugs`
--

LOCK TABLES `contacts_bugs` WRITE;
/*!40000 ALTER TABLE `contacts_bugs` DISABLE KEYS */;
/*!40000 ALTER TABLE `contacts_bugs` ENABLE KEYS */;
UNLOCK TABLES;

--
-- Table structure for table `contacts_cases`
--

DROP TABLE IF EXISTS `contacts_cases`;
/*!40101 SET @saved_cs_client     = @@character_set_client */;
/*!40101 SET character_set_client = utf8 */;
CREATE TABLE `contacts_cases` (
  `id` varchar(36) NOT NULL,
  `contact_id` varchar(36) DEFAULT NULL,
  `case_id` varchar(36) DEFAULT NULL,
  `contact_role` varchar(50) DEFAULT NULL,
  `date_modified` datetime DEFAULT NULL,
  `deleted` tinyint(1) DEFAULT '0',
  PRIMARY KEY (`id`),
  KEY `idx_con_case_con` (`contact_id`),
  KEY `idx_con_case_case` (`case_id`),
  KEY `idx_contacts_cases` (`contact_id`,`case_id`)
) ENGINE=MyISAM DEFAULT CHARSET=utf8;
/*!40101 SET character_set_client = @saved_cs_client */;

--
-- Dumping data for table `contacts_cases`
--

LOCK TABLES `contacts_cases` WRITE;
/*!40000 ALTER TABLE `contacts_cases` DISABLE KEYS */;
/*!40000 ALTER TABLE `contacts_cases` ENABLE KEYS */;
UNLOCK TABLES;

--
-- Table structure for table `contacts_cstm`
--

DROP TABLE IF EXISTS `contacts_cstm`;
/*!40101 SET @saved_cs_client     = @@character_set_client */;
/*!40101 SET character_set_client = utf8 */;
CREATE TABLE `contacts_cstm` (
  `id_c` char(36) NOT NULL,
  `contacttype_c` varchar(100) DEFAULT 'PrimaryBilling',
  `contactid_c` varchar(255) DEFAULT NULL,
  `contacttypeval_c` varchar(255) DEFAULT NULL,
  `contact_id_c` varchar(36) DEFAULT NULL,
  `mainprimarytechnical_c` varchar(255) DEFAULT NULL,
  PRIMARY KEY (`id_c`)
) ENGINE=MyISAM DEFAULT CHARSET=utf8;
/*!40101 SET character_set_client = @saved_cs_client */;

--
-- Dumping data for table `contacts_cstm`
--

LOCK TABLES `contacts_cstm` WRITE;
/*!40000 ALTER TABLE `contacts_cstm` DISABLE KEYS */;
INSERT INTO `contacts_cstm` VALUES ('e73861cd-0ee7-b55d-98db-4fa7c74f2671','','','',NULL,NULL),('bc2b8613-7800-d1d4-1f0e-4f2984fdcc27','PrimaryBilling','','','542e6ba0-fc91-fb9b-caab-4fcfab04ca3d','No'),('ea550625-151e-9e82-5910-4fbc94881949','AdditionalBilling','e73861cd-0ee7-b55d-98db-4fa7c74f2671','0',NULL,NULL),('95c09ebe-2885-1d4e-7514-4fbc945fefb5','AdditionalTechnical','e73861cd-0ee7-b55d-98db-4fa7c74f2671','0',NULL,NULL),('9c3f5e73-0acd-ba42-f1c1-4fbc955b7f73','AdditionalBilling','e73861cd-0ee7-b55d-98db-4fa7c74f2671','BillingContact_0_of_e73861cd-0ee7-b55d-98db-4fa7c74f2671',NULL,NULL),('49059aa2-5b64-174b-6b3f-4fbc9599214a','AdditionalTechnical','e73861cd-0ee7-b55d-98db-4fa7c74f2671','TechnicalContact_0_of_e73861cd-0ee7-b55d-98db-4fa7c74f2671',NULL,NULL),('30f0c1fe-6e0e-deaf-ce3c-4fc476e8d54d','AdditionalBilling','e73861cd-0ee7-b55d-98db-4fa7c74f2671','BillingContact_0_of_e73861cd-0ee7-b55d-98db-4fa7c74f2671',NULL,NULL),('d35e1fd5-aae4-a180-cb4f-4fc476084412','AdditionalTechnical','e73861cd-0ee7-b55d-98db-4fa7c74f2671','TechnicalContact_0_of_e73861cd-0ee7-b55d-98db-4fa7c74f2671',NULL,NULL),('4bc302e7-f404-4a5f-b24a-4fc47732ce7b','AdditionalBilling','e73861cd-0ee7-b55d-98db-4fa7c74f2671','BillingContact_0_of_e73861cd-0ee7-b55d-98db-4fa7c74f2671',NULL,NULL),('f0901078-661d-c19c-785c-4fc4773855ec','AdditionalTechnical','e73861cd-0ee7-b55d-98db-4fa7c74f2671','TechnicalContact_0_of_e73861cd-0ee7-b55d-98db-4fa7c74f2671',NULL,NULL),('a2f61fca-8c48-ceed-e026-4fc477345b5a','AdditionalBilling','e73861cd-0ee7-b55d-98db-4fa7c74f2671','BillingContact_0_of_e73861cd-0ee7-b55d-98db-4fa7c74f2671',NULL,NULL),('521ee559-bf05-6a63-ea61-4fc4770f662f','AdditionalTechnical','e73861cd-0ee7-b55d-98db-4fa7c74f2671','TechnicalContact_0_of_e73861cd-0ee7-b55d-98db-4fa7c74f2671',NULL,NULL),('77359902-9901-779e-1f64-4fc47878c7f3','AdditionalBilling','e73861cd-0ee7-b55d-98db-4fa7c74f2671','BillingContact_0_of_e73861cd-0ee7-b55d-98db-4fa7c74f2671',NULL,NULL),('27e5d242-7ea4-8137-e607-4fc4788521ad','AdditionalTechnical','e73861cd-0ee7-b55d-98db-4fa7c74f2671','TechnicalContact_0_of_e73861cd-0ee7-b55d-98db-4fa7c74f2671',NULL,NULL),('54f36812-d70c-3799-ec17-4fc478529c98','AdditionalBilling','e73861cd-0ee7-b55d-98db-4fa7c74f2671','BillingContact_0_of_e73861cd-0ee7-b55d-98db-4fa7c74f2671',NULL,NULL),('882404a6-b98b-cfba-3809-4fc4786bbfe1','AdditionalTechnical','e73861cd-0ee7-b55d-98db-4fa7c74f2671','TechnicalContact_0_of_e73861cd-0ee7-b55d-98db-4fa7c74f2671',NULL,NULL),('9e92d9af-99b6-e64d-4ec7-4fc479b39e20','AdditionalBilling','e73861cd-0ee7-b55d-98db-4fa7c74f2671','BillingContact_0_of_e73861cd-0ee7-b55d-98db-4fa7c74f2671',NULL,NULL),('a3cdb855-25d9-c72b-fbe0-4fc479c82e65','AdditionalTechnical','e73861cd-0ee7-b55d-98db-4fa7c74f2671','TechnicalContact_0_of_e73861cd-0ee7-b55d-98db-4fa7c74f2671',NULL,NULL),('c91c98bb-22d3-6c7d-2913-4fc47994f839','AdditionalBilling','e73861cd-0ee7-b55d-98db-4fa7c74f2671','BillingContact_0_of_e73861cd-0ee7-b55d-98db-4fa7c74f2671',NULL,NULL),('97bea470-00e6-a099-5cbe-4fc47930dbce','AdditionalTechnical','e73861cd-0ee7-b55d-98db-4fa7c74f2671','TechnicalContact_0_of_e73861cd-0ee7-b55d-98db-4fa7c74f2671',NULL,NULL),('7129730c-6cfa-c969-5a71-4fc47a34c4e5','AdditionalBilling','e73861cd-0ee7-b55d-98db-4fa7c74f2671','BillingContact_0_of_e73861cd-0ee7-b55d-98db-4fa7c74f2671',NULL,NULL),('1f66f392-2c42-800f-5ae9-4fc47a75684a','AdditionalTechnical','e73861cd-0ee7-b55d-98db-4fa7c74f2671','TechnicalContact_0_of_e73861cd-0ee7-b55d-98db-4fa7c74f2671',NULL,NULL),('b518910f-5fb5-dd0e-58c5-4fc47bf0fdae','AdditionalBilling','e73861cd-0ee7-b55d-98db-4fa7c74f2671','BillingContact_0_of_e73861cd-0ee7-b55d-98db-4fa7c74f2671',NULL,NULL),('2f7bfd77-ceea-c2f9-c231-4fc47b0fb73b','AdditionalTechnical','e73861cd-0ee7-b55d-98db-4fa7c74f2671','TechnicalContact_0_of_e73861cd-0ee7-b55d-98db-4fa7c74f2671',NULL,NULL),('76cf7e78-4626-6b70-6d06-4fc47f952585','AdditionalBilling','e73861cd-0ee7-b55d-98db-4fa7c74f2671','BillingContact_0_of_e73861cd-0ee7-b55d-98db-4fa7c74f2671',NULL,NULL),('7e8309bc-cc0e-d455-42ad-4fc47fdc4290','AdditionalTechnical','e73861cd-0ee7-b55d-98db-4fa7c74f2671','TechnicalContact_0_of_e73861cd-0ee7-b55d-98db-4fa7c74f2671',NULL,NULL),('32d80eeb-9991-15e0-a249-4fc5cd0c19a2','AdditionalBilling','e73861cd-0ee7-b55d-98db-4fa7c74f2671','BillingContact_0_of_e73861cd-0ee7-b55d-98db-4fa7c74f2671',NULL,NULL),('eada6287-d747-55b4-36be-4fc5cd19f095','AdditionalTechnical','e73861cd-0ee7-b55d-98db-4fa7c74f2671','TechnicalContact_0_of_e73861cd-0ee7-b55d-98db-4fa7c74f2671',NULL,NULL),('7eb2386a-bc9f-f10b-84df-4fcf4c27df2a','AdditionalBilling','bc2b8613-7800-d1d4-1f0e-4f2984fdcc27','BillingContact_0_of_bc2b8613-7800-d1d4-1f0e-4f2984fdcc27',NULL,NULL),('9faa4fac-0690-79a6-0c6f-4fcf4cb1d5e0','AdditionalTechnical','bc2b8613-7800-d1d4-1f0e-4f2984fdcc27','TechnicalContact_0_of_bc2b8613-7800-d1d4-1f0e-4f2984fdcc27',NULL,NULL),('54379873-30e1-3fa9-ebc5-4fcf4d55fdb4','AdditionalBilling','bc2b8613-7800-d1d4-1f0e-4f2984fdcc27','BillingContact_0_of_bc2b8613-7800-d1d4-1f0e-4f2984fdcc27',NULL,NULL),('155918a1-9b36-149b-1630-4fcf4d54771d','AdditionalTechnical','bc2b8613-7800-d1d4-1f0e-4f2984fdcc27','TechnicalContact_0_of_bc2b8613-7800-d1d4-1f0e-4f2984fdcc27',NULL,NULL),('d1e13ae6-8b49-5b0a-4718-4fcf4de29232','AdditionalBilling','bc2b8613-7800-d1d4-1f0e-4f2984fdcc27','BillingContact_0_of_bc2b8613-7800-d1d4-1f0e-4f2984fdcc27',NULL,NULL),('94a3b1d3-c262-98fe-8681-4fcf4dc682d5','AdditionalTechnical','bc2b8613-7800-d1d4-1f0e-4f2984fdcc27','TechnicalContact_0_of_bc2b8613-7800-d1d4-1f0e-4f2984fdcc27',NULL,NULL),('1c5a6faa-268c-af01-d2a4-4fcf4fe7a474','AdditionalBilling','bc2b8613-7800-d1d4-1f0e-4f2984fdcc27','BillingContact_0_of_bc2b8613-7800-d1d4-1f0e-4f2984fdcc27',NULL,NULL),('d4fb30c9-2f3a-25f2-018d-4fcf4fceb81b','AdditionalTechnical','bc2b8613-7800-d1d4-1f0e-4f2984fdcc27','TechnicalContact_0_of_bc2b8613-7800-d1d4-1f0e-4f2984fdcc27',NULL,NULL),('542e6ba0-fc91-fb9b-caab-4fcfab04ca3d','PrimaryBilling','','','','No'),('1b0b7a07-7d32-6242-d3b8-4fd0859b0d6b','AdditionalBilling','bc2b8613-7800-d1d4-1f0e-4f2984fdcc27','BillingContact_0_of_bc2b8613-7800-d1d4-1f0e-4f2984fdcc27',NULL,NULL),('183da45b-536c-2e03-80a3-4fd085ca39a6','AdditionalTechnical','bc2b8613-7800-d1d4-1f0e-4f2984fdcc27','TechnicalContact_0_of_bc2b8613-7800-d1d4-1f0e-4f2984fdcc27',NULL,NULL),('884761b0-bd89-7a96-2bf1-4fd08f673ddf','AdditionalBilling','bc2b8613-7800-d1d4-1f0e-4f2984fdcc27','BillingContact_0_of_bc2b8613-7800-d1d4-1f0e-4f2984fdcc27',NULL,NULL),('8ab39a46-6a4a-37ac-ad6b-4fd08f4ffd72','AdditionalTechnical','bc2b8613-7800-d1d4-1f0e-4f2984fdcc27','TechnicalContact_0_of_bc2b8613-7800-d1d4-1f0e-4f2984fdcc27',NULL,NULL),('42caacb2-4cff-78bf-6675-4fd092b4cd04','AdditionalBilling','bc2b8613-7800-d1d4-1f0e-4f2984fdcc27','BillingContact_0_of_bc2b8613-7800-d1d4-1f0e-4f2984fdcc27',NULL,NULL),('3ab5f001-dec0-8c1b-2249-4fd09243c120','AdditionalTechnical','bc2b8613-7800-d1d4-1f0e-4f2984fdcc27','TechnicalContact_0_of_bc2b8613-7800-d1d4-1f0e-4f2984fdcc27',NULL,NULL),('a4d11fe7-f2d1-de6a-a163-4fd094dcad13','AdditionalBilling','bc2b8613-7800-d1d4-1f0e-4f2984fdcc27','BillingContact_0_of_bc2b8613-7800-d1d4-1f0e-4f2984fdcc27',NULL,NULL),('c6c5bc90-5828-9104-97b2-4fd094e79393','AdditionalTechnical','bc2b8613-7800-d1d4-1f0e-4f2984fdcc27','TechnicalContact_0_of_bc2b8613-7800-d1d4-1f0e-4f2984fdcc27',NULL,NULL),('ed99e667-cd6c-ecfc-2192-4fd0945abbde','AdditionalBilling','bc2b8613-7800-d1d4-1f0e-4f2984fdcc27','BillingContact_0_of_bc2b8613-7800-d1d4-1f0e-4f2984fdcc27',NULL,NULL),('ef135f48-278a-d312-b510-4fd0946af369','AdditionalTechnical','bc2b8613-7800-d1d4-1f0e-4f2984fdcc27','TechnicalContact_0_of_bc2b8613-7800-d1d4-1f0e-4f2984fdcc27',NULL,NULL),('b52e83c3-fde5-6458-6f55-4fd095bbe532','AdditionalBilling','bc2b8613-7800-d1d4-1f0e-4f2984fdcc27','BillingContact_0_of_bc2b8613-7800-d1d4-1f0e-4f2984fdcc27',NULL,NULL),('bf157d01-c4b3-54aa-8ee1-4fd095aaf08b','AdditionalTechnical','bc2b8613-7800-d1d4-1f0e-4f2984fdcc27','TechnicalContact_0_of_bc2b8613-7800-d1d4-1f0e-4f2984fdcc27',NULL,NULL),('a130815e-b04f-e0d4-3383-4fd7251b0176','AdditionalBilling','bc2b8613-7800-d1d4-1f0e-4f2984fdcc27','BillingContact_0_of_bc2b8613-7800-d1d4-1f0e-4f2984fdcc27',NULL,NULL),('51e2eace-6c81-51f2-7a88-4fd72528e2af','PrimaryBilling','bc2b8613-7800-d1d4-1f0e-4f2984fdcc27','BillingContact_1_of_bc2b8613-7800-d1d4-1f0e-4f2984fdcc27',NULL,NULL),('31b2e97f-707f-58a8-9864-4fd7250ddfda','AdditionalTechnical','bc2b8613-7800-d1d4-1f0e-4f2984fdcc27','TechnicalContact_0_of_bc2b8613-7800-d1d4-1f0e-4f2984fdcc27',NULL,NULL),('d562041a-101e-29a6-fca8-4fd725ca596d','PrimaryBilling','bc2b8613-7800-d1d4-1f0e-4f2984fdcc27','TechnicalContact_1_of_bc2b8613-7800-d1d4-1f0e-4f2984fdcc27',NULL,NULL),('917e9629-15bf-0ba6-d1f7-4fd7287b373e','AdditionalBilling','bc2b8613-7800-d1d4-1f0e-4f2984fdcc27','BillingContact_0_of_bc2b8613-7800-d1d4-1f0e-4f2984fdcc27','',''),('492fbf39-7702-1995-d0a3-4fd728ba4473','AdditionalBilling','bc2b8613-7800-d1d4-1f0e-4f2984fdcc27','BillingContact_1_of_bc2b8613-7800-d1d4-1f0e-4f2984fdcc27','',''),('572134e2-5ce9-7b00-1169-4fd728888ce4','AdditionalTechnical','bc2b8613-7800-d1d4-1f0e-4f2984fdcc27','TechnicalContact_0_of_bc2b8613-7800-d1d4-1f0e-4f2984fdcc27',NULL,NULL),('616a07d7-94a7-0e34-df50-4fd7280fda6b','AdditionalTechnical','bc2b8613-7800-d1d4-1f0e-4f2984fdcc27','TechnicalContact_1_of_bc2b8613-7800-d1d4-1f0e-4f2984fdcc27',NULL,NULL),('59010045-b7b6-b7ce-a997-4fd72905b659','AdditionalBilling','bc2b8613-7800-d1d4-1f0e-4f2984fdcc27','BillingContact_0_of_bc2b8613-7800-d1d4-1f0e-4f2984fdcc27','',''),('2f57d841-f59c-2a43-48b4-4fd729446ede','AdditionalTechnical','bc2b8613-7800-d1d4-1f0e-4f2984fdcc27','TechnicalContact_0_of_bc2b8613-7800-d1d4-1f0e-4f2984fdcc27',NULL,NULL),('efdf6c0b-12eb-b194-4933-4fd72d836f48','AdditionalBilling','bc2b8613-7800-d1d4-1f0e-4f2984fdcc27','BillingContact_0_of_bc2b8613-7800-d1d4-1f0e-4f2984fdcc27','',''),('c4813da0-f8c5-75bc-2240-4fd72d916704','AdditionalTechnical','bc2b8613-7800-d1d4-1f0e-4f2984fdcc27','TechnicalContact_0_of_bc2b8613-7800-d1d4-1f0e-4f2984fdcc27','',''),('d2daf851-7bc6-01ea-de51-4fd7362fdd77','AdditionalBilling','bc2b8613-7800-d1d4-1f0e-4f2984fdcc27','BillingContact_0_of_bc2b8613-7800-d1d4-1f0e-4f2984fdcc27','',''),('ee97571b-ce0b-d42d-866a-4fd73624daa6','AdditionalTechnical','bc2b8613-7800-d1d4-1f0e-4f2984fdcc27','TechnicalContact_0_of_bc2b8613-7800-d1d4-1f0e-4f2984fdcc27','',''),('d01375e7-5138-2fcd-a2fb-4fd739e17124','AdditionalBilling','bc2b8613-7800-d1d4-1f0e-4f2984fdcc27','BillingContact_0_of_bc2b8613-7800-d1d4-1f0e-4f2984fdcc27','',''),('cb751ee3-818f-b3f8-5672-4fd739c6f812','AdditionalTechnical','bc2b8613-7800-d1d4-1f0e-4f2984fdcc27','TechnicalContact_0_of_bc2b8613-7800-d1d4-1f0e-4f2984fdcc27',NULL,NULL),('a5cf2bca-cc8c-ae8b-16c1-4f32daf5cd68','PrimaryBilling','','','bc2b8613-7800-d1d4-1f0e-4f2984fdcc27',NULL),('ce704696-9a5f-0d23-91a1-4fd88b67170c','PrimaryBilling','','','',NULL),('b6ad420d-4835-544c-8e66-4fd9d1cd56ee','PrimaryBilling',NULL,NULL,'',NULL),('2fbdb79c-d8cf-072d-54cd-4fd9d4322e76','PrimaryBilling',NULL,NULL,'',NULL),('f4229823-dc7c-2b1d-4a7a-4fd9d474235f','PrimaryBilling',NULL,NULL,'',NULL),('3752eef2-641a-c1d7-8150-4fdadeab84b3','PrimaryBilling',NULL,NULL,'',NULL),('aa138745-e47f-c99a-236f-4fdae6ef5fb6','PrimaryTechnical','bc2b8613-7800-d1d4-1f0e-4f2984fdcc27','Primary Technical Contact_of_bc2b8613-7800-d1d4-1f0e-4f2984fdcc27','53dc08aa-bee5-df18-e1fa-4f3a9b76cd2b',NULL),('467dcdae-7161-53bd-3f7e-4fdae8eda62d','PrimaryTechnical','bc2b8613-7800-d1d4-1f0e-4f2984fdcc27','Primary Technical Contact_of_bc2b8613-7800-d1d4-1f0e-4f2984fdcc27','58903a56-2486-8dbb-461c-4f3a9bb27369',NULL),('639abbd8-0c73-181b-1575-4fdaedcaba07','Main PrimaryTechnical','bc2b8613-7800-d1d4-1f0e-4f2984fdcc27','Primary Technical Contact_of_bc2b8613-7800-d1d4-1f0e-4f2984fdcc27','58903a56-2486-8dbb-461c-4f3a9bb27369',NULL),('a4c6c428-7dd1-5f50-38db-4fe055d3bb93','PrimaryBilling','542e6ba0-fc91-fb9b-caab-4fcfab04ca3d','Primary Technical Contact_of_542e6ba0-fc91-fb9b-caab-4fcfab04ca3d','bc2b8613-7800-d1d4-1f0e-4f2984fdcc27','Yes'),('183b2da3-5ee4-3c86-04c2-4fdaf1e74570','PrimaryBilling','bc2b8613-7800-d1d4-1f0e-4f2984fdcc27','Primary Technical Contact_of_bc2b8613-7800-d1d4-1f0e-4f2984fdcc27','53dc08aa-bee5-df18-e1fa-4f3a9b76cd2b','Yes'),('108cea6e-7571-2e21-7a27-4fe1be0fb781','AdditionalBilling','bc2b8613-7800-d1d4-1f0e-4f2984fdcc27','BillingContact_0_of_bc2b8613-7800-d1d4-1f0e-4f2984fdcc27','','No'),('eb4c23bc-5091-4767-f798-4fe41e660bc4','AdditionalBilling','bc2b8613-7800-d1d4-1f0e-4f2984fdcc27','BillingContact_0_of_bc2b8613-7800-d1d4-1f0e-4f2984fdcc27',NULL,'No'),('76f66c69-0e1d-b310-9aea-4fe41e5a9754','AdditionalTechnical','bc2b8613-7800-d1d4-1f0e-4f2984fdcc27','TechnicalContact_0_of_bc2b8613-7800-d1d4-1f0e-4f2984fdcc27',NULL,'No'),('eb40af8d-0574-d433-1eff-4fec24c7c59b','PrimaryBilling',NULL,NULL,'',NULL);
/*!40000 ALTER TABLE `contacts_cstm` ENABLE KEYS */;
UNLOCK TABLES;

--
-- Table structure for table `contacts_users`
--

DROP TABLE IF EXISTS `contacts_users`;
/*!40101 SET @saved_cs_client     = @@character_set_client */;
/*!40101 SET character_set_client = utf8 */;
CREATE TABLE `contacts_users` (
  `id` varchar(36) NOT NULL,
  `contact_id` varchar(36) DEFAULT NULL,
  `user_id` varchar(36) DEFAULT NULL,
  `date_modified` datetime DEFAULT NULL,
  `deleted` tinyint(1) DEFAULT '0',
  PRIMARY KEY (`id`),
  KEY `idx_con_users_con` (`contact_id`),
  KEY `idx_con_users_user` (`user_id`),
  KEY `idx_contacts_users` (`contact_id`,`user_id`)
) ENGINE=MyISAM DEFAULT CHARSET=utf8;
/*!40101 SET character_set_client = @saved_cs_client */;

--
-- Dumping data for table `contacts_users`
--

LOCK TABLES `contacts_users` WRITE;
/*!40000 ALTER TABLE `contacts_users` DISABLE KEYS */;
INSERT INTO `contacts_users` VALUES ('bf747c19-1757-e271-b7f2-4f2984b3f8f4','bc2b8613-7800-d1d4-1f0e-4f2984fdcc27','1','2012-06-22 07:28:29',0),('9a87f209-fbd1-22a8-62d9-4f32d9289258','cb925da9-8ff3-9687-8211-4f32d9608dcf','1','2012-02-08 20:26:25',1),('897dfef0-7578-cd03-451c-4f32da842b11','a5cf2bca-cc8c-ae8b-16c1-4f32daf5cd68','1','2012-02-14 19:48:51',1),('77a94d6f-860e-0fd4-9ff7-4f3a9be6c005','53dc08aa-bee5-df18-e1fa-4f3a9b76cd2b','1','2012-02-14 19:48:51',1),('7894b40e-3329-10de-76c9-4f3a9bedb684','560f9275-9d38-feeb-f887-4f3a9b9987ed','1','2012-02-14 19:48:51',1),('7965aef8-14b2-63eb-a9c9-4f3a9b849bdc','576ed637-eae4-a8cc-f639-4f3a9bd79ffa','1','2012-02-14 19:48:51',1),('7a4247a3-5e24-753e-06db-4f3a9b49874e','58903a56-2486-8dbb-461c-4f3a9bb27369','1','2012-02-14 19:48:51',1),('eb6ef519-9c82-f2bc-0508-4f3a9cab4891','2a76dd4c-bc0c-28af-6822-4f3a9cb1a5a2','1','2012-02-14 19:48:51',1),('154b02f9-6e47-938c-c452-4f3a9e50385f','349302a0-28c5-d2ac-296c-4f3a9ecc4b01','1','2012-02-14 19:48:51',1),('1b2f7876-f319-d23e-bcb7-4f3aa2ee08ac','544dbd32-62fc-2b56-d6a2-4f3aa2b9a275','1','2012-02-14 19:48:51',1),('cf6bc9a4-c4c0-07a0-b741-4f3aafa0bb3c','e9097b85-e55e-8387-9423-4f3aaf83fa9a','1','2012-02-14 19:48:51',1),('d06f468c-2327-78ed-ac38-4f3aaf0f6363','eb875b08-d207-9557-2270-4f3aaf329e19','1','2012-02-14 19:48:51',1),('d13fa11e-55fb-e961-96f7-4f3aafb5fd5a','ecd95942-40bd-87ff-9e88-4f3aafeb831a','1','2012-02-14 20:09:19',1),('d2163e79-f2fe-c5b9-6f7f-4f3aaf57881d','eddd9f19-45e5-9778-b092-4f3aafb4bb67','1','2012-02-16 00:21:43',1),('d2e6e2d2-8919-b011-a201-4f3aaf0172f1','eede9d0f-635e-3e0f-e1c3-4f3aafd8030e','1','2012-02-14 19:48:51',1),('d4da5ccb-2cd3-3852-4f6f-4f3aaffd5973','efe96a32-66ef-938b-7286-4f3aafa95128','1','2012-02-14 19:48:51',1),('b2051377-c1e1-1a28-a512-4f3ab9485ed8','e1a6e938-3f16-3b9a-bd57-4f3ab99c00c2','1','2012-02-14 19:48:51',1),('3db30af3-5cbe-f853-188f-4f3aba950bf5','32fb13b9-025b-ca14-abd0-4f3aba16095f','1','2012-02-14 19:49:16',0),('3e739236-262b-0429-4ddd-4f3c4bebcfbe','6ede068e-db91-abce-99b7-4f3c4b18983f','1','2012-06-06 11:57:36',1),('162b8381-cc6b-93bc-3d0b-4f3c4ca01020','a5cf2bca-cc8c-ae8b-16c1-4f32daf5cd68','1','2012-06-13 13:19:34',0);
/*!40000 ALTER TABLE `contacts_users` ENABLE KEYS */;
UNLOCK TABLES;

--
-- Table structure for table `currencies`
--

DROP TABLE IF EXISTS `currencies`;
/*!40101 SET @saved_cs_client     = @@character_set_client */;
/*!40101 SET character_set_client = utf8 */;
CREATE TABLE `currencies` (
  `id` char(36) NOT NULL,
  `name` varchar(36) DEFAULT NULL,
  `symbol` varchar(36) DEFAULT NULL,
  `iso4217` varchar(3) DEFAULT NULL,
  `conversion_rate` double DEFAULT '0',
  `status` varchar(100) DEFAULT NULL,
  `deleted` tinyint(1) DEFAULT '0',
  `date_entered` datetime DEFAULT NULL,
  `date_modified` datetime DEFAULT NULL,
  `created_by` char(36) NOT NULL,
  PRIMARY KEY (`id`),
  KEY `idx_currency_name` (`name`,`deleted`)
) ENGINE=MyISAM DEFAULT CHARSET=utf8;
/*!40101 SET character_set_client = @saved_cs_client */;

--
-- Dumping data for table `currencies`
--

LOCK TABLES `currencies` WRITE;
/*!40000 ALTER TABLE `currencies` DISABLE KEYS */;
/*!40000 ALTER TABLE `currencies` ENABLE KEYS */;
UNLOCK TABLES;

--
-- Table structure for table `custom_fields`
--

DROP TABLE IF EXISTS `custom_fields`;
/*!40101 SET @saved_cs_client     = @@character_set_client */;
/*!40101 SET character_set_client = utf8 */;
CREATE TABLE `custom_fields` (
  `bean_id` varchar(36) DEFAULT NULL,
  `set_num` int(11) DEFAULT '0',
  `field0` varchar(255) DEFAULT NULL,
  `field1` varchar(255) DEFAULT NULL,
  `field2` varchar(255) DEFAULT NULL,
  `field3` varchar(255) DEFAULT NULL,
  `field4` varchar(255) DEFAULT NULL,
  `field5` varchar(255) DEFAULT NULL,
  `field6` varchar(255) DEFAULT NULL,
  `field7` varchar(255) DEFAULT NULL,
  `field8` varchar(255) DEFAULT NULL,
  `field9` varchar(255) DEFAULT NULL,
  `deleted` tinyint(1) DEFAULT '0',
  KEY `idx_beanid_set_num` (`bean_id`,`set_num`)
) ENGINE=MyISAM DEFAULT CHARSET=utf8;
/*!40101 SET character_set_client = @saved_cs_client */;

--
-- Dumping data for table `custom_fields`
--

LOCK TABLES `custom_fields` WRITE;
/*!40000 ALTER TABLE `custom_fields` DISABLE KEYS */;
/*!40000 ALTER TABLE `custom_fields` ENABLE KEYS */;
UNLOCK TABLES;

--
-- Table structure for table `document_revisions`
--

DROP TABLE IF EXISTS `document_revisions`;
/*!40101 SET @saved_cs_client     = @@character_set_client */;
/*!40101 SET character_set_client = utf8 */;
CREATE TABLE `document_revisions` (
  `id` varchar(36) NOT NULL,
  `change_log` varchar(255) DEFAULT NULL,
  `document_id` varchar(36) DEFAULT NULL,
  `doc_id` varchar(100) DEFAULT NULL,
  `doc_type` varchar(100) DEFAULT NULL,
  `doc_url` varchar(255) DEFAULT NULL,
  `date_entered` datetime DEFAULT NULL,
  `created_by` char(36) DEFAULT NULL,
  `filename` varchar(255) DEFAULT NULL,
  `file_ext` varchar(100) DEFAULT NULL,
  `file_mime_type` varchar(100) DEFAULT NULL,
  `revision` varchar(100) DEFAULT NULL,
  `deleted` tinyint(1) DEFAULT '0',
  `date_modified` datetime DEFAULT NULL,
  PRIMARY KEY (`id`),
  KEY `documentrevision_mimetype` (`file_mime_type`)
) ENGINE=MyISAM DEFAULT CHARSET=utf8;
/*!40101 SET character_set_client = @saved_cs_client */;

--
-- Dumping data for table `document_revisions`
--

LOCK TABLES `document_revisions` WRITE;
/*!40000 ALTER TABLE `document_revisions` DISABLE KEYS */;
/*!40000 ALTER TABLE `document_revisions` ENABLE KEYS */;
UNLOCK TABLES;

--
-- Table structure for table `documents`
--

DROP TABLE IF EXISTS `documents`;
/*!40101 SET @saved_cs_client     = @@character_set_client */;
/*!40101 SET character_set_client = utf8 */;
CREATE TABLE `documents` (
  `id` char(36) NOT NULL,
  `date_entered` datetime DEFAULT NULL,
  `date_modified` datetime DEFAULT NULL,
  `modified_user_id` char(36) DEFAULT NULL,
  `created_by` char(36) DEFAULT NULL,
  `description` text,
  `deleted` tinyint(1) DEFAULT '0',
  `assigned_user_id` char(36) DEFAULT NULL,
  `document_name` varchar(255) DEFAULT NULL,
  `doc_id` varchar(100) DEFAULT NULL,
  `doc_type` varchar(100) DEFAULT 'Sugar',
  `doc_url` varchar(255) DEFAULT NULL,
  `active_date` date DEFAULT NULL,
  `exp_date` date DEFAULT NULL,
  `category_id` varchar(100) DEFAULT NULL,
  `subcategory_id` varchar(100) DEFAULT NULL,
  `status_id` varchar(100) DEFAULT NULL,
  `document_revision_id` varchar(36) DEFAULT NULL,
  `related_doc_id` char(36) DEFAULT NULL,
  `related_doc_rev_id` char(36) DEFAULT NULL,
  `is_template` tinyint(1) DEFAULT '0',
  `template_type` varchar(100) DEFAULT NULL,
  PRIMARY KEY (`id`),
  KEY `idx_doc_cat` (`category_id`,`subcategory_id`)
) ENGINE=MyISAM DEFAULT CHARSET=utf8;
/*!40101 SET character_set_client = @saved_cs_client */;

--
-- Dumping data for table `documents`
--

LOCK TABLES `documents` WRITE;
/*!40000 ALTER TABLE `documents` DISABLE KEYS */;
/*!40000 ALTER TABLE `documents` ENABLE KEYS */;
UNLOCK TABLES;

--
-- Table structure for table `documents_accounts`
--

DROP TABLE IF EXISTS `documents_accounts`;
/*!40101 SET @saved_cs_client     = @@character_set_client */;
/*!40101 SET character_set_client = utf8 */;
CREATE TABLE `documents_accounts` (
  `id` varchar(36) NOT NULL,
  `date_modified` datetime DEFAULT NULL,
  `deleted` tinyint(1) DEFAULT '0',
  `document_id` varchar(36) DEFAULT NULL,
  `account_id` varchar(36) DEFAULT NULL,
  PRIMARY KEY (`id`),
  KEY `documents_accounts_account_id` (`account_id`,`document_id`),
  KEY `documents_accounts_document_id` (`document_id`,`account_id`)
) ENGINE=MyISAM DEFAULT CHARSET=utf8;
/*!40101 SET character_set_client = @saved_cs_client */;

--
-- Dumping data for table `documents_accounts`
--

LOCK TABLES `documents_accounts` WRITE;
/*!40000 ALTER TABLE `documents_accounts` DISABLE KEYS */;
/*!40000 ALTER TABLE `documents_accounts` ENABLE KEYS */;
UNLOCK TABLES;

--
-- Table structure for table `documents_bugs`
--

DROP TABLE IF EXISTS `documents_bugs`;
/*!40101 SET @saved_cs_client     = @@character_set_client */;
/*!40101 SET character_set_client = utf8 */;
CREATE TABLE `documents_bugs` (
  `id` varchar(36) NOT NULL,
  `date_modified` datetime DEFAULT NULL,
  `deleted` tinyint(1) DEFAULT '0',
  `document_id` varchar(36) DEFAULT NULL,
  `bug_id` varchar(36) DEFAULT NULL,
  PRIMARY KEY (`id`),
  KEY `documents_bugs_bug_id` (`bug_id`,`document_id`),
  KEY `documents_bugs_document_id` (`document_id`,`bug_id`)
) ENGINE=MyISAM DEFAULT CHARSET=utf8;
/*!40101 SET character_set_client = @saved_cs_client */;

--
-- Dumping data for table `documents_bugs`
--

LOCK TABLES `documents_bugs` WRITE;
/*!40000 ALTER TABLE `documents_bugs` DISABLE KEYS */;
/*!40000 ALTER TABLE `documents_bugs` ENABLE KEYS */;
UNLOCK TABLES;

--
-- Table structure for table `documents_cases`
--

DROP TABLE IF EXISTS `documents_cases`;
/*!40101 SET @saved_cs_client     = @@character_set_client */;
/*!40101 SET character_set_client = utf8 */;
CREATE TABLE `documents_cases` (
  `id` varchar(36) NOT NULL,
  `date_modified` datetime DEFAULT NULL,
  `deleted` tinyint(1) DEFAULT '0',
  `document_id` varchar(36) DEFAULT NULL,
  `case_id` varchar(36) DEFAULT NULL,
  PRIMARY KEY (`id`),
  KEY `documents_cases_case_id` (`case_id`,`document_id`),
  KEY `documents_cases_document_id` (`document_id`,`case_id`)
) ENGINE=MyISAM DEFAULT CHARSET=utf8;
/*!40101 SET character_set_client = @saved_cs_client */;

--
-- Dumping data for table `documents_cases`
--

LOCK TABLES `documents_cases` WRITE;
/*!40000 ALTER TABLE `documents_cases` DISABLE KEYS */;
/*!40000 ALTER TABLE `documents_cases` ENABLE KEYS */;
UNLOCK TABLES;

--
-- Table structure for table `documents_contacts`
--

DROP TABLE IF EXISTS `documents_contacts`;
/*!40101 SET @saved_cs_client     = @@character_set_client */;
/*!40101 SET character_set_client = utf8 */;
CREATE TABLE `documents_contacts` (
  `id` varchar(36) NOT NULL,
  `date_modified` datetime DEFAULT NULL,
  `deleted` tinyint(1) DEFAULT '0',
  `document_id` varchar(36) DEFAULT NULL,
  `contact_id` varchar(36) DEFAULT NULL,
  PRIMARY KEY (`id`),
  KEY `documents_contacts_contact_id` (`contact_id`,`document_id`),
  KEY `documents_contacts_document_id` (`document_id`,`contact_id`)
) ENGINE=MyISAM DEFAULT CHARSET=utf8;
/*!40101 SET character_set_client = @saved_cs_client */;

--
-- Dumping data for table `documents_contacts`
--

LOCK TABLES `documents_contacts` WRITE;
/*!40000 ALTER TABLE `documents_contacts` DISABLE KEYS */;
/*!40000 ALTER TABLE `documents_contacts` ENABLE KEYS */;
UNLOCK TABLES;

--
-- Table structure for table `documents_opportunities`
--

DROP TABLE IF EXISTS `documents_opportunities`;
/*!40101 SET @saved_cs_client     = @@character_set_client */;
/*!40101 SET character_set_client = utf8 */;
CREATE TABLE `documents_opportunities` (
  `id` varchar(36) NOT NULL,
  `date_modified` datetime DEFAULT NULL,
  `deleted` tinyint(1) DEFAULT '0',
  `document_id` varchar(36) DEFAULT NULL,
  `opportunity_id` varchar(36) DEFAULT NULL,
  PRIMARY KEY (`id`),
  KEY `idx_docu_opps_oppo_id` (`opportunity_id`,`document_id`),
  KEY `idx_docu_oppo_docu_id` (`document_id`,`opportunity_id`)
) ENGINE=MyISAM DEFAULT CHARSET=utf8;
/*!40101 SET character_set_client = @saved_cs_client */;

--
-- Dumping data for table `documents_opportunities`
--

LOCK TABLES `documents_opportunities` WRITE;
/*!40000 ALTER TABLE `documents_opportunities` DISABLE KEYS */;
/*!40000 ALTER TABLE `documents_opportunities` ENABLE KEYS */;
UNLOCK TABLES;

--
-- Table structure for table `eapm`
--

DROP TABLE IF EXISTS `eapm`;
/*!40101 SET @saved_cs_client     = @@character_set_client */;
/*!40101 SET character_set_client = utf8 */;
CREATE TABLE `eapm` (
  `id` char(36) NOT NULL,
  `name` varchar(255) DEFAULT NULL,
  `date_entered` datetime DEFAULT NULL,
  `date_modified` datetime DEFAULT NULL,
  `modified_user_id` char(36) DEFAULT NULL,
  `created_by` char(36) DEFAULT NULL,
  `description` text,
  `deleted` tinyint(1) DEFAULT '0',
  `assigned_user_id` char(36) DEFAULT NULL,
  `password` varchar(255) DEFAULT NULL,
  `url` varchar(255) DEFAULT NULL,
  `application` varchar(100) DEFAULT 'webex',
  `api_data` text,
  `consumer_key` varchar(255) DEFAULT NULL,
  `consumer_secret` varchar(255) DEFAULT NULL,
  `oauth_token` varchar(255) DEFAULT NULL,
  `oauth_secret` varchar(255) DEFAULT NULL,
  `validated` tinyint(1) DEFAULT '0',
  PRIMARY KEY (`id`),
  KEY `idx_app_active` (`assigned_user_id`,`application`,`validated`)
) ENGINE=MyISAM DEFAULT CHARSET=utf8;
/*!40101 SET character_set_client = @saved_cs_client */;

--
-- Dumping data for table `eapm`
--

LOCK TABLES `eapm` WRITE;
/*!40000 ALTER TABLE `eapm` DISABLE KEYS */;
/*!40000 ALTER TABLE `eapm` ENABLE KEYS */;
UNLOCK TABLES;

--
-- Table structure for table `email_addr_bean_rel`
--

DROP TABLE IF EXISTS `email_addr_bean_rel`;
/*!40101 SET @saved_cs_client     = @@character_set_client */;
/*!40101 SET character_set_client = utf8 */;
CREATE TABLE `email_addr_bean_rel` (
  `id` char(36) NOT NULL,
  `email_address_id` char(36) NOT NULL,
  `bean_id` char(36) NOT NULL,
  `bean_module` varchar(100) DEFAULT NULL,
  `primary_address` tinyint(1) DEFAULT '0',
  `reply_to_address` tinyint(1) DEFAULT '0',
  `date_created` datetime DEFAULT NULL,
  `date_modified` datetime DEFAULT NULL,
  `deleted` tinyint(1) DEFAULT '0',
  PRIMARY KEY (`id`),
  KEY `idx_email_address_id` (`email_address_id`),
  KEY `idx_bean_id` (`bean_id`,`bean_module`)
) ENGINE=MyISAM DEFAULT CHARSET=utf8;
/*!40101 SET character_set_client = @saved_cs_client */;

--
-- Dumping data for table `email_addr_bean_rel`
--

LOCK TABLES `email_addr_bean_rel` WRITE;
/*!40000 ALTER TABLE `email_addr_bean_rel` DISABLE KEYS */;
INSERT INTO `email_addr_bean_rel` VALUES ('4637e646-5a52-56bd-1a26-4f187baa4a6d','4646e294-3f78-b8e7-9696-4f187b2a3c7f','1','Users',1,0,'2012-01-19 20:23:17','2012-01-19 20:23:17',1),('1f50f746-81d8-917a-93c8-4f189904bc04','1f61936e-f924-0777-b0bc-4f1899ff8fba','1','Users',1,0,'2012-01-19 22:30:33','2012-01-19 22:30:33',0),('7b120358-2405-fa32-3901-4f1899f0c273','7c25013a-5f73-2bf0-c08f-4f18997d0729','72f20144-3763-2903-8a91-4f1899fa87a2','Users',1,0,'2012-01-19 22:31:30','2012-01-19 22:31:30',1),('c135b980-04c1-8a9a-d01d-4f2984eb8a6d','7c25013a-5f73-2bf0-c08f-4f18997d0729','bc2b8613-7800-d1d4-1f0e-4f2984fdcc27','Contacts',1,0,'2012-02-01 18:31:20','2012-02-01 18:31:20',0),('6968081e-9693-60dd-847d-4f298515fbf2','6a970c19-ceca-e448-06b5-4f298569d785','5f670136-f107-f7c3-68a9-4f2985be35cf','Accounts',1,0,'2012-02-01 18:32:27','2012-02-01 18:32:27',0),('91b3f607-021c-ec38-0462-4f3165a3b0fa','91c73005-4333-18af-4cf2-4f3165e6ac97','9106f88a-f272-8119-72a3-4f3165461fc6','Users',1,0,'2012-02-07 17:55:42','2012-02-07 17:55:42',0),('5526a5b3-c5c2-271e-d283-4f3a9b5483cc','55387a03-3cc9-2485-a265-4f3a9bd262b4','53dc08aa-bee5-df18-e1fa-4f3a9b76cd2b','Contacts',1,0,'2012-02-14 17:34:05','2012-02-14 19:48:51',1),('56aa8e4c-dda8-4a42-0eb4-4f3a9bd4d628','7c25013a-5f73-2bf0-c08f-4f18997d0729','560f9275-9d38-feeb-f887-4f3a9b9987ed','Contacts',1,0,'2012-02-14 17:34:05','2012-02-14 19:48:51',1),('ea91ffdc-b275-eef1-1968-4f3aaf25ad73','55387a03-3cc9-2485-a265-4f3a9bd262b4','e9097b85-e55e-8387-9423-4f3aaf83fa9a','Contacts',1,0,'2012-02-14 19:03:02','2012-02-14 19:48:51',1),('ec232c23-095c-2f86-9762-4f3aaf0f987e','7c25013a-5f73-2bf0-c08f-4f18997d0729','eb875b08-d207-9557-2270-4f3aaf329e19','Contacts',1,0,'2012-02-14 19:03:02','2012-02-14 19:48:51',1),('f3df5c0b-9d60-55fd-e8a4-4f3aafbae988','f3f0b3b6-91fa-4f36-49ed-4f3aaff5215f','efe96a32-66ef-938b-7286-4f3aafa95128','Contacts',1,0,'2012-02-14 19:03:02','2012-02-14 19:48:51',1),('9714186c-4f82-1f34-35f7-4f3d552a4947','97267a12-431e-2754-7632-4f3d559b8f52','9673dc31-3233-8829-d8af-4f3d55b2ff3c','Users',1,0,'2012-02-16 19:12:29','2012-02-16 19:12:29',0),('b4237458-32d3-0d66-69f2-4f3d57936a7c','55387a03-3cc9-2485-a265-4f3a9bd262b4','b382dde4-a6f4-b9c9-76b7-4f3d574329b1','Users',1,0,'2012-02-16 19:21:23','2012-02-16 19:21:23',0),('53523c37-9c19-37e5-b712-4f3d59ed8e66','5365a249-914a-022e-212f-4f3d59dffdd3','529b1975-f375-4559-0442-4f3d597ffd41','Users',1,0,'2012-02-16 19:29:37','2012-02-16 19:29:37',0),('cfc8ac25-d7c9-0f04-3b9f-4f3d5b39ea66','cfdbbb95-f815-aaa6-4a64-4f3d5be20277','72f20144-3763-2903-8a91-4f1899fa87a2','Users',1,0,'2012-02-16 19:39:35','2012-02-16 19:39:35',0),('ac2a000d-0f4e-0099-2b00-4f3d5c266f3c','ac3f2892-a487-c49b-1846-4f3d5c435b83','ab9d4000-9fcd-6b70-8ecf-4f3d5c657acf','Users',1,0,'2012-02-16 19:43:18','2012-02-16 19:43:18',1),('9113c4d5-8ed2-ce3c-6ae0-4f3d5c3d34b6','91259af6-1339-e669-9bf5-4f3d5cc45e65','90898185-59a4-f2ee-7a0b-4f3d5c354c02','Users',1,0,'2012-02-16 19:44:15','2012-02-16 19:44:15',0),('dc20731a-97d3-0353-1644-4f3d5c793e73','dc3206d4-ce54-e2c8-22dc-4f3d5c910283','db9fb85d-36e5-a15b-ffdf-4f3d5c469648','Users',1,0,'2012-02-16 19:45:15','2012-02-16 19:45:15',1),('292a07b8-fba2-e11f-f08c-4f3d5dc4b7c5','293bcd97-ca41-3484-6b2c-4f3d5db2bf87','289d9714-18dc-aea1-d498-4f3d5dd2d89b','Users',1,0,'2012-02-16 19:46:22','2012-02-16 19:46:22',0),('1d70b8fe-9d64-42fb-92b0-4f3d5d1c405b','1d838db0-d4f7-1f62-bacf-4f3d5de84653','1ce8b12c-6526-b1ed-6a36-4f3d5d8c7325','Users',1,0,'2012-02-16 19:47:55','2012-02-16 19:47:55',0),('2236a35f-db92-b581-77c9-4f3d5d0c03a4','224a946b-b0cf-e913-1076-4f3d5d2a331c','ab9d4000-9fcd-6b70-8ecf-4f3d5c657acf','Users',1,0,'2012-02-16 19:48:28','2012-02-16 19:48:28',0),('ef981bc8-db1f-5327-7c93-4f3d5f3d5d3d','efad4ccd-207f-a5e2-a255-4f3d5fcb5452','db9fb85d-36e5-a15b-ffdf-4f3d5c469648','Users',1,0,'2012-02-16 19:57:37','2012-02-16 19:57:37',0),('ea893eec-1056-8df3-d35e-4f3d61b04ad5','ea9b406d-8943-47d6-3c1e-4f3d616c25ff','e9f79185-1406-a996-16f2-4f3d61458948','Users',1,0,'2012-02-16 20:04:32','2012-02-16 20:04:32',0),('3fbb2fff-2863-f4f4-42f9-4f3d62ca2070','3fcdf6e1-f22b-5971-4013-4f3d6284b7bb','3f1eeaaf-26fa-30f4-f990-4f3d62566304','Users',1,0,'2012-02-16 20:09:02','2012-02-16 20:09:02',0),('b7e00ff2-03ad-c6f4-5533-4f3d6384b6fb','cb20043d-de4f-b4c9-fa85-4f3d637a0be9','25a0041d-c499-73e9-10ac-4f3d633f9e36','Users',1,0,'2012-02-16 20:12:17','2012-02-16 20:12:17',0),('3536e97b-4aac-680f-ef25-4f3d63d514de','4646e294-3f78-b8e7-9696-4f187b2a3c7f','34a48a8a-cac7-add2-0b65-4f3d6311d045','Users',1,0,'2012-02-16 20:14:24','2012-02-16 20:14:24',0),('8d73f8ec-d2db-0df3-60d0-4f3d6310a652','8d862dc0-6de8-c0f6-0503-4f3d639d9216','8ce9fd7e-e650-38b9-f948-4f3d637f4517','Users',1,0,'2012-02-16 20:15:37','2012-02-16 20:15:37',0),('82ef9434-96e0-783d-ed04-4f3d645986a5','8303e93c-8ea1-85c4-cea7-4f3d6473ac14','825f89e3-f7c9-2ddd-a2d3-4f3d644c3004','Users',1,0,'2012-02-16 20:17:04','2012-02-16 20:17:04',0),('2cd55249-9ad9-127a-4d36-4f3d643cf38a','7c25013a-5f73-2bf0-c08f-4f18997d0729','2bf53c62-efbb-f811-41f8-4f3d64001d45','Users',1,0,'2012-02-16 20:18:36','2012-02-16 20:18:36',0),('dcdc8316-c5c7-2b78-eea3-4f70ab01b562','91c73005-4333-18af-4cf2-4f3165e6ac97','dc1d15d1-6522-f43d-5986-4f70abbbba24','Accounts',1,0,'2012-03-26 17:47:06','2012-03-26 17:47:06',0),('b288c471-c51a-801c-62bd-4f74c7c63d92','b29c620a-eeff-b01b-44db-4f74c70194d3','b13a4520-fde1-596b-17d8-4f74c7865de6','Users',1,0,'2012-03-29 20:34:19','2012-03-29 20:34:19',0),('24e13696-92be-f9b0-3fcd-4f7a24e260bd','24f63b7c-115b-4e4f-e853-4f7a24450b49','f126753e-aa3b-aa2b-4180-4f7a243ce493','Leads',1,0,'2012-04-02 22:15:17','2012-04-02 22:15:17',0),('1f491c1a-8eb3-3ca8-4754-4fa26f440aab','1f5e67a2-0c51-1075-e09f-4fa26fe0a60e','1e735357-2a37-25df-facb-4fa26ff76a47','Accounts',1,0,'2012-05-03 11:42:58','2012-05-03 11:42:58',0),('26ceaae1-a3c2-3bd9-a553-4fa2851eaef2','1f5e67a2-0c51-1075-e09f-4fa26fe0a60e','25c40e1c-99ae-de9c-6c6e-4fa285018290','Users',1,0,'2012-05-03 13:16:27','2012-05-03 13:16:27',0),('5b387ed5-8854-54c8-af1d-4fa7a610b0e5','1f5e67a2-0c51-1075-e09f-4fa26fe0a60e','59e12e40-b849-d46f-165c-4fa7a69a9c8b','Contacts',1,0,'2012-05-07 10:40:59','2012-05-07 12:14:05',1),('3dff64fb-d10e-ba8b-8e06-4fa7bcefdcf4','1f5e67a2-0c51-1075-e09f-4fa26fe0a60e','3c8d93d8-a039-bfde-98fd-4fa7bc12c57d','Contacts',1,0,'2012-05-07 12:15:46','2012-05-07 12:16:11',1),('21890801-7733-121b-9b08-4fa7bdc9548d','1f5e67a2-0c51-1075-e09f-4fa26fe0a60e','2031127e-6ab0-7726-4aac-4fa7bd499de4','Contacts',1,0,'2012-05-07 12:18:02','2012-05-07 12:19:06',1),('99c0d9c2-6e00-be0a-37dc-4fa7bed5e87b','1f5e67a2-0c51-1075-e09f-4fa26fe0a60e','985af6b7-0ff0-a2d6-31bc-4fa7be2ca6a0','Contacts',1,0,'2012-05-07 12:23:53','2012-05-07 12:59:16',1),('e89bfd68-0695-6905-304b-4fa7c76fdd02','1f5e67a2-0c51-1075-e09f-4fa26fe0a60e','e73861cd-0ee7-b55d-98db-4fa7c74f2671','Contacts',1,0,'2012-05-07 13:00:46','2012-05-07 13:00:46',1),('2bb4171b-e277-1d48-fb54-4fa7ca013c38','2bc85f95-8c1d-ce70-741e-4fa7cac0b79e','2a3fea86-944f-ef1c-c2c1-4fa7cae5b177','Contacts',1,0,'2012-05-07 13:11:37','2012-06-06 11:57:36',1),('739c20df-c3eb-149b-31cd-4fa7ca6c2fdd','2bc85f95-8c1d-ce70-741e-4fa7cac0b79e','72255ecd-206b-800a-1f12-4fa7cadbbf8b','Contacts',1,0,'2012-05-07 13:12:30','2012-05-07 13:12:47',1),('e9f00f62-04b3-4fd5-9ea8-4fa7ca4f30d3','2bc85f95-8c1d-ce70-741e-4fa7cac0b79e','d44502cc-2405-cb41-eca8-4fa7cab32300','Contacts',1,0,'2012-05-07 13:13:12','2012-05-07 13:17:44',1),('e51370e1-f500-26b5-dfde-4fa7cb6b2cf5','e5280d76-0d0a-5ef1-ce4b-4fa7cb547ae5','e3aef071-9578-c6de-98ac-4fa7cbc4aca5','Contacts',1,0,'2012-05-07 13:19:14','2012-05-07 13:19:34',1),('db98f65d-d269-b7a6-b511-4fa7cc40cc1a','e5280d76-0d0a-5ef1-ce4b-4fa7cb547ae5','da4632bc-a864-2e7a-9543-4fa7cc2134cc','Contacts',1,0,'2012-05-07 13:20:10','2012-06-06 11:57:25',1),('7f1702b0-642c-a8df-4cda-4fa7ccf65c79','e5280d76-0d0a-5ef1-ce4b-4fa7cb547ae5','63200703-4f6b-46a2-55d3-4fa7ccea010f','Contacts',1,0,'2012-05-07 13:23:41','2012-05-07 13:23:57',1),('25bcdd1b-e232-d7ce-0d04-4fa7cde7116a','e5280d76-0d0a-5ef1-ce4b-4fa7cb547ae5','2459cc18-f2b1-df9d-8ba7-4fa7cdc209e8','Contacts',1,0,'2012-05-07 13:24:21','2012-05-07 13:24:40',1),('e4f05858-278f-2ada-f98a-4fa7ce68e941','e5039e57-f535-5ea0-0b8f-4fa7ce7c5a7e','e376791c-487b-86f1-5e0f-4fa7ce62ab47','Contacts',1,0,'2012-05-07 13:32:40','2012-06-06 11:57:25',1),('98ca3a94-a834-5550-6101-4fa7d017cc51','98de8d80-0ea7-dc33-1c69-4fa7d0c7b0a6','976284ee-6b0e-1cae-7996-4fa7d0c34754','Contacts',1,0,'2012-05-07 13:37:45','2012-06-06 11:57:25',1),('5b3971e2-7e48-fd76-4598-4fa7d0df4c79','5b4f7378-a686-3b2b-8027-4fa7d0bd8587','59df3e24-8683-5183-3ebc-4fa7d0e3642e','Contacts',1,0,'2012-05-07 13:41:00','2012-06-06 11:57:25',1),('8e8c7ed1-254d-f72c-3399-4fa7d14a5914','8ea06dee-d300-e74a-5c72-4fa7d1d6ffce','8d282cf9-6cae-a17c-f323-4fa7d18c6b7d','Contacts',1,0,'2012-05-07 13:43:26','2012-06-06 11:57:25',1),('3704cfcf-703b-a31d-41a5-4fa8cc8d8259','3719b27c-7c29-cba1-9928-4fa8ccc72468','355d68e0-de3b-8812-47de-4fa8ccd5e450','Contacts',1,0,'2012-05-08 07:32:16','2012-05-09 05:26:31',1),('4fdbe061-bbc6-f5b3-ae8b-4fa8d34d7119','4ff33950-05f7-f67e-3735-4fa8d3be816c','4e24d22f-93ad-59e0-a9e4-4fa8d3886286','Contacts',1,0,'2012-05-08 08:04:10','2012-05-09 05:26:31',1),('6e7cfb99-05ac-c776-4ac4-4fa906e1d579','6e99b9ab-1b6e-11c3-c0cd-4fa9061c81d7','6cc2234e-41a9-a93b-be4d-4fa9061718ab','Contacts',1,0,'2012-05-08 11:40:09','2012-06-06 11:57:25',1),('3a2f4245-1693-bbb2-74fa-4fa9140b6b67','3a46ec82-b70e-925d-31dc-4fa914395eed','38d20adf-8261-ca22-5b99-4fa9143a281c','Contacts',1,0,'2012-05-08 12:42:05','2012-05-08 12:42:24',1),('e2dc7e09-649b-12db-b7a4-4fa9206e351e','e2f2bcfe-2129-2288-c8ec-4fa920945a4f','e17834bd-efce-df33-df66-4fa9207d76a3','Contacts',1,0,'2012-05-08 13:33:48','2012-05-09 05:26:31',1),('47f90a09-d1b8-8652-2936-4faa2608bb31','480c708d-e6c0-179b-44e7-4faa26cc21bd','467aee3c-589b-6109-24f6-4faa26008677','Contacts',1,0,'2012-05-09 08:10:20','2012-06-06 11:57:25',1),('6359cfa2-3209-f51f-3f34-4faa261a67f9','480c708d-e6c0-179b-44e7-4faa26cc21bd','61e6a0a2-47a2-5221-f2a3-4faa26194d82','Contacts',1,0,'2012-05-09 08:12:42','2012-05-09 08:20:27',1),('8d66809a-b9e4-1389-f28a-4faa27d5395d','480c708d-e6c0-179b-44e7-4faa26cc21bd','8c04f1f5-9583-9b52-9d44-4faa27aeac63','Contacts',1,0,'2012-05-09 08:15:19','2012-05-09 08:20:27',1),('48b3813d-656e-c739-5a9f-4faa28bd6a03','480c708d-e6c0-179b-44e7-4faa26cc21bd','472f369a-9655-0ab1-d72b-4faa282cdadb','Contacts',1,0,'2012-05-09 08:19:08','2012-05-09 08:20:27',1),('4db04346-d6af-153b-3716-4faa28ae278d','480c708d-e6c0-179b-44e7-4faa26cc21bd','4c4fc267-1ab2-839e-c0b1-4faa282809de','Contacts',1,0,'2012-05-09 08:20:01','2012-05-09 08:20:27',1),('db55bacc-0a3b-03f3-d0ee-4faa717a9f15','db691994-7b71-79b7-1a03-4faa71f3ec5c','d9da5b20-c7af-862f-c618-4faa71c21c51','Contacts',1,0,'2012-05-09 13:28:45','2012-06-06 11:57:25',1),('8c46cbf2-e951-d90e-16d7-4faa71827d07','8c5c0a7c-2c23-3d78-c9ba-4faa71a813f8','8ad69120-3350-8636-e9f8-4faa71776b61','Contacts',1,0,'2012-05-09 13:29:55','2012-06-06 11:57:25',1),('baa00c6c-0616-cabc-9f34-4facb49c4f9e','bab6104d-d308-11a6-a7db-4facb4205555','b9247ae3-978a-aa44-12d6-4facb4036900','Contacts',1,0,'2012-05-11 06:41:48','2012-06-06 11:57:25',1),('b4049787-d895-36d7-9c4b-4fb23c9df921','b41b9eb6-0358-23ac-d9e3-4fb23c9784d0','e73861cd-0ee7-b55d-98db-4fa7c74f2671','Contacts',1,0,'2012-05-15 11:23:03','2012-05-15 11:23:03',1),('423cfc3f-a334-0282-cdc7-4fb23e5899d8','42566308-598d-3d6b-0ce4-4fb23e967cbe','e73861cd-0ee7-b55d-98db-4fa7c74f2671','Contacts',1,0,'2012-05-15 11:32:12','2012-05-15 11:32:12',1),('c14ab0b7-5186-1f99-06e1-4fbef3b84414','7c25013a-5f73-2bf0-c08f-4f18997d0729','e73861cd-0ee7-b55d-98db-4fa7c74f2671','Contacts',1,0,'2012-05-25 02:51:38','2012-06-06 11:57:36',1),('327c4c56-e8cb-66d0-8220-4fc4762e91db','329167c8-27ec-5246-c25d-4fc476c124a6','30f0c1fe-6e0e-deaf-ce3c-4fc476e8d54d','Contacts',1,0,'2012-05-29 07:10:58','2012-05-29 07:33:07',1),('4d368012-2c8a-413f-9572-4fc4779c0e81','4d4acbee-3b6a-d741-efc3-4fc477d9b9d7','4bc302e7-f404-4a5f-b24a-4fc47732ce7b','Contacts',1,0,'2012-05-29 07:14:10','2012-05-29 07:33:07',1),('a470bafb-88da-c6da-5ea6-4fc47712c806','4d4acbee-3b6a-d741-efc3-4fc477d9b9d7','a2f61fca-8c48-ceed-e026-4fc477345b5a','Contacts',1,0,'2012-05-29 07:15:29','2012-05-29 07:33:07',1),('78a0c857-adfd-3fba-f10c-4fc4782813cc','78b4bc19-3b97-cd2c-8e37-4fc478fc595c','77359902-9901-779e-1f64-4fc47878c7f3','Contacts',1,0,'2012-05-29 07:18:08','2012-05-29 07:33:07',1),('5658bbbc-498e-0c00-d1b5-4fc478435fff','78b4bc19-3b97-cd2c-8e37-4fc478fc595c','54f36812-d70c-3799-ec17-4fc478529c98','Contacts',1,0,'2012-05-29 07:19:09','2012-05-29 07:32:42',1),('a00ddf69-5f56-a8da-2fe0-4fc4798fffbe','a021f8ef-f7d6-e1d8-27af-4fc479adb4db','9e92d9af-99b6-e64d-4ec7-4fc479b39e20','Contacts',1,0,'2012-05-29 07:21:43','2012-05-29 07:32:42',1),('ca861fe1-788c-8b70-003f-4fc47998fe41','ca99f60c-594a-b813-7081-4fc479d9e97d','c91c98bb-22d3-6c7d-2913-4fc47994f839','Contacts',1,0,'2012-05-29 07:24:39','2012-05-29 07:32:42',1),('72a0f3ad-104e-cec1-b81f-4fc47a843947','72b709f5-7837-ebc3-3c5c-4fc47afe79f6','7129730c-6cfa-c969-5a71-4fc47a34c4e5','Contacts',1,0,'2012-05-29 07:29:13','2012-05-29 07:32:42',1),('20c92d23-b069-21d1-a4d4-4fc47ae3dece','20ddc93a-945a-fba6-c787-4fc47a4bc6dd','1f66f392-2c42-800f-5ae9-4fc47a75684a','Contacts',1,0,'2012-05-29 07:29:18','2012-05-29 07:32:42',1),('b680a500-7902-0c97-55a8-4fc47b10e4f6','b696df81-354d-a30f-3ea9-4fc47b4399e9','b518910f-5fb5-dd0e-58c5-4fc47bf0fdae','Contacts',1,0,'2012-05-29 07:33:48','2012-06-06 11:57:25',1),('30e674e1-186e-4dd5-695f-4fc47b18a697','30fb4423-2eb6-a677-bdb8-4fc47b36db79','2f7bfd77-ceea-c2f9-c231-4fc47b0fb73b','Contacts',1,0,'2012-05-29 07:33:50','2012-06-06 11:57:25',1),('783d9b6e-57f6-1892-2786-4fc47f998935','7852cab1-6744-5825-6a11-4fc47f5851c1','76cf7e78-4626-6b70-6d06-4fc47f952585','Contacts',1,0,'2012-05-29 07:47:51','2012-06-06 11:57:25',1),('7fef02bb-f6a6-fe9c-5f3c-4fc47f92611c','800b6aa9-0bb5-05f1-7db2-4fc47f367519','7e8309bc-cc0e-d455-42ad-4fc47fdc4290','Contacts',1,0,'2012-05-29 07:47:56','2012-06-06 11:57:25',1),('34732241-6606-f559-604b-4fc5cd4fbb68','348f9b3e-a52a-f98b-ded5-4fc5cd9bbe8e','32d80eeb-9991-15e0-a249-4fc5cd0c19a2','Contacts',1,0,'2012-05-30 07:36:12','2012-06-06 11:57:25',1),('ec41cd00-b4c4-44fd-05ea-4fc5cd2dbd0e','ec560b7b-4756-4063-a975-4fc5cdbc67e0','eada6287-d747-55b4-36be-4fc5cd19f095','Contacts',1,0,'2012-05-30 07:36:16','2012-06-06 11:57:25',1),('844f713d-9706-8d80-5538-4fcf4c0f7ab5','8464ac24-081d-ce4e-53e3-4fcf4c649079','7eb2386a-bc9f-f10b-84df-4fcf4c27df2a','Contacts',1,0,'2012-06-06 12:27:41','2012-06-06 12:30:08',1),('59d3fea6-6a72-7b2d-462c-4fcf4d2b290c','8464ac24-081d-ce4e-53e3-4fcf4c649079','54379873-30e1-3fa9-ebc5-4fcf4d55fdb4','Contacts',1,0,'2012-06-06 12:30:23','2012-06-06 12:32:29',1),('d7063710-b715-9e5c-9cb1-4fcf4d0005ef','8464ac24-081d-ce4e-53e3-4fcf4c649079','d1e13ae6-8b49-5b0a-4718-4fcf4de29232','Contacts',1,0,'2012-06-06 12:32:45','2012-06-06 12:35:18',1),('21cf22b2-996b-81fd-365d-4fcf4f2a935c','8464ac24-081d-ce4e-53e3-4fcf4c649079','1c5a6faa-268c-af01-d2a4-4fcf4fe7a474','Contacts',1,0,'2012-06-06 12:38:33','2012-06-12 11:29:03',1),('20c505c0-1996-07a4-fb06-4fd085ff9685','20d98fa0-76c5-61dc-c89c-4fd085c2b642','1b0b7a07-7d32-6242-d3b8-4fd0859b0d6b','Contacts',1,0,'2012-06-07 10:42:01','2012-06-12 11:29:03',1),('1de3b23c-5079-f39f-168c-4fd08568cd02','1df8a5a3-40fc-7f64-f138-4fd085e02df0','183da45b-536c-2e03-80a3-4fd085ca39a6','Contacts',1,0,'2012-06-07 10:42:07','2012-06-12 11:29:03',1),('8df74cda-7b9e-0cb6-1d74-4fd08f444dd4','8e0f505b-a489-66d7-cd0b-4fd08faff2e2','884761b0-bd89-7a96-2bf1-4fd08f673ddf','Contacts',1,0,'2012-06-07 11:23:58','2012-06-12 11:29:03',1),('48a5de01-c8ca-6888-e24a-4fd09231aca6','48bb35b7-4946-ac13-7585-4fd0924153ec','42caacb2-4cff-78bf-6675-4fd092b4cd04','Contacts',1,0,'2012-06-07 11:39:16','2012-06-12 11:29:03',1),('3fab3f46-c407-3502-131e-4fd092102a85','3fc17fe4-407a-0627-582e-4fd092abd2f5','3ab5f001-dec0-8c1b-2249-4fd09243c120','Contacts',1,0,'2012-06-07 11:39:21','2012-06-12 11:29:03',1),('f2faa682-422f-e689-88e3-4fd0945fafe9','f30e96b4-a80d-9f3e-cfda-4fd0947782b8','ed99e667-cd6c-ecfc-2192-4fd0945abbde','Contacts',1,0,'2012-06-07 11:47:03','2012-06-12 11:29:03',1),('4c8009aa-53ad-e7e7-0508-4fd094578b16','61f00542-dae8-940b-d134-4fd09401647e','ef135f48-278a-d312-b510-4fd0946af369','Contacts',1,0,'2012-06-07 11:47:08','2012-06-12 11:28:43',1),('ba46085b-7a02-c69f-c654-4fd0950a60b3','ba5bf4f6-676b-a54f-48e8-4fd09596a12e','b52e83c3-fde5-6458-6f55-4fd095bbe532','Contacts',1,0,'2012-06-07 11:48:55','2012-06-12 11:28:43',1),('c42f177c-1126-8d5c-4056-4fd095686647','c4445f81-d6a7-d92c-1657-4fd09514b0a6','bf157d01-c4b3-54aa-8ee1-4fd095aaf08b','Contacts',1,0,'2012-06-07 11:49:00','2012-06-12 11:28:43',1),('9686d42e-c73e-0138-291e-4fd72868521a','969fcef1-4186-99c9-fc2b-4fd72854059d','917e9629-15bf-0ba6-d1f7-4fd7287b373e','Contacts',1,0,'2012-06-12 11:30:46','2012-06-21 08:40:30',1),('4e3a6576-ebdf-57d1-0c70-4fd7284fff98','4e4f6c7a-a9d9-9055-722b-4fd72801a777','492fbf39-7702-1995-d0a3-4fd728ba4473','Contacts',1,0,'2012-06-12 11:30:47','2012-06-21 08:45:22',1),('5c413a5b-50d9-d789-7078-4fd728074c7c','5c586947-f9d3-dfaa-3e0f-4fd728ea3091','572134e2-5ce9-7b00-1169-4fd728888ce4','Contacts',1,0,'2012-06-12 11:30:52','2012-06-12 11:30:52',0),('b273096e-26b0-c5ae-c191-4fd728a3b4ea','b3cd0ebe-d5f8-2b6f-49d0-4fd72839d169','616a07d7-94a7-0e34-df50-4fd7280fda6b','Contacts',1,0,'2012-06-12 11:30:52','2012-06-12 11:30:52',0),('b0e30388-1757-46e1-5b51-4fd729ae68bb','b23e0630-dc81-ad3b-d8d0-4fd7296708e9','59010045-b7b6-b7ce-a997-4fd72905b659','Contacts',1,0,'2012-06-12 11:37:08','2012-06-12 11:37:08',0),('133c048c-8a77-6db7-ef8e-4fd72d07487c','148b0123-1ab2-d74b-bb17-4fd72df00029','efdf6c0b-12eb-b194-4933-4fd72d836f48','Contacts',1,0,'2012-06-12 11:51:32','2012-06-12 11:51:32',0),('ca17781a-43d4-472a-379e-4fd72d1a0ac5','ca2c0a51-6c04-e06e-da34-4fd72d864334','c4813da0-f8c5-75bc-2240-4fd72d916704','Contacts',1,0,'2012-06-12 11:51:37','2012-06-21 11:38:19',1),('d8863725-5960-3aa5-03a8-4fd7364a13dd','d89a8f46-2e1e-2a1a-e390-4fd736eba1e5','d2daf851-7bc6-01ea-de51-4fd7362fdd77','Contacts',1,0,'2012-06-12 12:32:33','2012-06-21 08:41:29',1),('bc000ecf-2110-416d-40ee-4fd7369e0b44','2060034c-057d-fcab-67c1-4fd7366000f8','ee97571b-ce0b-d42d-866a-4fd73624daa6','Contacts',1,0,'2012-06-12 12:32:38','2012-06-12 12:32:38',0),('d5779813-ef38-7228-838f-4fd739daeffb','d596dabe-8250-748f-b4c3-4fd7390b1350','d01375e7-5138-2fcd-a2fb-4fd739e17124','Contacts',1,0,'2012-06-12 12:43:20','2012-06-21 08:48:23',1),('d0f10efe-223f-65a8-1ed6-4fd739d337e8','d106948a-b7c7-6de5-e772-4fd7393dc5a5','cb751ee3-818f-b3f8-5672-4fd739c6f812','Contacts',1,0,'2012-06-12 12:43:25','2012-06-12 12:43:25',0),('175a6763-43eb-278c-94fb-4fe1bee0e50c','17722bae-b83b-395c-1517-4fe1be46cd80','108cea6e-7571-2e21-7a27-4fe1be0fb781','Contacts',1,0,'2012-06-20 12:14:33','2012-06-20 12:14:33',0),('f12bc5a6-8760-4c67-7e12-4fe41e2aaa29','f140c998-2e73-d8c9-67d0-4fe41e3d9c90','eb4c23bc-5091-4767-f798-4fe41e660bc4','Contacts',1,0,'2012-06-22 07:28:30','2012-06-22 07:28:30',0),('7c7d4103-669a-8318-1f23-4fe41eae5332','7c9286df-4c96-f9d1-f3a0-4fe41eb18fa8','76f66c69-0e1d-b310-9aea-4fe41e5a9754','Contacts',1,0,'2012-06-22 07:28:31','2012-06-22 07:28:31',0),('c5a26130-f149-bc3d-1121-4fe83cac16c2','c5c05b7e-3f6e-024e-df7b-4fe83c8b2c0d','c4af8594-c3b6-bcb4-79bc-4fe83c04793d','Users',1,0,'2012-06-25 10:23:24','2012-06-25 10:23:24',0),('ed5ec770-58e1-6a56-7789-4fec24826bf3','ed78a8f4-c7df-86fd-fe40-4fec24b0fae8','eb40af8d-0574-d433-1eff-4fec24c7c59b','Contacts',1,0,'2012-06-28 09:31:02','2012-06-28 09:31:02',0);
/*!40000 ALTER TABLE `email_addr_bean_rel` ENABLE KEYS */;
UNLOCK TABLES;

--
-- Table structure for table `email_addresses`
--

DROP TABLE IF EXISTS `email_addresses`;
/*!40101 SET @saved_cs_client     = @@character_set_client */;
/*!40101 SET character_set_client = utf8 */;
CREATE TABLE `email_addresses` (
  `id` char(36) NOT NULL,
  `email_address` varchar(255) DEFAULT NULL,
  `email_address_caps` varchar(255) DEFAULT NULL,
  `invalid_email` tinyint(1) DEFAULT '0',
  `opt_out` tinyint(1) DEFAULT '0',
  `date_created` datetime DEFAULT NULL,
  `date_modified` datetime DEFAULT NULL,
  `deleted` tinyint(1) DEFAULT '0',
  PRIMARY KEY (`id`),
  KEY `idx_ea_caps_opt_out_invalid` (`email_address_caps`,`opt_out`,`invalid_email`),
  KEY `idx_ea_opt_out_invalid` (`email_address`,`opt_out`,`invalid_email`)
) ENGINE=MyISAM DEFAULT CHARSET=utf8;
/*!40101 SET character_set_client = @saved_cs_client */;

--
-- Dumping data for table `email_addresses`
--

LOCK TABLES `email_addresses` WRITE;
/*!40000 ALTER TABLE `email_addresses` DISABLE KEYS */;
INSERT INTO `email_addresses` VALUES ('4646e294-3f78-b8e7-9696-4f187b2a3c7f','hayden@nextlevelinternet.com','HAYDEN@NEXTLEVELINTERNET.COM',0,0,'2012-01-19 20:23:17','2012-02-16 20:14:39',0),('1f61936e-f924-0777-b0bc-4f1899ff8fba','sugaradmin@nextlevelinternet.com','SUGARADMIN@NEXTLEVELINTERNET.COM',0,0,'2012-01-19 22:30:33','2012-05-11 07:14:50',0),('7c25013a-5f73-2bf0-c08f-4f18997d0729','dave@technologyconsulting.biz','DAVE@TECHNOLOGYCONSULTING.BIZ',0,0,'2012-01-19 22:31:30','2012-06-22 07:28:29',0),('6a970c19-ceca-e448-06b5-4f298569d785','solutions@technologyconsulting.biz','SOLUTIONS@TECHNOLOGYCONSULTING.BIZ',0,0,'2012-02-01 18:32:27','2012-06-22 07:28:30',0),('91c73005-4333-18af-4cf2-4f3165e6ac97','al@nextlevelinternet.com','AL@NEXTLEVELINTERNET.COM',0,0,'2012-02-07 17:55:42','2012-03-26 17:47:06',0),('aac39abf-1f16-8fa0-114d-4f3165485d7b','sugar@nextlevelinternet.com','SUGAR@NEXTLEVELINTERNET.COM',0,0,'2012-02-07 17:55:42','2012-02-07 17:55:42',0),('60028129-296c-6a10-28d1-4f3181974681','khozmo@gmail.com','KHOZMO@GMAIL.COM',0,0,'2012-02-07 19:52:47','2012-02-07 19:52:47',0),('55387a03-3cc9-2485-a265-4f3a9bd262b4','rnbhouse@gmail.com','RNBHOUSE@GMAIL.COM',0,0,'2012-02-14 17:34:05','2012-02-16 19:59:34',0),('f3f0b3b6-91fa-4f36-49ed-4f3aaff5215f','yimyung@yopmail.com','YIMYUNG@YOPMAIL.COM',0,0,'2012-02-14 19:03:02','2012-02-14 19:44:55',0),('97267a12-431e-2754-7632-4f3d559b8f52','rakesh.sahadevan@gmail.com','RAKESH.SAHADEVAN@GMAIL.COM',0,0,'2012-02-16 19:12:29','2012-02-16 19:18:21',0),('5365a249-914a-022e-212f-4f3d59dffdd3','hardik@radixweb.com','HARDIK@RADIXWEB.COM',0,0,'2012-02-16 19:29:37','2012-02-17 13:35:55',0),('cfdbbb95-f815-aaa6-4a64-4f3d5be20277','nlichannel@technologyconsulting.biz','NLICHANNEL@TECHNOLOGYCONSULTING.BIZ',0,0,'2012-02-16 19:39:35','2012-02-16 19:39:35',0),('ac3f2892-a487-c49b-1846-4f3d5c435b83','nliarcs@technologyconsulting.biz','NLIARCS@TECHNOLOGYCONSULTING.BIZ',0,0,'2012-02-16 19:43:18','2012-02-16 19:43:18',0),('91259af6-1339-e669-9bf5-4f3d5cc45e65','nliclient@technologyconsulting.biz','NLICLIENT@TECHNOLOGYCONSULTING.BIZ',0,0,'2012-02-16 19:44:15','2012-02-16 19:44:15',0),('dc3206d4-ce54-e2c8-22dc-4f3d5c910283','nlicrmadmin@technologyconsulting.biz','NLICRMADMIN@TECHNOLOGYCONSULTING.BIZ',0,0,'2012-02-16 19:45:15','2012-02-16 19:45:15',0),('293bcd97-ca41-3484-6b2c-4f3d5db2bf87','nlihelpdesk@technologyconsulting.biz','NLIHELPDESK@TECHNOLOGYCONSULTING.BIZ',0,0,'2012-02-16 19:46:22','2012-02-16 19:46:22',0),('1d838db0-d4f7-1f62-bacf-4f3d5de84653','insidesales@nextlevelinternet.com','INSIDESALES@NEXTLEVELINTERNET.COM',0,0,'2012-02-16 19:47:55','2012-02-16 19:47:55',0),('224a946b-b0cf-e913-1076-4f3d5d2a331c','arcs@nextlevelinternet.com','ARCS@NEXTLEVELINTERNET.COM',0,0,'2012-02-16 19:48:28','2012-02-16 19:48:28',0),('efad4ccd-207f-a5e2-a255-4f3d5fcb5452','dfadmin@nextlevelinternet.com','DFADMIN@NEXTLEVELINTERNET.COM',0,0,'2012-02-16 19:57:37','2012-02-16 19:57:37',0),('ea9b406d-8943-47d6-3c1e-4f3d616c25ff','manish.dahigavakar@gmail.com','MANISH.DAHIGAVAKAR@GMAIL.COM',0,0,'2012-02-16 20:04:32','2012-02-17 02:30:08',0),('3fcdf6e1-f22b-5971-4013-4f3d6284b7bb','bryantc@nextlevelinternet.com','BRYANTC@NEXTLEVELINTERNET.COM',0,0,'2012-02-16 20:09:02','2012-02-27 22:06:40',0),('cb20043d-de4f-b4c9-fa85-4f3d637a0be9','jack@nextlevelinternet.com','JACK@NEXTLEVELINTERNET.COM',0,0,'2012-02-16 20:12:17','2012-02-16 20:12:35',0),('8d862dc0-6de8-c0f6-0503-4f3d639d9216','matt@nextlevelinternet.com','MATT@NEXTLEVELINTERNET.COM',0,0,'2012-02-16 20:15:37','2012-02-16 20:18:20',0),('8303e93c-8ea1-85c4-cea7-4f3d6473ac14','jeff@nextlevelinternet.com','JEFF@NEXTLEVELINTERNET.COM',0,0,'2012-02-16 20:17:04','2012-02-16 20:17:19',0),('b29c620a-eeff-b01b-44db-4f74c70194d3','darrell@nextlevelinternet.com','DARRELL@NEXTLEVELINTERNET.COM',0,0,'2012-03-29 20:34:19','2012-03-29 23:22:54',0),('24f63b7c-115b-4e4f-e853-4f7a24450b49','al@nextlevelintenet.com','AL@NEXTLEVELINTENET.COM',0,0,'2012-04-02 22:15:17','2012-04-02 22:15:17',0),('6b3d797e-1ac7-8ce4-83ff-4f973646113a','jerry@nextlevelinternet.com','JERRY@NEXTLEVELINTERNET.COM',0,0,'2012-04-24 23:26:49','2012-04-24 23:26:49',0),('1f5e67a2-0c51-1075-e09f-4fa26fe0a60e','shekhar.impinge@gmail.com','SHEKHAR.IMPINGE@GMAIL.COM',0,0,'2012-05-03 11:42:58','2012-06-25 09:57:55',0),('2bc85f95-8c1d-ce70-741e-4fa7cac0b79e','shek.impinge@gmail.com','SHEK.IMPINGE@GMAIL.COM',0,0,'2012-05-07 13:11:37','2012-05-07 13:13:13',0),('e5280d76-0d0a-5ef1-ce4b-4fa7cb547ae5','rajdev.impinge@gmail.com','RAJDEV.IMPINGE@GMAIL.COM',0,0,'2012-05-07 13:19:14','2012-05-07 13:24:21',0),('e5039e57-f535-5ea0-0b8f-4fa7ce7c5a7e','dsxr.impinge@gmail.com','DSXR.IMPINGE@GMAIL.COM',0,0,'2012-05-07 13:32:40','2012-05-07 13:32:40',0),('98de8d80-0ea7-dc33-1c69-4fa7d0c7b0a6','test.impinge@gmail.com','TEST.IMPINGE@GMAIL.COM',0,0,'2012-05-07 13:37:45','2012-05-07 13:37:45',0),('5b4f7378-a686-3b2b-8027-4fa7d0bd8587','fffhar.impinge@gmail.com','FFFHAR.IMPINGE@GMAIL.COM',0,0,'2012-05-07 13:41:00','2012-05-07 13:41:00',0),('8ea06dee-d300-e74a-5c72-4fa7d1d6ffce','ddr.impinge@gmail.com','DDR.IMPINGE@GMAIL.COM',0,0,'2012-05-07 13:43:26','2012-05-07 13:43:26',0),('3719b27c-7c29-cba1-9928-4fa8ccc72468','ty.impinge@gmail.com','TY.IMPINGE@GMAIL.COM',0,0,'2012-05-08 07:32:16','2012-05-08 07:32:16',0),('4ff33950-05f7-f67e-3735-4fa8d3be816c','sdfdsfhar.impinge@gmail.com','SDFDSFHAR.IMPINGE@GMAIL.COM',0,0,'2012-05-08 08:04:10','2012-05-08 08:04:10',0),('6e99b9ab-1b6e-11c3-c0cd-4fa9061c81d7','fdfd3@gmail.com','FDFD3@GMAIL.COM',0,0,'2012-05-08 11:40:09','2012-05-08 12:13:38',0),('3a46ec82-b70e-925d-31dc-4fa914395eed','ddasd@asdasd.com','DDASD@ASDASD.COM',0,0,'2012-05-08 12:42:05','2012-05-08 12:42:05',0),('e2f2bcfe-2129-2288-c8ec-4fa920945a4f','sdada4u@gmail.com','SDADA4U@GMAIL.COM',0,0,'2012-05-08 13:33:48','2012-05-08 13:33:48',0),('480c708d-e6c0-179b-44e7-4faa26cc21bd','dfdsfds@gmail.com','DFDSFDS@GMAIL.COM',0,0,'2012-05-09 08:10:20','2012-05-09 08:20:01',0),('db691994-7b71-79b7-1a03-4faa71f3ec5c','dsfdsf4u@gmail.com','DSFDSF4U@GMAIL.COM',0,0,'2012-05-09 13:28:45','2012-05-09 13:28:45',0),('8c5c0a7c-2c23-3d78-c9ba-4faa71a813f8','rtretres4u@gmail.com','RTRETRES4U@GMAIL.COM',0,0,'2012-05-09 13:29:55','2012-05-09 13:29:55',0),('bab6104d-d308-11a6-a7db-4facb4205555','6456s4u@gmail.com','6456S4U@GMAIL.COM',0,0,'2012-05-11 06:41:48','2012-05-11 07:22:53',0),('b41b9eb6-0358-23ac-d9e3-4fb23c9784d0','gginge@gmail.com','GGINGE@GMAIL.COM',0,0,'2012-05-15 11:23:03','2012-05-15 11:23:32',0),('42566308-598d-3d6b-0ce4-4fb23e967cbe','shekhar@gmail.com','SHEKHAR@GMAIL.COM',0,0,'2012-05-15 11:32:12','2012-05-24 12:45:18',0),('329167c8-27ec-5246-c25d-4fc476c124a6','wsds@rft.in','WSDS@RFT.IN',0,0,'2012-05-29 07:10:58','2012-05-29 07:10:58',0),('4d4acbee-3b6a-d741-efc3-4fc477d9b9d7','dsds@rft.in','DSDS@RFT.IN',0,0,'2012-05-29 07:14:10','2012-05-29 07:15:29',0),('78b4bc19-3b97-cd2c-8e37-4fc478fc595c','dds@rft.in','DDS@RFT.IN',0,0,'2012-05-29 07:18:08','2012-05-29 07:19:09',0),('a021f8ef-f7d6-e1d8-27af-4fc479adb4db','fgfgdfgdfgdf@rft.in','FGFGDFGDFGDF@RFT.IN',0,0,'2012-05-29 07:21:43','2012-05-29 07:21:43',0),('ca99f60c-594a-b813-7081-4fc479d9e97d','dsfdsf@rft.in','DSFDSF@RFT.IN',0,0,'2012-05-29 07:24:39','2012-05-29 07:24:39',0),('72b709f5-7837-ebc3-3c5c-4fc47afe79f6','xcvxcxc@ghi.in','XCVXCXC@GHI.IN',0,0,'2012-05-29 07:29:13','2012-05-29 07:29:13',0),('20ddc93a-945a-fba6-c787-4fc47a4bc6dd','dsfdsf@ghg.in','DSFDSF@GHG.IN',0,0,'2012-05-29 07:29:18','2012-05-29 07:29:18',0),('b696df81-354d-a30f-3ea9-4fc47b4399e9','dsfdsxc@ghi.in','DSFDSXC@GHI.IN',0,0,'2012-05-29 07:33:48','2012-05-29 07:33:48',0),('30fb4423-2eb6-a677-bdb8-4fc47b36db79','sfdsfds@gfhg.in','SFDSFDS@GFHG.IN',0,0,'2012-05-29 07:33:50','2012-05-29 07:33:50',0),('7852cab1-6744-5825-6a11-4fc47f5851c1','gdfgd@rft.in','GDFGD@RFT.IN',0,0,'2012-05-29 07:47:51','2012-05-29 07:47:51',0),('800b6aa9-0bb5-05f1-7db2-4fc47f367519','gdf@gfhg.in','GDF@GFHG.IN',0,0,'2012-05-29 07:47:56','2012-05-29 07:47:56',0),('348f9b3e-a52a-f98b-ded5-4fc5cd9bbe8e','dsfdsfs@rft.in','DSFDSFS@RFT.IN',0,0,'2012-05-30 07:36:12','2012-05-30 07:36:12',0),('ec560b7b-4756-4063-a975-4fc5cdbc67e0','dsfdsfs@gfhg.in','DSFDSFS@GFHG.IN',0,0,'2012-05-30 07:36:16','2012-05-30 07:36:16',0),('8464ac24-081d-ce4e-53e3-4fcf4c649079','dfdsfc@ghi.in','DFDSFC@GHI.IN',0,0,'2012-06-06 12:27:41','2012-06-06 12:38:33',0),('20d98fa0-76c5-61dc-c89c-4fd085c2b642','dsfsdfsd@gg.in','DSFSDFSD@GG.IN',0,0,'2012-06-07 10:42:01','2012-06-07 10:42:01',0),('1df8a5a3-40fc-7f64-f138-4fd085e02df0','gfdgfg@fgg.in','GFDGFG@FGG.IN',0,0,'2012-06-07 10:42:07','2012-06-07 10:42:07',0),('8e0f505b-a489-66d7-cd0b-4fd08faff2e2','dasdasdasd@bvn.in','DASDASDASD@BVN.IN',0,0,'2012-06-07 11:23:58','2012-06-07 11:23:58',0),('48bb35b7-4946-ac13-7585-4fd0924153ec','dsdasdasdasd@hh.in','DSDASDASDASD@HH.IN',0,0,'2012-06-07 11:39:16','2012-06-07 11:39:16',0),('3fc17fe4-407a-0627-582e-4fd092abd2f5','dfdsfds@gfhg.in','DFDSFDS@GFHG.IN',0,0,'2012-06-07 11:39:21','2012-06-07 11:39:21',0),('f30e96b4-a80d-9f3e-cfda-4fd0947782b8','dsfdsfdsfds@gg.in','DSFDSFDSFDS@GG.IN',0,0,'2012-06-07 11:47:03','2012-06-07 11:47:03',0),('61f00542-dae8-940b-d134-4fd09401647e','sd@gfg.uin','SD@GFG.UIN',0,0,'2012-06-07 11:47:08','2012-06-07 11:47:08',0),('ba5bf4f6-676b-a54f-48e8-4fd09596a12e','fdsfdsdsf@gh.in','FDSFDSDSF@GH.IN',0,0,'2012-06-07 11:48:55','2012-06-07 11:48:55',0),('c4445f81-d6a7-d92c-1657-4fd09514b0a6','dfdfgdf@gfh.in','DFDFGDF@GFH.IN',0,0,'2012-06-07 11:49:00','2012-06-07 11:49:00',0),('927ba12f-3e97-16e1-a4bc-4fd0e24dde40','daferrell99@gmail.com','DAFERRELL99@GMAIL.COM',0,0,'2012-06-07 17:20:33','2012-06-07 17:20:33',0),('969fcef1-4186-99c9-fc2b-4fd72854059d','gdfgdfgdfgdf@hgh.in','GDFGDFGDFGDF@HGH.IN',0,0,'2012-06-12 11:30:46','2012-06-21 08:40:30',0),('4e4f6c7a-a9d9-9055-722b-4fd72801a777','dfgdfgdfgdf@hgh.in','DFGDFGDFGDF@HGH.IN',0,0,'2012-06-12 11:30:47','2012-06-21 08:45:22',0),('5c586947-f9d3-dfaa-3e0f-4fd728ea3091','vxcvxc@fh.in','VXCVXC@FH.IN',0,0,'2012-06-12 11:30:52','2012-06-12 11:30:52',0),('b3cd0ebe-d5f8-2b6f-49d0-4fd72839d169','vxcvcvcx@vchb.in','VXCVCVCX@VCHB.IN',0,0,'2012-06-12 11:30:52','2012-06-12 11:30:52',0),('b23e0630-dc81-ad3b-d8d0-4fd7296708e9','retrete@tg.in','RETRETE@TG.IN',0,0,'2012-06-12 11:37:08','2012-06-21 10:22:29',0),('148b0123-1ab2-d74b-bb17-4fd72df00029','sadasdds@rft.in','SADASDDS@RFT.IN',0,0,'2012-06-12 11:51:32','2012-06-21 10:47:05',0),('ca2c0a51-6c04-e06e-da34-4fd72d864334','dasdds@fg.un','DASDDS@FG.UN',0,0,'2012-06-12 11:51:37','2012-06-21 11:38:19',0),('d89a8f46-2e1e-2a1a-e390-4fd736eba1e5','fgdfgc@ghi.in','FGDFGC@GHI.IN',0,0,'2012-06-12 12:32:33','2012-06-21 08:41:29',0),('2060034c-057d-fcab-67c1-4fd7366000f8','dsfdsff@ghg.in','DSFDSFF@GHG.IN',0,0,'2012-06-12 12:32:38','2012-06-21 11:45:57',0),('d596dabe-8250-748f-b4c3-4fd7390b1350','jhjhsfs@rft.in','JHJHSFS@RFT.IN',0,0,'2012-06-12 12:43:20','2012-06-21 08:48:23',0),('d106948a-b7c7-6de5-e772-4fd7393dc5a5','hgfhgfhgf@gfhg.in','HGFHGFHGF@GFHG.IN',0,0,'2012-06-12 12:43:25','2012-06-12 12:43:25',0),('17722bae-b83b-395c-1517-4fe1be46cd80','fdgdfxc@ghi.in','FDGDFXC@GHI.IN',0,0,'2012-06-20 12:14:33','2012-06-22 07:25:25',0),('f140c998-2e73-d8c9-67d0-4fe41e3d9c90','dfgdfgdf@hjh.in','DFGDFGDF@HJH.IN',0,0,'2012-06-22 07:28:30','2012-06-22 07:28:30',0),('7c9286df-4c96-f9d1-f3a0-4fe41eb18fa8','kjhkjh@gh.in','KJHKJH@GH.IN',0,0,'2012-06-22 07:28:31','2012-06-22 07:28:31',0),('c5c05b7e-3f6e-024e-df7b-4fe83c8b2c0d','testSimple@impingeonline.com','TESTSIMPLE@IMPINGEONLINE.COM',0,0,'2012-06-25 10:23:24','2012-06-25 10:23:49',0),('ed78a8f4-c7df-86fd-fe40-4fec24b0fae8','ggdf@fgf.in','GGDF@FGF.IN',0,0,'2012-06-28 09:31:02','2012-06-28 09:31:02',0);
/*!40000 ALTER TABLE `email_addresses` ENABLE KEYS */;
UNLOCK TABLES;

--
-- Table structure for table `email_cache`
--

DROP TABLE IF EXISTS `email_cache`;
/*!40101 SET @saved_cs_client     = @@character_set_client */;
/*!40101 SET character_set_client = utf8 */;
CREATE TABLE `email_cache` (
  `ie_id` char(36) NOT NULL,
  `mbox` varchar(60) DEFAULT NULL,
  `subject` varchar(255) DEFAULT NULL,
  `fromaddr` varchar(100) DEFAULT NULL,
  `toaddr` varchar(255) DEFAULT NULL,
  `senddate` datetime DEFAULT NULL,
  `message_id` varchar(255) DEFAULT NULL,
  `mailsize` int(10) unsigned DEFAULT NULL,
  `imap_uid` int(10) unsigned DEFAULT NULL,
  `msgno` int(10) unsigned DEFAULT NULL,
  `recent` tinyint(4) DEFAULT NULL,
  `flagged` tinyint(4) DEFAULT NULL,
  `answered` tinyint(4) DEFAULT NULL,
  `deleted` tinyint(4) DEFAULT NULL,
  `seen` tinyint(4) DEFAULT NULL,
  `draft` tinyint(4) DEFAULT NULL,
  KEY `idx_ie_id` (`ie_id`),
  KEY `idx_mail_date` (`ie_id`,`mbox`,`senddate`),
  KEY `idx_mail_from` (`ie_id`,`mbox`,`fromaddr`),
  KEY `idx_mail_subj` (`subject`),
  KEY `idx_mail_to` (`toaddr`)
) ENGINE=MyISAM DEFAULT CHARSET=utf8;
/*!40101 SET character_set_client = @saved_cs_client */;

--
-- Dumping data for table `email_cache`
--

LOCK TABLES `email_cache` WRITE;
/*!40000 ALTER TABLE `email_cache` DISABLE KEYS */;
/*!40000 ALTER TABLE `email_cache` ENABLE KEYS */;
UNLOCK TABLES;

--
-- Table structure for table `email_marketing`
--

DROP TABLE IF EXISTS `email_marketing`;
/*!40101 SET @saved_cs_client     = @@character_set_client */;
/*!40101 SET character_set_client = utf8 */;
CREATE TABLE `email_marketing` (
  `id` char(36) NOT NULL,
  `deleted` tinyint(1) DEFAULT '0',
  `date_entered` datetime DEFAULT NULL,
  `date_modified` datetime DEFAULT NULL,
  `modified_user_id` char(36) DEFAULT NULL,
  `created_by` char(36) DEFAULT NULL,
  `name` varchar(255) DEFAULT NULL,
  `from_name` varchar(100) DEFAULT NULL,
  `from_addr` varchar(100) DEFAULT NULL,
  `reply_to_name` varchar(100) DEFAULT NULL,
  `reply_to_addr` varchar(100) DEFAULT NULL,
  `inbound_email_id` varchar(36) DEFAULT NULL,
  `date_start` datetime DEFAULT NULL,
  `template_id` char(36) NOT NULL,
  `status` varchar(100) DEFAULT NULL,
  `campaign_id` char(36) DEFAULT NULL,
  `all_prospect_lists` tinyint(1) DEFAULT '0',
  PRIMARY KEY (`id`),
  KEY `idx_emmkt_name` (`name`),
  KEY `idx_emmkit_del` (`deleted`)
) ENGINE=MyISAM DEFAULT CHARSET=utf8;
/*!40101 SET character_set_client = @saved_cs_client */;

--
-- Dumping data for table `email_marketing`
--

LOCK TABLES `email_marketing` WRITE;
/*!40000 ALTER TABLE `email_marketing` DISABLE KEYS */;
/*!40000 ALTER TABLE `email_marketing` ENABLE KEYS */;
UNLOCK TABLES;

--
-- Table structure for table `email_marketing_prospect_lists`
--

DROP TABLE IF EXISTS `email_marketing_prospect_lists`;
/*!40101 SET @saved_cs_client     = @@character_set_client */;
/*!40101 SET character_set_client = utf8 */;
CREATE TABLE `email_marketing_prospect_lists` (
  `id` varchar(36) NOT NULL,
  `prospect_list_id` varchar(36) DEFAULT NULL,
  `email_marketing_id` varchar(36) DEFAULT NULL,
  `date_modified` datetime DEFAULT NULL,
  `deleted` tinyint(1) DEFAULT '0',
  PRIMARY KEY (`id`),
  KEY `email_mp_prospects` (`email_marketing_id`,`prospect_list_id`)
) ENGINE=MyISAM DEFAULT CHARSET=utf8;
/*!40101 SET character_set_client = @saved_cs_client */;

--
-- Dumping data for table `email_marketing_prospect_lists`
--

LOCK TABLES `email_marketing_prospect_lists` WRITE;
/*!40000 ALTER TABLE `email_marketing_prospect_lists` DISABLE KEYS */;
/*!40000 ALTER TABLE `email_marketing_prospect_lists` ENABLE KEYS */;
UNLOCK TABLES;

--
-- Table structure for table `email_templates`
--

DROP TABLE IF EXISTS `email_templates`;
/*!40101 SET @saved_cs_client     = @@character_set_client */;
/*!40101 SET character_set_client = utf8 */;
CREATE TABLE `email_templates` (
  `id` char(36) NOT NULL,
  `date_entered` datetime DEFAULT NULL,
  `date_modified` datetime DEFAULT NULL,
  `modified_user_id` char(36) DEFAULT NULL,
  `created_by` varchar(36) DEFAULT NULL,
  `published` varchar(3) DEFAULT NULL,
  `name` varchar(255) DEFAULT NULL,
  `description` text,
  `subject` varchar(255) DEFAULT NULL,
  `body` text,
  `body_html` text,
  `deleted` tinyint(1) DEFAULT '0',
  `assigned_user_id` char(36) DEFAULT NULL,
  `text_only` tinyint(1) DEFAULT '0',
  PRIMARY KEY (`id`),
  KEY `idx_email_template_name` (`name`)
) ENGINE=MyISAM DEFAULT CHARSET=utf8;
/*!40101 SET character_set_client = @saved_cs_client */;

--
-- Dumping data for table `email_templates`
--

LOCK TABLES `email_templates` WRITE;
/*!40000 ALTER TABLE `email_templates` DISABLE KEYS */;
INSERT INTO `email_templates` VALUES ('8ba0883e-8ad9-5e3e-bb5b-4f187a6b3d76','2012-01-19 20:18:58','2012-01-19 20:18:58','1','1','off','System-generated password email','This template is used when the System Administrator sends a new password to a user.','New account information','\nHere is your account username and temporary password:\nUsername : $contact_user_user_name\nPassword : $contact_user_user_hash\n\n$config_site_url\n\nAfter you log in using the above password, you may be required to reset the password to one of your own choice.','<div><table border=\\\"0\\\" cellspacing=\\\"0\\\" cellpadding=\\\"0\\\" width=\"550\" align=\\\"\\\"\\\"center\\\"\\\"\\\"><tbody><tr><td colspan=\\\"2\\\"><p>Here is your account username and temporary password:</p><p>Username : $contact_user_user_name </p><p>Password : $contact_user_user_hash </p><br><p>$config_site_url</p><br><p>After you log in using the above password, you may be required to reset the password to one of your own choice.</p>   </td>         </tr><tr><td colspan=\\\"2\\\"></td>         </tr> </tbody></table> </div>',0,NULL,0),('8bf336fc-9a28-b6b0-a18d-4f187ae2db2d','2012-01-19 20:18:58','2012-01-19 20:18:58','1','1','off','Forgot Password email','This template is used to send a user a link to click to reset the user\'s account password.','Reset your account password','\nYou recently requested on $contact_user_pwd_last_changed to be able to reset your account password.\n\nClick on the link below to reset your password:\n\n$contact_user_link_guid','<div><table border=\\\"0\\\" cellspacing=\\\"0\\\" cellpadding=\\\"0\\\" width=\"550\" align=\\\"\\\"\\\"center\\\"\\\"\\\"><tbody><tr><td colspan=\\\"2\\\"><p>You recently requested on $contact_user_pwd_last_changed to be able to reset your account password. </p><p>Click on the link below to reset your password:</p><p> $contact_user_link_guid </p>  </td>         </tr><tr><td colspan=\\\"2\\\"></td>         </tr> </tbody></table> </div>',0,NULL,0);
/*!40000 ALTER TABLE `email_templates` ENABLE KEYS */;
UNLOCK TABLES;

--
-- Table structure for table `emailman`
--

DROP TABLE IF EXISTS `emailman`;
/*!40101 SET @saved_cs_client     = @@character_set_client */;
/*!40101 SET character_set_client = utf8 */;
CREATE TABLE `emailman` (
  `date_entered` datetime DEFAULT NULL,
  `date_modified` datetime DEFAULT NULL,
  `user_id` char(36) DEFAULT NULL,
  `id` int(11) NOT NULL AUTO_INCREMENT,
  `campaign_id` char(36) DEFAULT NULL,
  `marketing_id` char(36) DEFAULT NULL,
  `list_id` char(36) DEFAULT NULL,
  `send_date_time` datetime DEFAULT NULL,
  `modified_user_id` char(36) DEFAULT NULL,
  `in_queue` tinyint(1) DEFAULT '0',
  `in_queue_date` datetime DEFAULT NULL,
  `send_attempts` int(11) DEFAULT '0',
  `deleted` tinyint(1) DEFAULT '0',
  `related_id` char(36) DEFAULT NULL,
  `related_type` varchar(100) DEFAULT NULL,
  PRIMARY KEY (`id`),
  KEY `idx_eman_list` (`list_id`,`user_id`,`deleted`),
  KEY `idx_eman_campaign_id` (`campaign_id`),
  KEY `idx_eman_relid_reltype_id` (`related_id`,`related_type`,`campaign_id`)
) ENGINE=MyISAM DEFAULT CHARSET=utf8;
/*!40101 SET character_set_client = @saved_cs_client */;

--
-- Dumping data for table `emailman`
--

LOCK TABLES `emailman` WRITE;
/*!40000 ALTER TABLE `emailman` DISABLE KEYS */;
/*!40000 ALTER TABLE `emailman` ENABLE KEYS */;
UNLOCK TABLES;

--
-- Table structure for table `emails`
--

DROP TABLE IF EXISTS `emails`;
/*!40101 SET @saved_cs_client     = @@character_set_client */;
/*!40101 SET character_set_client = utf8 */;
CREATE TABLE `emails` (
  `id` char(36) NOT NULL,
  `date_entered` datetime DEFAULT NULL,
  `date_modified` datetime DEFAULT NULL,
  `assigned_user_id` char(36) DEFAULT NULL,
  `modified_user_id` char(36) DEFAULT NULL,
  `created_by` char(36) DEFAULT NULL,
  `deleted` tinyint(1) DEFAULT '0',
  `date_sent` datetime DEFAULT NULL,
  `message_id` varchar(255) DEFAULT NULL,
  `name` varchar(255) DEFAULT NULL,
  `type` varchar(100) DEFAULT NULL,
  `status` varchar(100) DEFAULT NULL,
  `flagged` tinyint(1) DEFAULT '0',
  `reply_to_status` tinyint(1) DEFAULT '0',
  `intent` varchar(100) DEFAULT 'pick',
  `mailbox_id` char(36) DEFAULT NULL,
  `parent_type` varchar(100) DEFAULT NULL,
  `parent_id` char(36) DEFAULT NULL,
  PRIMARY KEY (`id`),
  KEY `idx_email_name` (`name`),
  KEY `idx_message_id` (`message_id`),
  KEY `idx_email_parent_id` (`parent_id`),
  KEY `idx_email_assigned` (`assigned_user_id`,`type`,`status`)
) ENGINE=MyISAM DEFAULT CHARSET=utf8;
/*!40101 SET character_set_client = @saved_cs_client */;

--
-- Dumping data for table `emails`
--

LOCK TABLES `emails` WRITE;
/*!40000 ALTER TABLE `emails` DISABLE KEYS */;
INSERT INTO `emails` VALUES ('d569206e-3b8d-c829-9c9d-4f298b2c3ba8','2012-02-01 18:59:43','2012-02-01 18:59:43','1','1','1',0,'2012-02-01 18:59:00',NULL,'Quote for Internet and VOIP','draft','draft',0,0,'pick',NULL,NULL,NULL),('c23aab4c-02eb-9336-2ab0-4f2ae50a99c4','2012-02-02 19:37:11','2012-02-02 19:37:11','1','1','1',0,'2012-02-02 19:37:00',NULL,'Quote for Internet and VOIP','draft','draft',0,0,'pick',NULL,NULL,NULL),('aa0a7f0b-9f3a-5920-8643-4f31655bacb2','2012-02-07 17:55:42','2012-02-07 17:55:42',NULL,'1','1',0,'2012-02-07 17:55:42',NULL,'New account information','archived','sent',0,0,'pick',NULL,'User',NULL),('c442feb7-276a-e330-9f23-4f3166771090','2012-02-07 17:59:27','2012-02-07 18:00:30','1','1','1',0,'2012-02-07 18:00:00',NULL,'Quote for Internet and VOIP','out','sent',0,0,'pick',NULL,'Opportunities','ca209b95-d565-6308-bdc0-4f2986bff41f'),('7e6996d4-d5f5-73d4-b4ee-4f31801f063f','2012-02-07 19:51:26','2012-02-07 19:52:47','1','1','1',0,'2012-02-07 19:52:00',NULL,'Quote for Internet and VOIP','out','sent',0,0,'pick',NULL,NULL,NULL),('17661ad8-f2f5-4ca7-5a20-4f31818fa21c','2012-02-07 19:52:57','2012-02-07 19:53:47','1','1','1',0,'2012-02-07 19:53:00',NULL,'Quote for Internet and VOIP','out','sent',0,0,'pick',NULL,NULL,NULL),('26d7f06a-b06e-87fe-59cc-4f3d42df153c','2012-02-16 17:53:16','2012-02-16 17:53:16',NULL,'1','1',0,'2012-02-16 17:53:16',NULL,'New account information','archived','sent',0,0,'pick',NULL,'User',NULL),('c0dbb181-a543-06cb-02d1-4f3d55582397','2012-02-16 19:12:29','2012-02-16 19:12:29',NULL,'1','1',0,'2012-02-16 19:12:29',NULL,'New account information','archived','sent',0,0,'pick',NULL,'User',NULL),('c38e3e28-1476-9006-aeda-4f3d57f9fbfc','2012-02-16 19:21:23','2012-02-16 19:21:23',NULL,'1','1',0,'2012-02-16 19:21:23',NULL,'New account information','archived','sent',0,0,'pick',NULL,'User',NULL),('b3607821-e026-bae2-8ded-4f3d59c14b36','2012-02-16 19:29:37','2012-02-16 19:29:37',NULL,'1','1',0,'2012-02-16 19:29:37',NULL,'New account information','archived','sent',0,0,'pick',NULL,'User',NULL),('c58bed8a-317d-a8cb-c60c-4f3d5c4df79e','2012-02-16 19:43:18','2012-02-16 19:43:18',NULL,'1','1',0,'2012-02-16 19:43:18',NULL,'New account information','archived','sent',0,0,'pick',NULL,'User',NULL),('a0316d46-aca9-d0ce-3beb-4f3d5c73b4f2','2012-02-16 19:44:15','2012-02-16 19:44:15',NULL,'1','1',0,'2012-02-16 19:44:15',NULL,'New account information','archived','sent',0,0,'pick',NULL,'User',NULL),('eb61d9fe-8f81-ac8c-647b-4f3d5cb41dac','2012-02-16 19:45:15','2012-02-16 19:45:15',NULL,'1','1',0,'2012-02-16 19:45:15',NULL,'New account information','archived','sent',0,0,'pick',NULL,'User',NULL),('38129503-4393-3b8d-9850-4f3d5df40a07','2012-02-16 19:46:22','2012-02-16 19:46:22',NULL,'1','1',0,'2012-02-16 19:46:22',NULL,'New account information','archived','sent',0,0,'pick',NULL,'User',NULL),('3a02ebcf-0260-5382-2ce8-4f3d5d20f282','2012-02-16 19:47:55','2012-02-16 19:47:55',NULL,'1','1',0,'2012-02-16 19:47:55',NULL,'New account information','archived','sent',0,0,'pick',NULL,'User',NULL),('ee290b79-b36d-a1aa-e941-4f3d61c8521a','2012-02-16 20:04:32','2012-02-16 20:04:32',NULL,'1','1',0,'2012-02-16 20:04:32',NULL,'New account information','archived','sent',0,0,'pick',NULL,'User',NULL),('4ef00c3e-8ec8-602e-75e2-4f3d62a335f1','2012-02-16 20:09:02','2012-02-16 20:09:02',NULL,'1','1',0,'2012-02-16 20:09:02',NULL,'New account information','archived','sent',0,0,'pick',NULL,'User',NULL),('f0420291-5af0-2a33-2407-4f3d630da31e','2012-02-16 20:12:17','2012-02-16 20:12:17',NULL,'1','1',0,'2012-02-16 20:12:17',NULL,'New account information','archived','sent',0,0,'pick',NULL,'User',NULL),('452daa06-f506-b4ca-5148-4f3d63ebec40','2012-02-16 20:14:24','2012-02-16 20:14:24',NULL,'1','1',0,'2012-02-16 20:14:24',NULL,'New account information','archived','sent',0,0,'pick',NULL,'User',NULL),('9c62d6e3-374b-5466-764e-4f3d63714f8e','2012-02-16 20:15:37','2012-02-16 20:15:37',NULL,'1','1',0,'2012-02-16 20:15:37',NULL,'New account information','archived','sent',0,0,'pick',NULL,'User',NULL),('91c791e8-3ba3-2954-a6c6-4f3d64152820','2012-02-16 20:17:04','2012-02-16 20:17:04',NULL,'1','1',0,'2012-02-16 20:17:04',NULL,'New account information','archived','sent',0,0,'pick',NULL,'User',NULL),('3c4e0fe3-1573-75d8-67d6-4f3d643e3d37','2012-02-16 20:18:36','2012-02-16 20:18:36',NULL,'1','1',0,'2012-02-16 20:18:36',NULL,'New account information','archived','sent',0,0,'pick',NULL,'User',NULL),('ba0f21ea-05d0-c9b8-bab5-4f3d6fc82a6d','2012-02-16 21:05:28','2012-02-16 21:05:28',NULL,'1','1',0,'2012-02-16 21:05:28',NULL,'New account information','archived','sent',0,0,'pick',NULL,'User',NULL),('c614eec6-bf05-883e-1755-4f4d204804ba','2012-02-28 18:43:15','2012-02-28 18:43:15',NULL,'1','1',0,'2012-02-28 18:43:15',NULL,'New account information','archived','sent',0,0,'pick',NULL,'User',NULL),('4260f0bc-f67c-6832-6b5c-4f4fdf1c8850','2012-03-01 20:41:45','2012-03-01 20:41:45','1','1','1',0,'2012-03-01 20:41:00',NULL,'Quote for Internet and VOIP','draft','draft',0,0,'pick',NULL,NULL,NULL),('5f520a07-a7eb-64eb-2e3c-4f4fe0d94cad','2012-03-01 20:47:37','2012-03-01 20:47:37','1','1','1',0,'2012-03-01 20:47:00',NULL,'Quote for Internet and VOIP','draft','draft',0,0,'pick',NULL,NULL,NULL),('1e77f013-3951-e4e3-dd65-4f4fe0ebfc87','2012-03-01 20:47:50','2012-03-01 20:47:50','1','1','1',0,'2012-03-01 20:47:00',NULL,'Quote for Internet and VOIP','draft','draft',0,0,'pick',NULL,NULL,NULL),('e0d0072a-5e82-67cd-bf5d-4f4fe9135c15','2012-03-01 21:26:13','2012-03-01 21:26:13',NULL,NULL,NULL,0,'2012-03-01 21:26:13',NULL,'Reset your account password','archived','sent',0,0,'pick',NULL,'User',NULL),('12b43bc1-1a91-4fdc-f76d-4f6ca253c4dd','2012-03-23 16:20:47','2012-03-23 16:20:47',NULL,NULL,NULL,0,'2012-03-23 16:20:47',NULL,'Reset your account password','archived','sent',0,0,'pick',NULL,'User',NULL),('16cf8ed4-a9d4-a22f-2347-4f721321ee4f','2012-03-27 19:23:12','2012-03-27 19:23:35','9106f88a-f272-8119-72a3-4f3165461fc6','9106f88a-f272-8119-72a3-4f3165461fc6','9106f88a-f272-8119-72a3-4f3165461fc6',0,'2012-03-27 19:23:00',NULL,'Quote for Internet and VOIP','out','sent',0,0,'pick',NULL,NULL,NULL),('9a0a94ae-5ad8-8ccc-bb9c-4f9736f0ad1e','2012-04-24 23:25:16','2012-04-24 23:26:49','2bf53c62-efbb-f811-41f8-4f3d64001d45','2bf53c62-efbb-f811-41f8-4f3d64001d45','2bf53c62-efbb-f811-41f8-4f3d64001d45',0,'2012-04-24 23:26:00',NULL,'test','out','sent',0,0,'pick',NULL,'Opportunities','ca209b95-d565-6308-bdc0-4f2986bff41f'),('3c23d7ef-c325-2269-654b-4fc38c4fbbc4','2012-05-28 14:34:00','2012-05-28 14:34:00','1','1','1',0,'2012-05-28 14:34:00',NULL,'Quote for Internet and VOIP','draft','draft',0,0,'pick',NULL,NULL,NULL),('b1433138-714f-8c4c-f19c-4fc38c768989','2012-05-28 14:34:12','2012-05-28 14:34:37','1','1','1',0,'2012-05-28 14:34:00',NULL,'Quote for Internet and VOIP','out','sent',0,0,'pick',NULL,NULL,NULL),('92f1fbc6-67e9-e2f9-69d6-4fcfad0da128','2012-06-06 19:20:15','2012-06-06 19:21:09','2bf53c62-efbb-f811-41f8-4f3d64001d45','2bf53c62-efbb-f811-41f8-4f3d64001d45','2bf53c62-efbb-f811-41f8-4f3d64001d45',0,'2012-06-06 19:21:00',NULL,'Quote for Al Voice Test','out','sent',0,0,'pick',NULL,NULL,NULL),('533adea7-7c51-c8b9-2eaf-4fcfad8c6057','2012-06-06 19:21:57','2012-06-06 19:22:30','1','1','1',0,'2012-06-06 19:22:00',NULL,'Quote for Al Voice Test','out','sent',0,0,'pick',NULL,NULL,NULL),('72004241-3eb3-4d00-623d-4fd0e23c60ac','2012-06-07 17:19:57','2012-06-07 17:20:33','2bf53c62-efbb-f811-41f8-4f3d64001d45','2bf53c62-efbb-f811-41f8-4f3d64001d45','2bf53c62-efbb-f811-41f8-4f3d64001d45',0,'2012-06-07 17:20:00',NULL,'Quote for Al Voice Test','out','sent',0,0,'pick',NULL,NULL,NULL),('91e82c5e-3dd7-9c00-12ab-4fd0e2d1df45','2012-06-07 17:20:46','2012-06-07 17:27:08','2bf53c62-efbb-f811-41f8-4f3d64001d45','2bf53c62-efbb-f811-41f8-4f3d64001d45','2bf53c62-efbb-f811-41f8-4f3d64001d45',0,'2012-06-07 17:27:00',NULL,'Quote for Al Voice Test','out','sent',0,0,'pick',NULL,NULL,NULL);
/*!40000 ALTER TABLE `emails` ENABLE KEYS */;
UNLOCK TABLES;

--
-- Table structure for table `emails_beans`
--

DROP TABLE IF EXISTS `emails_beans`;
/*!40101 SET @saved_cs_client     = @@character_set_client */;
/*!40101 SET character_set_client = utf8 */;
CREATE TABLE `emails_beans` (
  `id` char(36) NOT NULL,
  `email_id` char(36) DEFAULT NULL,
  `bean_id` char(36) DEFAULT NULL,
  `bean_module` varchar(100) DEFAULT NULL,
  `campaign_data` text,
  `date_modified` datetime DEFAULT NULL,
  `deleted` tinyint(1) DEFAULT '0',
  PRIMARY KEY (`id`),
  KEY `idx_emails_beans_bean_id` (`bean_id`),
  KEY `idx_emails_beans_email_bean` (`email_id`,`bean_id`,`deleted`)
) ENGINE=MyISAM DEFAULT CHARSET=utf8;
/*!40101 SET character_set_client = @saved_cs_client */;

--
-- Dumping data for table `emails_beans`
--

LOCK TABLES `emails_beans` WRITE;
/*!40000 ALTER TABLE `emails_beans` DISABLE KEYS */;
INSERT INTO `emails_beans` VALUES ('bc710b6a-ef90-dfde-fa5f-4f3166ce9b2d','c442feb7-276a-e330-9f23-4f3166771090','ca209b95-d565-6308-bdc0-4f2986bff41f','Opportunities','','2012-02-07 18:00:30',0),('6a7fcb99-7d5c-d1df-c81c-4f9736f199c2','9a0a94ae-5ad8-8ccc-bb9c-4f9736f0ad1e','ca209b95-d565-6308-bdc0-4f2986bff41f','Opportunities','','2012-04-24 23:26:49',0);
/*!40000 ALTER TABLE `emails_beans` ENABLE KEYS */;
UNLOCK TABLES;

--
-- Table structure for table `emails_email_addr_rel`
--

DROP TABLE IF EXISTS `emails_email_addr_rel`;
/*!40101 SET @saved_cs_client     = @@character_set_client */;
/*!40101 SET character_set_client = utf8 */;
CREATE TABLE `emails_email_addr_rel` (
  `id` char(36) NOT NULL,
  `email_id` char(36) NOT NULL,
  `address_type` varchar(4) DEFAULT NULL,
  `email_address_id` char(36) NOT NULL,
  `deleted` tinyint(1) DEFAULT '0',
  PRIMARY KEY (`id`),
  KEY `idx_eearl_email_id` (`email_id`,`address_type`),
  KEY `idx_eearl_address_id` (`email_address_id`)
) ENGINE=MyISAM DEFAULT CHARSET=utf8;
/*!40101 SET character_set_client = @saved_cs_client */;

--
-- Dumping data for table `emails_email_addr_rel`
--

LOCK TABLES `emails_email_addr_rel` WRITE;
/*!40000 ALTER TABLE `emails_email_addr_rel` DISABLE KEYS */;
INSERT INTO `emails_email_addr_rel` VALUES ('d6684b82-8257-b372-7116-4f298bfc920e','d569206e-3b8d-c829-9c9d-4f298b2c3ba8','to','7c25013a-5f73-2bf0-c08f-4f18997d0729',1),('c9049df1-d908-6a9f-1fef-4f2ae51e17c3','c23aab4c-02eb-9336-2ab0-4f2ae50a99c4','to','7c25013a-5f73-2bf0-c08f-4f18997d0729',0),('aaede6bd-4723-dc3f-98ee-4f316573f7dc','aa0a7f0b-9f3a-5920-8643-4f31655bacb2','from','aac39abf-1f16-8fa0-114d-4f3165485d7b',0),('c5445358-9a2b-e78e-71eb-4f3166d272cf','c442feb7-276a-e330-9f23-4f3166771090','to','7c25013a-5f73-2bf0-c08f-4f18997d0729',1),('c5c00548-5a92-a302-4e8a-4f316611d60c','c442feb7-276a-e330-9f23-4f3166771090','from','1f61936e-f924-0777-b0bc-4f1899ff8fba',0),('c7f30dec-d6cb-0ea0-4084-4f31669171d2','c442feb7-276a-e330-9f23-4f3166771090','to','7c25013a-5f73-2bf0-c08f-4f18997d0729',0),('850f458f-47ca-4215-4a3a-4f3180296f15','7e6996d4-d5f5-73d4-b4ee-4f31801f063f','to','7c25013a-5f73-2bf0-c08f-4f18997d0729',1),('5fc162b4-1dd7-211b-366d-4f31811f4042','7e6996d4-d5f5-73d4-b4ee-4f31801f063f','from','1f61936e-f924-0777-b0bc-4f1899ff8fba',0),('5fe8496f-662c-af94-2f6a-4f31819d29e3','7e6996d4-d5f5-73d4-b4ee-4f31801f063f','to','7c25013a-5f73-2bf0-c08f-4f18997d0729',0),('602fa9bb-4aca-1d85-c8cb-4f31816e9a79','7e6996d4-d5f5-73d4-b4ee-4f31801f063f','to','60028129-296c-6a10-28d1-4f3181974681',0),('60596234-8558-1fa2-2a5a-4f31812c0819','7e6996d4-d5f5-73d4-b4ee-4f31801f063f','to','4646e294-3f78-b8e7-9696-4f187b2a3c7f',0),('1860a14c-5706-ddab-30f1-4f3181373037','17661ad8-f2f5-4ca7-5a20-4f31818fa21c','to','7c25013a-5f73-2bf0-c08f-4f18997d0729',1),('c7ccc53f-4ede-8fc1-28d6-4f3181505f3b','17661ad8-f2f5-4ca7-5a20-4f31818fa21c','from','1f61936e-f924-0777-b0bc-4f1899ff8fba',0),('c7f3c912-deb2-aca5-43c9-4f3181f3ed6f','17661ad8-f2f5-4ca7-5a20-4f31818fa21c','to','7c25013a-5f73-2bf0-c08f-4f18997d0729',0),('c8207553-bb9b-6b0e-ff6c-4f3181dbd02d','17661ad8-f2f5-4ca7-5a20-4f31818fa21c','to','60028129-296c-6a10-28d1-4f3181974681',0),('c841e8f5-c7b8-1aa7-7bec-4f318151c89b','17661ad8-f2f5-4ca7-5a20-4f31818fa21c','to','4646e294-3f78-b8e7-9696-4f187b2a3c7f',0),('27c8b277-40f1-0b5b-c744-4f3d42f2567e','26d7f06a-b06e-87fe-59cc-4f3d42df153c','from','aac39abf-1f16-8fa0-114d-4f3165485d7b',0),('c1a2541c-befc-e754-752a-4f3d55156f19','c0dbb181-a543-06cb-02d1-4f3d55582397','from','aac39abf-1f16-8fa0-114d-4f3165485d7b',0),('c450b44d-e9b5-9011-6c6e-4f3d57e1d71f','c38e3e28-1476-9006-aeda-4f3d57f9fbfc','from','aac39abf-1f16-8fa0-114d-4f3165485d7b',0),('b439c7a3-5548-9df7-a820-4f3d59843e65','b3607821-e026-bae2-8ded-4f3d59c14b36','from','aac39abf-1f16-8fa0-114d-4f3165485d7b',0),('c670ea74-f175-1c0e-ac9a-4f3d5ccee570','c58bed8a-317d-a8cb-c60c-4f3d5c4df79e','from','aac39abf-1f16-8fa0-114d-4f3165485d7b',0),('a0fd4f07-75bb-dfc6-802f-4f3d5cf50a65','a0316d46-aca9-d0ce-3beb-4f3d5c73b4f2','from','aac39abf-1f16-8fa0-114d-4f3165485d7b',0),('ec1e804b-10ac-c33c-1bea-4f3d5ce92f46','eb61d9fe-8f81-ac8c-647b-4f3d5cb41dac','from','aac39abf-1f16-8fa0-114d-4f3165485d7b',0),('38d898bf-b117-2149-cf65-4f3d5d1cfc81','38129503-4393-3b8d-9850-4f3d5df40a07','from','aac39abf-1f16-8fa0-114d-4f3165485d7b',0),('3acdf9e4-ad1e-b1d8-00da-4f3d5dd1261d','3a02ebcf-0260-5382-2ce8-4f3d5d20f282','from','aac39abf-1f16-8fa0-114d-4f3165485d7b',0),('fa420f08-76c0-cf52-82a7-4f3d61dc3bca','ee290b79-b36d-a1aa-e941-4f3d61c8521a','from','aac39abf-1f16-8fa0-114d-4f3165485d7b',0),('4fc04631-3028-a397-b18d-4f3d62ce1035','4ef00c3e-8ec8-602e-75e2-4f3d62a335f1','from','aac39abf-1f16-8fa0-114d-4f3165485d7b',0),('fca00ce5-da4e-6628-6347-4f3d63e95e1f','f0420291-5af0-2a33-2407-4f3d630da31e','from','aac39abf-1f16-8fa0-114d-4f3165485d7b',0),('45f0b497-a6a7-933f-bc05-4f3d63d00400','452daa06-f506-b4ca-5148-4f3d63ebec40','from','aac39abf-1f16-8fa0-114d-4f3165485d7b',0),('9d260eec-c56c-02ea-443b-4f3d63985777','9c62d6e3-374b-5466-764e-4f3d63714f8e','from','aac39abf-1f16-8fa0-114d-4f3165485d7b',0),('927efc84-f1b2-0e35-e577-4f3d64171c57','91c791e8-3ba3-2954-a6c6-4f3d64152820','from','aac39abf-1f16-8fa0-114d-4f3165485d7b',0),('3d1c9391-76a7-1960-349f-4f3d64524887','3c4e0fe3-1573-75d8-67d6-4f3d643e3d37','from','aac39abf-1f16-8fa0-114d-4f3165485d7b',0),('bae48eb1-ee4b-517b-44f3-4f3d6ff5d1aa','ba0f21ea-05d0-c9b8-bab5-4f3d6fc82a6d','from','aac39abf-1f16-8fa0-114d-4f3165485d7b',0),('c6f36f0a-10f5-eb98-5889-4f4d2024799a','c614eec6-bf05-883e-1755-4f4d204804ba','from','aac39abf-1f16-8fa0-114d-4f3165485d7b',0),('49814f85-722e-4af9-6736-4f4fdf4b9827','4260f0bc-f67c-6832-6b5c-4f4fdf1c8850','to','7c25013a-5f73-2bf0-c08f-4f18997d0729',0),('604b4cf2-d375-ff83-7e8e-4f4fe07a2204','5f520a07-a7eb-64eb-2e3c-4f4fe0d94cad','to','7c25013a-5f73-2bf0-c08f-4f18997d0729',0),('25a9efbb-82f1-be19-5b6d-4f4fe0bdc368','1e77f013-3951-e4e3-dd65-4f4fe0ebfc87','to','7c25013a-5f73-2bf0-c08f-4f18997d0729',0),('1d6b02a6-e9c5-5f73-aca5-4f4fe90ae7b8','e0d0072a-5e82-67cd-bf5d-4f4fe9135c15','from','aac39abf-1f16-8fa0-114d-4f3165485d7b',0),('1382b3b3-501b-5e2a-0610-4f6ca2f707d4','12b43bc1-1a91-4fdc-f76d-4f6ca253c4dd','from','aac39abf-1f16-8fa0-114d-4f3165485d7b',0),('17e79981-1520-9782-cbf2-4f721364950e','16cf8ed4-a9d4-a22f-2347-4f721321ee4f','to','7c25013a-5f73-2bf0-c08f-4f18997d0729',1),('18978c16-5daa-40ba-bf0a-4f72131750c1','16cf8ed4-a9d4-a22f-2347-4f721321ee4f','from','91c73005-4333-18af-4cf2-4f3165e6ac97',0),('18bf19fb-1eef-d4cb-1632-4f7213b99841','16cf8ed4-a9d4-a22f-2347-4f721321ee4f','to','7c25013a-5f73-2bf0-c08f-4f18997d0729',0),('9e8a73a4-dc1c-1a0d-c548-4f9736c359eb','9a0a94ae-5ad8-8ccc-bb9c-4f9736f0ad1e','to','7c25013a-5f73-2bf0-c08f-4f18997d0729',1),('6b1bbbdd-86fb-9b8f-e0ae-4f9736c3bcc6','9a0a94ae-5ad8-8ccc-bb9c-4f9736f0ad1e','from','7c25013a-5f73-2bf0-c08f-4f18997d0729',0),('6b8959cb-b3c2-4d5f-86cd-4f9736172b4d','9a0a94ae-5ad8-8ccc-bb9c-4f9736f0ad1e','to','6b3d797e-1ac7-8ce4-83ff-4f973646113a',0),('6bb787b0-d171-e3a5-91d7-4f973600e053','9a0a94ae-5ad8-8ccc-bb9c-4f9736f0ad1e','to','7c25013a-5f73-2bf0-c08f-4f18997d0729',0),('4293b258-fcb4-2a7a-3200-4fc38cdd26cf','3c23d7ef-c325-2269-654b-4fc38c4fbbc4','to','7c25013a-5f73-2bf0-c08f-4f18997d0729',0),('b244aad0-dafd-ae2d-c924-4fc38c573e36','b1433138-714f-8c4c-f19c-4fc38c768989','to','7c25013a-5f73-2bf0-c08f-4f18997d0729',1),('b9f9ac17-01d4-0041-ae34-4fc38cf32897','b1433138-714f-8c4c-f19c-4fc38c768989','from','1f61936e-f924-0777-b0bc-4f1899ff8fba',0),('ba2b2a6f-19f9-16cf-a40f-4fc38cd3c3a1','b1433138-714f-8c4c-f19c-4fc38c768989','to','55387a03-3cc9-2485-a265-4f3a9bd262b4',0),('521070c7-4425-0552-711c-4fcfad46d718','92f1fbc6-67e9-e2f9-69d6-4fcfad0da128','from','7c25013a-5f73-2bf0-c08f-4f18997d0729',0),('5247667d-99f1-88c9-35e7-4fcfad54343c','92f1fbc6-67e9-e2f9-69d6-4fcfad0da128','to','7c25013a-5f73-2bf0-c08f-4f18997d0729',0),('844bb2e0-440c-229e-549e-4fcfad51681d','533adea7-7c51-c8b9-2eaf-4fcfad8c6057','from','1f61936e-f924-0777-b0bc-4f1899ff8fba',0),('8481690a-5d09-06c9-6614-4fcfad74a493','533adea7-7c51-c8b9-2eaf-4fcfad8c6057','to','55387a03-3cc9-2485-a265-4f3a9bd262b4',0),('925693b6-f18a-f8a2-58e8-4fd0e2276d3e','72004241-3eb3-4d00-623d-4fd0e23c60ac','from','7c25013a-5f73-2bf0-c08f-4f18997d0729',0),('92c2250e-f5bb-c068-716b-4fd0e2125197','72004241-3eb3-4d00-623d-4fd0e23c60ac','to','927ba12f-3e97-16e1-a4bc-4fd0e24dde40',0),('ed2c16d0-248d-0d9d-29bb-4fd0e47d1b4d','91e82c5e-3dd7-9c00-12ab-4fd0e2d1df45','from','7c25013a-5f73-2bf0-c08f-4f18997d0729',0),('ed699161-61f0-7d98-0c7f-4fd0e4052905','91e82c5e-3dd7-9c00-12ab-4fd0e2d1df45','to','927ba12f-3e97-16e1-a4bc-4fd0e24dde40',0);
/*!40000 ALTER TABLE `emails_email_addr_rel` ENABLE KEYS */;
UNLOCK TABLES;

--
-- Table structure for table `emails_text`
--

DROP TABLE IF EXISTS `emails_text`;
/*!40101 SET @saved_cs_client     = @@character_set_client */;
/*!40101 SET character_set_client = utf8 */;
CREATE TABLE `emails_text` (
  `email_id` char(36) NOT NULL,
  `from_addr` varchar(255) DEFAULT NULL,
  `reply_to_addr` varchar(255) DEFAULT NULL,
  `to_addrs` text,
  `cc_addrs` text,
  `bcc_addrs` text,
  `description` longtext,
  `description_html` longtext,
  `raw_source` longtext,
  `deleted` tinyint(1) DEFAULT '0',
  PRIMARY KEY (`email_id`),
  KEY `emails_textfromaddr` (`from_addr`)
) ENGINE=MyISAM DEFAULT CHARSET=utf8;
/*!40101 SET character_set_client = @saved_cs_client */;

--
-- Dumping data for table `emails_text`
--

LOCK TABLES `emails_text` WRITE;
/*!40000 ALTER TABLE `emails_text` DISABLE KEYS */;
INSERT INTO `emails_text` VALUES ('d569206e-3b8d-c829-9c9d-4f298b2c3ba8','','','','','','','','',0),('c23aab4c-02eb-9336-2ab0-4f2ae50a99c4','','','','','','','<table style=\"width: 100%; font-family: Arial; text-align: center;\" border=\"0\" cellspacing=\"2\" cellpadding=\"2\">\r<tbody style=\"text-align: left;\">\r<tr style=\"text-align: left;\">\r<td style=\"text-align: left;\">\r<p><img style=\"float: left;\" src=\"custom/themes/default/images/company_logo.png\" alt=\"\" /></p>\r</td>\r</tr>\r<tr>\r<td style=\"font-weight: bold; text-align: left;\">\r<div>Next Level Internet Ltd<br />Any Street<br />Any Town<br />Any Where</div>\r</td>\r</tr>\r<tr style=\"text-align: left;\">\r<td style=\"text-align: left;\"></td>\r</tr>\r<tr style=\"text-align: left;\">\r<td style=\"text-align: left;\">\r<h1>QUOTE</h1>\r</td>\r</tr>\r</tbody>\r</table>\r<p style=\"font-family: Arial; text-align: center;\"></p>\r<table style=\"text-align: center; width: 100%; border: 0pt none; border-spacing: 0pt;\">\r<tbody style=\"text-align: left;\">\r<tr style=\"text-align: left;\">\r<td style=\"font-weight: bold; background-color: #b0c4de; padding: 2px 6px; border-style: solid; border-width: 0.5px; vertical-align: top; text-align: left; width: 50%;\">Prepared For</td>\r<td style=\"font-weight: bold; background-color: #b0c4de; padding: 2px 6px; border-style: solid; border-width: 0.5px; vertical-align: top; text-align: left; width: 50%;\">Prepared By</td>\r</tr>\r<tr style=\"text-align: left;\">\r<td style=\"padding: 2px 6px; border-style: solid; border-width: 0.5px; width: 50%; vertical-align: top; text-align: left;\">\r<div>TCG, Inc<br /> 941 Orange Ave #108<br /> Coronado <br /> CA 92118</div>\r</td>\r<td style=\"padding: 2px 6px; border-style: solid; border-width: 0.5px; width: 50%; vertical-align: top; text-align: left;\">\r<div>Sugar Admin</div>\r</td>\r</tr>\r<tr style=\"text-align: left;\">\r<td style=\"font-weight: bold; background-color: #b0c4de; padding: 2px 6px; border-style: solid; border-width: 0.5px; vertical-align: top; text-align: left; width: 50%;\">Quotation Date</td>\r<td style=\"font-weight: bold; background-color: #b0c4de; padding: 2px 6px; border-style: solid; border-width: 0.5px; vertical-align: top; text-align: left; width: 50%;\">Valid Until</td>\r</tr>\r<tr style=\"text-align: left;\">\r<td style=\"padding: 2px 6px; border-style: solid; border-width: 0.5px; width: 50%; vertical-align: top; text-align: left;\">\r<div>02/01/2012</div>\r</td>\r<td style=\"padding: 2px 6px; border-style: solid; border-width: 0.5px; width: 50%; vertical-align: top; text-align: left;\">\r<div>02/29/2012</div>\r</td>\r</tr>\r<tr style=\"text-align: left;\">\r<td style=\"font-weight: bold; background-color: #b0c4de; padding: 2px 6px; border-style: solid; border-width: 0.5px; vertical-align: top; text-align: left; width: 50%;\">Quote Number</td>\r<td style=\"font-weight: bold; background-color: #b0c4de; padding: 2px 6px; border-style: solid; border-width: 0.5px; vertical-align: top; text-align: left; width: 50%;\">Payment Terms</td>\r</tr>\r<tr style=\"text-align: left;\">\r<td style=\"padding: 2px 6px; border-style: solid; border-width: 0.5px; width: 50%; vertical-align: top; text-align: left;\">\r<div>1</div>\r</td>\r<td style=\"padding: 2px 6px; border-style: solid; border-width: 0.5px; width: 50%; vertical-align: top; text-align: left;\">\r<div>Net 15</div>\r</td>\r</tr>\r</tbody>\r</table>\r<p></p>\r<table style=\"width: 100%; border: 0pt none; border-spacing: 0pt;\">\r<tbody>\r<tr>\r<td style=\"border-style: solid; background-color: #b0c4de; border-width: 0.5px; padding: 2px 6px; font-weight: bold; text-align: center;\">Quantity</td>\r<td style=\"border-style: solid; background-color: #b0c4de; border-width: 0.5px; padding: 2px 6px; font-weight: bold; text-align: center;\">Product</td>\r<td style=\"border-style: solid; background-color: #b0c4de; border-width: 0.5px; padding: 2px 6px; font-weight: bold; text-align: center;\">Description</td>\r<td style=\"border-style: solid; background-color: #b0c4de; border-width: 0.5px; padding: 2px 6px; font-weight: bold; text-align: center;\">List</td>\r<td style=\"border-style: solid; background-color: #b0c4de; border-width: 0.5px; padding: 2px 6px; font-weight: bold; text-align: center;\">Discount</td>\r<td style=\"border-style: solid; background-color: #b0c4de; border-width: 0.5px; padding: 2px 6px; font-weight: bold; text-align: center;\">Unit</td>\r<td style=\"border-style: solid; background-color: #b0c4de; border-width: 0.5px; padding: 2px 6px; font-weight: bold; text-align: center;\">Vat</td>\r<td style=\"border-style: solid; background-color: #b0c4de; border-width: 0.5px; padding: 2px 6px; font-weight: bold; text-align: center;\">Total</td>\r</tr>\r<tr>\r<td style=\"border-style: solid; border-width: 0.5px; padding: 2px 6px; text-align: center;\">1</td>\r<td style=\"border-style: solid; border-width: 0.5px; padding: 2px 6px;\">Clear Channel 3.0mbps Internet</td>\r<td style=\"border-style: solid; border-width: 0.5px; padding: 2px 6px;\">test record</td>\r<td style=\"border-style: solid; border-width: 0.5px; padding: 2px 6px;\">1,500.00</td>\r<td style=\"border-style: solid; border-width: 0.5px; padding: 2px 6px;\">200.00</td>\r<td style=\"border-style: solid; border-width: 0.5px; padding: 2px 6px;\">1,300.00</td>\r<td style=\"border-style: solid; border-width: 0.5px; padding: 2px 6px;\">5%</td>\r<td style=\"border-style: solid; border-width: 0.5px; padding: 2px 6px;\">1,300.00</td>\r</tr><tr>\r<td style=\"border-style: solid; border-width: 0.5px; padding: 2px 6px; text-align: center;\">1</td>\r<td style=\"border-style: solid; border-width: 0.5px; padding: 2px 6px;\">10,000 Minutes</td>\r<td style=\"border-style: solid; border-width: 0.5px; padding: 2px 6px;\">test record</td>\r<td style=\"border-style: solid; border-width: 0.5px; padding: 2px 6px;\">300.00</td>\r<td style=\"border-style: solid; border-width: 0.5px; padding: 2px 6px;\">30.00</td>\r<td style=\"border-style: solid; border-width: 0.5px; padding: 2px 6px;\">270.00</td>\r<td style=\"border-style: solid; border-width: 0.5px; padding: 2px 6px;\">5%</td>\r<td style=\"border-style: solid; border-width: 0.5px; padding: 2px 6px;\">270.00</td>\r</tr><tr>\r<td style=\"border-style: solid; border-width: 0.5px; padding: 2px 6px; text-align: center;\">10</td>\r<td style=\"border-style: solid; border-width: 0.5px; padding: 2px 6px;\">Enhanced Extension</td>\r<td style=\"border-style: solid; border-width: 0.5px; padding: 2px 6px;\">test record</td>\r<td style=\"border-style: solid; border-width: 0.5px; padding: 2px 6px;\">8.00</td>\r<td style=\"border-style: solid; border-width: 0.5px; padding: 2px 6px;\">2.00</td>\r<td style=\"border-style: solid; border-width: 0.5px; padding: 2px 6px;\">6.00</td>\r<td style=\"border-style: solid; border-width: 0.5px; padding: 2px 6px;\">5%</td>\r<td style=\"border-style: solid; border-width: 0.5px; padding: 2px 6px;\">60.00</td>\r</tr>\r\r<tr>\r<td colspan=\"6\"></td>\r<td style=\"border-style: solid; border-width: 0.5px; padding: 2px 6px; font-weight: bold; text-align: right;\">Total</td>\r<td style=\"border-style: solid; border-width: 0.5px; padding: 2px 6px;\">1,880.00</td>\r</tr>\r<tr>\r<td colspan=\"6\"></td>\r<td style=\"border-style: solid; border-width: 0.5px; padding: 2px 6px; font-weight: bold; text-align: right;\">Discount</td>\r<td style=\"border-style: solid; border-width: 0.5px; padding: 2px 6px;\">-300.00</td>\r</tr>\r<tr>\r<td colspan=\"6\"></td>\r<td style=\"border-style: solid; border-width: 0.5px; padding: 2px 6px; font-weight: bold; text-align: right;\">Subtotal</td>\r<td style=\"border-style: solid; border-width: 0.5px; padding: 2px 6px;\">1,630.00</td>\r</tr>\r<tr>\r<td colspan=\"6\"></td>\r<td style=\"border-style: solid; border-width: 0.5px; padding: 2px 6px; font-weight: bold; text-align: right;\">Tax</td>\r<td style=\"border-style: solid; border-width: 0.5px; padding: 2px 6px;\">81.50</td>\r</tr>\r<tr>\r<td colspan=\"6\"></td>\r<td style=\"border-style: solid; border-width: 0.5px; padding: 2px 6px; font-weight: bold; text-align: right;\">Shipping</td>\r<td style=\"border-style: solid; border-width: 0.5px; padding: 2px 6px;\">0.00</td>\r</tr>\r<tr>\r<td colspan=\"6\"></td>\r<td style=\"border-style: solid; border-width: 0.5px; padding: 2px 6px; font-weight: bold; text-align: right;\">Grand Total</td>\r<td style=\"border-style: solid; border-width: 0.5px; padding: 2px 6px;\">1,711.50</td>\r</tr>\r</tbody>\r</table>\r<p></p>','',0),('aa0a7f0b-9f3a-5920-8643-4f31655bacb2','','','','','','<div><table border=\"\\\"0\\\"\" cellspacing=\"\\\"0\\\"\" cellpadding=\"\\\"0\\\"\" width=\"550\" align=\"\\\"\\\"\\\"center\\\"\\\"\\\"\"><tbody><tr><td colspan=\"\\\"2\\\"\"><p>Here is your account username and temporary password:</p><p>Username : al.allen </p><p>Password : e3fQet </p><br /><p>http://sugarcrm-dev.nextlevelinternet.com/sugar</p><br /><p>After you log in using the above password, you may be required to reset the password to one of your own choice.</p>   </td>         </tr><tr><td colspan=\"\\\"2\\\"\"></td>         </tr> </tbody></table> </div>','','',0),('c442feb7-276a-e330-9f23-4f3166771090','Sugar Admin <sugaradmin@nextlevelinternet.com>','','dave@technologyconsulting.biz','','','test','test','',0),('7e6996d4-d5f5-73d4-b4ee-4f31801f063f','Sugar Admin <sugaradmin@nextlevelinternet.com>','','dave@technologyconsulting.biz, khozmo@gmail.com, hayden@nextlevelinternet.com','','','&nbsp;\n\n\n\n\n&nbsp;\n\n\n\n\nNext Level Internet Ltd\nAny Street\nAny Town\nAny Where\n\n\n\n&nbsp;\n\n\n\nQUOTE\n\n\n\n\n&nbsp;\n\n\n\nPrepared For\nPrepared By\n\n\n\nTCG, Inc\n 941 Orange Ave #108\n Coronado \n CA 92118\n\n\nSugar Admin\n\n\n\nQuotation Date\nValid Until\n\n\n\n02/01/2012\n\n\n02/29/2012\n\n\n\nQuote Number\nPayment Terms\n\n\n\n1\n\n\nNet 15\n\n\n\n\n&nbsp;\n\n\n\nQuantity\nProduct\nDescription\nList\nDiscount\nUnit\nVat\nTotal\n\n\n1\nClear Channel 3.0mbps Internet\ntest record\n1,500.00\n200.00\n1,300.00\n5%\n1,300.00\n\n\n1\n10,000 Minutes\ntest record\n300.00\n30.00\n270.00\n5%\n270.00\n\n\n10\nEnhanced Extension\ntest record\n8.00\n2.00\n6.00\n5%\n60.00\n\n\n&nbsp;\nTotal\n1,880.00\n\n\n&nbsp;\nDiscount\n-300.00\n\n\n&nbsp;\nSubtotal\n1,630.00\n\n\n&nbsp;\nTax\n81.50\n\n\n&nbsp;\nShipping\n0.00\n\n\n&nbsp;\nGrand Total\n1,711.50\n\n\n\n&nbsp;','<span><br /><br /><br /></span>&nbsp;\n<table style=\"width: 100%; text-align: center; font-family: Arial;\" border=\"0\" cellspacing=\"2\" cellpadding=\"2\">\n<tbody style=\"text-align: left;\">\n<tr style=\"text-align: left;\">\n<td style=\"text-align: left;\">\n<p><img style=\"float: left;\" src=\"custom/themes/default/images/company_logo.png\" alt=\"\" />&nbsp;</p>\n</td>\n</tr>\n<tr>\n<td style=\"font-weight: bold; text-align: left;\">\n<div>Next Level Internet Ltd<br />Any Street<br />Any Town<br />Any Where</div>\n</td>\n</tr>\n<tr style=\"text-align: left;\">\n<td style=\"text-align: left;\">&nbsp;</td>\n</tr>\n<tr style=\"text-align: left;\">\n<td style=\"text-align: left;\">\n<h1>QUOTE</h1>\n</td>\n</tr>\n</tbody>\n</table>\n<p style=\"font-family: Arial; text-align: center;\">&nbsp;</p>\n<table style=\"border: 0pt currentColor; width: 100%; text-align: center; border-spacing: 0pt;\">\n<tbody style=\"text-align: left;\">\n<tr style=\"text-align: left;\">\n<td style=\"font-weight: bold; background-color: #b0c4de; padding: 2px 6px; border-style: solid; border-width: 0.5px; vertical-align: top; text-align: left; width: 50%;\">Prepared For</td>\n<td style=\"font-weight: bold; background-color: #b0c4de; padding: 2px 6px; border-style: solid; border-width: 0.5px; vertical-align: top; text-align: left; width: 50%;\">Prepared By</td>\n</tr>\n<tr style=\"text-align: left;\">\n<td style=\"padding: 2px 6px; border-style: solid; border-width: 0.5px; width: 50%; vertical-align: top; text-align: left;\">\n<div>TCG, Inc<br /> 941 Orange Ave #108<br /> Coronado <br /> CA 92118</div>\n</td>\n<td style=\"padding: 2px 6px; border-style: solid; border-width: 0.5px; width: 50%; vertical-align: top; text-align: left;\">\n<div>Sugar Admin</div>\n</td>\n</tr>\n<tr style=\"text-align: left;\">\n<td style=\"font-weight: bold; background-color: #b0c4de; padding: 2px 6px; border-style: solid; border-width: 0.5px; vertical-align: top; text-align: left; width: 50%;\">Quotation Date</td>\n<td style=\"font-weight: bold; background-color: #b0c4de; padding: 2px 6px; border-style: solid; border-width: 0.5px; vertical-align: top; text-align: left; width: 50%;\">Valid Until</td>\n</tr>\n<tr style=\"text-align: left;\">\n<td style=\"padding: 2px 6px; border-style: solid; border-width: 0.5px; width: 50%; vertical-align: top; text-align: left;\">\n<div>02/01/2012</div>\n</td>\n<td style=\"padding: 2px 6px; border-style: solid; border-width: 0.5px; width: 50%; vertical-align: top; text-align: left;\">\n<div>02/29/2012</div>\n</td>\n</tr>\n<tr style=\"text-align: left;\">\n<td style=\"font-weight: bold; background-color: #b0c4de; padding: 2px 6px; border-style: solid; border-width: 0.5px; vertical-align: top; text-align: left; width: 50%;\">Quote Number</td>\n<td style=\"font-weight: bold; background-color: #b0c4de; padding: 2px 6px; border-style: solid; border-width: 0.5px; vertical-align: top; text-align: left; width: 50%;\">Payment Terms</td>\n</tr>\n<tr style=\"text-align: left;\">\n<td style=\"padding: 2px 6px; border-style: solid; border-width: 0.5px; width: 50%; vertical-align: top; text-align: left;\">\n<div>1</div>\n</td>\n<td style=\"padding: 2px 6px; border-style: solid; border-width: 0.5px; width: 50%; vertical-align: top; text-align: left;\">\n<div>Net 15</div>\n</td>\n</tr>\n</tbody>\n</table>\n<p>&nbsp;</p>\n<table style=\"border: 0pt currentColor; width: 100%; border-spacing: 0pt;\">\n<tbody>\n<tr>\n<td style=\"border-style: solid; background-color: #b0c4de; border-width: 0.5px; padding: 2px 6px; font-weight: bold; text-align: center;\">Quantity</td>\n<td style=\"border-style: solid; background-color: #b0c4de; border-width: 0.5px; padding: 2px 6px; font-weight: bold; text-align: center;\">Product</td>\n<td style=\"border-style: solid; background-color: #b0c4de; border-width: 0.5px; padding: 2px 6px; font-weight: bold; text-align: center;\">Description</td>\n<td style=\"border-style: solid; background-color: #b0c4de; border-width: 0.5px; padding: 2px 6px; font-weight: bold; text-align: center;\">List</td>\n<td style=\"border-style: solid; background-color: #b0c4de; border-width: 0.5px; padding: 2px 6px; font-weight: bold; text-align: center;\">Discount</td>\n<td style=\"border-style: solid; background-color: #b0c4de; border-width: 0.5px; padding: 2px 6px; font-weight: bold; text-align: center;\">Unit</td>\n<td style=\"border-style: solid; background-color: #b0c4de; border-width: 0.5px; padding: 2px 6px; font-weight: bold; text-align: center;\">Vat</td>\n<td style=\"border-style: solid; background-color: #b0c4de; border-width: 0.5px; padding: 2px 6px; font-weight: bold; text-align: center;\">Total</td>\n</tr>\n<tr>\n<td style=\"border-style: solid; border-width: 0.5px; padding: 2px 6px; text-align: center;\">1</td>\n<td style=\"border-style: solid; border-width: 0.5px; padding: 2px 6px;\">Clear Channel 3.0mbps Internet</td>\n<td style=\"border-style: solid; border-width: 0.5px; padding: 2px 6px;\">test record</td>\n<td style=\"border-style: solid; border-width: 0.5px; padding: 2px 6px;\">1,500.00</td>\n<td style=\"border-style: solid; border-width: 0.5px; padding: 2px 6px;\">200.00</td>\n<td style=\"border-style: solid; border-width: 0.5px; padding: 2px 6px;\">1,300.00</td>\n<td style=\"border-style: solid; border-width: 0.5px; padding: 2px 6px;\">5%</td>\n<td style=\"border-style: solid; border-width: 0.5px; padding: 2px 6px;\">1,300.00</td>\n</tr>\n<tr>\n<td style=\"border-style: solid; border-width: 0.5px; padding: 2px 6px; text-align: center;\">1</td>\n<td style=\"border-style: solid; border-width: 0.5px; padding: 2px 6px;\">10,000 Minutes</td>\n<td style=\"border-style: solid; border-width: 0.5px; padding: 2px 6px;\">test record</td>\n<td style=\"border-style: solid; border-width: 0.5px; padding: 2px 6px;\">300.00</td>\n<td style=\"border-style: solid; border-width: 0.5px; padding: 2px 6px;\">30.00</td>\n<td style=\"border-style: solid; border-width: 0.5px; padding: 2px 6px;\">270.00</td>\n<td style=\"border-style: solid; border-width: 0.5px; padding: 2px 6px;\">5%</td>\n<td style=\"border-style: solid; border-width: 0.5px; padding: 2px 6px;\">270.00</td>\n</tr>\n<tr>\n<td style=\"border-style: solid; border-width: 0.5px; padding: 2px 6px; text-align: center;\">10</td>\n<td style=\"border-style: solid; border-width: 0.5px; padding: 2px 6px;\">Enhanced Extension</td>\n<td style=\"border-style: solid; border-width: 0.5px; padding: 2px 6px;\">test record</td>\n<td style=\"border-style: solid; border-width: 0.5px; padding: 2px 6px;\">8.00</td>\n<td style=\"border-style: solid; border-width: 0.5px; padding: 2px 6px;\">2.00</td>\n<td style=\"border-style: solid; border-width: 0.5px; padding: 2px 6px;\">6.00</td>\n<td style=\"border-style: solid; border-width: 0.5px; padding: 2px 6px;\">5%</td>\n<td style=\"border-style: solid; border-width: 0.5px; padding: 2px 6px;\">60.00</td>\n</tr>\n<tr>\n<td colspan=\"6\">&nbsp;</td>\n<td style=\"border-style: solid; border-width: 0.5px; padding: 2px 6px; font-weight: bold; text-align: right;\">Total</td>\n<td style=\"border-style: solid; border-width: 0.5px; padding: 2px 6px;\">1,880.00</td>\n</tr>\n<tr>\n<td colspan=\"6\">&nbsp;</td>\n<td style=\"border-style: solid; border-width: 0.5px; padding: 2px 6px; font-weight: bold; text-align: right;\">Discount</td>\n<td style=\"border-style: solid; border-width: 0.5px; padding: 2px 6px;\">-300.00</td>\n</tr>\n<tr>\n<td colspan=\"6\">&nbsp;</td>\n<td style=\"border-style: solid; border-width: 0.5px; padding: 2px 6px; font-weight: bold; text-align: right;\">Subtotal</td>\n<td style=\"border-style: solid; border-width: 0.5px; padding: 2px 6px;\">1,630.00</td>\n</tr>\n<tr>\n<td colspan=\"6\">&nbsp;</td>\n<td style=\"border-style: solid; border-width: 0.5px; padding: 2px 6px; font-weight: bold; text-align: right;\">Tax</td>\n<td style=\"border-style: solid; border-width: 0.5px; padding: 2px 6px;\">81.50</td>\n</tr>\n<tr>\n<td colspan=\"6\">&nbsp;</td>\n<td style=\"border-style: solid; border-width: 0.5px; padding: 2px 6px; font-weight: bold; text-align: right;\">Shipping</td>\n<td style=\"border-style: solid; border-width: 0.5px; padding: 2px 6px;\">0.00</td>\n</tr>\n<tr>\n<td colspan=\"6\">&nbsp;</td>\n<td style=\"border-style: solid; border-width: 0.5px; padding: 2px 6px; font-weight: bold; text-align: right;\">Grand Total</td>\n<td style=\"border-style: solid; border-width: 0.5px; padding: 2px 6px;\">1,711.50</td>\n</tr>\n</tbody>\n</table>\n<p>&nbsp;</p>','',0),('17661ad8-f2f5-4ca7-5a20-4f31818fa21c','Sugar Admin <sugaradmin@nextlevelinternet.com>','','dave@technologyconsulting.biz, khozmo@gmail.com, hayden@nextlevelinternet.com','','','','','',0),('26d7f06a-b06e-87fe-59cc-4f3d42df153c','','','','','','<div><table border=\"\\\"0\\\"\" cellspacing=\"\\\"0\\\"\" cellpadding=\"\\\"0\\\"\" width=\"550\" align=\"\\\"\\\"\\\"center\\\"\\\"\\\"\"><tbody><tr><td colspan=\"\\\"2\\\"\"><p>Here is your account username and temporary password:</p><p>Username : dave.ferrell </p><p>Password : Szk0lx </p><br /><p>http://sugarcrm-dev.nextlevelinternet.com/sugar</p><br /><p>After you log in using the above password, you may be required to reset the password to one of your own choice.</p>   </td>         </tr><tr><td colspan=\"\\\"2\\\"\"></td>         </tr> </tbody></table> </div>','','',0),('c0dbb181-a543-06cb-02d1-4f3d55582397','','','','','','<div><table border=\"\\\"0\\\"\" cellspacing=\"\\\"0\\\"\" cellpadding=\"\\\"0\\\"\" width=\"550\" align=\"\\\"\\\"\\\"center\\\"\\\"\\\"\"><tbody><tr><td colspan=\"\\\"2\\\"\"><p>Here is your account username and temporary password:</p><p>Username : rakesh  </p><p>Password : tSauVP </p><br /><p>http://sugarcrm-dev.nextlevelinternet.com/sugar</p><br /><p>After you log in using the above password, you may be required to reset the password to one of your own choice.</p>   </td>         </tr><tr><td colspan=\"\\\"2\\\"\"></td>         </tr> </tbody></table> </div>','','',0),('c38e3e28-1476-9006-aeda-4f3d57f9fbfc','','','','','','<div><table border=\"\\\"0\\\"\" cellspacing=\"\\\"0\\\"\" cellpadding=\"\\\"0\\\"\" width=\"550\" align=\"\\\"\\\"\\\"center\\\"\\\"\\\"\"><tbody><tr><td colspan=\"\\\"2\\\"\"><p>Here is your account username and temporary password:</p><p>Username : ashu </p><p>Password : EdKZLW </p><br /><p>http://sugarcrm-dev.nextlevelinternet.com</p><br /><p>After you log in using the above password, you may be required to reset the password to one of your own choice.</p>   </td>         </tr><tr><td colspan=\"\\\"2\\\"\"></td>         </tr> </tbody></table> </div>','','',0),('b3607821-e026-bae2-8ded-4f3d59c14b36','','','','','','<div><table border=\"\\\"0\\\"\" cellspacing=\"\\\"0\\\"\" cellpadding=\"\\\"0\\\"\" width=\"550\" align=\"\\\"\\\"\\\"center\\\"\\\"\\\"\"><tbody><tr><td colspan=\"\\\"2\\\"\"><p>Here is your account username and temporary password:</p><p>Username : hardik </p><p>Password : OE4aV1 </p><br /><p>http://sugarcrm-dev.nextlevelinternet.com</p><br /><p>After you log in using the above password, you may be required to reset the password to one of your own choice.</p>   </td>         </tr><tr><td colspan=\"\\\"2\\\"\"></td>         </tr> </tbody></table> </div>','','',0),('c58bed8a-317d-a8cb-c60c-4f3d5c4df79e','','','','','','<div><table border=\"\\\"0\\\"\" cellspacing=\"\\\"0\\\"\" cellpadding=\"\\\"0\\\"\" width=\"550\" align=\"\\\"\\\"\\\"center\\\"\\\"\\\"\"><tbody><tr><td colspan=\"\\\"2\\\"\"><p>Here is your account username and temporary password:</p><p>Username : dfarcs </p><p>Password : VIJGvv </p><br /><p>http://sugarcrm-dev.nextlevelinternet.com</p><br /><p>After you log in using the above password, you may be required to reset the password to one of your own choice.</p>   </td>         </tr><tr><td colspan=\"\\\"2\\\"\"></td>         </tr> </tbody></table> </div>','','',0),('a0316d46-aca9-d0ce-3beb-4f3d5c73b4f2','','','','','','<div><table border=\"\\\"0\\\"\" cellspacing=\"\\\"0\\\"\" cellpadding=\"\\\"0\\\"\" width=\"550\" align=\"\\\"\\\"\\\"center\\\"\\\"\\\"\"><tbody><tr><td colspan=\"\\\"2\\\"\"><p>Here is your account username and temporary password:</p><p>Username : dfclient </p><p>Password : IhfXZe </p><br /><p>http://sugarcrm-dev.nextlevelinternet.com</p><br /><p>After you log in using the above password, you may be required to reset the password to one of your own choice.</p>   </td>         </tr><tr><td colspan=\"\\\"2\\\"\"></td>         </tr> </tbody></table> </div>','','',0),('eb61d9fe-8f81-ac8c-647b-4f3d5cb41dac','','','','','','<div><table border=\"\\\"0\\\"\" cellspacing=\"\\\"0\\\"\" cellpadding=\"\\\"0\\\"\" width=\"550\" align=\"\\\"\\\"\\\"center\\\"\\\"\\\"\"><tbody><tr><td colspan=\"\\\"2\\\"\"><p>Here is your account username and temporary password:</p><p>Username : dfadmin </p><p>Password : a92U3m </p><br /><p>http://sugarcrm-dev.nextlevelinternet.com</p><br /><p>After you log in using the above password, you may be required to reset the password to one of your own choice.</p>   </td>         </tr><tr><td colspan=\"\\\"2\\\"\"></td>         </tr> </tbody></table> </div>','','',0),('38129503-4393-3b8d-9850-4f3d5df40a07','','','','','','<div><table border=\"\\\"0\\\"\" cellspacing=\"\\\"0\\\"\" cellpadding=\"\\\"0\\\"\" width=\"550\" align=\"\\\"\\\"\\\"center\\\"\\\"\\\"\"><tbody><tr><td colspan=\"\\\"2\\\"\"><p>Here is your account username and temporary password:</p><p>Username : dfhelpdesk </p><p>Password : LEASLS </p><br /><p>http://sugarcrm-dev.nextlevelinternet.com</p><br /><p>After you log in using the above password, you may be required to reset the password to one of your own choice.</p>   </td>         </tr><tr><td colspan=\"\\\"2\\\"\"></td>         </tr> </tbody></table> </div>','','',0),('3a02ebcf-0260-5382-2ce8-4f3d5d20f282','','','','','','<div><table border=\"\\\"0\\\"\" cellspacing=\"\\\"0\\\"\" cellpadding=\"\\\"0\\\"\" width=\"550\" align=\"\\\"\\\"\\\"center\\\"\\\"\\\"\"><tbody><tr><td colspan=\"\\\"2\\\"\"><p>Here is your account username and temporary password:</p><p>Username : dfinsidesales </p><p>Password : uMR8Jj </p><br /><p>http://sugarcrm-dev.nextlevelinternet.com</p><br /><p>After you log in using the above password, you may be required to reset the password to one of your own choice.</p>   </td>         </tr><tr><td colspan=\"\\\"2\\\"\"></td>         </tr> </tbody></table> </div>','','',0),('ee290b79-b36d-a1aa-e941-4f3d61c8521a','','','','','','<div><table border=\"\\\"0\\\"\" cellspacing=\"\\\"0\\\"\" cellpadding=\"\\\"0\\\"\" width=\"550\" align=\"\\\"\\\"\\\"center\\\"\\\"\\\"\"><tbody><tr><td colspan=\"\\\"2\\\"\"><p>Here is your account username and temporary password:</p><p>Username : Manish </p><p>Password : 7Tjzy4 </p><br /><p>http://sugarcrm-dev.nextlevelinternet.com</p><br /><p>After you log in using the above password, you may be required to reset the password to one of your own choice.</p>   </td>         </tr><tr><td colspan=\"\\\"2\\\"\"></td>         </tr> </tbody></table> </div>','','',0),('4ef00c3e-8ec8-602e-75e2-4f3d62a335f1','','','','','','<div><table border=\"\\\"0\\\"\" cellspacing=\"\\\"0\\\"\" cellpadding=\"\\\"0\\\"\" width=\"550\" align=\"\\\"\\\"\\\"center\\\"\\\"\\\"\"><tbody><tr><td colspan=\"\\\"2\\\"\"><p>Here is your account username and temporary password:</p><p>Username : bryan  </p><p>Password : VYSmcg </p><br /><p>http://sugarcrm-dev.nextlevelinternet.com</p><br /><p>After you log in using the above password, you may be required to reset the password to one of your own choice.</p>   </td>         </tr><tr><td colspan=\"\\\"2\\\"\"></td>         </tr> </tbody></table> </div>','','',0),('f0420291-5af0-2a33-2407-4f3d630da31e','','','','','','<div><table border=\"\\\"0\\\"\" cellspacing=\"\\\"0\\\"\" cellpadding=\"\\\"0\\\"\" width=\"550\" align=\"\\\"\\\"\\\"center\\\"\\\"\\\"\"><tbody><tr><td colspan=\"\\\"2\\\"\"><p>Here is your account username and temporary password:</p><p>Username :  jack </p><p>Password : M06F0P </p><br /><p>http://sugarcrm-dev.nextlevelinternet.com</p><br /><p>After you log in using the above password, you may be required to reset the password to one of your own choice.</p>   </td>         </tr><tr><td colspan=\"\\\"2\\\"\"></td>         </tr> </tbody></table> </div>','','',0),('452daa06-f506-b4ca-5148-4f3d63ebec40','','','','','','<div><table border=\"\\\"0\\\"\" cellspacing=\"\\\"0\\\"\" cellpadding=\"\\\"0\\\"\" width=\"550\" align=\"\\\"\\\"\\\"center\\\"\\\"\\\"\"><tbody><tr><td colspan=\"\\\"2\\\"\"><p>Here is your account username and temporary password:</p><p>Username : Hayden </p><p>Password : ehblfX </p><br /><p>http://sugarcrm-dev.nextlevelinternet.com</p><br /><p>After you log in using the above password, you may be required to reset the password to one of your own choice.</p>   </td>         </tr><tr><td colspan=\"\\\"2\\\"\"></td>         </tr> </tbody></table> </div>','','',0),('9c62d6e3-374b-5466-764e-4f3d63714f8e','','','','','','<div><table border=\"\\\"0\\\"\" cellspacing=\"\\\"0\\\"\" cellpadding=\"\\\"0\\\"\" width=\"550\" align=\"\\\"\\\"\\\"center\\\"\\\"\\\"\"><tbody><tr><td colspan=\"\\\"2\\\"\"><p>Here is your account username and temporary password:</p><p>Username : matt </p><p>Password : DsPPjc </p><br /><p>http://sugarcrm-dev.nextlevelinternet.com</p><br /><p>After you log in using the above password, you may be required to reset the password to one of your own choice.</p>   </td>         </tr><tr><td colspan=\"\\\"2\\\"\"></td>         </tr> </tbody></table> </div>','','',0),('91c791e8-3ba3-2954-a6c6-4f3d64152820','','','','','','<div><table border=\"\\\"0\\\"\" cellspacing=\"\\\"0\\\"\" cellpadding=\"\\\"0\\\"\" width=\"550\" align=\"\\\"\\\"\\\"center\\\"\\\"\\\"\"><tbody><tr><td colspan=\"\\\"2\\\"\"><p>Here is your account username and temporary password:</p><p>Username : jeff  </p><p>Password : y95mlf </p><br /><p>http://sugarcrm-dev.nextlevelinternet.com</p><br /><p>After you log in using the above password, you may be required to reset the password to one of your own choice.</p>   </td>         </tr><tr><td colspan=\"\\\"2\\\"\"></td>         </tr> </tbody></table> </div>','','',0),('3c4e0fe3-1573-75d8-67d6-4f3d643e3d37','','','','','','<div><table border=\"\\\"0\\\"\" cellspacing=\"\\\"0\\\"\" cellpadding=\"\\\"0\\\"\" width=\"550\" align=\"\\\"\\\"\\\"center\\\"\\\"\\\"\"><tbody><tr><td colspan=\"\\\"2\\\"\"><p>Here is your account username and temporary password:</p><p>Username : dave </p><p>Password : S3lOIO </p><br /><p>http://sugarcrm-dev.nextlevelinternet.com</p><br /><p>After you log in using the above password, you may be required to reset the password to one of your own choice.</p>   </td>         </tr><tr><td colspan=\"\\\"2\\\"\"></td>         </tr> </tbody></table> </div>','','',0),('ba0f21ea-05d0-c9b8-bab5-4f3d6fc82a6d','','','','','','<div><table border=\"\\\"0\\\"\" cellspacing=\"\\\"0\\\"\" cellpadding=\"\\\"0\\\"\" width=\"550\" align=\"\\\"\\\"\\\"center\\\"\\\"\\\"\"><tbody><tr><td colspan=\"\\\"2\\\"\"><p>Here is your account username and temporary password:</p><p>Username :  jack </p><p>Password : 5nuJez </p><br /><p>http://sugarcrm-dev.nextlevelinternet.com</p><br /><p>After you log in using the above password, you may be required to reset the password to one of your own choice.</p>   </td>         </tr><tr><td colspan=\"\\\"2\\\"\"></td>         </tr> </tbody></table> </div>','','',0),('c614eec6-bf05-883e-1755-4f4d204804ba','','','','','','<div><table border=\"\\\"0\\\"\" cellspacing=\"\\\"0\\\"\" cellpadding=\"\\\"0\\\"\" width=\"550\" align=\"\\\"\\\"\\\"center\\\"\\\"\\\"\"><tbody><tr><td colspan=\"\\\"2\\\"\"><p>Here is your account username and temporary password:</p><p>Username : dave </p><p>Password : JlNHzM </p><br /><p>http://sugarcrm-dev.nextlevelinternet.com</p><br /><p>After you log in using the above password, you may be required to reset the password to one of your own choice.</p>   </td>         </tr><tr><td colspan=\"\\\"2\\\"\"></td>         </tr> </tbody></table> </div>','','',0),('4260f0bc-f67c-6832-6b5c-4f4fdf1c8850','','','','','','','<table style=\"width: 100%; font-family: Arial; text-align: center;\" border=\"0\" cellspacing=\"2\" cellpadding=\"2\">\r<tbody style=\"text-align: left;\">\r<tr style=\"text-align: left;\">\r<td style=\"text-align: left;\">\r<p><img style=\"float: left;\" src=\"custom/themes/default/images/company_logo.png\" alt=\"\" /></p>\r</td>\r</tr>\r<tr>\r<td style=\"font-weight: bold; text-align: left;\">\r<div>Next Level Internet Ltd<br />Any Street<br />Any Town<br />Any Where</div>\r</td>\r</tr>\r<tr style=\"text-align: left;\">\r<td style=\"text-align: left;\"></td>\r</tr>\r<tr style=\"text-align: left;\">\r<td style=\"text-align: left;\">\r<h1>QUOTE</h1>\r</td>\r</tr>\r</tbody>\r</table>\r<p style=\"font-family: Arial; text-align: center;\"></p>\r<table style=\"text-align: center; width: 100%; border: 0pt none; border-spacing: 0pt;\">\r<tbody style=\"text-align: left;\">\r<tr style=\"text-align: left;\">\r<td style=\"font-weight: bold; background-color: #b0c4de; padding: 2px 6px; border-style: solid; border-width: 0.5px; vertical-align: top; text-align: left; width: 50%;\">Prepared For</td>\r<td style=\"font-weight: bold; background-color: #b0c4de; padding: 2px 6px; border-style: solid; border-width: 0.5px; vertical-align: top; text-align: left; width: 50%;\">Prepared By</td>\r</tr>\r<tr style=\"text-align: left;\">\r<td style=\"padding: 2px 6px; border-style: solid; border-width: 0.5px; width: 50%; vertical-align: top; text-align: left;\">\r<div>TCG, Inc<br /> 941 Orange Ave #108<br /> Coronado <br /> CA 92118</div>\r</td>\r<td style=\"padding: 2px 6px; border-style: solid; border-width: 0.5px; width: 50%; vertical-align: top; text-align: left;\">\r<div>Sugar Admin</div>\r</td>\r</tr>\r<tr style=\"text-align: left;\">\r<td style=\"font-weight: bold; background-color: #b0c4de; padding: 2px 6px; border-style: solid; border-width: 0.5px; vertical-align: top; text-align: left; width: 50%;\">Quotation Date</td>\r<td style=\"font-weight: bold; background-color: #b0c4de; padding: 2px 6px; border-style: solid; border-width: 0.5px; vertical-align: top; text-align: left; width: 50%;\">Valid Until</td>\r</tr>\r<tr style=\"text-align: left;\">\r<td style=\"padding: 2px 6px; border-style: solid; border-width: 0.5px; width: 50%; vertical-align: top; text-align: left;\">\r<div>02/01/2012</div>\r</td>\r<td style=\"padding: 2px 6px; border-style: solid; border-width: 0.5px; width: 50%; vertical-align: top; text-align: left;\">\r<div>02/29/2012</div>\r</td>\r</tr>\r<tr style=\"text-align: left;\">\r<td style=\"font-weight: bold; background-color: #b0c4de; padding: 2px 6px; border-style: solid; border-width: 0.5px; vertical-align: top; text-align: left; width: 50%;\">Quote Number</td>\r<td style=\"font-weight: bold; background-color: #b0c4de; padding: 2px 6px; border-style: solid; border-width: 0.5px; vertical-align: top; text-align: left; width: 50%;\">Payment Terms</td>\r</tr>\r<tr style=\"text-align: left;\">\r<td style=\"padding: 2px 6px; border-style: solid; border-width: 0.5px; width: 50%; vertical-align: top; text-align: left;\">\r<div>1</div>\r</td>\r<td style=\"padding: 2px 6px; border-style: solid; border-width: 0.5px; width: 50%; vertical-align: top; text-align: left;\">\r<div>Net 15</div>\r</td>\r</tr>\r</tbody>\r</table>\r<p></p>\r<table style=\"width: 100%; border: 0pt none; border-spacing: 0pt;\">\r<tbody>\r<tr>\r<td style=\"border-style: solid; background-color: #b0c4de; border-width: 0.5px; padding: 2px 6px; font-weight: bold; text-align: center;\">Quantity</td>\r<td style=\"border-style: solid; background-color: #b0c4de; border-width: 0.5px; padding: 2px 6px; font-weight: bold; text-align: center;\">Product</td>\r<td style=\"border-style: solid; background-color: #b0c4de; border-width: 0.5px; padding: 2px 6px; font-weight: bold; text-align: center;\">Description</td>\r<td style=\"border-style: solid; background-color: #b0c4de; border-width: 0.5px; padding: 2px 6px; font-weight: bold; text-align: center;\">List</td>\r<td style=\"border-style: solid; background-color: #b0c4de; border-width: 0.5px; padding: 2px 6px; font-weight: bold; text-align: center;\">Discount</td>\r<td style=\"border-style: solid; background-color: #b0c4de; border-width: 0.5px; padding: 2px 6px; font-weight: bold; text-align: center;\">Unit</td>\r<td style=\"border-style: solid; background-color: #b0c4de; border-width: 0.5px; padding: 2px 6px; font-weight: bold; text-align: center;\">Vat</td>\r<td style=\"border-style: solid; background-color: #b0c4de; border-width: 0.5px; padding: 2px 6px; font-weight: bold; text-align: center;\">Total</td>\r</tr>\r<tr>\r<td style=\"border-style: solid; border-width: 0.5px; padding: 2px 6px; text-align: center;\">1</td>\r<td style=\"border-style: solid; border-width: 0.5px; padding: 2px 6px;\">Clear Channel 3.0mbps Internet</td>\r<td style=\"border-style: solid; border-width: 0.5px; padding: 2px 6px;\">test record</td>\r<td style=\"border-style: solid; border-width: 0.5px; padding: 2px 6px;\">1,500.00</td>\r<td style=\"border-style: solid; border-width: 0.5px; padding: 2px 6px;\">200.00</td>\r<td style=\"border-style: solid; border-width: 0.5px; padding: 2px 6px;\">1,300.00</td>\r<td style=\"border-style: solid; border-width: 0.5px; padding: 2px 6px;\">5%</td>\r<td style=\"border-style: solid; border-width: 0.5px; padding: 2px 6px;\">1,300.00</td>\r</tr><tr>\r<td style=\"border-style: solid; border-width: 0.5px; padding: 2px 6px; text-align: center;\">1</td>\r<td style=\"border-style: solid; border-width: 0.5px; padding: 2px 6px;\">10,000 Minutes</td>\r<td style=\"border-style: solid; border-width: 0.5px; padding: 2px 6px;\">test record</td>\r<td style=\"border-style: solid; border-width: 0.5px; padding: 2px 6px;\">300.00</td>\r<td style=\"border-style: solid; border-width: 0.5px; padding: 2px 6px;\">30.00</td>\r<td style=\"border-style: solid; border-width: 0.5px; padding: 2px 6px;\">270.00</td>\r<td style=\"border-style: solid; border-width: 0.5px; padding: 2px 6px;\">5%</td>\r<td style=\"border-style: solid; border-width: 0.5px; padding: 2px 6px;\">270.00</td>\r</tr><tr>\r<td style=\"border-style: solid; border-width: 0.5px; padding: 2px 6px; text-align: center;\">10</td>\r<td style=\"border-style: solid; border-width: 0.5px; padding: 2px 6px;\">Enhanced Extension</td>\r<td style=\"border-style: solid; border-width: 0.5px; padding: 2px 6px;\">test record</td>\r<td style=\"border-style: solid; border-width: 0.5px; padding: 2px 6px;\">8.00</td>\r<td style=\"border-style: solid; border-width: 0.5px; padding: 2px 6px;\">2.00</td>\r<td style=\"border-style: solid; border-width: 0.5px; padding: 2px 6px;\">6.00</td>\r<td style=\"border-style: solid; border-width: 0.5px; padding: 2px 6px;\">5%</td>\r<td style=\"border-style: solid; border-width: 0.5px; padding: 2px 6px;\">60.00</td>\r</tr>\r\r<tr>\r<td colspan=\"6\"></td>\r<td style=\"border-style: solid; border-width: 0.5px; padding: 2px 6px; font-weight: bold; text-align: right;\">Total</td>\r<td style=\"border-style: solid; border-width: 0.5px; padding: 2px 6px;\">1,880.00</td>\r</tr>\r<tr>\r<td colspan=\"6\"></td>\r<td style=\"border-style: solid; border-width: 0.5px; padding: 2px 6px; font-weight: bold; text-align: right;\">Discount</td>\r<td style=\"border-style: solid; border-width: 0.5px; padding: 2px 6px;\">-300.00</td>\r</tr>\r<tr>\r<td colspan=\"6\"></td>\r<td style=\"border-style: solid; border-width: 0.5px; padding: 2px 6px; font-weight: bold; text-align: right;\">Subtotal</td>\r<td style=\"border-style: solid; border-width: 0.5px; padding: 2px 6px;\">1,630.00</td>\r</tr>\r<tr>\r<td colspan=\"6\"></td>\r<td style=\"border-style: solid; border-width: 0.5px; padding: 2px 6px; font-weight: bold; text-align: right;\">Tax</td>\r<td style=\"border-style: solid; border-width: 0.5px; padding: 2px 6px;\">81.50</td>\r</tr>\r<tr>\r<td colspan=\"6\"></td>\r<td style=\"border-style: solid; border-width: 0.5px; padding: 2px 6px; font-weight: bold; text-align: right;\">Shipping</td>\r<td style=\"border-style: solid; border-width: 0.5px; padding: 2px 6px;\">0.00</td>\r</tr>\r<tr>\r<td colspan=\"6\"></td>\r<td style=\"border-style: solid; border-width: 0.5px; padding: 2px 6px; font-weight: bold; text-align: right;\">Grand Total</td>\r<td style=\"border-style: solid; border-width: 0.5px; padding: 2px 6px;\">1,711.50</td>\r</tr>\r</tbody>\r</table>\r<p></p>','',0),('5f520a07-a7eb-64eb-2e3c-4f4fe0d94cad','','','','','','','','',0),('1e77f013-3951-e4e3-dd65-4f4fe0ebfc87','','','','','','','<table style=\"width: 100%; font-family: Arial; text-align: center;\" border=\"0\" cellspacing=\"2\" cellpadding=\"2\">\r<tbody style=\"text-align: left;\">\r<tr style=\"text-align: left;\">\r<td style=\"text-align: left;\">\r<p><img style=\"float: left;\" src=\"custom/themes/default/images/company_logo.png\" alt=\"\" /></p>\r</td>\r</tr>\r<tr>\r<td style=\"font-weight: bold; text-align: left;\">\r<div>Next Level Internet Ltd<br />Any Street<br />Any Town<br />Any Where</div>\r</td>\r</tr>\r<tr style=\"text-align: left;\">\r<td style=\"text-align: left;\"></td>\r</tr>\r<tr style=\"text-align: left;\">\r<td style=\"text-align: left;\">\r<h1>QUOTE</h1>\r</td>\r</tr>\r</tbody>\r</table>\r<p style=\"font-family: Arial; text-align: center;\"></p>\r<table style=\"text-align: center; width: 100%; border: 0pt none; border-spacing: 0pt;\">\r<tbody style=\"text-align: left;\">\r<tr style=\"text-align: left;\">\r<td style=\"font-weight: bold; background-color: #b0c4de; padding: 2px 6px; border-style: solid; border-width: 0.5px; vertical-align: top; text-align: left; width: 50%;\">Prepared For</td>\r<td style=\"font-weight: bold; background-color: #b0c4de; padding: 2px 6px; border-style: solid; border-width: 0.5px; vertical-align: top; text-align: left; width: 50%;\">Prepared By</td>\r</tr>\r<tr style=\"text-align: left;\">\r<td style=\"padding: 2px 6px; border-style: solid; border-width: 0.5px; width: 50%; vertical-align: top; text-align: left;\">\r<div>TCG, Inc<br /> 941 Orange Ave #108<br /> Coronado <br /> CA 92118</div>\r</td>\r<td style=\"padding: 2px 6px; border-style: solid; border-width: 0.5px; width: 50%; vertical-align: top; text-align: left;\">\r<div>Sugar Admin</div>\r</td>\r</tr>\r<tr style=\"text-align: left;\">\r<td style=\"font-weight: bold; background-color: #b0c4de; padding: 2px 6px; border-style: solid; border-width: 0.5px; vertical-align: top; text-align: left; width: 50%;\">Quotation Date</td>\r<td style=\"font-weight: bold; background-color: #b0c4de; padding: 2px 6px; border-style: solid; border-width: 0.5px; vertical-align: top; text-align: left; width: 50%;\">Valid Until</td>\r</tr>\r<tr style=\"text-align: left;\">\r<td style=\"padding: 2px 6px; border-style: solid; border-width: 0.5px; width: 50%; vertical-align: top; text-align: left;\">\r<div>02/01/2012</div>\r</td>\r<td style=\"padding: 2px 6px; border-style: solid; border-width: 0.5px; width: 50%; vertical-align: top; text-align: left;\">\r<div>02/29/2012</div>\r</td>\r</tr>\r<tr style=\"text-align: left;\">\r<td style=\"font-weight: bold; background-color: #b0c4de; padding: 2px 6px; border-style: solid; border-width: 0.5px; vertical-align: top; text-align: left; width: 50%;\">Quote Number</td>\r<td style=\"font-weight: bold; background-color: #b0c4de; padding: 2px 6px; border-style: solid; border-width: 0.5px; vertical-align: top; text-align: left; width: 50%;\">Payment Terms</td>\r</tr>\r<tr style=\"text-align: left;\">\r<td style=\"padding: 2px 6px; border-style: solid; border-width: 0.5px; width: 50%; vertical-align: top; text-align: left;\">\r<div>1</div>\r</td>\r<td style=\"padding: 2px 6px; border-style: solid; border-width: 0.5px; width: 50%; vertical-align: top; text-align: left;\">\r<div>Net 15</div>\r</td>\r</tr>\r</tbody>\r</table>\r<p></p>\r<table style=\"width: 100%; border: 0pt none; border-spacing: 0pt;\">\r<tbody>\r<tr>\r<td style=\"border-style: solid; background-color: #b0c4de; border-width: 0.5px; padding: 2px 6px; font-weight: bold; text-align: center;\">Category</td>\r<td style=\"border-style: solid; background-color: #b0c4de; border-width: 0.5px; padding: 2px 6px; font-weight: bold; text-align: center;\">Quantity</td>\r<td style=\"border-style: solid; background-color: #b0c4de; border-width: 0.5px; padding: 2px 6px; font-weight: bold; text-align: center;\">Product</td>\r<td style=\"border-style: solid; background-color: #b0c4de; border-width: 0.5px; padding: 2px 6px; font-weight: bold; text-align: center;\">Description</td>\r<td style=\"border-style: solid; background-color: #b0c4de; border-width: 0.5px; padding: 2px 6px; font-weight: bold; text-align: center;\">List</td>\r<td style=\"border-style: solid; background-color: #b0c4de; border-width: 0.5px; padding: 2px 6px; font-weight: bold; text-align: center;\">Discount</td>\r<td style=\"border-style: solid; background-color: #b0c4de; border-width: 0.5px; padding: 2px 6px; font-weight: bold; text-align: center;\">Unit</td>\r<td style=\"border-style: solid; background-color: #b0c4de; border-width: 0.5px; padding: 2px 6px; font-weight: bold; text-align: center;\">Vat</td>\r<td style=\"border-style: solid; background-color: #b0c4de; border-width: 0.5px; padding: 2px 6px; font-weight: bold; text-align: center;\">Total</td>\r</tr>\r<tr>\r<td style=\"border-style: solid; border-width: 0.5px; padding: 2px 6px; text-align: center;\">Laptops</td>\r<td style=\"border-style: solid; border-width: 0.5px; padding: 2px 6px; text-align: center;\">1</td>\r<td style=\"border-style: solid; border-width: 0.5px; padding: 2px 6px;\">Clear Channel 3.0mbps Internet</td>\r<td style=\"border-style: solid; border-width: 0.5px; padding: 2px 6px;\">test record</td>\r<td style=\"border-style: solid; border-width: 0.5px; padding: 2px 6px;\">1,500.00</td>\r<td style=\"border-style: solid; border-width: 0.5px; padding: 2px 6px;\">200.00</td>\r<td style=\"border-style: solid; border-width: 0.5px; padding: 2px 6px;\">1,300.00</td>\r<td style=\"border-style: solid; border-width: 0.5px; padding: 2px 6px;\">5%</td>\r<td style=\"border-style: solid; border-width: 0.5px; padding: 2px 6px;\">1,300.00</td>\r</tr><tr>\r<td style=\"border-style: solid; border-width: 0.5px; padding: 2px 6px; text-align: center;\">Laptops</td>\r<td style=\"border-style: solid; border-width: 0.5px; padding: 2px 6px; text-align: center;\">1</td>\r<td style=\"border-style: solid; border-width: 0.5px; padding: 2px 6px;\">10,000 Minutes</td>\r<td style=\"border-style: solid; border-width: 0.5px; padding: 2px 6px;\">test record</td>\r<td style=\"border-style: solid; border-width: 0.5px; padding: 2px 6px;\">300.00</td>\r<td style=\"border-style: solid; border-width: 0.5px; padding: 2px 6px;\">30.00</td>\r<td style=\"border-style: solid; border-width: 0.5px; padding: 2px 6px;\">270.00</td>\r<td style=\"border-style: solid; border-width: 0.5px; padding: 2px 6px;\">5%</td>\r<td style=\"border-style: solid; border-width: 0.5px; padding: 2px 6px;\">270.00</td>\r</tr><tr>\r<td style=\"border-style: solid; border-width: 0.5px; padding: 2px 6px; text-align: center;\">Laptops</td>\r<td style=\"border-style: solid; border-width: 0.5px; padding: 2px 6px; text-align: center;\">10</td>\r<td style=\"border-style: solid; border-width: 0.5px; padding: 2px 6px;\">Enhanced Extension</td>\r<td style=\"border-style: solid; border-width: 0.5px; padding: 2px 6px;\">test record</td>\r<td style=\"border-style: solid; border-width: 0.5px; padding: 2px 6px;\">8.00</td>\r<td style=\"border-style: solid; border-width: 0.5px; padding: 2px 6px;\">2.00</td>\r<td style=\"border-style: solid; border-width: 0.5px; padding: 2px 6px;\">6.00</td>\r<td style=\"border-style: solid; border-width: 0.5px; padding: 2px 6px;\">5%</td>\r<td style=\"border-style: solid; border-width: 0.5px; padding: 2px 6px;\">60.00</td>\r</tr>\r\r<tr>\r<td colspan=\"7\"></td>\r<td style=\"border-style: solid; border-width: 0.5px; padding: 2px 6px; font-weight: bold; text-align: right;\">Total</td>\r<td style=\"border-style: solid; border-width: 0.5px; padding: 2px 6px;\">1,880.00</td>\r</tr>\r<tr>\r<td colspan=\"7\"></td>\r<td style=\"border-style: solid; border-width: 0.5px; padding: 2px 6px; font-weight: bold; text-align: right;\">Discount</td>\r<td style=\"border-style: solid; border-width: 0.5px; padding: 2px 6px;\">-300.00</td>\r</tr>\r<tr>\r<td colspan=\"7\"></td>\r<td style=\"border-style: solid; border-width: 0.5px; padding: 2px 6px; font-weight: bold; text-align: right;\">Subtotal</td>\r<td style=\"border-style: solid; border-width: 0.5px; padding: 2px 6px;\">1,630.00</td>\r</tr>\r<tr>\r<td colspan=\"7\"></td>\r<td style=\"border-style: solid; border-width: 0.5px; padding: 2px 6px; font-weight: bold; text-align: right;\">Tax</td>\r<td style=\"border-style: solid; border-width: 0.5px; padding: 2px 6px;\">81.50</td>\r</tr>\r<tr>\r<td colspan=\"7\"></td>\r<td style=\"border-style: solid; border-width: 0.5px; padding: 2px 6px; font-weight: bold; text-align: right;\">Shipping</td>\r<td style=\"border-style: solid; border-width: 0.5px; padding: 2px 6px;\">0.00</td>\r</tr>\r<tr>\r<td colspan=\"6\"></td>\r<td style=\"border-style: solid; border-width: 0.5px; padding: 2px 6px; font-weight: bold; text-align: right;\">Grand Total</td>\r<td style=\"border-style: solid; border-width: 0.5px; padding: 2px 6px;\">1,711.50</td>\r</tr>\r</tbody>\r</table>\r<p></p>','',0),('e0d0072a-5e82-67cd-bf5d-4f4fe9135c15','','','','','','<div><table border=\"\\\"0\\\"\" cellspacing=\"\\\"0\\\"\" cellpadding=\"\\\"0\\\"\" width=\"550\" align=\"\\\"\\\"\\\"center\\\"\\\"\\\"\"><tbody><tr><td colspan=\"\\\"2\\\"\"><p>You recently requested on 2012-03-01 21:26:13 to be able to reset your account password. </p><p>Click on the link below to reset your password:</p><p> http://sugarcrm-dev.nextlevelinternet.com/index.php?entryPoint=Changenewpassword&guid=dc29636a-eefb-a1e1-242f-4f4fe9592c5e </p>  </td>         </tr><tr><td colspan=\"\\\"2\\\"\"></td>         </tr> </tbody></table> </div>','','',0),('12b43bc1-1a91-4fdc-f76d-4f6ca253c4dd','','','','','','<div><table border=\"\\\"0\\\"\" cellspacing=\"\\\"0\\\"\" cellpadding=\"\\\"0\\\"\" width=\"550\" align=\"\\\"\\\"\\\"center\\\"\\\"\\\"\"><tbody><tr><td colspan=\"\\\"2\\\"\"><p>You recently requested on 2012-03-23 16:20:47 to be able to reset your account password. </p><p>Click on the link below to reset your password:</p><p> http://sugarcrm-dev.nextlevelinternet.com/index.php?entryPoint=Changenewpassword&guid=f03d8d23-4e2e-2717-fe46-4f6ca2b3a9b3 </p>  </td>         </tr><tr><td colspan=\"\\\"2\\\"\"></td>         </tr> </tbody></table> </div>','','',0),('16cf8ed4-a9d4-a22f-2347-4f721321ee4f','Al Allen <al@nextlevelinternet.com>','','dave@technologyconsulting.biz','','','asdfsdafsdaf','asdfsdafsdaf','',0),('9a0a94ae-5ad8-8ccc-bb9c-4f9736f0ad1e','Dave Ferrell <dave@technologyconsulting.biz>','','jerry@nextlevelinternet.com, dave@technologyconsulting.biz','','','test','test','',0),('3c23d7ef-c325-2269-654b-4fc38c4fbbc4','','','','','','','<table style=\"width: 100%; text-align: center; font-family: Arial;\" border=\"0\" cellspacing=\"2\" cellpadding=\"2\">\r<tbody style=\"text-align: left;\">\r<tr style=\"text-align: left;\">\r<td style=\"text-align: left;\">\r<p><img style=\"float: left;\" src=\"custom/themes/default/images/company_logo.png\" alt=\"\" /></p>\r</td>\r</tr>\r<tr>\r<td style=\"font-weight: bold; text-align: left;\">\r<div>Next Level Internet Ltd<br />Any Street<br />Any Town<br />Any Where</div>\r</td>\r</tr>\r<tr style=\"text-align: left;\">\r<td style=\"text-align: left;\"></td>\r</tr>\r<tr style=\"text-align: left;\">\r<td style=\"text-align: left;\">\r<h1>QUOTE</h1>\r</td>\r</tr>\r</tbody>\r</table>\r<p style=\"font-family: Arial; text-align: center;\"></p>\r<table style=\"border: 0pt currentColor; width: 100%; text-align: center; border-spacing: 0pt;\">\r<tbody style=\"text-align: left;\">\r<tr style=\"text-align: left;\">\r<td style=\"font-weight: bold; background-color: #b0c4de; padding: 2px 6px; border-style: solid; border-width: 0.5px; vertical-align: top; text-align: left; width: 50%;\">Prepared For</td>\r<td style=\"font-weight: bold; background-color: #b0c4de; padding: 2px 6px; border-style: solid; border-width: 0.5px; vertical-align: top; text-align: left; width: 50%;\">Prepared By</td>\r</tr>\r<tr style=\"text-align: left;\">\r<td style=\"padding: 2px 6px; border-style: solid; border-width: 0.5px; width: 50%; vertical-align: top; text-align: left;\">\r<div>TCG, Inc<br /> 941 Orange Ave #108<br /> Coronado <br /> CA 92118</div>\r</td>\r<td style=\"padding: 2px 6px; border-style: solid; border-width: 0.5px; width: 50%; vertical-align: top; text-align: left;\">\r<div>Sugar Admin</div>\r</td>\r</tr>\r<tr style=\"text-align: left;\">\r<td style=\"font-weight: bold; background-color: #b0c4de; padding: 2px 6px; border-style: solid; border-width: 0.5px; vertical-align: top; text-align: left; width: 50%;\">Quotation Date</td>\r<td style=\"font-weight: bold; background-color: #b0c4de; padding: 2px 6px; border-style: solid; border-width: 0.5px; vertical-align: top; text-align: left; width: 50%;\">Valid Until</td>\r</tr>\r<tr style=\"text-align: left;\">\r<td style=\"padding: 2px 6px; border-style: solid; border-width: 0.5px; width: 50%; vertical-align: top; text-align: left;\">\r<div>05/15/2012</div>\r</td>\r<td style=\"padding: 2px 6px; border-style: solid; border-width: 0.5px; width: 50%; vertical-align: top; text-align: left;\">\r<div>06/15/2012</div>\r</td>\r</tr>\r<tr style=\"text-align: left;\">\r<td style=\"font-weight: bold; background-color: #b0c4de; padding: 2px 6px; border-style: solid; border-width: 0.5px; vertical-align: top; text-align: left; width: 50%;\">Quote Number</td>\r<td style=\"font-weight: bold; background-color: #b0c4de; padding: 2px 6px; border-style: solid; border-width: 0.5px; vertical-align: top; text-align: left; width: 50%;\">Payment Terms</td>\r</tr>\r<tr style=\"text-align: left;\">\r<td style=\"padding: 2px 6px; border-style: solid; border-width: 0.5px; width: 50%; vertical-align: top; text-align: left;\">\r<div>5</div>\r</td>\r<td style=\"padding: 2px 6px; border-style: solid; border-width: 0.5px; width: 50%; vertical-align: top; text-align: left;\">\r<div>Net 15</div>\r</td>\r</tr>\r</tbody>\r</table>\r<p></p>\r<table style=\"border: 0pt currentColor; width: 100%; border-spacing: 0pt;\">\r<tbody>\r<tr>\r<td style=\"border-style: solid; background-color: #b0c4de; border-width: 0.5px; padding: 2px 6px; font-weight: bold; text-align: center;\">Quantity</td>\r<td style=\"border-style: solid; background-color: #b0c4de; border-width: 0.5px; padding: 2px 6px; font-weight: bold; text-align: center;\">Product</td>\r<td style=\"border-style: solid; background-color: #b0c4de; border-width: 0.5px; padding: 2px 6px; font-weight: bold; text-align: center;\">Description</td>\r<td style=\"border-style: solid; background-color: #b0c4de; border-width: 0.5px; padding: 2px 6px; font-weight: bold; text-align: center;\">Contract</td>\r<td style=\"border-style: solid; background-color: #b0c4de; border-width: 0.5px; padding: 2px 6px; font-weight: bold; text-align: center;\">Line Discount</td>\r<td style=\"border-style: solid; background-color: #b0c4de; border-width: 0.5px; padding: 2px 6px; font-weight: bold; text-align: center;\">Offer</td>\r<td style=\"border-style: solid; background-color: #b0c4de; border-width: 0.5px; padding: 2px 6px; font-weight: bold; text-align: center;\">Tax</td>\r<td style=\"border-style: solid; background-color: #b0c4de; border-width: 0.5px; padding: 2px 6px; font-weight: bold; text-align: center;\">Total</td>\r</tr>\r<tr>\r<td style=\"border-style: solid; border-width: 0.5px; padding: 2px 6px; text-align: center;\">3</td>\r<td style=\"border-style: solid; border-width: 0.5px; padding: 2px 6px;\">Clear Channel Internet</td>\r<td style=\"border-style: solid; border-width: 0.5px; padding: 2px 6px;\">&nbsp;</td>\r<td style=\"border-style: solid; border-width: 0.5px; padding: 2px 6px;\">650.00</td>\r<td style=\"border-style: solid; border-width: 0.5px; padding: 2px 6px;\">25.00</td>\r<td style=\"border-style: solid; border-width: 0.5px; padding: 2px 6px;\">625.00</td>\r<td style=\"border-style: solid; border-width: 0.5px; padding: 2px 6px;\">11.9%</td>\r<td style=\"border-style: solid; border-width: 0.5px; padding: 2px 6px;\">625.00</td>\r</tr><tr>\r<td style=\"border-style: solid; border-width: 0.5px; padding: 2px 6px; text-align: center;\">5,000</td>\r<td style=\"border-style: solid; border-width: 0.5px; padding: 2px 6px;\">BGP Configuration & Monitoring </td>\r<td style=\"border-style: solid; border-width: 0.5px; padding: 2px 6px;\">&nbsp;</td>\r<td style=\"border-style: solid; border-width: 0.5px; padding: 2px 6px;\">875,000.00</td>\r<td style=\"border-style: solid; border-width: 0.5px; padding: 2px 6px;\">8,000.00</td>\r<td style=\"border-style: solid; border-width: 0.5px; padding: 2px 6px;\">175.00</td>\r<td style=\"border-style: solid; border-width: 0.5px; padding: 2px 6px;\">0%</td>\r<td style=\"border-style: solid; border-width: 0.5px; padding: 2px 6px;\">0.00</td>\r</tr>\r\r<tr>\r<td colspan=\"6\"></td>\r<td style=\"border-style: solid; border-width: 0.5px; padding: 2px 6px; font-weight: bold; text-align: right;\">Total</td>\r<td style=\"border-style: solid; border-width: 0.5px; padding: 2px 6px;\">0.00</td>\r</tr>\r<tr>\r<td colspan=\"6\"></td>\r<td style=\"border-style: solid; border-width: 0.5px; padding: 2px 6px; font-weight: bold; text-align: right;\">Discount</td>\r<td style=\"border-style: solid; border-width: 0.5px; padding: 2px 6px;\">0.00</td>\r</tr>\r<tr>\r<td colspan=\"6\"></td>\r<td style=\"border-style: solid; border-width: 0.5px; padding: 2px 6px; font-weight: bold; text-align: right;\">Subtotal</td>\r<td style=\"border-style: solid; border-width: 0.5px; padding: 2px 6px;\">525.00</td>\r</tr>\r<tr>\r<td colspan=\"6\"></td>\r<td style=\"border-style: solid; border-width: 0.5px; padding: 2px 6px; font-weight: bold; text-align: right;\">Tax</td>\r<td style=\"border-style: solid; border-width: 0.5px; padding: 2px 6px;\">74.38</td>\r</tr>\r<tr>\r<td colspan=\"6\"></td>\r<td style=\"border-style: solid; border-width: 0.5px; padding: 2px 6px; font-weight: bold; text-align: right;\">Shipping</td>\r<td style=\"border-style: solid; border-width: 0.5px; padding: 2px 6px;\">50.00</td>\r</tr>\r<tr>\r<td colspan=\"6\"></td>\r<td style=\"border-style: solid; border-width: 0.5px; padding: 2px 6px; font-weight: bold; text-align: right;\">Grand Total</td>\r<td style=\"border-style: solid; border-width: 0.5px; padding: 2px 6px;\">749.38</td>\r</tr>\r</tbody>\r</table>\r<p></p>','',0),('b1433138-714f-8c4c-f19c-4fc38c768989','Sugar Admin <sugaradmin@nextlevelinternet.com>','','rnbhouse@gmail.com','','','','','',0),('92f1fbc6-67e9-e2f9-69d6-4fcfad0da128','Dave Ferrell <dave@technologyconsulting.biz>','','dave@technologyconsulting.biz','','','test quote template','test quote template','',0),('533adea7-7c51-c8b9-2eaf-4fcfad8c6057','Sugar Admin <sugaradmin@nextlevelinternet.com>','','rnbhouse@gmail.com','','','test','test','',0),('72004241-3eb3-4d00-623d-4fd0e23c60ac','Dave Ferrell <dave@technologyconsulting.biz>','','daferrell99@gmail.com','','','&nbsp;\n\n\n\n\n\n\n\n\nJun 07,2012\n\n\nACCOUNT TEST\n Some street of Chandigarh\n Chandigarh, Panjab, Hariyana 11122200\n\n\n&nbsp;\n\n\n\n\n\n\nDear John,\n\n\nIt is my pleasure to offer&nbsp;ACCOUNT TEST NextLevel&rsquo;s Clear Channel Internet and Hosted Voice services. NextLevel is completely dedicated to providing superior managed Internet and Voice services to enterprise businesses. Below you will find our service advantages:\n\n\n&nbsp;\nPrivately Managed Data Access - NextLevel&rsquo;sClear Channel Internet connectivity privately transports and prioritizes the Voice services directly to our highly-redundant, Tier 1 data centers.\n\n\n&nbsp;\nFlawless voice quality - NextLevel Voice delivers carrier-grade voice service over a Tier 1 network that is specifically designed to provide exceptional clarity, reliability, and redundancy.\n\n\n&nbsp;\nPredictable operating expenses - The NextLevel Voice platform has low to no capital costs with zero maintenance fees, zero management expenses, and flat rate, per seat pricing.\n\n\n&nbsp;\nSimplicity and flexibility - Place the order and have voice services in hours, not days or weeks. Fast-growing companies and distributed companies with a large number of off-site employees are all supported with free unlimited calling between locations.\n\n\n&nbsp;\nPremium feature bundles - The NextLevel Voice platform offers businesses a feature set comparable with overpriced PBX solutions previously available only to large enterprises, including Business Class Voicemail, Voicemail to Email, Web-based Administration, Auto-Attendant, Extension Dialing, Conference Calling, Call Transfer, 3-Way Calling, Call Forwarding, Distinctive Ringing, and Multi-Site Support - all with Unlimited Domestic Calling plans available.\n\n\n&nbsp;\nStraightforward billing - There is only one bill and point of contact for all local, long distance, and data services. There is no costly investment or maintenance contract associated with an in-house PBX or hybrid phone system-only flat rate, per seat pricing.\n\n\n&nbsp;\n24/7 support and service - NextLevel Internet prides itself on its customer retention and satisfaction, providing world class service with USA-based support.\n\n\n&nbsp;\n\n\n&nbsp;\n\n\nNextLevel Internet looks forward to exceeding your expectations!\n\n\n&nbsp;\n\n\nBest Regards\n\n\n&nbsp;\n\n\n\n\n\n\n&nbsp;\n\n\n\n&nbsp;\n\n\n\n\n\n\n&nbsp;Al Voice Test\n\n\n&nbsp;\n\n\n\nDate:&nbsp;\nJun 07,2012&nbsp;\n\n\nPrepared for:\nACCOUNT TEST\n\n\nLocation:\nChandigarh, Panjab, Hariyana&nbsp;\n\n\nPrepared By:\nDave Ferrell&nbsp;\n\n\n\n\n\n\n&nbsp;\n\n\n\nNextLevel Internet&rsquo;s Clear Channel Voice solution allows your business the opportunity to build a flexible and high availability PBX replacement system that affordably supports between 5 and 200+ users. This is a cost-effective alternative to purchasing, managing, and supporting an obsolete PBX or hybrid key system. NextLevel&rsquo;s mission-critical voice solution is designed to give you everything you need to maximize your company\'s uptime.\n\n\n&nbsp;\n\n\nAt NextLevel Internet, we look forward to the opportunity to exceed your company&rsquo;s service expectations!\n\n\n\n&nbsp;\n\n\n\n\n\n\n&nbsp;MONTHLY FEES\n\n\nQty\n&nbsp;Product Name\nContract Price\n(Per Unit)\nContract Value\nMRC \nDiscount\nSale\nPrice&nbsp;\nContract\nPrice&nbsp;\n\n\n&nbsp;1\nCall Center Statistics\n150.00\n150.00\n25.00\n125.00\n125\n\n\n&nbsp;10\nCall Center Agent\n5.00\n50.00\n&nbsp;\n50.00\n50\n\n\n&nbsp;10,001\nMinute Block\n0.05\n500.00\n&nbsp;\n500.00\n500\n\n\n\n[Quote expires in 30 days. Pricing based on&nbsp;24 month term.]\n\n&nbsp;\nSupport:\n&nbsp;\nSupport for NextLevel Internet&trade; services available 24x7x365. Support for NextLevelVoice&trade; services available 8am-6pm PT. NextLevelVoice&trade; Support provided for \"voice\" service only, and only within the Service Address network. \"Quality of Service\" (QoS) is limited to prioritization of NextLevelVoice&trade; packets above all others. Not responsible for QoS issues that occur within a Customers network or outside of our network. Configuration services and additional non-standard NextLevelVoice&trade; Support (following initial training and 15 days of free support) available at current market rate (hourly rate as of 7/1/09 is $75/hr billed in 15-minute increments). Requests for Support must come from the Customers designated Technical Point of Contact (POC). A pre-approved POC is required for administrative and security purposes.&nbsp;&nbsp;\n&nbsp;\nDeliverables:\n\n\n\n\n\nNextLevel will fully Training client staff on both the phones and user interface portal\n\n\n\n\n\n\nNextLevel will assist in the final selection and purchase of the phones\n\n\n\n\n\n\nNextLevel will pre-configure the phones before hardware vendor drop ships to client location\n\n\n\n\n\n\nNextLevel Internet will install and make sure phones are working to client satisfaction\n\n\n\n\n\n\nNextLevel will set up the system to your specs\n\n\n\n\n\n\nNextLevel to create caller ID and number for inbound and outbound calls per client specs\n\n\n\n\n\n\nNextLevel will port numbers - A Letter Of Authorization (LOA) will allow us to initiate the process of transferring your service and telephone number to NextLevel. You will then be able to use your old number with our service.\n\n\n\n\n\n\nNextLevel will assist your technician with the proper router settings\n\n\n\n\n\n\nNextLevel support is 24/7 and US based\n\n\n\n\n\n\nAnywhere client plugs in the phone with an internet (anywhere in the world) the phone will be up and running as if phone was in the office\n\n\n\n\n\n\nThere are no typical Upgrade or Maintenance fees\n\n\n\n\n\n\n100% uptime guarantee\n\n\n\n\n\n\nWaived Install fees with a 2 year term','<span><br /><br /><br /></span>&nbsp;\n<table style=\"width: 100%; font-family: Arial; text-align: center;\" border=\"0\" cellspacing=\"2\" cellpadding=\"2\">\n<tbody style=\"text-align: left;\">\n<tr style=\"text-align: left;\">\n<td style=\"text-align: left;\">\n<p><img style=\"float: left;\" src=\"custom/themes/default/images/company_logo.png\" alt=\"\" /></p>\n</td>\n</tr>\n<tr>\n<td style=\"text-align: right;\"><span style=\"font-size: x-small;\">Jun 07,2012</span></td>\n</tr>\n<tr>\n<td style=\"text-align: left;\"><span style=\"font-size: x-small;\"><strong>ACCOUNT TEST</strong></span><br /><span style=\"font-size: x-small;\"> Some street of Chandigarh</span><br /><span style=\"font-size: x-small;\"> Chandigarh, Panjab, Hariyana 11122200</span></td>\n</tr>\n<tr style=\"text-align: left;\">\n<td style=\"text-align: left;\">&nbsp;</td>\n</tr>\n<tr style=\"text-align: left;\">\n<td style=\"text-align: left;\">\n<table style=\"width: 100%;\" border=\"0\">\n<tbody>\n<tr>\n<td colspan=\"2\"><span style=\"font-size: xx-small;\">Dear John,</span></td>\n</tr>\n<tr>\n<td colspan=\"2\"><span style=\"font-size: xx-small;\">It is my pleasure to offer&nbsp;<strong>ACCOUNT TEST</strong> NextLevel&rsquo;s Clear Channel Internet and Hosted Voice services. NextLevel is completely dedicated to providing superior managed Internet and Voice services to enterprise businesses. Below you will find our service advantages:</span></td>\n</tr>\n<tr>\n<td>&nbsp;</td>\n<td><span style=\"font-size: xx-small;\"><strong>Privately Managed Data Access </strong>- NextLevel&rsquo;sClear Channel Internet connectivity privately transports and prioritizes the Voice services directly to our highly-redundant, Tier 1 data centers.</span></td>\n</tr>\n<tr>\n<td>&nbsp;</td>\n<td><span style=\"font-size: xx-small;\"><strong>Flawless voice quality</strong> - NextLevel Voice delivers carrier-grade voice service over a Tier 1 network that is specifically designed to provide exceptional clarity, reliability, and redundancy.</span></td>\n</tr>\n<tr>\n<td>&nbsp;</td>\n<td><span style=\"font-size: xx-small;\"><strong>Predictable operating expenses</strong> - The NextLevel Voice platform has low to no capital costs with zero maintenance fees, zero management expenses, and flat rate, per seat pricing.</span></td>\n</tr>\n<tr>\n<td>&nbsp;</td>\n<td><span style=\"font-size: xx-small;\"><strong>Simplicity and flexibility</strong> - Place the order and have voice services in hours, not days or weeks. Fast-growing companies and distributed companies with a large number of off-site employees are all supported with free unlimited calling between locations.</span></td>\n</tr>\n<tr>\n<td>&nbsp;</td>\n<td><span style=\"font-size: xx-small;\"><strong>Premium feature bundles</strong> - The NextLevel Voice platform offers businesses a feature set comparable with overpriced PBX solutions previously available only to large enterprises, including Business Class Voicemail, Voicemail to Email, Web-based Administration, Auto-Attendant, Extension Dialing, Conference Calling, Call Transfer, 3-Way Calling, Call Forwarding, Distinctive Ringing, and Multi-Site Support - all with Unlimited Domestic Calling plans available.</span></td>\n</tr>\n<tr>\n<td>&nbsp;</td>\n<td><span style=\"font-size: xx-small;\"><strong>Straightforward billing</strong> - There is only one bill and point of contact for all local, long distance, and data services. There is no costly investment or maintenance contract associated with an in-house PBX or hybrid phone system-only flat rate, per seat pricing.</span></td>\n</tr>\n<tr>\n<td>&nbsp;</td>\n<td><span style=\"font-size: xx-small;\"><strong>24/7 support and service</strong> - NextLevel Internet prides itself on its customer retention and satisfaction, providing world class service with USA-based support.</span></td>\n</tr>\n<tr>\n<td colspan=\"2\">&nbsp;</td>\n</tr>\n<tr>\n<td colspan=\"2\">&nbsp;</td>\n</tr>\n<tr>\n<td colspan=\"2\"><span style=\"font-size: xx-small;\">NextLevel Internet looks forward to exceeding your expectations!</span></td>\n</tr>\n<tr>\n<td colspan=\"2\">&nbsp;</td>\n</tr>\n<tr>\n<td colspan=\"2\"><span style=\"font-size: xx-small;\">Best Regards</span></td>\n</tr>\n<tr>\n<td colspan=\"2\">&nbsp;</td>\n</tr>\n</tbody>\n</table>\n</td>\n</tr>\n<tr style=\"text-align: left;\">\n<td style=\"text-align: left;\">&nbsp;</td>\n</tr>\n</tbody>\n</table>\n<p style=\"font-family: Arial; text-align: center;\">&nbsp;</p>\n<table style=\"width: 100%;\" border=\"0\">\n<tbody>\n<tr>\n<td><img src=\"custom/themes/default/images/company_logo.png\" alt=\"\" /></td>\n</tr>\n<tr>\n<td style=\"text-align: center;\">&nbsp;Al Voice Test</td>\n</tr>\n<tr>\n<td><hr />&nbsp;\n<table style=\"width: 100%;\" border=\"0\">\n<tbody>\n<tr>\n<td style=\"text-align: left; font-weight: bold;\"><span style=\"font-size: x-small;\">Date:&nbsp;</span></td>\n<td style=\"text-align: left;\"><span style=\"font-size: x-small;\">Jun 07,2012&nbsp;</span></td>\n</tr>\n<tr>\n<td style=\"text-align: left; font-weight: bold;\"><span style=\"font-size: x-small;\">Prepared for:</span></td>\n<td><span style=\"font-size: x-small;\">ACCOUNT TEST</span></td>\n</tr>\n<tr>\n<td style=\"text-align: left; font-weight: bold;\"><span style=\"font-size: x-small;\">Location:</span></td>\n<td><span style=\"font-size: x-small;\">Chandigarh, Panjab, Hariyana&nbsp;</span></td>\n</tr>\n<tr>\n<td style=\"text-align: left; font-weight: bold;\"><span style=\"font-size: x-small;\">Prepared By:</span></td>\n<td><span style=\"font-size: x-small;\">Dave Ferrell&nbsp;</span></td>\n</tr>\n</tbody>\n</table>\n<hr /></td>\n</tr>\n<tr>\n<td>&nbsp;</td>\n</tr>\n<tr>\n<td>\n<p><span style=\"font-size: x-small;\">NextLevel Internet&rsquo;s Clear Channel Voice solution allows your business the opportunity to build a flexible and high availability PBX replacement system that affordably supports between 5 and 200+ users. This is a cost-effective alternative to purchasing, managing, and supporting an obsolete PBX or hybrid key system. NextLevel&rsquo;s mission-critical voice solution is designed to give you everything you need to maximize your company\'s uptime.</span></p>\n<br />\n<p>&nbsp;</p>\n<br />\n<p><span style=\"font-size: x-small;\">At </span><span style=\"font-size: x-small;\">NextLevel Internet</span><span style=\"font-size: x-small;\">, we look forward to the opportunity to exceed your company&rsquo;s service expectations!</span></p>\n</td>\n</tr>\n<tr>\n<td>&nbsp;</td>\n</tr>\n</tbody>\n</table>\n<table style=\"border: 0pt none currentcolor; width: 100%; border-spacing: 0pt;\">\n<tbody>\n<tr>\n<td style=\"text-align: center; height: 20px; background-color: #6091f9;\" colspan=\"7\"><span style=\"font-size: x-small;\">&nbsp;<strong>MONTHLY FEES</strong></span></td>\n</tr>\n<tr>\n<td style=\"border-style: solid; border-width: 0.5px; padding: 2px 6px; text-align: center; font-weight: bold;\">Qty</td>\n<td style=\"border-style: solid; border-width: 0.5px; padding: 2px 6px; text-align: center; font-weight: bold;\">&nbsp;Product Name</td>\n<td style=\"border-style: solid; border-width: 0.5px; padding: 2px 6px; text-align: center; font-weight: bold;\">Contract Price<br />(Per Unit)</td>\n<td style=\"border-style: solid; border-width: 0.5px; padding: 2px 6px; text-align: center; font-weight: bold;\">Contract Value</td>\n<td style=\"border-style: solid; border-width: 0.5px; padding: 2px 6px; text-align: center; font-weight: bold;\">MRC <br />Discount</td>\n<td style=\"border-style: solid; border-width: 0.5px; padding: 2px 6px; text-align: center; font-weight: bold;\">Sale<br />Price&nbsp;</td>\n<td style=\"border-style: solid; border-width: 0.5px; padding: 2px 6px; text-align: center; font-weight: bold;\">Contract<br />Price&nbsp;</td>\n</tr>\n<tr>\n<td style=\"border-style: solid; border-width: 0.5px; padding: 2px 6px; text-align: center;\">&nbsp;1</td>\n<td style=\"border-style: solid; border-width: 0.5px; padding: 2px 6px; text-align: center;\">Call Center Statistics</td>\n<td style=\"border-style: solid; border-width: 0.5px; padding: 2px 6px; text-align: center;\">150.00</td>\n<td style=\"border-style: solid; border-width: 0.5px; padding: 2px 6px; text-align: center;\">150.00</td>\n<td style=\"border-style: solid; border-width: 0.5px; padding: 2px 6px; text-align: center; color: red;\">25.00</td>\n<td style=\"border-style: solid; border-width: 0.5px; padding: 2px 6px; text-align: center;\">125.00</td>\n<td style=\"border-style: solid; border-width: 0.5px; padding: 2px 6px; text-align: center;\">125</td>\n</tr>\n<tr>\n<td style=\"border-style: solid; border-width: 0.5px; padding: 2px 6px; text-align: center;\">&nbsp;10</td>\n<td style=\"border-style: solid; border-width: 0.5px; padding: 2px 6px; text-align: center;\">Call Center Agent</td>\n<td style=\"border-style: solid; border-width: 0.5px; padding: 2px 6px; text-align: center;\">5.00</td>\n<td style=\"border-style: solid; border-width: 0.5px; padding: 2px 6px; text-align: center;\">50.00</td>\n<td style=\"border-style: solid; border-width: 0.5px; padding: 2px 6px; text-align: center; color: red;\">&nbsp;</td>\n<td style=\"border-style: solid; border-width: 0.5px; padding: 2px 6px; text-align: center;\">50.00</td>\n<td style=\"border-style: solid; border-width: 0.5px; padding: 2px 6px; text-align: center;\">50</td>\n</tr>\n<tr>\n<td style=\"border-style: solid; border-width: 0.5px; padding: 2px 6px; text-align: center;\">&nbsp;10,001</td>\n<td style=\"border-style: solid; border-width: 0.5px; padding: 2px 6px; text-align: center;\">Minute Block</td>\n<td style=\"border-style: solid; border-width: 0.5px; padding: 2px 6px; text-align: center;\">0.05</td>\n<td style=\"border-style: solid; border-width: 0.5px; padding: 2px 6px; text-align: center;\">500.00</td>\n<td style=\"border-style: solid; border-width: 0.5px; padding: 2px 6px; text-align: center; color: red;\">&nbsp;</td>\n<td style=\"border-style: solid; border-width: 0.5px; padding: 2px 6px; text-align: center;\">500.00</td>\n<td style=\"border-style: solid; border-width: 0.5px; padding: 2px 6px; text-align: center;\">500</td>\n</tr>\n</tbody>\n</table>\n<p><span style=\"font-size: x-small;\"><em>[Quote expires in 30 days. Pricing based on&nbsp;24 month </em></span><span style=\"font-size: x-small;\"><em>term.]<br /><br />&nbsp;</em></span></p>\n<p>Support:</p>\n<p>&nbsp;</p>\n<p>Support for NextLevel Internet&trade; services available 24x7x365. Support for NextLevelVoice&trade; services available 8am-6pm PT. NextLevelVoice&trade; Support provided for \"voice\" service only, and only within the Service Address network. \"Quality of Service\" (QoS) is limited to prioritization of NextLevelVoice&trade; packets above all others. Not responsible for QoS issues that occur within a Customers network or outside of our network. Configuration services and additional non-standard NextLevelVoice&trade; Support (following initial training and 15 days of free support) available at current market rate (hourly rate as of 7/1/09 is $75/hr billed in 15-minute increments). Requests for Support must come from the Customers designated Technical Point of Contact (POC). A pre-approved POC is required for administrative and security purposes.&nbsp;&nbsp;</p>\n<p>&nbsp;</p>\n<p>Deliverables:</p>\n<br /><br />\n<ul>\n<ul>\n<li style=\"font-size: x-small;\">NextLevel will fully Training client staff on both the phones and user interface portal</li>\n</ul>\n</ul>\n<br />\n<ul>\n<ul>\n<li style=\"font-size: x-small;\">NextLevel will assist in the final selection and purchase of the phones</li>\n</ul>\n</ul>\n<br />\n<ul>\n<ul>\n<li style=\"font-size: x-small;\">NextLevel will pre-configure the phones before hardware vendor drop ships to client location</li>\n</ul>\n</ul>\n<br />\n<ul>\n<ul>\n<li style=\"font-size: x-small;\">NextLevel Internet will install and make sure phones are working to client satisfaction</li>\n</ul>\n</ul>\n<br />\n<ul>\n<ul>\n<li style=\"font-size: x-small;\">NextLevel will set up the system to your specs</li>\n</ul>\n</ul>\n<br />\n<ul>\n<ul>\n<li style=\"font-size: x-small;\">NextLevel to create caller ID and number for inbound and outbound calls per client specs</li>\n</ul>\n</ul>\n<br />\n<ul>\n<ul>\n<li style=\"font-size: x-small;\">NextLevel will port numbers - A Letter Of Authorization (LOA) will allow us to initiate the process of transferring your service and telephone number to NextLevel. You will then be able to use your old number with our service.</li>\n</ul>\n</ul>\n<br />\n<ul>\n<ul>\n<li style=\"font-size: x-small;\">NextLevel will assist your technician with the proper router settings</li>\n</ul>\n</ul>\n<br />\n<ul>\n<ul>\n<li style=\"font-size: x-small;\">NextLevel support is 24/7 and US based</li>\n</ul>\n</ul>\n<br />\n<ul>\n<ul>\n<li style=\"font-size: x-small;\">Anywhere client plugs in the phone with an internet (anywhere in the world) the phone will be up and running as if phone was in the office</li>\n</ul>\n</ul>\n<br />\n<ul>\n<ul>\n<li style=\"font-size: x-small;\">There are no typical Upgrade or Maintenance fees</li>\n</ul>\n</ul>\n<br />\n<ul>\n<ul>\n<li style=\"font-size: x-small;\">100% uptime guarantee</li>\n</ul>\n</ul>\n<br />\n<ul>\n<ul>\n<li style=\"font-size: x-small;\">Waived Install fees with a 2 year term</li>\n</ul>\n</ul>','',0),('91e82c5e-3dd7-9c00-12ab-4fd0e2d1df45','Dave Ferrell <dave@technologyconsulting.biz>','','daferrell99@gmail.com','','','Quote Attached, blah, blah, blah','Quote Attached, blah, blah, blah','',0);
/*!40000 ALTER TABLE `emails_text` ENABLE KEYS */;
UNLOCK TABLES;

--
-- Table structure for table `fields_meta_data`
--

DROP TABLE IF EXISTS `fields_meta_data`;
/*!40101 SET @saved_cs_client     = @@character_set_client */;
/*!40101 SET character_set_client = utf8 */;
CREATE TABLE `fields_meta_data` (
  `id` varchar(255) NOT NULL,
  `name` varchar(255) DEFAULT NULL,
  `vname` varchar(255) DEFAULT NULL,
  `comments` varchar(255) DEFAULT NULL,
  `help` varchar(255) DEFAULT NULL,
  `custom_module` varchar(255) DEFAULT NULL,
  `type` varchar(255) DEFAULT NULL,
  `len` int(11) DEFAULT NULL,
  `required` tinyint(1) DEFAULT '0',
  `default_value` varchar(255) DEFAULT NULL,
  `date_modified` datetime DEFAULT NULL,
  `deleted` tinyint(1) DEFAULT '0',
  `audited` tinyint(1) DEFAULT '0',
  `massupdate` tinyint(1) DEFAULT '0',
  `duplicate_merge` smallint(6) DEFAULT '0',
  `reportable` tinyint(1) DEFAULT '1',
  `importable` varchar(255) DEFAULT NULL,
  `ext1` varchar(255) DEFAULT NULL,
  `ext2` varchar(255) DEFAULT NULL,
  `ext3` varchar(255) DEFAULT NULL,
  `ext4` text,
  PRIMARY KEY (`id`),
  KEY `idx_meta_id_del` (`id`,`deleted`),
  KEY `idx_meta_cm_del` (`custom_module`,`deleted`)
) ENGINE=MyISAM DEFAULT CHARSET=utf8;
/*!40101 SET character_set_client = @saved_cs_client */;

--
-- Dumping data for table `fields_meta_data`
--

LOCK TABLES `fields_meta_data` WRITE;
/*!40000 ALTER TABLE `fields_meta_data` DISABLE KEYS */;
INSERT INTO `fields_meta_data` VALUES ('Bugsdate_logged_c','date_logged_c','LBL_DATE_LOGGED',NULL,NULL,'Bugs','date',NULL,0,NULL,'2012-02-16 19:51:58',0,0,0,0,1,'true',NULL,NULL,NULL,NULL),('Bugsdate_fixed_c','date_fixed_c','LBL_DATE_FIXED',NULL,NULL,'Bugs','date',NULL,0,NULL,'2012-02-16 19:52:40',0,0,0,0,1,'true',NULL,NULL,NULL,NULL),('Contactscontacttype_c','contacttype_c','LBL_CONTACTTYPE',NULL,NULL,'Contacts','enum',100,0,'PrimaryBilling','2012-05-11 07:58:39',0,0,0,0,1,'true','list_Contact_Types',NULL,NULL,NULL),('Contactscontactid_c','contactid_c','LBL_CONTACTID',NULL,NULL,'Contacts','varchar',255,0,NULL,'2012-05-23 08:58:16',0,0,0,0,1,'true',NULL,NULL,NULL,NULL),('Contactscontacttypeval_c','contacttypeval_c','LBL_CONTACTTYPEVAL',NULL,NULL,'Contacts','varchar',255,0,NULL,'2012-05-15 11:19:37',0,0,0,0,1,'true',NULL,NULL,NULL,NULL),('nli_ServiceAddressescontact_id_c','contact_id_c','LBL_LIST_RELATED_TO',NULL,NULL,'nli_ServiceAddresses','id',36,0,NULL,'2012-05-24 10:42:18',0,0,0,0,0,'true',NULL,NULL,NULL,NULL),('nli_ServiceAddressesrelatedcontactid_c','relatedcontactid_c','LBL_RELATEDCONTACTID',NULL,NULL,'nli_ServiceAddresses','relate',255,0,NULL,'2012-05-24 10:42:18',0,0,0,0,1,'true',NULL,'Contacts','contact_id_c',NULL),('nli_ServiceAddressesaccount_id_c','account_id_c','LBL_LIST_RELATED_TO',NULL,NULL,'nli_ServiceAddresses','id',36,0,NULL,'2012-06-06 11:44:17',0,0,0,0,0,'true',NULL,NULL,NULL,NULL),('nli_ServiceAddressesaccountuserrelated_c','accountuserrelated_c','LBL_ACCOUNTUSERRELATED',NULL,NULL,'nli_ServiceAddresses','relate',255,0,NULL,'2012-06-06 11:44:41',0,0,0,0,1,'true',NULL,'Accounts','account_id_c',NULL),('AOS_Productsjbilling_relation_id_c','jbilling_relation_id_c','LBL_JBILLING_RELATION_ID',NULL,NULL,'AOS_Products','varchar',255,0,NULL,'2012-06-11 05:00:15',0,0,0,0,1,'true',NULL,NULL,NULL,NULL),('AOS_Productshomir_id_c','homir_id_c','LBL_HOMIR_ID',NULL,NULL,'AOS_Products','varchar',255,0,NULL,'2012-06-13 09:48:06',0,0,0,0,1,'true',NULL,NULL,NULL,NULL),('Contactscontact_id_c','contact_id_c','LBL_LIST_RELATED_TO',NULL,NULL,'Contacts','id',36,0,NULL,'2012-06-13 12:42:03',0,0,0,0,0,'true',NULL,NULL,NULL,NULL),('Contactsprimarycontacts_c','primarycontacts_c','LBL_PRIMARYCONTACTS',NULL,NULL,'Contacts','relate',255,0,NULL,'2012-06-13 12:42:55',0,0,0,0,1,'true',NULL,'Contacts','contact_id_c',NULL),('Contactsmainprimarytechnical_c','mainprimarytechnical_c','LBL_MAINPRIMARYTECHNICAL',NULL,NULL,'Contacts','varchar',255,0,NULL,'2012-06-15 08:11:39',0,0,0,0,1,'true',NULL,NULL,NULL,NULL),('nli_ServiceAddressesaddressstatus_c','addressstatus_c','LBL_ADDRESSSTATUS',NULL,NULL,'nli_ServiceAddresses','varchar',255,0,NULL,'2012-06-21 11:55:09',0,0,0,0,1,'true',NULL,NULL,NULL,NULL),('nli_ServiceAddressestrest_c','trest_c','LBL_TREST',NULL,NULL,'nli_ServiceAddresses','int',255,0,NULL,'2012-06-22 11:40:42',0,0,0,0,1,'true',NULL,NULL,NULL,NULL);
/*!40000 ALTER TABLE `fields_meta_data` ENABLE KEYS */;
UNLOCK TABLES;

--
-- Table structure for table `folders`
--

DROP TABLE IF EXISTS `folders`;
/*!40101 SET @saved_cs_client     = @@character_set_client */;
/*!40101 SET character_set_client = utf8 */;
CREATE TABLE `folders` (
  `id` char(36) NOT NULL,
  `name` varchar(25) DEFAULT NULL,
  `folder_type` varchar(25) DEFAULT NULL,
  `parent_folder` char(36) DEFAULT NULL,
  `has_child` tinyint(1) DEFAULT '0',
  `is_group` tinyint(1) DEFAULT '0',
  `is_dynamic` tinyint(1) DEFAULT '0',
  `dynamic_query` text,
  `assign_to_id` char(36) DEFAULT NULL,
  `created_by` char(36) NOT NULL,
  `modified_by` char(36) NOT NULL,
  `deleted` tinyint(1) DEFAULT '0',
  PRIMARY KEY (`id`),
  KEY `idx_parent_folder` (`parent_folder`)
) ENGINE=MyISAM DEFAULT CHARSET=utf8;
/*!40101 SET character_set_client = @saved_cs_client */;

--
-- Dumping data for table `folders`
--

LOCK TABLES `folders` WRITE;
/*!40000 ALTER TABLE `folders` DISABLE KEYS */;
INSERT INTO `folders` VALUES ('32578bb4-c8bf-f8f3-230a-4f187ba65fd3','My Email','inbound','',1,0,1,'SELECT emails.id polymorphic_id, \'Emails\' polymorphic_module FROM emails\n								   JOIN emails_text on emails.id = emails_text.email_id\n                                   WHERE (type = \'inbound\' OR status = \'inbound\') AND assigned_user_id = \'1\' AND emails.deleted = \'0\' AND status NOT IN (\'sent\', \'archived\', \'draft\') AND type NOT IN (\'out\', \'archived\', \'draft\')','','1','1',0),('328d8f83-ea01-12e0-61bd-4f187b5f7f8a','My Drafts','draft','32578bb4-c8bf-f8f3-230a-4f187ba65fd3',0,0,1,'SELECT emails.id polymorphic_id, \'Emails\' polymorphic_module FROM emails\n								   JOIN emails_text on emails.id = emails_text.email_id\n                                   WHERE (type = \'draft\' OR status = \'draft\') AND assigned_user_id = \'1\' AND emails.deleted = \'0\' AND status NOT IN (\'archived\') AND type NOT IN (\'archived\')','','1','1',0),('32aeed2a-6cfd-cd60-3cc9-4f187bc9649d','Sent Emails','sent','32578bb4-c8bf-f8f3-230a-4f187ba65fd3',0,0,1,'SELECT emails.id polymorphic_id, \'Emails\' polymorphic_module FROM emails\n								   JOIN emails_text on emails.id = emails_text.email_id\n                                   WHERE (type = \'out\' OR status = \'sent\') AND assigned_user_id = \'1\' AND emails.deleted = \'0\' AND status NOT IN (\'archived\') AND type NOT IN (\'archived\')','','1','1',0),('5ce3e226-8e1f-add0-72da-4f7213d3bf66','My Email','inbound','',1,0,1,'SELECT emails.id polymorphic_id, \'Emails\' polymorphic_module FROM emails\n								   JOIN emails_text on emails.id = emails_text.email_id\n                                   WHERE (type = \'inbound\' OR status = \'inbound\') AND assigned_user_id = \'9106f88a-f272-8119-72a3-4f3165461fc6\' AND emails.deleted = \'0\' AND status NOT IN (\'sent\', \'archived\', \'draft\') AND type NOT IN (\'out\', \'archived\', \'draft\')','','9106f88a-f272-8119-72a3-4f3165461fc6','9106f88a-f272-8119-72a3-4f3165461fc6',0),('5d237d46-2a40-b88d-a5f4-4f7213c63813','My Drafts','draft','5ce3e226-8e1f-add0-72da-4f7213d3bf66',0,0,1,'SELECT emails.id polymorphic_id, \'Emails\' polymorphic_module FROM emails\n								   JOIN emails_text on emails.id = emails_text.email_id\n                                   WHERE (type = \'draft\' OR status = \'draft\') AND assigned_user_id = \'9106f88a-f272-8119-72a3-4f3165461fc6\' AND emails.deleted = \'0\' AND status NOT IN (\'archived\') AND type NOT IN (\'archived\')','','9106f88a-f272-8119-72a3-4f3165461fc6','9106f88a-f272-8119-72a3-4f3165461fc6',0),('5d46aac6-353c-7558-8b6e-4f72134f62d3','Sent Emails','sent','5ce3e226-8e1f-add0-72da-4f7213d3bf66',0,0,1,'SELECT emails.id polymorphic_id, \'Emails\' polymorphic_module FROM emails\n								   JOIN emails_text on emails.id = emails_text.email_id\n                                   WHERE (type = \'out\' OR status = \'sent\') AND assigned_user_id = \'9106f88a-f272-8119-72a3-4f3165461fc6\' AND emails.deleted = \'0\' AND status NOT IN (\'archived\') AND type NOT IN (\'archived\')','','9106f88a-f272-8119-72a3-4f3165461fc6','9106f88a-f272-8119-72a3-4f3165461fc6',0),('e8a0c6c1-0d89-cf69-b10f-4f9736a8c3f1','My Email','inbound','',1,0,1,'SELECT emails.id polymorphic_id, \'Emails\' polymorphic_module FROM emails\n								   JOIN emails_text on emails.id = emails_text.email_id\n                                   WHERE (type = \'inbound\' OR status = \'inbound\') AND assigned_user_id = \'2bf53c62-efbb-f811-41f8-4f3d64001d45\' AND emails.deleted = \'0\' AND status NOT IN (\'sent\', \'archived\', \'draft\') AND type NOT IN (\'out\', \'archived\', \'draft\')','','2bf53c62-efbb-f811-41f8-4f3d64001d45','2bf53c62-efbb-f811-41f8-4f3d64001d45',0),('eab078cd-7c92-e775-7893-4f9736ae630a','My Drafts','draft','e8a0c6c1-0d89-cf69-b10f-4f9736a8c3f1',0,0,1,'SELECT emails.id polymorphic_id, \'Emails\' polymorphic_module FROM emails\n								   JOIN emails_text on emails.id = emails_text.email_id\n                                   WHERE (type = \'draft\' OR status = \'draft\') AND assigned_user_id = \'2bf53c62-efbb-f811-41f8-4f3d64001d45\' AND emails.deleted = \'0\' AND status NOT IN (\'archived\') AND type NOT IN (\'archived\')','','2bf53c62-efbb-f811-41f8-4f3d64001d45','2bf53c62-efbb-f811-41f8-4f3d64001d45',0),('eadb05b0-bffb-1bf5-1f27-4f97362d77b2','Sent Emails','sent','e8a0c6c1-0d89-cf69-b10f-4f9736a8c3f1',0,0,1,'SELECT emails.id polymorphic_id, \'Emails\' polymorphic_module FROM emails\n								   JOIN emails_text on emails.id = emails_text.email_id\n                                   WHERE (type = \'out\' OR status = \'sent\') AND assigned_user_id = \'2bf53c62-efbb-f811-41f8-4f3d64001d45\' AND emails.deleted = \'0\' AND status NOT IN (\'archived\') AND type NOT IN (\'archived\')','','2bf53c62-efbb-f811-41f8-4f3d64001d45','2bf53c62-efbb-f811-41f8-4f3d64001d45',0);
/*!40000 ALTER TABLE `folders` ENABLE KEYS */;
UNLOCK TABLES;

--
-- Table structure for table `folders_rel`
--

DROP TABLE IF EXISTS `folders_rel`;
/*!40101 SET @saved_cs_client     = @@character_set_client */;
/*!40101 SET character_set_client = utf8 */;
CREATE TABLE `folders_rel` (
  `id` char(36) NOT NULL,
  `folder_id` char(36) NOT NULL,
  `polymorphic_module` varchar(25) DEFAULT NULL,
  `polymorphic_id` char(36) NOT NULL,
  `deleted` tinyint(1) DEFAULT '0',
  PRIMARY KEY (`id`),
  KEY `idx_poly_module_poly_id` (`polymorphic_module`,`polymorphic_id`),
  KEY `idx_fr_id_deleted_poly` (`folder_id`,`deleted`,`polymorphic_id`)
) ENGINE=MyISAM DEFAULT CHARSET=utf8;
/*!40101 SET character_set_client = @saved_cs_client */;

--
-- Dumping data for table `folders_rel`
--

LOCK TABLES `folders_rel` WRITE;
/*!40000 ALTER TABLE `folders_rel` DISABLE KEYS */;
/*!40000 ALTER TABLE `folders_rel` ENABLE KEYS */;
UNLOCK TABLES;

--
-- Table structure for table `folders_subscriptions`
--

DROP TABLE IF EXISTS `folders_subscriptions`;
/*!40101 SET @saved_cs_client     = @@character_set_client */;
/*!40101 SET character_set_client = utf8 */;
CREATE TABLE `folders_subscriptions` (
  `id` char(36) NOT NULL,
  `folder_id` char(36) NOT NULL,
  `assigned_user_id` char(36) NOT NULL,
  PRIMARY KEY (`id`),
  KEY `idx_folder_id_assigned_user_id` (`folder_id`,`assigned_user_id`)
) ENGINE=MyISAM DEFAULT CHARSET=utf8;
/*!40101 SET character_set_client = @saved_cs_client */;

--
-- Dumping data for table `folders_subscriptions`
--

LOCK TABLES `folders_subscriptions` WRITE;
/*!40000 ALTER TABLE `folders_subscriptions` DISABLE KEYS */;
INSERT INTO `folders_subscriptions` VALUES ('325f7be4-37e9-81ea-b544-4f187b8f1e03','32578bb4-c8bf-f8f3-230a-4f187ba65fd3','1'),('32908ee5-c99d-51ea-82e9-4f187ba668d9','328d8f83-ea01-12e0-61bd-4f187b5f7f8a','1'),('32b1eb43-78fd-6511-11e0-4f187b2d2e35','32aeed2a-6cfd-cd60-3cc9-4f187bc9649d','1'),('5cebe8a8-484c-6f1c-e68d-4f72134788c9','5ce3e226-8e1f-add0-72da-4f7213d3bf66','9106f88a-f272-8119-72a3-4f3165461fc6'),('5d26ccfe-e05c-b10a-27ba-4f721357d9fb','5d237d46-2a40-b88d-a5f4-4f7213c63813','9106f88a-f272-8119-72a3-4f3165461fc6'),('5d496033-0dbc-df9c-92d0-4f721318ae8f','5d46aac6-353c-7558-8b6e-4f72134f62d3','9106f88a-f272-8119-72a3-4f3165461fc6'),('e8a91dea-240e-0240-839e-4f9736945dad','e8a0c6c1-0d89-cf69-b10f-4f9736a8c3f1','2bf53c62-efbb-f811-41f8-4f3d64001d45'),('eab4dcb1-23cc-a685-34a1-4f9736d66c56','eab078cd-7c92-e775-7893-4f9736ae630a','2bf53c62-efbb-f811-41f8-4f3d64001d45'),('eade0fa8-071c-a6e2-9244-4f9736c5fdfb','eadb05b0-bffb-1bf5-1f27-4f97362d77b2','2bf53c62-efbb-f811-41f8-4f3d64001d45');
/*!40000 ALTER TABLE `folders_subscriptions` ENABLE KEYS */;
UNLOCK TABLES;

--
-- Table structure for table `hw_salesRepMod`
--

DROP TABLE IF EXISTS `hw_salesRepMod`;
/*!40101 SET @saved_cs_client     = @@character_set_client */;
/*!40101 SET character_set_client = utf8 */;
CREATE TABLE `hw_salesRepMod` (
  `id` char(36) NOT NULL,
  `name` varchar(255) DEFAULT NULL,
  `date_entered` datetime DEFAULT NULL,
  `date_modified` datetime DEFAULT NULL,
  `modified_user_id` char(36) DEFAULT NULL,
  `created_by` char(36) DEFAULT NULL,
  `description` text,
  `deleted` tinyint(1) DEFAULT '0',
  `assigned_user_id` char(36) DEFAULT NULL,
  PRIMARY KEY (`id`)
) ENGINE=MyISAM DEFAULT CHARSET=utf8;
/*!40101 SET character_set_client = @saved_cs_client */;

--
-- Dumping data for table `hw_salesRepMod`
--

LOCK TABLES `hw_salesRepMod` WRITE;
/*!40000 ALTER TABLE `hw_salesRepMod` DISABLE KEYS */;
/*!40000 ALTER TABLE `hw_salesRepMod` ENABLE KEYS */;
UNLOCK TABLES;

--
-- Table structure for table `hw_salesRepMod_audit`
--

DROP TABLE IF EXISTS `hw_salesRepMod_audit`;
/*!40101 SET @saved_cs_client     = @@character_set_client */;
/*!40101 SET character_set_client = utf8 */;
CREATE TABLE `hw_salesRepMod_audit` (
  `id` char(36) NOT NULL,
  `parent_id` char(36) NOT NULL,
  `date_created` datetime DEFAULT NULL,
  `created_by` varchar(36) DEFAULT NULL,
  `field_name` varchar(100) DEFAULT NULL,
  `data_type` varchar(100) DEFAULT NULL,
  `before_value_string` varchar(255) DEFAULT NULL,
  `after_value_string` varchar(255) DEFAULT NULL,
  `before_value_text` text,
  `after_value_text` text,
  KEY `idx_hw_salesrepmod_primary` (`id`),
  KEY `idx_hw_salesrepmod_parent_id` (`parent_id`)
) ENGINE=MyISAM DEFAULT CHARSET=utf8;
/*!40101 SET character_set_client = @saved_cs_client */;

--
-- Dumping data for table `hw_salesRepMod_audit`
--

LOCK TABLES `hw_salesRepMod_audit` WRITE;
/*!40000 ALTER TABLE `hw_salesRepMod_audit` DISABLE KEYS */;
/*!40000 ALTER TABLE `hw_salesRepMod_audit` ENABLE KEYS */;
UNLOCK TABLES;

--
-- Table structure for table `import_maps`
--

DROP TABLE IF EXISTS `import_maps`;
/*!40101 SET @saved_cs_client     = @@character_set_client */;
/*!40101 SET character_set_client = utf8 */;
CREATE TABLE `import_maps` (
  `id` char(36) NOT NULL,
  `name` varchar(254) DEFAULT NULL,
  `source` varchar(36) DEFAULT NULL,
  `enclosure` varchar(1) DEFAULT ' ',
  `delimiter` varchar(1) DEFAULT ',',
  `module` varchar(36) DEFAULT NULL,
  `content` text,
  `default_values` text,
  `has_header` tinyint(1) DEFAULT '1',
  `deleted` tinyint(1) DEFAULT '0',
  `date_entered` datetime DEFAULT NULL,
  `date_modified` datetime DEFAULT NULL,
  `assigned_user_id` char(36) DEFAULT NULL,
  `is_published` varchar(3) DEFAULT 'no',
  PRIMARY KEY (`id`),
  KEY `idx_owner_module_name` (`assigned_user_id`,`module`,`name`,`deleted`)
) ENGINE=MyISAM DEFAULT CHARSET=utf8;
/*!40101 SET character_set_client = @saved_cs_client */;

--
-- Dumping data for table `import_maps`
--

LOCK TABLES `import_maps` WRITE;
/*!40000 ALTER TABLE `import_maps` DISABLE KEYS */;
/*!40000 ALTER TABLE `import_maps` ENABLE KEYS */;
UNLOCK TABLES;

--
-- Table structure for table `inbound_email`
--

DROP TABLE IF EXISTS `inbound_email`;
/*!40101 SET @saved_cs_client     = @@character_set_client */;
/*!40101 SET character_set_client = utf8 */;
CREATE TABLE `inbound_email` (
  `id` varchar(36) NOT NULL,
  `deleted` tinyint(1) DEFAULT '0',
  `date_entered` datetime DEFAULT NULL,
  `date_modified` datetime DEFAULT NULL,
  `modified_user_id` char(36) DEFAULT NULL,
  `created_by` char(36) DEFAULT NULL,
  `name` varchar(255) DEFAULT NULL,
  `status` varchar(100) DEFAULT 'Active',
  `server_url` varchar(100) DEFAULT NULL,
  `email_user` varchar(100) DEFAULT NULL,
  `email_password` varchar(100) DEFAULT NULL,
  `port` int(5) DEFAULT NULL,
  `service` varchar(50) DEFAULT NULL,
  `mailbox` text,
  `delete_seen` tinyint(1) DEFAULT '0',
  `mailbox_type` varchar(10) DEFAULT NULL,
  `template_id` char(36) DEFAULT NULL,
  `stored_options` text,
  `group_id` char(36) DEFAULT NULL,
  `is_personal` tinyint(1) DEFAULT '0',
  `groupfolder_id` char(36) DEFAULT NULL,
  PRIMARY KEY (`id`)
) ENGINE=MyISAM DEFAULT CHARSET=utf8;
/*!40101 SET character_set_client = @saved_cs_client */;

--
-- Dumping data for table `inbound_email`
--

LOCK TABLES `inbound_email` WRITE;
/*!40000 ALTER TABLE `inbound_email` DISABLE KEYS */;
/*!40000 ALTER TABLE `inbound_email` ENABLE KEYS */;
UNLOCK TABLES;

--
-- Table structure for table `inbound_email_autoreply`
--

DROP TABLE IF EXISTS `inbound_email_autoreply`;
/*!40101 SET @saved_cs_client     = @@character_set_client */;
/*!40101 SET character_set_client = utf8 */;
CREATE TABLE `inbound_email_autoreply` (
  `id` char(36) NOT NULL,
  `deleted` tinyint(1) DEFAULT '0',
  `date_entered` datetime DEFAULT NULL,
  `date_modified` datetime DEFAULT NULL,
  `autoreplied_to` varchar(100) DEFAULT NULL,
  `ie_id` char(36) NOT NULL,
  PRIMARY KEY (`id`),
  KEY `idx_ie_autoreplied_to` (`autoreplied_to`)
) ENGINE=MyISAM DEFAULT CHARSET=utf8;
/*!40101 SET character_set_client = @saved_cs_client */;

--
-- Dumping data for table `inbound_email_autoreply`
--

LOCK TABLES `inbound_email_autoreply` WRITE;
/*!40000 ALTER TABLE `inbound_email_autoreply` DISABLE KEYS */;
/*!40000 ALTER TABLE `inbound_email_autoreply` ENABLE KEYS */;
UNLOCK TABLES;

--
-- Table structure for table `inbound_email_cache_ts`
--

DROP TABLE IF EXISTS `inbound_email_cache_ts`;
/*!40101 SET @saved_cs_client     = @@character_set_client */;
/*!40101 SET character_set_client = utf8 */;
CREATE TABLE `inbound_email_cache_ts` (
  `id` varchar(255) NOT NULL,
  `ie_timestamp` int(10) unsigned DEFAULT NULL,
  PRIMARY KEY (`id`)
) ENGINE=MyISAM DEFAULT CHARSET=utf8;
/*!40101 SET character_set_client = @saved_cs_client */;

--
-- Dumping data for table `inbound_email_cache_ts`
--

LOCK TABLES `inbound_email_cache_ts` WRITE;
/*!40000 ALTER TABLE `inbound_email_cache_ts` DISABLE KEYS */;
/*!40000 ALTER TABLE `inbound_email_cache_ts` ENABLE KEYS */;
UNLOCK TABLES;

--
-- Table structure for table `kreports`
--

DROP TABLE IF EXISTS `kreports`;
/*!40101 SET @saved_cs_client     = @@character_set_client */;
/*!40101 SET character_set_client = utf8 */;
CREATE TABLE `kreports` (
  `id` char(36) NOT NULL,
  `name` varchar(255) DEFAULT NULL,
  `date_entered` datetime DEFAULT NULL,
  `date_modified` datetime DEFAULT NULL,
  `modified_user_id` char(36) DEFAULT NULL,
  `created_by` char(36) DEFAULT NULL,
  `description` text,
  `deleted` tinyint(1) DEFAULT '0',
  `assigned_user_id` char(36) DEFAULT NULL,
  `report_module` varchar(25) DEFAULT NULL,
  `report_status` varchar(1) DEFAULT NULL,
  `union_modules` text,
  `reportoptions` text,
  `listtype` varchar(10) DEFAULT NULL,
  `listtypeproperties` text,
  `selectionlimit` varchar(25) DEFAULT NULL,
  `pdforientation` varchar(10) DEFAULT NULL,
  `values_column` varchar(25) DEFAULT NULL,
  `values_function` text,
  `categories` varchar(25) DEFAULT NULL,
  `chart_layout` varchar(6) DEFAULT NULL,
  `chart_params` text,
  `chart_params_new` text,
  `chart_height` varchar(4) DEFAULT NULL,
  `wheregroups` text,
  `whereconditions` text,
  `listfields` text,
  `unionlistfields` text,
  `mapoptions` text,
  PRIMARY KEY (`id`),
  KEY `idx_reminder_name` (`name`)
) ENGINE=MyISAM DEFAULT CHARSET=utf8;
/*!40101 SET character_set_client = @saved_cs_client */;

--
-- Dumping data for table `kreports`
--

LOCK TABLES `kreports` WRITE;
/*!40000 ALTER TABLE `kreports` DISABLE KEYS */;
INSERT INTO `kreports` VALUES ('9780b9b0-2ffd-944a-7c99-4f2ad7ce7d11','Test Report','2012-02-02 18:36:54','2012-02-03 16:21:57','1','1',NULL,1,'1','Opportunities',NULL,NULL,NULL,'standard',NULL,'top50','Landscape',NULL,NULL,NULL,NULL,NULL,NULL,NULL,'[{\"unionid\":\"root\",\"id\":\"root\",\"group\":\"root\",\"type\":\"AND\",\"parent\":\"-\",\"notexists\":\"\"},{\"unionid\":\"root\",\"id\":\"kd9da5b1e9f95d51c7331dec2b953\",\"group\":\"amount condition\",\"type\":\"AND\",\"parent\":\"root\",\"notexists\":\"\"}]','[{\"unionid\":\"root\",\"fieldid\":\"k3438aa9042d0854e6fce2eb18e05\",\"path\":\"root:Opportunities::field:amount\",\"name\":\"Opportunity Amount:\",\"type\":\"currency\",\"displaypath\":\"Opportunities\",\"groupid\":\"root\",\"referencefieldid\":\"\",\"operator\":\"greater\",\"jointype\":\"required\",\"usereditable\":\"no\",\"value\":\"0\"},{\"unionid\":\"root\",\"fieldid\":\"k78884b235c6dbc0a820ed210131a\",\"path\":\"root:Opportunities::field:amount\",\"name\":\"Opportunity Amount:\",\"type\":\"currency\",\"displaypath\":\"Opportunities\",\"groupid\":\"kd9da5b1e9f95d51c7331dec2b953\",\"referencefieldid\":\"\",\"operator\":\"greater\",\"jointype\":\"required\",\"usereditable\":\"no\",\"value\":\"0.2\"}]','[{\"fieldid\":\"k821043a29c8411d0b37adf48876c\",\"sequence\":\"01\",\"name\":\"Amount:\",\"display\":\"yes\",\"path\":\"root:Opportunities::field:amount_usdollar\",\"displaypath\":\"Opportunities\",\"sort\":\"-\",\"sortpriority\":\"\",\"width\":\"100\",\"jointype\":\"required\",\"sqlfunction\":\"-\",\"customsqlfunction\":\"\",\"valuetype\":\"\",\"groupby\":\"no\",\"link\":\"no\",\"fixedvalue\":\"\"},{\"fieldid\":\"kd2d31a43346af043db284bed11d7\",\"sequence\":\"02\",\"name\":\"campaign_id\",\"display\":\"yes\",\"path\":\"root:Opportunities::field:campaign_id\",\"displaypath\":\"Opportunities\",\"sort\":\"-\",\"sortpriority\":\"\",\"width\":\"100\",\"jointype\":\"required\",\"sqlfunction\":\"-\",\"customsqlfunction\":\"\",\"valuetype\":\"\",\"groupby\":\"no\",\"link\":\"no\",\"fixedvalue\":\"\"},{\"fieldid\":\"k431c4426354b29708aea143a1092\",\"sequence\":\"03\",\"name\":\"Created By\",\"display\":\"yes\",\"path\":\"root:Opportunities::field:created_by\",\"displaypath\":\"Opportunities\",\"sort\":\"-\",\"sortpriority\":\"\",\"width\":\"100\",\"jointype\":\"required\",\"sqlfunction\":\"-\",\"customsqlfunction\":\"\",\"valuetype\":\"\",\"groupby\":\"no\",\"link\":\"no\",\"fixedvalue\":\"\"},{\"fieldid\":\"keea697d7f22eba3b57aa9ee508d8\",\"sequence\":\"04\",\"name\":\"Currency:\",\"display\":\"yes\",\"path\":\"root:Opportunities::field:currency_id\",\"displaypath\":\"Opportunities\",\"sort\":\"-\",\"sortpriority\":\"\",\"width\":\"100\",\"jointype\":\"required\",\"sqlfunction\":\"-\",\"customsqlfunction\":\"\",\"valuetype\":\"\",\"groupby\":\"no\",\"link\":\"no\",\"fixedvalue\":\"\"},{\"fieldid\":\"k627cd6db99760cdcb4ec96dd1b87\",\"sequence\":\"05\",\"name\":\"Opportunity Amount:\",\"display\":\"yes\",\"path\":\"root:Opportunities::field:amount\",\"displaypath\":\"Opportunities\",\"sort\":\"-\",\"sortpriority\":\"\",\"width\":\"100\",\"jointype\":\"required\",\"sqlfunction\":\"-\",\"customsqlfunction\":\"\",\"valuetype\":\"\",\"groupby\":\"no\",\"link\":\"no\",\"fixedvalue\":\"\"},{\"fieldid\":\"k308474974cfea89dce6c2ee0464d\",\"path\":\"root:Opportunities::link:Opportunities:aos_quotes::field:approval_issue\",\"displaypath\":\"Opportunities::Quotes\",\"name\":\"Approval Issues\",\"display\":\"yes\",\"sequence\":\"06\",\"width\":\"100\",\"sort\":\"-\",\"sortpriority\":\"\",\"jointype\":\"required\",\"sqlfunction\":\"-\",\"groupby\":\"no\",\"link\":\"no\",\"fixedvalue\":\"\"},{\"fieldid\":\"k2aa7a5e5eaa9efeae4085da42097\",\"path\":\"root:Opportunities::link:Opportunities:aos_quotes::field:approval_status\",\"displaypath\":\"Opportunities::Quotes\",\"name\":\"Approval Status\",\"display\":\"yes\",\"sequence\":\"07\",\"width\":\"100\",\"sort\":\"-\",\"sortpriority\":\"\",\"jointype\":\"required\",\"sqlfunction\":\"-\",\"groupby\":\"no\",\"link\":\"no\",\"fixedvalue\":\"\"},{\"fieldid\":\"kb3b8a9cde3ca59d2b75302a6f6a6\",\"path\":\"root:Opportunities::link:Opportunities:aos_quotes::field:billing_account_id\",\"displaypath\":\"Opportunities::Quotes\",\"name\":\"billing_account_id\",\"display\":\"yes\",\"sequence\":\"08\",\"width\":\"100\",\"sort\":\"-\",\"sortpriority\":\"\",\"jointype\":\"required\",\"sqlfunction\":\"-\",\"groupby\":\"no\",\"link\":\"no\",\"fixedvalue\":\"\"},{\"fieldid\":\"kc5d1bd86a542597bf8de60ed44aa\",\"path\":\"root:Opportunities::link:Opportunities:aos_quotes::field:billing_address_city\",\"displaypath\":\"Opportunities::Quotes\",\"name\":\"Billing City:\",\"display\":\"yes\",\"sequence\":\"09\",\"width\":\"100\",\"sort\":\"-\",\"sortpriority\":\"\",\"jointype\":\"required\",\"sqlfunction\":\"-\",\"groupby\":\"no\",\"link\":\"no\",\"fixedvalue\":\"\"},{\"fieldid\":\"k2f506c2c4b6cb3a28194b9a7e257\",\"path\":\"root:Opportunities::link:Opportunities:aos_quotes::field:billing_address_country\",\"displaypath\":\"Opportunities::Quotes\",\"name\":\"Billing Country:\",\"display\":\"yes\",\"sequence\":10,\"width\":\"100\",\"sort\":\"-\",\"sortpriority\":\"\",\"jointype\":\"required\",\"sqlfunction\":\"-\",\"groupby\":\"no\",\"link\":\"no\",\"fixedvalue\":\"\"},{\"fieldid\":\"kc8fa49630606309aec7fed24dbab\",\"path\":\"root:Opportunities::link:Opportunities:aos_quotes::field:billing_address_postalcode\",\"displaypath\":\"Opportunities::Quotes\",\"name\":\"Billing Postal Code:\",\"display\":\"yes\",\"sequence\":11,\"width\":\"100\",\"sort\":\"-\",\"sortpriority\":\"\",\"jointype\":\"required\",\"sqlfunction\":\"-\",\"groupby\":\"no\",\"link\":\"no\",\"fixedvalue\":\"\"},{\"fieldid\":\"ke38c59f2385069dc84ff5013e0ae\",\"path\":\"root:Opportunities::link:Opportunities:aos_quotes::field:billing_address_state\",\"displaypath\":\"Opportunities::Quotes\",\"name\":\"Billing State:\",\"display\":\"yes\",\"sequence\":12,\"width\":\"100\",\"sort\":\"-\",\"sortpriority\":\"\",\"jointype\":\"required\",\"sqlfunction\":\"-\",\"groupby\":\"no\",\"link\":\"no\",\"fixedvalue\":\"\"},{\"fieldid\":\"k84b8ecafd806ad0cef587ced72f0\",\"path\":\"root:Opportunities::link:Opportunities:aos_quotes::field:billing_address_street\",\"displaypath\":\"Opportunities::Quotes\",\"name\":\"Billing Street:\",\"display\":\"yes\",\"sequence\":13,\"width\":\"100\",\"sort\":\"-\",\"sortpriority\":\"\",\"jointype\":\"required\",\"sqlfunction\":\"-\",\"groupby\":\"no\",\"link\":\"no\",\"fixedvalue\":\"\"},{\"fieldid\":\"k4d54d8486ab520f963baabc348c7\",\"path\":\"root:Opportunities::link:Opportunities:aos_quotes::field:billing_contact_id\",\"displaypath\":\"Opportunities::Quotes\",\"name\":\"billing_contact_id\",\"display\":\"yes\",\"sequence\":14,\"width\":\"100\",\"sort\":\"-\",\"sortpriority\":\"\",\"jointype\":\"required\",\"sqlfunction\":\"-\",\"groupby\":\"no\",\"link\":\"no\",\"fixedvalue\":\"\"},{\"fieldid\":\"k909a14a58850bb789d42d3ff907d\",\"path\":\"root:Opportunities::link:Opportunities:aos_quotes::field:created_by\",\"displaypath\":\"Opportunities::Quotes\",\"name\":\"Created By\",\"display\":\"yes\",\"sequence\":15,\"width\":\"100\",\"sort\":\"-\",\"sortpriority\":\"\",\"jointype\":\"required\",\"sqlfunction\":\"-\",\"groupby\":\"no\",\"link\":\"no\",\"fixedvalue\":\"\"}]',NULL,NULL),('37c41b18-74ad-7ba1-acc8-4f2ad9bc0add','new Report test','2012-02-02 18:44:58','2012-02-03 16:21:57','1','1',NULL,1,'1','AOS_Products',NULL,NULL,NULL,'standard',NULL,'nolimit','Landscape',NULL,NULL,NULL,NULL,NULL,NULL,NULL,'[{\"unionid\":\"root\",\"id\":\"root\",\"group\":\"root\",\"type\":\"AND\",\"parent\":\"-\",\"notexists\":\"\"},{\"unionid\":\"root\",\"id\":\"kabb46466d976ecf42ccd409c3262\",\"group\":\"id Gr\",\"parent\":\"root\",\"type\":\"AND\"}]','[{\"unionid\":\"root\",\"fieldid\":\"kb68b45b8d6df9d1fae4d5f89db24\",\"path\":\"root:AOS_Products::field:id\",\"name\":\"ID\",\"type\":\"id\",\"displaypath\":\"AOS_Products\",\"groupid\":\"kabb46466d976ecf42ccd409c3262\",\"referencefieldid\":\"\",\"operator\":\"ignore\",\"jointype\":\"required\",\"usereditable\":\"no\",\"value\":\"---\",\"valueto\":\"---\",\"valuekey\":\"\",\"valuetokey\":\"\"}]','[{\"fieldid\":\"kcecb15fdbfb5986ded77c4fed42a\",\"path\":\"root:AOS_Products::field:category\",\"displaypath\":\"AOS_Products\",\"name\":\"Category\",\"display\":\"yes\",\"sequence\":\"01\",\"width\":\"100\",\"sort\":\"-\",\"sortpriority\":\"\",\"jointype\":\"required\",\"sqlfunction\":\"-\",\"groupby\":\"no\",\"link\":\"no\",\"fixedvalue\":\"\"},{\"fieldid\":\"kf214aee6d8d2a0cc2be80410302c\",\"path\":\"root:AOS_Products::field:contact_id\",\"displaypath\":\"AOS_Products\",\"name\":\"contact_id\",\"display\":\"yes\",\"sequence\":\"02\",\"width\":\"100\",\"sort\":\"-\",\"sortpriority\":\"\",\"jointype\":\"required\",\"sqlfunction\":\"-\",\"groupby\":\"no\",\"link\":\"no\",\"fixedvalue\":\"\"},{\"fieldid\":\"k2e6e985c3d0e58a64e3bb663cd1c\",\"path\":\"root:AOS_Products::field:cost\",\"displaypath\":\"AOS_Products\",\"name\":\"Cost\",\"display\":\"yes\",\"sequence\":\"03\",\"width\":\"100\",\"sort\":\"-\",\"sortpriority\":\"\",\"jointype\":\"required\",\"sqlfunction\":\"-\",\"groupby\":\"no\",\"link\":\"no\",\"fixedvalue\":\"\"},{\"fieldid\":\"k185451f4035528c4ab802a908def\",\"path\":\"root:AOS_Products::field:created_by\",\"displaypath\":\"AOS_Products\",\"name\":\"Created By\",\"display\":\"yes\",\"sequence\":\"04\",\"width\":\"100\",\"sort\":\"-\",\"sortpriority\":\"\",\"jointype\":\"required\",\"sqlfunction\":\"-\",\"groupby\":\"no\",\"link\":\"no\",\"fixedvalue\":\"\"},{\"fieldid\":\"k9c6ee082910fc0c4757ea83239b3\",\"path\":\"root:AOS_Products::field:currency_id\",\"displaypath\":\"AOS_Products\",\"name\":\"Currency:\",\"display\":\"yes\",\"sequence\":\"05\",\"width\":\"100\",\"sort\":\"-\",\"sortpriority\":\"\",\"jointype\":\"required\",\"sqlfunction\":\"-\",\"groupby\":\"no\",\"link\":\"no\",\"fixedvalue\":\"\"},{\"fieldid\":\"kc2912e2fad394c088c440836c0aa\",\"path\":\"root:AOS_Products::field:date_entered\",\"displaypath\":\"AOS_Products\",\"name\":\"Date Created\",\"display\":\"yes\",\"sequence\":\"06\",\"width\":\"100\",\"sort\":\"-\",\"sortpriority\":\"\",\"jointype\":\"required\",\"sqlfunction\":\"-\",\"groupby\":\"no\",\"link\":\"no\",\"fixedvalue\":\"\"},{\"fieldid\":\"kc81c245b4173462daec40425ac88\",\"path\":\"root:AOS_Products::field:date_modified\",\"displaypath\":\"AOS_Products\",\"name\":\"Date Modified\",\"display\":\"yes\",\"sequence\":\"07\",\"width\":\"100\",\"sort\":\"-\",\"sortpriority\":\"\",\"jointype\":\"required\",\"sqlfunction\":\"-\",\"groupby\":\"no\",\"link\":\"no\",\"fixedvalue\":\"\"},{\"fieldid\":\"k1bc66a98417f8ea16e2393beab1c\",\"path\":\"root:AOS_Products::field:deleted\",\"displaypath\":\"AOS_Products\",\"name\":\"Deleted\",\"display\":\"yes\",\"sequence\":\"08\",\"width\":\"100\",\"sort\":\"-\",\"sortpriority\":\"\",\"jointype\":\"required\",\"sqlfunction\":\"-\",\"groupby\":\"no\",\"link\":\"no\",\"fixedvalue\":\"\"},{\"fieldid\":\"k254a6bb091f508bb48e2b4daa8f2\",\"path\":\"root:AOS_Products::field:description\",\"displaypath\":\"AOS_Products\",\"name\":\"Description\",\"display\":\"yes\",\"sequence\":\"09\",\"width\":\"100\",\"sort\":\"-\",\"sortpriority\":\"\",\"jointype\":\"required\",\"sqlfunction\":\"-\",\"groupby\":\"no\",\"link\":\"no\",\"fixedvalue\":\"\"},{\"fieldid\":\"k455c974a4ee0e164d847db5f53b5\",\"path\":\"root:AOS_Products::field:id\",\"displaypath\":\"AOS_Products\",\"name\":\"ID\",\"display\":\"yes\",\"sequence\":10,\"width\":\"100\",\"sort\":\"-\",\"sortpriority\":\"\",\"jointype\":\"required\",\"sqlfunction\":\"-\",\"groupby\":\"no\",\"link\":\"no\",\"fixedvalue\":\"\"},{\"fieldid\":\"kedecbc3cbf3f6ed2d7ad9589405c\",\"path\":\"root:AOS_Products::field:maincode\",\"displaypath\":\"AOS_Products\",\"name\":\"Product Code\",\"display\":\"yes\",\"sequence\":11,\"width\":\"100\",\"sort\":\"-\",\"sortpriority\":\"\",\"jointype\":\"required\",\"sqlfunction\":\"-\",\"groupby\":\"no\",\"link\":\"no\",\"fixedvalue\":\"\"},{\"fieldid\":\"k53a7ed3f267065af04e4eb5f0512\",\"path\":\"root:AOS_Products::field:modified_user_id\",\"displaypath\":\"AOS_Products\",\"name\":\"Modified By\",\"display\":\"yes\",\"sequence\":12,\"width\":\"100\",\"sort\":\"-\",\"sortpriority\":\"\",\"jointype\":\"required\",\"sqlfunction\":\"-\",\"groupby\":\"no\",\"link\":\"no\",\"fixedvalue\":\"\"},{\"fieldid\":\"kae885af13cfdadc84130530dd971\",\"path\":\"root:AOS_Products::field:name\",\"displaypath\":\"AOS_Products\",\"name\":\"Product Name\",\"display\":\"yes\",\"sequence\":13,\"width\":\"100\",\"sort\":\"-\",\"sortpriority\":\"\",\"jointype\":\"required\",\"sqlfunction\":\"-\",\"groupby\":\"no\",\"link\":\"no\",\"fixedvalue\":\"\"},{\"fieldid\":\"k18264c6c8bf7fb38374495e5de2e\",\"path\":\"root:AOS_Products::field:part_number\",\"displaypath\":\"AOS_Products\",\"name\":\"Part Number\",\"display\":\"yes\",\"sequence\":14,\"width\":\"100\",\"sort\":\"-\",\"sortpriority\":\"\",\"jointype\":\"required\",\"sqlfunction\":\"-\",\"groupby\":\"no\",\"link\":\"no\",\"fixedvalue\":\"\"},{\"fieldid\":\"k13db871dfe3de17f9069e3394434\",\"path\":\"root:AOS_Products::field:price\",\"displaypath\":\"AOS_Products\",\"name\":\"Price\",\"display\":\"yes\",\"sequence\":15,\"width\":\"100\",\"sort\":\"-\",\"sortpriority\":\"\",\"jointype\":\"required\",\"sqlfunction\":\"-\",\"groupby\":\"no\",\"link\":\"no\",\"fixedvalue\":\"\"},{\"fieldid\":\"k13b4c3c5044c4ac76b4cde36a267\",\"path\":\"root:AOS_Products::field:type\",\"displaypath\":\"AOS_Products\",\"name\":\"Product Type\",\"display\":\"yes\",\"sequence\":16,\"width\":\"100\",\"sort\":\"-\",\"sortpriority\":\"\",\"jointype\":\"required\",\"sqlfunction\":\"-\",\"groupby\":\"no\",\"link\":\"no\",\"fixedvalue\":\"\"}]',NULL,NULL);
/*!40000 ALTER TABLE `kreports` ENABLE KEYS */;
UNLOCK TABLES;

--
-- Table structure for table `kreportschedules`
--

DROP TABLE IF EXISTS `kreportschedules`;
/*!40101 SET @saved_cs_client     = @@character_set_client */;
/*!40101 SET character_set_client = utf8 */;
CREATE TABLE `kreportschedules` (
  `id` char(36) NOT NULL,
  `user_id` char(36) DEFAULT NULL,
  `report_id` char(36) DEFAULT NULL,
  `month` varchar(2) DEFAULT NULL,
  `dayofmonth` varchar(2) DEFAULT NULL,
  `dayofweek` varchar(1) DEFAULT NULL,
  `hour` varchar(2) DEFAULT NULL,
  `minutes` varchar(2) DEFAULT NULL,
  `action` varchar(2) DEFAULT NULL,
  `receipients` text,
  `deleted` tinyint(1) DEFAULT '0'
) ENGINE=MyISAM DEFAULT CHARSET=utf8;
/*!40101 SET character_set_client = @saved_cs_client */;

--
-- Dumping data for table `kreportschedules`
--

LOCK TABLES `kreportschedules` WRITE;
/*!40000 ALTER TABLE `kreportschedules` DISABLE KEYS */;
INSERT INTO `kreportschedules` VALUES ('f3700040-7a66-82ff-090a-4f2ad7eac47d','1','9780b9b0-2ffd-944a-7c99-4f2ad7ce7d11','*','*','*','0','00','1','',0);
/*!40000 ALTER TABLE `kreportschedules` ENABLE KEYS */;
UNLOCK TABLES;

--
-- Table structure for table `kreportscheduleslog`
--

DROP TABLE IF EXISTS `kreportscheduleslog`;
/*!40101 SET @saved_cs_client     = @@character_set_client */;
/*!40101 SET character_set_client = utf8 */;
CREATE TABLE `kreportscheduleslog` (
  `id` char(36) NOT NULL,
  `job_id` char(36) DEFAULT NULL,
  `timestamp` varchar(10) DEFAULT NULL,
  `status` varchar(1) DEFAULT NULL
) ENGINE=MyISAM DEFAULT CHARSET=utf8;
/*!40101 SET character_set_client = @saved_cs_client */;

--
-- Dumping data for table `kreportscheduleslog`
--

LOCK TABLES `kreportscheduleslog` WRITE;
/*!40000 ALTER TABLE `kreportscheduleslog` DISABLE KEYS */;
/*!40000 ALTER TABLE `kreportscheduleslog` ENABLE KEYS */;
UNLOCK TABLES;

--
-- Table structure for table `kreportsfavorites`
--

DROP TABLE IF EXISTS `kreportsfavorites`;
/*!40101 SET @saved_cs_client     = @@character_set_client */;
/*!40101 SET character_set_client = utf8 */;
CREATE TABLE `kreportsfavorites` (
  `id` char(36) NOT NULL,
  `user_id` char(36) DEFAULT NULL,
  `report_id` char(36) DEFAULT NULL,
  `description` varchar(100) DEFAULT NULL,
  `report_where` text
) ENGINE=MyISAM DEFAULT CHARSET=utf8;
/*!40101 SET character_set_client = @saved_cs_client */;

--
-- Dumping data for table `kreportsfavorites`
--

LOCK TABLES `kreportsfavorites` WRITE;
/*!40000 ALTER TABLE `kreportsfavorites` DISABLE KEYS */;
/*!40000 ALTER TABLE `kreportsfavorites` ENABLE KEYS */;
UNLOCK TABLES;

--
-- Table structure for table `kreportsnapshots`
--

DROP TABLE IF EXISTS `kreportsnapshots`;
/*!40101 SET @saved_cs_client     = @@character_set_client */;
/*!40101 SET character_set_client = utf8 */;
CREATE TABLE `kreportsnapshots` (
  `id` char(36) NOT NULL,
  `report_id` char(36) DEFAULT NULL,
  `snapshotdate` date DEFAULT NULL,
  `data` longblob
) ENGINE=MyISAM DEFAULT CHARSET=utf8;
/*!40101 SET character_set_client = @saved_cs_client */;

--
-- Dumping data for table `kreportsnapshots`
--

LOCK TABLES `kreportsnapshots` WRITE;
/*!40000 ALTER TABLE `kreportsnapshots` DISABLE KEYS */;
/*!40000 ALTER TABLE `kreportsnapshots` ENABLE KEYS */;
UNLOCK TABLES;

--
-- Table structure for table `kreportsnapshotsdata`
--

DROP TABLE IF EXISTS `kreportsnapshotsdata`;
/*!40101 SET @saved_cs_client     = @@character_set_client */;
/*!40101 SET character_set_client = utf8 */;
CREATE TABLE `kreportsnapshotsdata` (
  `snapshot_id` char(36) NOT NULL DEFAULT '',
  `record_id` double NOT NULL DEFAULT '0',
  `data` blob,
  PRIMARY KEY (`snapshot_id`,`record_id`)
) ENGINE=MyISAM DEFAULT CHARSET=utf8;
/*!40101 SET character_set_client = @saved_cs_client */;

--
-- Dumping data for table `kreportsnapshotsdata`
--

LOCK TABLES `kreportsnapshotsdata` WRITE;
/*!40000 ALTER TABLE `kreportsnapshotsdata` DISABLE KEYS */;
/*!40000 ALTER TABLE `kreportsnapshotsdata` ENABLE KEYS */;
UNLOCK TABLES;

--
-- Table structure for table `kreportstats`
--

DROP TABLE IF EXISTS `kreportstats`;
/*!40101 SET @saved_cs_client     = @@character_set_client */;
/*!40101 SET character_set_client = utf8 */;
CREATE TABLE `kreportstats` (
  `id` char(36) NOT NULL,
  `user_id` char(36) DEFAULT NULL,
  `report_id` char(36) DEFAULT NULL,
  `date` datetime DEFAULT NULL
) ENGINE=MyISAM DEFAULT CHARSET=utf8;
/*!40101 SET character_set_client = @saved_cs_client */;

--
-- Dumping data for table `kreportstats`
--

LOCK TABLES `kreportstats` WRITE;
/*!40000 ALTER TABLE `kreportstats` DISABLE KEYS */;
INSERT INTO `kreportstats` VALUES ('1f1bc505-6aa5-c2e4-bac0-4f2ad77fa9cd','1','9780b9b0-2ffd-944a-7c99-4f2ad7ce7d11','2012-02-02 18:36:55'),('c06efdcf-c172-255e-b50f-4f2ad80906af','1','9780b9b0-2ffd-944a-7c99-4f2ad7ce7d11','2012-02-02 18:40:21'),('48e7fb9b-f6c1-24f5-563a-4f2ad95295d1','1','9780b9b0-2ffd-944a-7c99-4f2ad7ce7d11','2012-02-02 18:42:17'),('34e20745-123e-2c40-8f66-4f2ad901ba62','1','9780b9b0-2ffd-944a-7c99-4f2ad7ce7d11','2012-02-02 18:42:48'),('b418fed8-ca35-1891-3d93-4f2ad92c0771','1','37c41b18-74ad-7ba1-acc8-4f2ad9bc0add','2012-02-02 18:44:58'),('d3a163fa-3acc-ec57-eb5f-4f2adb48066c','1','37c41b18-74ad-7ba1-acc8-4f2ad9bc0add','2012-02-02 18:51:11'),('c97ea9ab-3909-d55a-0399-4f2adf4de778','1','37c41b18-74ad-7ba1-acc8-4f2ad9bc0add','2012-02-02 19:11:18');
/*!40000 ALTER TABLE `kreportstats` ENABLE KEYS */;
UNLOCK TABLES;

--
-- Table structure for table `leads`
--

DROP TABLE IF EXISTS `leads`;
/*!40101 SET @saved_cs_client     = @@character_set_client */;
/*!40101 SET character_set_client = utf8 */;
CREATE TABLE `leads` (
  `id` char(36) NOT NULL,
  `date_entered` datetime DEFAULT NULL,
  `date_modified` datetime DEFAULT NULL,
  `modified_user_id` char(36) DEFAULT NULL,
  `created_by` char(36) DEFAULT NULL,
  `description` text,
  `deleted` tinyint(1) DEFAULT '0',
  `assigned_user_id` char(36) DEFAULT NULL,
  `salutation` varchar(255) DEFAULT NULL,
  `first_name` varchar(100) DEFAULT NULL,
  `last_name` varchar(100) DEFAULT NULL,
  `title` varchar(100) DEFAULT NULL,
  `department` varchar(100) DEFAULT NULL,
  `do_not_call` tinyint(1) DEFAULT '0',
  `phone_home` varchar(100) DEFAULT NULL,
  `phone_mobile` varchar(100) DEFAULT NULL,
  `phone_work` varchar(100) DEFAULT NULL,
  `phone_other` varchar(100) DEFAULT NULL,
  `phone_fax` varchar(100) DEFAULT NULL,
  `primary_address_street` varchar(150) DEFAULT NULL,
  `primary_address_city` varchar(100) DEFAULT NULL,
  `primary_address_state` varchar(100) DEFAULT NULL,
  `primary_address_postalcode` varchar(20) DEFAULT NULL,
  `primary_address_country` varchar(255) DEFAULT NULL,
  `alt_address_street` varchar(150) DEFAULT NULL,
  `alt_address_city` varchar(100) DEFAULT NULL,
  `alt_address_state` varchar(100) DEFAULT NULL,
  `alt_address_postalcode` varchar(20) DEFAULT NULL,
  `alt_address_country` varchar(255) DEFAULT NULL,
  `assistant` varchar(75) DEFAULT NULL,
  `assistant_phone` varchar(100) DEFAULT NULL,
  `converted` tinyint(1) DEFAULT '0',
  `refered_by` varchar(100) DEFAULT NULL,
  `lead_source` varchar(100) DEFAULT NULL,
  `lead_source_description` text,
  `status` varchar(100) DEFAULT NULL,
  `status_description` text,
  `reports_to_id` char(36) DEFAULT NULL,
  `account_name` varchar(255) DEFAULT NULL,
  `account_description` text,
  `contact_id` char(36) DEFAULT NULL,
  `account_id` char(36) DEFAULT NULL,
  `opportunity_id` char(36) DEFAULT NULL,
  `opportunity_name` varchar(255) DEFAULT NULL,
  `opportunity_amount` varchar(50) DEFAULT NULL,
  `campaign_id` char(36) DEFAULT NULL,
  `birthdate` date DEFAULT NULL,
  `portal_name` varchar(255) DEFAULT NULL,
  `portal_app` varchar(255) DEFAULT NULL,
  `website` varchar(255) DEFAULT NULL,
  PRIMARY KEY (`id`),
  KEY `idx_lead_acct_name_first` (`account_name`,`deleted`),
  KEY `idx_lead_last_first` (`last_name`,`first_name`,`deleted`),
  KEY `idx_lead_del_stat` (`last_name`,`status`,`deleted`,`first_name`),
  KEY `idx_lead_opp_del` (`opportunity_id`,`deleted`),
  KEY `idx_leads_acct_del` (`account_id`,`deleted`),
  KEY `idx_del_user` (`deleted`,`assigned_user_id`),
  KEY `idx_lead_assigned` (`assigned_user_id`),
  KEY `idx_lead_contact` (`contact_id`),
  KEY `idx_reports_to` (`reports_to_id`),
  KEY `idx_lead_phone_work` (`phone_work`),
  KEY `idx_leads_id_del` (`id`,`deleted`)
) ENGINE=MyISAM DEFAULT CHARSET=utf8;
/*!40101 SET character_set_client = @saved_cs_client */;

--
-- Dumping data for table `leads`
--

LOCK TABLES `leads` WRITE;
/*!40000 ALTER TABLE `leads` DISABLE KEYS */;
INSERT INTO `leads` VALUES ('f126753e-aa3b-aa2b-4180-4f7a243ce493','2012-04-02 22:15:17','2012-04-02 22:15:17','9106f88a-f272-8119-72a3-4f3165461fc6','9106f88a-f272-8119-72a3-4f3165461fc6',NULL,0,'b13a4520-fde1-596b-17d8-4f74c7865de6',NULL,'Al','Allen',NULL,NULL,0,NULL,NULL,NULL,NULL,NULL,NULL,NULL,NULL,NULL,NULL,NULL,NULL,NULL,NULL,NULL,NULL,NULL,0,NULL,NULL,NULL,'New',NULL,NULL,NULL,NULL,NULL,NULL,NULL,NULL,NULL,NULL,NULL,NULL,NULL,'http://');
/*!40000 ALTER TABLE `leads` ENABLE KEYS */;
UNLOCK TABLES;

--
-- Table structure for table `leads_audit`
--

DROP TABLE IF EXISTS `leads_audit`;
/*!40101 SET @saved_cs_client     = @@character_set_client */;
/*!40101 SET character_set_client = utf8 */;
CREATE TABLE `leads_audit` (
  `id` char(36) NOT NULL,
  `parent_id` char(36) NOT NULL,
  `date_created` datetime DEFAULT NULL,
  `created_by` varchar(36) DEFAULT NULL,
  `field_name` varchar(100) DEFAULT NULL,
  `data_type` varchar(100) DEFAULT NULL,
  `before_value_string` varchar(255) DEFAULT NULL,
  `after_value_string` varchar(255) DEFAULT NULL,
  `before_value_text` text,
  `after_value_text` text,
  KEY `idx_leads_primary` (`id`),
  KEY `idx_leads_parent_id` (`parent_id`)
) ENGINE=MyISAM DEFAULT CHARSET=utf8;
/*!40101 SET character_set_client = @saved_cs_client */;

--
-- Dumping data for table `leads_audit`
--

LOCK TABLES `leads_audit` WRITE;
/*!40000 ALTER TABLE `leads_audit` DISABLE KEYS */;
/*!40000 ALTER TABLE `leads_audit` ENABLE KEYS */;
UNLOCK TABLES;

--
-- Table structure for table `linked_documents`
--

DROP TABLE IF EXISTS `linked_documents`;
/*!40101 SET @saved_cs_client     = @@character_set_client */;
/*!40101 SET character_set_client = utf8 */;
CREATE TABLE `linked_documents` (
  `id` varchar(36) NOT NULL,
  `parent_id` varchar(36) DEFAULT NULL,
  `parent_type` varchar(25) DEFAULT NULL,
  `document_id` varchar(36) DEFAULT NULL,
  `document_revision_id` varchar(36) DEFAULT NULL,
  `date_modified` datetime DEFAULT NULL,
  `deleted` tinyint(1) DEFAULT '0',
  PRIMARY KEY (`id`),
  KEY `idx_parent_document` (`parent_type`,`parent_id`,`document_id`)
) ENGINE=MyISAM DEFAULT CHARSET=utf8;
/*!40101 SET character_set_client = @saved_cs_client */;

--
-- Dumping data for table `linked_documents`
--

LOCK TABLES `linked_documents` WRITE;
/*!40000 ALTER TABLE `linked_documents` DISABLE KEYS */;
/*!40000 ALTER TABLE `linked_documents` ENABLE KEYS */;
UNLOCK TABLES;

--
-- Table structure for table `meetings`
--

DROP TABLE IF EXISTS `meetings`;
/*!40101 SET @saved_cs_client     = @@character_set_client */;
/*!40101 SET character_set_client = utf8 */;
CREATE TABLE `meetings` (
  `id` char(36) NOT NULL,
  `name` varchar(50) DEFAULT NULL,
  `date_entered` datetime DEFAULT NULL,
  `date_modified` datetime DEFAULT NULL,
  `modified_user_id` char(36) DEFAULT NULL,
  `created_by` char(36) DEFAULT NULL,
  `description` text,
  `deleted` tinyint(1) DEFAULT '0',
  `assigned_user_id` char(36) DEFAULT NULL,
  `location` varchar(50) DEFAULT NULL,
  `password` varchar(50) DEFAULT NULL,
  `join_url` varchar(200) DEFAULT NULL,
  `host_url` varchar(400) DEFAULT NULL,
  `displayed_url` varchar(400) DEFAULT NULL,
  `creator` varchar(50) DEFAULT NULL,
  `external_id` varchar(50) DEFAULT NULL,
  `duration_hours` int(2) DEFAULT NULL,
  `duration_minutes` int(2) DEFAULT NULL,
  `date_start` datetime DEFAULT NULL,
  `date_end` datetime DEFAULT NULL,
  `parent_type` varchar(100) DEFAULT NULL,
  `status` varchar(100) DEFAULT 'Planned',
  `type` varchar(255) DEFAULT 'Sugar',
  `parent_id` char(36) DEFAULT NULL,
  `reminder_time` int(11) DEFAULT '-1',
  `outlook_id` varchar(255) DEFAULT NULL,
  `sequence` int(11) DEFAULT '0',
  PRIMARY KEY (`id`),
  KEY `idx_mtg_name` (`name`),
  KEY `idx_meet_par_del` (`parent_id`,`parent_type`,`deleted`),
  KEY `idx_meet_stat_del` (`assigned_user_id`,`status`,`deleted`),
  KEY `idx_meet_date_start` (`date_start`)
) ENGINE=MyISAM DEFAULT CHARSET=utf8;
/*!40101 SET character_set_client = @saved_cs_client */;

--
-- Dumping data for table `meetings`
--

LOCK TABLES `meetings` WRITE;
/*!40000 ALTER TABLE `meetings` DISABLE KEYS */;
INSERT INTO `meetings` VALUES ('4156bda7-e636-011b-4b39-4fe38167013c','test meeting','2012-06-21 20:17:40','2012-06-21 20:17:40','2bf53c62-efbb-f811-41f8-4f3d64001d45','2bf53c62-efbb-f811-41f8-4f3d64001d45','test',0,'2bf53c62-efbb-f811-41f8-4f3d64001d45',NULL,NULL,NULL,NULL,NULL,NULL,NULL,0,15,'2012-06-21 20:30:00','2012-06-21 20:45:00','Accounts','Planned','Sugar',NULL,600,NULL,0);
/*!40000 ALTER TABLE `meetings` ENABLE KEYS */;
UNLOCK TABLES;

--
-- Table structure for table `meetings_contacts`
--

DROP TABLE IF EXISTS `meetings_contacts`;
/*!40101 SET @saved_cs_client     = @@character_set_client */;
/*!40101 SET character_set_client = utf8 */;
CREATE TABLE `meetings_contacts` (
  `id` varchar(36) NOT NULL,
  `meeting_id` varchar(36) DEFAULT NULL,
  `contact_id` varchar(36) DEFAULT NULL,
  `required` varchar(1) DEFAULT '1',
  `accept_status` varchar(25) DEFAULT 'none',
  `date_modified` datetime DEFAULT NULL,
  `deleted` tinyint(1) DEFAULT '0',
  PRIMARY KEY (`id`),
  KEY `idx_con_mtg_mtg` (`meeting_id`),
  KEY `idx_con_mtg_con` (`contact_id`),
  KEY `idx_meeting_contact` (`meeting_id`,`contact_id`)
) ENGINE=MyISAM DEFAULT CHARSET=utf8;
/*!40101 SET character_set_client = @saved_cs_client */;

--
-- Dumping data for table `meetings_contacts`
--

LOCK TABLES `meetings_contacts` WRITE;
/*!40000 ALTER TABLE `meetings_contacts` DISABLE KEYS */;
/*!40000 ALTER TABLE `meetings_contacts` ENABLE KEYS */;
UNLOCK TABLES;

--
-- Table structure for table `meetings_leads`
--

DROP TABLE IF EXISTS `meetings_leads`;
/*!40101 SET @saved_cs_client     = @@character_set_client */;
/*!40101 SET character_set_client = utf8 */;
CREATE TABLE `meetings_leads` (
  `id` varchar(36) NOT NULL,
  `meeting_id` varchar(36) DEFAULT NULL,
  `lead_id` varchar(36) DEFAULT NULL,
  `required` varchar(1) DEFAULT '1',
  `accept_status` varchar(25) DEFAULT 'none',
  `date_modified` datetime DEFAULT NULL,
  `deleted` tinyint(1) DEFAULT '0',
  PRIMARY KEY (`id`),
  KEY `idx_lead_meeting_meeting` (`meeting_id`),
  KEY `idx_lead_meeting_lead` (`lead_id`),
  KEY `idx_meeting_lead` (`meeting_id`,`lead_id`)
) ENGINE=MyISAM DEFAULT CHARSET=utf8;
/*!40101 SET character_set_client = @saved_cs_client */;

--
-- Dumping data for table `meetings_leads`
--

LOCK TABLES `meetings_leads` WRITE;
/*!40000 ALTER TABLE `meetings_leads` DISABLE KEYS */;
/*!40000 ALTER TABLE `meetings_leads` ENABLE KEYS */;
UNLOCK TABLES;

--
-- Table structure for table `meetings_users`
--

DROP TABLE IF EXISTS `meetings_users`;
/*!40101 SET @saved_cs_client     = @@character_set_client */;
/*!40101 SET character_set_client = utf8 */;
CREATE TABLE `meetings_users` (
  `id` varchar(36) NOT NULL,
  `meeting_id` varchar(36) DEFAULT NULL,
  `user_id` varchar(36) DEFAULT NULL,
  `required` varchar(1) DEFAULT '1',
  `accept_status` varchar(25) DEFAULT 'none',
  `date_modified` datetime DEFAULT NULL,
  `deleted` tinyint(1) DEFAULT '0',
  PRIMARY KEY (`id`),
  KEY `idx_usr_mtg_mtg` (`meeting_id`),
  KEY `idx_usr_mtg_usr` (`user_id`),
  KEY `idx_meeting_users` (`meeting_id`,`user_id`)
) ENGINE=MyISAM DEFAULT CHARSET=utf8;
/*!40101 SET character_set_client = @saved_cs_client */;

--
-- Dumping data for table `meetings_users`
--

LOCK TABLES `meetings_users` WRITE;
/*!40000 ALTER TABLE `meetings_users` DISABLE KEYS */;
INSERT INTO `meetings_users` VALUES ('4cc13694-f3be-2b58-eb6f-4fe381664146','4156bda7-e636-011b-4b39-4fe38167013c','2bf53c62-efbb-f811-41f8-4f3d64001d45','1','none','2012-06-21 20:17:40',0);
/*!40000 ALTER TABLE `meetings_users` ENABLE KEYS */;
UNLOCK TABLES;

--
-- Table structure for table `nli_pricing`
--

DROP TABLE IF EXISTS `nli_pricing`;
/*!40101 SET @saved_cs_client     = @@character_set_client */;
/*!40101 SET character_set_client = utf8 */;
CREATE TABLE `nli_pricing` (
  `id` char(36) NOT NULL,
  `name` varchar(255) DEFAULT NULL,
  `date_entered` datetime DEFAULT NULL,
  `date_modified` datetime DEFAULT NULL,
  `modified_user_id` char(36) DEFAULT NULL,
  `created_by` char(36) DEFAULT NULL,
  `description` text,
  `deleted` tinyint(1) DEFAULT '0',
  `assigned_user_id` char(36) DEFAULT NULL,
  `range_from` decimal(18,4) DEFAULT NULL,
  `range_to` decimal(18,4) DEFAULT NULL,
  `value` varchar(100) DEFAULT NULL,
  `price` decimal(26,6) DEFAULT NULL,
  `currency_id` char(36) DEFAULT NULL,
  `unit` varchar(100) DEFAULT NULL,
  PRIMARY KEY (`id`)
) ENGINE=MyISAM DEFAULT CHARSET=utf8;
/*!40101 SET character_set_client = @saved_cs_client */;

--
-- Dumping data for table `nli_pricing`
--

LOCK TABLES `nli_pricing` WRITE;
/*!40000 ALTER TABLE `nli_pricing` DISABLE KEYS */;
INSERT INTO `nli_pricing` VALUES ('733bd8fb-167f-f2f2-43a6-4f4d244f16ca',NULL,'2012-02-28 19:01:35','2012-02-28 19:15:29','1','1',NULL,0,NULL,'100.0000','200.0000','4565','5666.000000',NULL,'Kbps'),('3c8710ba-fd07-bbd1-4976-4f4d2bd4a6be',NULL,'2012-02-28 19:31:08','2012-02-28 19:59:04','1','1',NULL,0,NULL,'1.5100','3.0000',NULL,'650.000000',NULL,NULL),('85cef863-79bb-6d6a-a8bd-4f4d2c2d5a56',NULL,'2012-02-28 19:36:17','2012-02-28 19:36:17','1','1',NULL,0,NULL,'3.0100','4.5000',NULL,'1950.000000','-99',NULL),('36f31539-4bc6-fc0c-7d43-4f4d2cf098b0',NULL,'2012-02-28 19:36:48','2012-02-28 19:36:48','1','1',NULL,0,NULL,'4.5100','6.0000',NULL,'2600.000000','-99',NULL),('b8395c4d-22fc-8e6f-d782-4f4d2cbca391',NULL,'2012-02-28 19:37:16','2012-03-31 12:42:39','1','1',NULL,0,NULL,'6.1000','7.5000',NULL,'3250.000000','-99',NULL),('b4f6db26-3488-e759-e562-4f4d2df497e5',NULL,'2012-02-28 19:37:56','2012-02-28 19:37:56','1','1',NULL,0,NULL,'7.5100','9.0000',NULL,'3800.000000','-99',NULL),('e8b71fac-b8b1-23cf-2189-4f4d2dcf5617',NULL,'2012-02-28 19:38:42','2012-02-28 20:01:55','1','1',NULL,0,NULL,'9.0100','10.5000',NULL,'4450.000000','-99',NULL),('8487507a-785e-0e66-a755-4f4d2d2ea97f',NULL,'2012-02-28 19:39:15','2012-04-12 21:20:00','9106f88a-f272-8119-72a3-4f3165461fc6','1',NULL,0,NULL,'10.0100','12.0000',NULL,'4950.000000','-99',NULL),('cc0b843f-e75a-7da7-70f7-4f4d2d8f123a',NULL,'2012-02-28 19:40:47','2012-04-12 21:20:13','9106f88a-f272-8119-72a3-4f3165461fc6','1',NULL,0,NULL,'12.0100','20.0000',NULL,'5250.000000','-99',NULL),('bd3d1a84-d16e-410d-ca48-4f4d2df15136',NULL,'2012-02-28 19:41:35','2012-03-31 12:42:10','1','1',NULL,0,NULL,'20.1000','45.0000',NULL,'5500.000000','-99',NULL),('76f645b8-bf9b-2c16-052a-4f4d2ef4d306',NULL,'2012-02-28 19:42:47','2012-02-28 19:42:47','1','1',NULL,0,NULL,'45.0100','50.0000',NULL,'5000.000000','-99',NULL),('ef06109c-3830-8534-734d-4f4d2ea78012',NULL,'2012-02-28 19:43:04','2012-02-28 19:43:04','1','1',NULL,0,NULL,'50.0100','80.0000',NULL,'6000.000000','-99',NULL),('716c26d9-50b6-cdb2-9a05-4f4d2e98b2eb',NULL,'2012-02-28 19:43:28','2012-02-28 19:43:28','1','1',NULL,0,NULL,'80.0100','100.0000',NULL,'8000.000000','-99',NULL),('1a60bbc3-222b-0bea-e5cd-4f4d31dbb921',NULL,'2012-02-28 19:58:52','2012-02-28 20:00:28','1','1',NULL,0,NULL,'0.0100','1.5000',NULL,'300.000000','-99',NULL),('12b71562-f3fd-246a-978f-4f751cc5b28e',NULL,'2012-03-30 02:37:46','2012-03-30 02:44:30','1','1',NULL,0,NULL,'0.0000','3.0000',NULL,'1300.000000','-99',NULL),('8c3d29d8-403f-5122-2903-4f751ef24a34',NULL,'2012-03-30 02:46:00','2012-03-30 02:46:00','1','1',NULL,0,NULL,'3.0000','4.5000',NULL,'1950.000000','-99',NULL),('d7d9a41e-308e-204d-3f13-4f756e2ae6e3',NULL,'2012-03-30 08:29:11','2012-03-30 08:29:11','1','1',NULL,0,NULL,NULL,NULL,NULL,'45.000000','-99',NULL),('4c5ed3b5-bf76-50a2-750c-4f756f4ef0d5',NULL,'2012-03-30 08:30:56','2012-03-30 08:30:56','1','1',NULL,0,NULL,NULL,NULL,NULL,'25.000000','-99',NULL),('bc60c1e0-4b23-4531-45da-4f758dd8be08',NULL,'2012-03-30 10:39:08','2012-03-30 10:40:33','1','1',NULL,0,NULL,NULL,NULL,NULL,'11.900000',NULL,NULL),('aaa0d6f4-ee50-70d3-386b-4f758d03774f',NULL,'2012-03-30 10:41:37','2012-03-30 10:41:37','1','1',NULL,0,NULL,NULL,NULL,NULL,'25.000000','-99',NULL),('29091ded-324c-82a3-d6d8-4f758e8f8190',NULL,'2012-03-30 10:42:47','2012-03-30 10:42:47','1','1',NULL,0,NULL,NULL,NULL,NULL,'25.000000','-99',NULL),('800382c6-df21-0342-2cc3-4f758e9f81e7',NULL,'2012-03-30 10:43:06','2012-03-30 10:43:06','1','1',NULL,0,NULL,NULL,NULL,NULL,'25.000000','-99',NULL),('198243ac-8d49-c820-d451-4f758e58996e',NULL,'2012-03-30 10:43:24','2012-03-30 10:43:24','1','1',NULL,0,NULL,NULL,NULL,NULL,'25.000000','-99',NULL),('7fcdf574-7bf8-fb4d-d43a-4f758ea0050c',NULL,'2012-03-30 10:43:39','2012-03-30 10:43:39','1','1',NULL,0,NULL,NULL,NULL,NULL,'25.000000','-99',NULL),('26ff8a6a-5d43-3e9a-dbfa-4f758e4a7077',NULL,'2012-03-30 10:44:10','2012-03-30 10:44:10','1','1',NULL,0,NULL,NULL,NULL,NULL,'225.000000','-99',NULL),('ef56428b-6d61-ff65-6c7a-4f758e6164ea',NULL,'2012-03-30 10:44:48','2012-03-30 10:44:48','1','1',NULL,0,NULL,NULL,NULL,NULL,'175.000000','-99',NULL),('d3ca060c-a422-9b51-13dd-4f758e61e08f',NULL,'2012-03-30 10:45:30','2012-03-30 10:45:30','1','1',NULL,0,NULL,NULL,'175.0000',NULL,NULL,'-99',NULL),('c3f7b8d8-c3ca-3ab1-530d-4f758eec4661',NULL,'2012-03-30 10:45:54','2012-03-30 10:45:54','1','1',NULL,0,NULL,NULL,NULL,NULL,'175.000000','-99',NULL),('5afb0dce-1220-aedd-8c3d-4f758fb9f955',NULL,'2012-03-30 10:46:32','2012-03-30 10:46:32','1','1',NULL,0,NULL,NULL,NULL,NULL,'175.000000','-99',NULL),('ad9e90c6-3a4f-b166-58ed-4f758f638ab3',NULL,'2012-03-30 10:47:23','2012-03-30 10:47:23','1','1',NULL,0,NULL,'0.0000','1.0000',NULL,'250.000000','-99',NULL),('d23e2b40-a353-5f10-5d47-4f758f0ba08f',NULL,'2012-03-30 10:48:10','2012-03-30 10:58:11','1','1',NULL,0,NULL,'1.1000','5.0000',NULL,'250.000000','-99',NULL),('5915c8d3-d739-1b3f-fd2e-4f758fc872f2',NULL,'2012-03-30 10:48:39','2012-03-30 10:58:52','1','1',NULL,0,NULL,'5.1000','13.0000',NULL,'250.000000','-99',NULL),('899ae3b0-63f7-75e4-e856-4f758f8224a2',NULL,'2012-03-30 10:49:59','2012-03-30 10:59:15','1','1',NULL,0,NULL,'13.1000','29.0000',NULL,'250.000000','-99',NULL),('96db41ea-935d-e690-8d13-4f758f06c06c',NULL,'2012-03-30 10:50:27','2012-03-30 10:59:34','1','1',NULL,0,NULL,'29.1000','61.0000',NULL,'250.000000','-99',NULL),('4920aefb-893d-15c0-c357-4f759048422c',NULL,'2012-03-30 10:51:05','2012-03-30 10:58:33','1','1',NULL,0,NULL,'61.1000','125.0000',NULL,'250.000000','-99',NULL),('ac53962d-2fe6-a330-c7d1-4f75901d7c99',NULL,'2012-03-30 10:51:32','2012-03-30 10:59:56','1','1',NULL,0,NULL,'125.1000','253.0000',NULL,'250.000000','-99',NULL),('2716454b-f78f-13dc-d904-4f7590b4533b',NULL,'2012-03-30 10:53:05','2012-03-30 10:53:05','1','1',NULL,0,NULL,NULL,NULL,NULL,'99999.000000','-99',NULL),('dd749886-b113-2395-6698-4f7592aee279',NULL,'2012-03-30 11:01:06','2012-03-30 11:01:06','1','1',NULL,0,NULL,'0.0000','1.0000',NULL,'5.000000','-99',NULL),('92435e7f-1678-e3c3-d46d-4f7592c9aac9',NULL,'2012-03-30 11:01:40','2012-03-30 11:01:40','1','1',NULL,0,NULL,'1.1000','5.0000',NULL,'20.000000','-99',NULL),('dbfe33cd-f925-de85-f34c-4f7592948e11',NULL,'2012-03-30 11:02:02','2012-03-30 11:02:02','1','1',NULL,0,NULL,'5.1000','13.0000',NULL,'40.000000','-99',NULL),('c3b0ea91-9466-74bc-8b70-4f75926f6596',NULL,'2012-03-30 11:02:59','2012-03-30 11:02:59','1','1',NULL,0,NULL,'13.1000','29.0000',NULL,'60.000000','-99',NULL),('8daa9950-57e8-79e8-b688-4f7593ca017f',NULL,'2012-03-30 11:03:31','2012-03-30 11:03:31','1','1',NULL,0,NULL,'29.1000','61.0000',NULL,'100.000000','-99',NULL),('39a6db74-230c-85b6-3d21-4f75934597b7',NULL,'2012-03-30 11:03:57','2012-03-30 11:03:57','1','1',NULL,0,NULL,'61.1000','125.0000',NULL,'150.000000','-99',NULL),('9675a82d-9436-8bed-bda7-4f75933aeab1',NULL,'2012-03-30 11:04:25','2012-03-30 11:04:25','1','1',NULL,0,NULL,'125.1000','253.0000',NULL,'200.000000','-99',NULL),('323326f2-bf5e-51e6-a6fe-4f75934c5bfd',NULL,'2012-03-30 11:05:20','2012-03-30 11:05:20','1','1',NULL,0,NULL,NULL,NULL,NULL,'250.000000','-99',NULL),('b7cd58ca-33e6-4134-3cd6-4f759341fc0f',NULL,'2012-03-30 11:05:50','2012-03-30 11:05:50','1','1',NULL,0,NULL,NULL,NULL,NULL,'500.000000','-99',NULL),('680c260a-8bf5-498e-87d2-4f75930a67ff',NULL,'2012-03-30 11:06:12','2012-03-30 11:06:12','1','1',NULL,0,NULL,NULL,NULL,NULL,'500.000000','-99',NULL),('d4815024-e60b-a08a-28fa-4f7593254f33',NULL,'2012-03-30 11:06:42','2012-03-30 11:06:42','1','1',NULL,0,NULL,NULL,NULL,NULL,'500.000000','-99',NULL),('ecad9e0e-cf69-4c6a-0629-4f7593cecd1c',NULL,'2012-03-30 11:07:07','2012-03-30 11:07:07','1','1',NULL,0,NULL,NULL,NULL,NULL,'500.000000','-99',NULL),('2f4f45c6-45d1-60d2-641e-4f7594704305',NULL,'2012-03-30 11:07:53','2012-03-30 11:07:53','1','1',NULL,0,NULL,NULL,NULL,NULL,'500.000000','-99',NULL),('16340594-2363-a87a-485f-4f75948e44f2',NULL,'2012-03-30 11:08:23','2012-03-30 11:08:23','1','1',NULL,0,NULL,NULL,NULL,NULL,'500.000000','-99',NULL),('707346b0-0581-cc63-2ba0-4f7594cf389f',NULL,'2012-03-30 11:09:11','2012-03-30 11:09:11','1','1',NULL,0,NULL,NULL,NULL,NULL,'500.000000','-99',NULL),('30b194a4-ee63-6303-56b3-4f7594228ed0',NULL,'2012-03-30 11:09:40','2012-03-30 11:09:40','1','1',NULL,0,NULL,NULL,NULL,NULL,'99999.000000','-99',NULL),('6ba7930e-3acd-6d89-ea80-4f75942cdbf5',NULL,'2012-03-30 11:10:09','2012-03-30 11:10:09','1','1',NULL,0,NULL,NULL,NULL,NULL,'75.000000','-99',NULL),('af8ac5e7-871d-22b6-c9b3-4f7594081bcb',NULL,'2012-03-30 11:10:51','2012-03-30 11:10:51','1','1',NULL,0,NULL,NULL,NULL,NULL,'250.000000','-99',NULL),('e639f632-ca34-f55d-4212-4f759416597d',NULL,'2012-03-30 11:11:35','2012-03-30 11:11:35','1','1',NULL,0,NULL,NULL,NULL,NULL,'250.000000','-99',NULL),('539aa990-cdc3-edbc-6893-4f7595623bce',NULL,'2012-03-30 11:13:32','2012-03-30 11:22:41','1','1',NULL,0,NULL,NULL,NULL,NULL,'250.000000','-99',NULL),('94cb091a-9683-8166-c46f-4f75966356e5',NULL,'2012-03-30 11:16:17','2012-03-30 11:23:15','1','1',NULL,0,NULL,NULL,NULL,NULL,'250.000000','-99',NULL),('4e9d82d5-7336-0f44-9791-4f75965eaf26',NULL,'2012-03-30 11:19:26','2012-03-30 11:24:20','1','1',NULL,0,NULL,NULL,NULL,NULL,'175.000000','-99',NULL),('36f6aa10-8451-c8d1-0d0d-4f75964eae90',NULL,'2012-03-30 11:20:17','2012-03-30 11:24:02','1','1',NULL,0,NULL,NULL,NULL,NULL,'175.000000','-99',NULL),('81bea836-6719-350e-83be-4f75970222f8',NULL,'2012-03-30 11:21:04','2012-03-30 11:23:41','1','1',NULL,0,NULL,NULL,NULL,NULL,'175.000000','-99',NULL),('8ac40886-458d-d1de-63d0-4f75988f9d17',NULL,'2012-03-30 11:27:55','2012-03-30 11:27:55','1','1',NULL,0,NULL,NULL,NULL,NULL,'7950.000000','-99',NULL),('ccc5abb9-b9c5-1169-498c-4f7599c60abc',NULL,'2012-03-30 11:30:39','2012-03-30 11:30:39','1','1',NULL,0,NULL,'0.0000','1.0000',NULL,'500.000000','-99',NULL),('1a1c70f2-a0c1-07c4-10c7-4f7599bd48c3',NULL,'2012-03-30 11:31:09','2012-03-30 11:31:09','1','1',NULL,0,NULL,'1.1000','1.5000',NULL,'750.000000','-99',NULL),('ca86adef-db40-44d3-08eb-4f7599cadf7d',NULL,'2012-03-30 11:31:46','2012-03-30 11:31:46','1','1',NULL,0,NULL,'1.5100','2.0000',NULL,'900.000000','-99',NULL),('f2b4ad62-d34c-ab2e-fb68-4f7599041714',NULL,'2012-03-30 11:32:17','2012-03-30 11:32:17','1','1',NULL,0,NULL,'2.1000','2.5000',NULL,'1200.000000','-99',NULL),('78d9809f-7e68-18ce-f283-4f75990b9e81',NULL,'2012-03-30 11:32:43','2012-03-30 11:32:43','1','1',NULL,0,NULL,'2.5100','3.0000',NULL,'1350.000000','-99',NULL),('481643d3-f524-f59e-6431-4f759a1ed6f2',NULL,'2012-03-30 11:33:26','2012-03-30 11:33:26','1','1',NULL,0,NULL,'3.1000','3.5000',NULL,'1650.000000','-99',NULL),('6f1d4533-5d2c-8fe0-ec56-4f759a2957d7',NULL,'2012-03-30 11:34:12','2012-03-30 11:34:12','1','1',NULL,0,NULL,'3.5100','4.0000',NULL,'1750.000000','-99',NULL),('1b360d8f-7bc6-5c3e-6393-4f759a0ef196',NULL,'2012-03-30 11:34:45','2012-03-30 11:34:45','1','1',NULL,0,NULL,'4.1000','4.5000',NULL,'2050.000000','-99',NULL),('a56d61b9-f560-67d5-1ef1-4f759aa12ccb',NULL,'2012-03-30 11:35:27','2012-03-30 11:35:27','1','1',NULL,0,NULL,'4.5100','5.0000',NULL,'2150.000000','-99',NULL),('98ada7dc-3cdc-5097-8b61-4f759a150c69',NULL,'2012-03-30 11:35:47','2012-03-30 11:36:48','1','1',NULL,0,NULL,'5.1000','6.0000',NULL,'2550.000000','-99',NULL),('4e7148ce-830c-0de3-1dab-4f759a297fcc',NULL,'2012-03-30 11:37:24','2012-03-30 11:37:24','1','1',NULL,0,NULL,'6.1000','7.0000',NULL,'2950.000000','-99',NULL),('f3325ffb-d7d7-1fd8-9494-4f759b2011a7',NULL,'2012-03-30 11:37:47','2012-03-30 11:37:47','1','1',NULL,0,NULL,'7.1000','8.0000',NULL,'3350.000000','-99',NULL),('6ca9d6e8-437b-819d-11fe-4f759bcab761',NULL,'2012-03-30 11:38:29','2012-03-30 11:38:49','1','1',NULL,0,NULL,'8.1000','9.0000',NULL,'3750.000000','-99',NULL),('9f801ca8-894a-7eb7-cc67-4f759bbe9829',NULL,'2012-03-30 11:39:22','2012-03-30 11:39:22','1','1',NULL,0,NULL,'9.1000','10.0000',NULL,'3950.000000','-99',NULL),('2c80d3c8-039c-5f60-aaad-4f759b0b1cbc',NULL,'2012-03-30 11:39:52','2012-03-30 11:39:52','1','1',NULL,0,NULL,'10.1000','11.0000',NULL,'4050.000000','-99',NULL),('3926650f-ca12-06d1-c352-4f759befcac0',NULL,'2012-03-30 11:40:27','2012-03-30 11:40:27','1','1',NULL,0,NULL,'11.1000','12.0000',NULL,'4150.000000','-99',NULL),('a22cdfc4-32e5-078e-b769-4f759b2e9806',NULL,'2012-03-30 11:41:00','2012-03-30 11:41:00','1','1',NULL,0,NULL,'12.1000','13.0000',NULL,'4250.000000','-99',NULL),('afdd47d1-b583-db31-cd0a-4f759b373f46',NULL,'2012-03-30 11:41:29','2012-03-30 11:41:29','1','1',NULL,0,NULL,'13.1000','14.0000',NULL,'4350.000000','-99',NULL),('9ca48c88-8e46-2bb8-7b9e-4f759c4a2cc2',NULL,'2012-03-30 11:42:02','2012-03-30 11:42:02','1','1',NULL,0,NULL,'14.1000','15.0000',NULL,'4450.000000','-99',NULL),('ca1a83ca-6a40-c026-e04f-4f759c3fc7cd',NULL,'2012-03-30 11:42:18','2012-03-30 11:47:08','1','1',NULL,0,NULL,'15.1000','20.0000',NULL,'4450.000000','-99',NULL),('3a22dce3-087d-a69c-3dab-4f759c8ab232',NULL,'2012-03-30 11:43:34','2012-03-30 11:43:34','1','1',NULL,0,NULL,'15.1000','20.0000',NULL,'4950.000000','-99',NULL),('d205a7fd-b5d0-5f4f-d05f-4f759c4b06f1',NULL,'2012-03-30 11:44:06','2012-03-30 11:44:06','1','1',NULL,0,NULL,'20.1000','25.0000',NULL,'5450.000000','-99',NULL),('e94e55a9-fe2e-980e-a45d-4f759c785422',NULL,'2012-03-30 11:44:33','2012-03-30 11:44:33','1','1',NULL,0,NULL,'25.1000','30.0000',NULL,'5950.000000','-99',NULL),('556faf4f-6f52-4ba9-69ac-4f759c42e8fa',NULL,'2012-03-30 11:45:22','2012-03-30 11:45:22','1','1',NULL,0,NULL,'30.1000','40.0000',NULL,'6950.000000','-99',NULL),('84c1fad8-0476-eba1-1cef-4f759d4ab275',NULL,'2012-03-30 11:48:13','2012-03-30 11:48:13','1','1',NULL,0,NULL,'40.1000','50.0000',NULL,'7950.000000','-99',NULL),('8c934f0e-35a8-2741-61fb-4f759d016a99',NULL,'2012-03-30 11:48:59','2012-03-30 11:48:59','1','1',NULL,0,NULL,'30.1000','40.0000',NULL,'6950.000000','-99',NULL),('4e62b22e-86a0-ba50-635e-4f759ff2bc04',NULL,'2012-03-30 11:56:38','2012-03-30 11:56:38','1','1',NULL,0,NULL,'0.0000','100.0000',NULL,'150.000000','-99',NULL),('9a1abf3b-851b-ad23-c13c-4f759fd5a2c6',NULL,'2012-03-30 11:57:01','2012-03-30 12:05:09','1','1',NULL,0,NULL,'101.0000','200.0000',NULL,'200.000000','-99',NULL),('aa485daf-f263-0aa9-bc6f-4f759fecea63',NULL,'2012-03-30 11:57:33','2012-03-30 12:06:22','1','1',NULL,0,NULL,'201.0000','250.0000',NULL,'200.000000','-99',NULL),('46373088-4fde-52d9-922c-4f759f324e62',NULL,'2012-03-30 11:58:03','2012-03-30 12:05:51','1','1',NULL,0,NULL,'251.0000','300.0000',NULL,'250.000000','-99',NULL),('6465e8c8-9ad5-dc5a-6a6c-4f75a06422ec',NULL,'2012-03-30 12:01:24','2012-03-30 12:05:34','1','1',NULL,0,NULL,'301.0000','400.0000',NULL,'300.000000','-99',NULL),('70b34b72-b738-1e57-9522-4f75a0fbdcba',NULL,'2012-03-30 12:02:45','2012-03-30 12:02:45','1','1',NULL,0,NULL,'401.0000','500.0000',NULL,'350.000000','-99',NULL),('2c56c992-1db9-2fa4-37a6-4f75a059bf5c',NULL,'2012-03-30 12:03:10','2012-03-30 12:06:04','1','1',NULL,0,NULL,'501.0000','600.0000',NULL,'400.000000','-99',NULL),('7e1adea5-8f2b-646d-8f57-4f75a1a76cf8',NULL,'2012-03-30 12:03:39','2012-03-30 12:03:39','1','1',NULL,0,NULL,'601.0000','700.0000',NULL,'425.000000','-99',NULL),('ee96f644-0c9b-eae9-e913-4f75a15d3202',NULL,'2012-03-30 12:04:18','2012-03-30 12:04:18','1','1',NULL,0,NULL,'701.0000','800.0000',NULL,'450.000000','-99',NULL),('a9b3c4cd-cbb9-ded0-b0ce-4f75a13c8f69',NULL,'2012-03-30 12:04:43','2012-03-30 12:04:43','1','1',NULL,0,NULL,'801.0000','901.0000',NULL,'475.000000','-99',NULL),('68c2c1e6-25f6-3911-dce7-4f75a1e9c510',NULL,'2012-03-30 12:07:15','2012-03-30 12:07:15','1','1',NULL,0,NULL,NULL,NULL,NULL,'0.700000','-99',NULL),('5572341a-e7a0-c193-04af-4f75a2a652c3',NULL,'2012-03-30 12:07:58','2012-03-30 12:07:58','1','1',NULL,0,NULL,NULL,NULL,NULL,'400.000000','-99',NULL),('efc88f4c-c8f5-7f36-d455-4f75a26562c6',NULL,'2012-03-30 12:08:59','2012-03-30 12:08:59','1','1',NULL,0,NULL,NULL,NULL,NULL,'500.000000','-99',NULL),('eedbc9ce-7baf-7bcc-15da-4f75a2a8b18a',NULL,'2012-03-30 12:10:02','2012-03-30 12:10:02','1','1',NULL,0,NULL,NULL,NULL,NULL,'500.000000','-99',NULL),('4762c8d3-70ef-e4f2-13e0-4f75a2464bcb',NULL,'2012-03-30 12:11:02','2012-03-30 12:11:02','1','1',NULL,0,NULL,NULL,NULL,NULL,'99999.000000','-99',NULL),('47cd69d4-f02d-cd0d-c170-4f75cb30b642',NULL,'2012-03-30 15:05:44','2012-04-02 18:37:57','1','1',NULL,0,NULL,'1.1000','15.0000',NULL,'25.000000','-99',NULL),('3f460448-b1d8-ddcd-bfc1-4f75cbbd4668',NULL,'2012-03-30 15:06:23','2012-03-30 15:06:23','1','1',NULL,0,NULL,'15.1000','20.0000',NULL,'25.000000','-99',NULL),('810217a8-c72c-9364-ca80-4f75cc135f33',NULL,'2012-03-30 15:07:18','2012-03-30 15:07:18','1','1',NULL,0,NULL,'0.0000','1.0000',NULL,'60.000000','-99',NULL),('2ef0579c-f466-aaef-8bf0-4f75cceed903',NULL,'2012-03-30 15:10:30','2012-03-30 15:10:30','1','1',NULL,0,NULL,NULL,NULL,NULL,'1000.000000','-99',NULL),('356ca234-7ebe-f4f9-9bcd-4f75cd497cd6',NULL,'2012-03-30 15:12:43','2012-03-30 15:12:43','1','1',NULL,0,NULL,NULL,NULL,NULL,'500.000000','-99',NULL),('5ac5939f-0d30-50a0-cee0-4f75cd9bbc3c',NULL,'2012-03-30 15:13:41','2012-03-30 15:13:41','1','1',NULL,0,NULL,NULL,NULL,NULL,'99999.000000','-99',NULL),('9b5ddf61-ef8a-5d2e-69ab-4f75cdd50bf7',NULL,'2012-03-30 15:14:04','2012-03-30 15:14:04','1','1',NULL,0,NULL,NULL,NULL,NULL,'20.000000','-99',NULL),('9d5f7e7d-5038-08e0-2f30-4f75cd533e05',NULL,'2012-03-30 15:14:32','2012-03-30 15:14:32','1','1',NULL,0,NULL,NULL,NULL,NULL,'500.000000','-99',NULL),('18b5c5f6-989c-ef24-3a88-4f75ce4aa04b',NULL,'2012-03-30 15:15:16','2012-03-30 15:15:16','1','1',NULL,0,NULL,'0.0000','42.0000',NULL,'900.000000','-99',NULL),('ce200d4f-ae67-4382-d241-4f75ceeaa80e',NULL,'2012-03-30 15:15:39','2012-03-30 15:15:39','1','1',NULL,0,NULL,'42.0000','54.0000',NULL,'900.000000','-99',NULL),('8b637ad9-1814-5c34-49d9-4f75ce03f33a',NULL,'2012-03-30 15:16:36','2012-03-30 15:16:36','1','1',NULL,0,NULL,NULL,NULL,NULL,'10.000000','-99',NULL),('443b8f02-52a9-f069-97c9-4f75ceec2b76',NULL,'2012-03-30 15:17:37','2012-03-30 15:17:37','1','1',NULL,0,NULL,NULL,NULL,NULL,'30.000000','-99',NULL),('e624818e-d668-fe28-1c1d-4f75ce878f07',NULL,'2012-03-30 15:18:23','2012-03-30 15:18:23','1','1',NULL,0,NULL,NULL,NULL,NULL,'30.000000','-99',NULL),('6425e4ca-511a-f509-cd61-4f75ce19736b',NULL,'2012-03-30 15:18:37','2012-03-30 15:18:37','1','1',NULL,0,NULL,NULL,NULL,NULL,'45.000000','-99',NULL),('ae45253b-c1bc-3a2c-b3c4-4f75cf7bf20d',NULL,'2012-03-30 15:20:12','2012-03-30 15:20:12','1','1',NULL,0,NULL,NULL,NULL,NULL,'25.000000','-99',NULL),('d2dc3546-e677-9119-683d-4f75cf4a4594',NULL,'2012-03-30 15:20:38','2012-03-30 15:20:38','1','1',NULL,0,NULL,NULL,NULL,NULL,'25.000000','-99',NULL),('3db1de85-7954-0681-f5b9-4f75cf9ec097',NULL,'2012-03-30 15:21:08','2012-03-30 15:21:08','1','1',NULL,0,NULL,NULL,NULL,NULL,'15.000000','-99',NULL),('e01a519d-5a62-4ff4-2bb4-4f76eced79f2',NULL,'2012-03-31 11:38:33','2012-03-31 11:38:33','1','1',NULL,0,NULL,'0.0000','500.0000',NULL,'50.000000','-99',NULL),('9a06e0d4-9321-6c1d-a8a6-4f76ec19762f',NULL,'2012-03-31 11:39:05','2012-03-31 11:39:05','1','1',NULL,0,NULL,'501.0000','1000.0000',NULL,'100.000000','-99',NULL),('147a0f44-9403-ed24-5f8f-4f76ecabaa84',NULL,'2012-03-31 11:39:39','2012-03-31 11:39:39','1','1',NULL,0,NULL,'1001.0000','1500.0000',NULL,'100.000000','-99',NULL),('1f8006c7-017f-e2ff-45f3-4f76ed6cf9a3',NULL,'2012-03-31 11:40:07','2012-03-31 11:40:07','1','1',NULL,0,NULL,'1501.0000','2000.0000',NULL,'100.000000','-99',NULL),('4f993ef8-8dc5-ce54-1109-4f76ed955c90',NULL,'2012-03-31 11:40:31','2012-03-31 11:40:31','1','1',NULL,0,NULL,'2001.0000','2500.0000',NULL,'100.000000','-99',NULL),('d77f2a31-6e97-f60d-52d5-4f76edfb21d3',NULL,'2012-03-31 11:40:59','2012-03-31 11:40:59','1','1',NULL,0,NULL,'2501.0000','3000.0000',NULL,'100.000000','-99',NULL),('e1a1030e-51aa-ae3a-e31a-4f76ed69b057',NULL,'2012-03-31 11:41:37','2012-03-31 11:41:37','1','1',NULL,0,NULL,'3001.0000','5000.0000',NULL,'100.000000','-99',NULL),('81f1f0ca-d3a7-c55a-1732-4f76ed4f4bb6',NULL,'2012-03-31 11:42:20','2012-03-31 11:42:20','1','1',NULL,0,NULL,'5001.0000','6000.0000',NULL,'100.000000','-99',NULL),('1d453b0c-5dad-76f7-bc7a-4f76ed5d5ecc',NULL,'2012-03-31 11:42:45','2012-03-31 11:42:45','1','1',NULL,0,NULL,'6001.0000','7500.0000',NULL,'100.000000','-99',NULL),('88d78bb4-babf-89a3-c58a-4f76eda34499',NULL,'2012-03-31 11:43:25','2012-03-31 11:43:25','1','1',NULL,0,NULL,'7501.0000','10000.0000',NULL,'100.000000','-99',NULL),('5c85a478-3712-1cad-b5c5-4f76edea887f',NULL,'2012-03-31 11:43:54','2012-03-31 11:43:54','1','1',NULL,0,NULL,'10001.0000','12000.0000',NULL,'100.000000','-99',NULL),('cd3279f9-5523-1165-a4b2-4f76ee45e8ad',NULL,'2012-03-31 11:44:15','2012-03-31 11:44:15','1','1',NULL,0,NULL,'12001.0000','12500.0000',NULL,'100.000000','-99',NULL),('5dddc47e-5978-8014-ca99-4f76ee60448c',NULL,'2012-03-31 11:44:41','2012-03-31 11:44:41','1','1',NULL,0,NULL,'12501.0000','15000.0000',NULL,'100.000000','-99',NULL),('b95254d2-ef17-7ba9-cdbb-4f76ee048706',NULL,'2012-03-31 11:45:27','2012-03-31 11:45:27','1','1',NULL,0,NULL,'15001.0000','25000.0000',NULL,'100.000000','-99',NULL),('14f6f68e-9087-162b-5993-4f76eed38309',NULL,'2012-03-31 11:45:54','2012-03-31 11:45:54','1','1',NULL,0,NULL,'25001.0000','40000.0000',NULL,'100.000000','-99',NULL),('ecaf7b18-a0d0-ac6f-0c35-4f76ee4276e3',NULL,'2012-03-31 11:46:27','2012-03-31 11:46:27','1','1',NULL,0,NULL,'40001.0000','80000.0000',NULL,'1000.000000','-99',NULL),('41abe51a-030d-0bcc-9999-4f76ee048d6c',NULL,'2012-03-31 11:47:02','2012-03-31 11:47:02','1','1',NULL,0,NULL,'80001.0000','100000.0000',NULL,'1000.000000','-99',NULL),('ade1b451-8fd6-2261-cb61-4f76eeda0b79',NULL,'2012-03-31 11:47:51','2012-03-31 11:47:51','1','1',NULL,0,NULL,'100001.0000','120000.0000',NULL,'1000.000000','-99',NULL),('5caa2cff-fa4e-7d89-daec-4f76efbc41fe',NULL,'2012-03-31 11:48:33','2012-03-31 11:48:33','1','1',NULL,0,NULL,'120001.0000','150000.0000',NULL,'1000.000000','-99',NULL),('e0d6e459-1dca-643d-8e0d-4f76f06b619b',NULL,'2012-03-31 11:52:38','2012-03-31 11:52:38','1','1',NULL,0,NULL,'0.0000','500.0000',NULL,'35.000000','-99',NULL),('22f3ad9b-ecde-67e8-1a8e-4f76f0dad39c',NULL,'2012-03-31 11:53:12','2012-03-31 11:53:12','1','1',NULL,0,NULL,'501.0000','1000.0000',NULL,'60.000000','-99',NULL),('5b8c32f4-3480-5989-c2b8-4f76f0cf4be3',NULL,'2012-03-31 11:53:42','2012-03-31 11:53:42','1','1',NULL,0,NULL,'1001.0000','1500.0000',NULL,'90.000000','-99',NULL),('e5893cdb-97b6-a194-3bec-4f76f09d7393',NULL,'2012-03-31 11:54:08','2012-03-31 11:54:08','1','1',NULL,0,NULL,'1501.0000','2000.0000',NULL,'110.000000','-99',NULL),('157137ff-1821-53be-0304-4f76f09d03c6',NULL,'2012-03-31 11:54:53','2012-03-31 11:54:53','1','1',NULL,0,NULL,'2001.0000','2500.0000',NULL,'125.000000','-99',NULL),('49cc7357-38b8-6377-9f9a-4f76f094d1b2',NULL,'2012-03-31 11:55:15','2012-03-31 11:55:15','1','1',NULL,0,NULL,'2501.0000','3000.0000',NULL,'120.000000','-99',NULL),('f2fc09a1-8414-8ffe-fd44-4f76f08e5799',NULL,'2012-03-31 11:55:45','2012-03-31 11:55:45','1','1',NULL,0,NULL,'3001.0000','5000.0000',NULL,'200.000000','-99',NULL),('60729eaf-5ecc-ef0e-ac0c-4f76f0d2872f',NULL,'2012-03-31 11:56:14','2012-03-31 11:56:14','1','1',NULL,0,NULL,'5001.0000','6000.0000',NULL,'240.000000','-99',NULL),('67677e95-f3ea-5bbb-61ef-4f76f0f8fccd',NULL,'2012-03-31 11:56:45','2012-03-31 11:56:45','1','1',NULL,0,NULL,'6001.0000','7500.0000',NULL,'275.000000','-99',NULL),('38c7f7c2-24cc-75b5-a772-4f76f1b5357e',NULL,'2012-03-31 11:57:21','2012-03-31 11:57:21','1','1',NULL,0,NULL,'7501.0000','10000.0000',NULL,'350.000000','-99',NULL),('d7112a7e-fd03-0c90-c68d-4f76f1f4a5fe',NULL,'2012-03-31 11:57:40','2012-03-31 11:57:40','1','1',NULL,0,NULL,'10001.0000','12000.0000',NULL,'600.000000','-99',NULL),('5ea895fa-63c9-ae66-35f4-4f76f1d2777d',NULL,'2012-03-31 11:58:09','2012-03-31 11:58:09','1','1',NULL,0,NULL,'12001.0000','12500.0000',NULL,'600.000000','-99',NULL),('d1c04544-36ba-11e3-c7b6-4f76f1ce09fe',NULL,'2012-03-31 11:58:40','2012-03-31 11:58:40','1','1',NULL,0,NULL,'12501.0000','15000.0000',NULL,'412.000000','-99',NULL),('da46b740-d4ae-ec5c-6fd2-4f76f176d58c',NULL,'2012-03-31 11:59:22','2012-03-31 11:59:22','1','1',NULL,0,NULL,'15001.0000','20000.0000',NULL,'600.000000','-99',NULL),('d7a90172-416e-0af4-f3da-4f76f1310402',NULL,'2012-03-31 12:00:07','2012-03-31 12:00:07','1','1',NULL,0,NULL,'20001.0000','25000.0000',NULL,'625.000000','-99',NULL),('b45d36f2-52a8-b012-bb1b-4f76f14326d1',NULL,'2012-03-31 12:00:38','2012-03-31 12:00:38','1','1',NULL,0,NULL,'25001.0000','40000.0000',NULL,'1000.000000','-99',NULL),('b3b30571-049c-2848-e494-4f76f26ad1dd',NULL,'2012-03-31 12:01:08','2012-03-31 12:01:08','1','1',NULL,0,NULL,'40001.0000','80000.0000',NULL,'2500.000000','-99',NULL),('534db72f-a5f5-3051-089b-4f76f215afc7',NULL,'2012-03-31 12:01:42','2012-03-31 12:01:42','1','1',NULL,0,NULL,'80001.0000','100000.0000',NULL,'2500.000000','-99',NULL),('a35a2050-f5e4-dd73-7ec9-4f76f24368e6',NULL,'2012-03-31 12:02:16','2012-03-31 12:02:16','1','1',NULL,0,NULL,'100001.0000','120000.0000',NULL,'2500.000000','-99',NULL),('249c8b7b-8a24-a34b-f22d-4f76f22f6a83',NULL,'2012-03-31 12:03:03','2012-03-31 12:03:03','1','1',NULL,0,NULL,'120001.0000','150000.0000',NULL,'3375.000000','-99',NULL),('cee7c4cc-2482-09a0-49f2-4f76f57c9c71',NULL,'2012-03-31 12:15:01','2012-03-31 12:15:01','1','1',NULL,0,NULL,'0.0000','1.5440',NULL,'500.000000','-99',NULL),('1664ed1e-e1f5-8212-8e04-4f76f675aef3',NULL,'2012-03-31 12:19:50','2012-03-31 12:19:50','1','1',NULL,0,NULL,'0.0000','1.0000',NULL,'250.000000','-99',NULL),('907c2f6d-f45f-0d6a-7352-4f76f66afd4a',NULL,'2012-03-31 12:20:15','2012-03-31 12:20:15','1','1',NULL,0,NULL,'1.1000','5.0000',NULL,'250.000000','-99',NULL),('bbc63bdf-baf9-fc83-9e85-4f76f66e5383',NULL,'2012-03-31 12:20:51','2012-03-31 12:20:51','1','1',NULL,0,NULL,'5.1000','13.0000',NULL,'250.000000','-99',NULL),('216ce507-6738-6854-e5b3-4f76f6b40478',NULL,'2012-03-31 12:21:23','2012-03-31 12:21:23','1','1',NULL,0,NULL,'13.1000','29.0000',NULL,'250.000000','-99',NULL),('6a664063-0eba-7899-c233-4f76f62633a5',NULL,'2012-03-31 12:21:57','2012-03-31 12:21:57','1','1',NULL,0,NULL,'29.1000','61.0000',NULL,'250.000000','-99',NULL),('4be3806b-fd6d-56bf-b80a-4f76f7e3b756',NULL,'2012-03-31 12:22:24','2012-03-31 12:22:24','1','1',NULL,0,NULL,'61.1000','125.0000',NULL,'600.000000','-99',NULL),('cc605f33-af89-3307-2ef4-4f76f74ff579',NULL,'2012-03-31 12:22:55','2012-03-31 12:22:55','1','1',NULL,0,NULL,'125.1000','253.0000',NULL,'250.000000','-99',NULL),('177083e6-707a-9915-917c-4f76f725ef6a',NULL,'2012-03-31 12:23:56','2012-06-26 21:00:27','1','1',NULL,0,NULL,'0.0000','5.0000',NULL,'0.000000','-99',NULL),('b58b810e-179b-ff07-dfc6-4f76f761c1af',NULL,'2012-03-31 12:24:21','2012-06-26 21:00:54','1','1',NULL,0,NULL,'5.0001','13.0000',NULL,'20.000000','-99',NULL),('aac91368-2373-20cc-8333-4f76f784ee6a',NULL,'2012-03-31 12:25:03','2012-03-31 12:26:47','1','1',NULL,0,NULL,'5.1000','13.0000',NULL,'40.000000','-99',NULL),('6881942e-b153-f681-c825-4f76f891d33f',NULL,'2012-03-31 12:27:16','2012-06-26 21:01:36','1','1',NULL,0,NULL,'13.0001','29.0000',NULL,'60.000000','-99',NULL),('81ccc233-751f-b540-bb5e-4f76f8265a9a',NULL,'2012-03-31 12:28:26','2012-06-26 21:01:46','1','1',NULL,0,NULL,'29.0001','61.0000',NULL,'100.000000','-99',NULL),('137e20c1-5ed1-76a7-7cb6-4f76f8c48a47',NULL,'2012-03-31 12:29:02','2012-06-26 21:01:56','1','1',NULL,0,NULL,'61.0001','125.0000',NULL,'150.000000','-99',NULL),('9a536460-1eff-79ee-ebc6-4f76f87f9f0d',NULL,'2012-03-31 12:29:40','2012-06-26 21:02:12','1','1',NULL,0,NULL,'125.0001','253.0000',NULL,'200.000000','-99',NULL),('bb7aa777-087b-423a-5937-4f76f98ca8f6',NULL,'2012-03-31 12:32:36','2012-03-31 12:32:36','1','1',NULL,0,NULL,'0.0000','45.0000',NULL,'6250.000000','-99',NULL),('6b601f5b-1db4-4100-af8d-4f76f9b4a4b7',NULL,'2012-03-31 12:33:28','2012-03-31 12:33:28','1','1',NULL,0,NULL,'0.0000','45.0000',NULL,'5500.000000','-99',NULL),('e6840e6b-662c-e2ee-3e82-4f76fab74e56',NULL,'2012-03-31 12:36:10','2012-03-31 12:36:10','1','1',NULL,0,NULL,'0.0000','1.5000',NULL,'500.000000','-99',NULL),('aa7aa703-dcdc-53a9-7147-4f76fa1be737',NULL,'2012-03-31 12:37:32','2012-03-31 12:37:32','1','1',NULL,0,NULL,'0.0000','45.0000',NULL,'6250.000000','-99',NULL),('1fea0813-65a1-7ed3-d4fd-4f76fa9c53d4',NULL,'2012-03-31 12:38:14','2012-03-31 12:38:14','1','1',NULL,0,NULL,'0.0000','1.5440',NULL,'750.000000','-99',NULL),('cb445a19-4889-88c5-07fa-4f79f14086b4',NULL,'2012-04-02 18:34:24','2012-04-02 18:34:24','1','1',NULL,0,NULL,'0.0000','15.0000',NULL,'500.000000','-99',NULL),('8a6c6772-2174-b7c6-634b-4f79f176aaa9',NULL,'2012-04-02 18:34:50','2012-04-02 18:34:50','1','1',NULL,0,NULL,'15.1000','20.0000',NULL,'500.000000','-99',NULL),('833e32e0-0eed-dfd0-c43f-4f79f1875831',NULL,'2012-04-02 18:35:08','2012-04-02 18:35:08','1','1',NULL,0,NULL,'20.1000','30.0000',NULL,'500.000000','-99',NULL),('2106555b-d09c-e948-a4e8-4f7ad4c088ef',NULL,'2012-04-03 10:43:54','2012-04-03 10:45:56','1','1',NULL,0,NULL,'0.0000','1.5000',NULL,'500.000000','-99',NULL),('b976e41b-243c-4224-f1a8-4f7ad5712ad3',NULL,'2012-04-03 10:46:25','2012-04-03 10:46:25','1','1',NULL,0,NULL,'1.5100','3.0000',NULL,'500.000000','-99',NULL),('4d7822c7-e751-5be7-281b-4f7ad570ace2',NULL,'2012-04-03 10:47:00','2012-04-03 10:48:08','1','1',NULL,0,NULL,'3.1000','4.5000',NULL,'1000.000000','-99',NULL),('5f718973-d66b-e6b2-fb61-4f7ad522d7d8',NULL,'2012-04-03 10:47:44','2012-04-03 10:47:44','1','1',NULL,0,NULL,'4.5600','6.0000',NULL,'1000.000000','-99',NULL),('e8a90395-e83d-974a-f0d8-4f7ad568f424',NULL,'2012-04-03 10:48:49','2012-04-03 10:48:49','1','1',NULL,0,NULL,'6.1000','7.5000',NULL,'1500.000000','-99',NULL),('7fde05fe-1c87-8e7e-0b23-4f7ad59ce2bb',NULL,'2012-04-03 10:49:30','2012-04-03 10:49:30','1','1',NULL,0,NULL,'7.5100','9.0000',NULL,'1500.000000','-99',NULL),('f1da657c-765d-f52a-d94e-4f7ad5252a68',NULL,'2012-04-03 10:50:04','2012-04-03 10:50:04','1','1',NULL,0,NULL,'9.1000','10.0000',NULL,'1750.000000','-99',NULL),('a81a9b29-6466-e334-0014-4f7ad6142f04',NULL,'2012-04-03 10:50:44','2012-04-03 10:50:44','1','1',NULL,0,NULL,'10.1000','12.0000',NULL,'1750.000000','-99',NULL),('b411367f-0cb2-d368-87ee-4f7ad6c7c89c',NULL,'2012-04-03 10:51:15','2012-04-03 10:51:15','1','1',NULL,0,NULL,'12.1000','20.0000',NULL,'1750.000000','-99',NULL),('8b206d9a-fe4c-ca3a-dea3-4f7ad6f1f53b',NULL,'2012-04-03 10:51:50','2012-04-03 10:51:50','1','1',NULL,0,NULL,'20.1000','50.0000',NULL,'3500.000000','-99',NULL),('45599d53-e459-5415-c37d-4f7ad6c1b0b4',NULL,'2012-04-03 10:52:31','2012-04-03 10:52:31','1','1',NULL,0,NULL,'50.1000','80.0000',NULL,'3500.000000','-99',NULL),('8f4a0445-0675-8e4b-44d9-4f7ad69fdb1c',NULL,'2012-04-03 10:53:06','2012-04-03 10:53:06','1','1',NULL,0,NULL,'80.1000','100.0000',NULL,'3500.000000','-99',NULL),('aa683df2-e809-1811-c4a0-4f7ad6a98d35',NULL,'2012-04-03 10:54:04','2012-04-03 10:54:04','1','1',NULL,0,NULL,'0.0000','1.5000',NULL,'500.000000','-99',NULL),('995e078f-b636-3292-6bb6-4f7ad76a6e90',NULL,'2012-04-03 10:58:29','2012-04-03 10:58:29','1','1',NULL,0,NULL,'0.0000','500.0000',NULL,'35.000000','-99',NULL),('c93ffc7f-b33d-d17c-53e5-4f7ad904409d',NULL,'2012-04-03 11:05:51','2012-04-03 11:05:51','1','1',NULL,0,NULL,'500.1000','1000.0000',NULL,'60.000000','-99',NULL),('bf1ea13b-1c2d-bce8-a421-4f7ad968a2c0',NULL,'2012-04-03 11:06:20','2012-04-03 11:06:42','1','1',NULL,0,NULL,'1000.1000','1500.0000',NULL,'90.000000','-99',NULL),('238876b4-3530-a665-fe68-4f7ad9ccc487',NULL,'2012-04-03 11:07:22','2012-04-03 11:07:22','1','1',NULL,0,NULL,'1500.1000','2000.0000',NULL,'110.000000','-99',NULL),('2c2df05b-8cba-b8a2-8d2d-4f7ada66b353',NULL,'2012-04-03 11:11:38','2012-04-03 11:11:38','1','1',NULL,0,NULL,'2000.1000','2500.0000',NULL,'125.000000','-99',NULL),('c18cee59-1d17-a735-db43-4f7adba89142',NULL,'2012-04-03 11:12:17','2012-04-03 11:12:17','1','1',NULL,0,NULL,'2500.1000','3000.0000',NULL,'120.000000','-99',NULL),('67fa4fba-a6f2-11cb-aa96-4f7adb8cfcdc',NULL,'2012-04-03 11:12:55','2012-04-03 11:12:55','1','1',NULL,0,NULL,'3000.1000','5000.0000',NULL,'200.000000','-99',NULL),('dc767075-7d78-6791-fa99-4f7adba6a246',NULL,'2012-04-03 11:13:32','2012-04-03 11:13:32','1','1',NULL,0,NULL,'5000.1000','6000.0000',NULL,'240.000000','-99',NULL),('85e3df1c-a098-59ef-8f3d-4f7adbe874f4',NULL,'2012-04-03 11:14:10','2012-04-03 11:14:10','1','1',NULL,0,NULL,'6000.1000','7500.0000',NULL,'275.000000','-99',NULL),('ea2c4eea-7ae5-894c-9d9d-4f7adb0b6db7',NULL,'2012-04-03 11:14:46','2012-04-03 11:14:46','1','1',NULL,0,NULL,'7500.1000','10000.0000',NULL,'350.000000','-99',NULL),('a3044e05-9127-5c9c-1fbb-4f7adb5576d8',NULL,'2012-04-03 11:15:29','2012-04-03 11:15:29','1','1',NULL,0,NULL,'10000.1000','12000.0000',NULL,'600.000000','-99',NULL),('b9116f58-c61d-9db5-f569-4f7adcc724bb',NULL,'2012-04-03 11:16:46','2012-04-03 11:16:46','1','1',NULL,0,NULL,'12000.1000','12500.0000',NULL,'600.000000','-99',NULL),('287d8e82-e794-ffd1-816f-4f7adcfd434b',NULL,'2012-04-03 11:17:42','2012-04-03 11:17:42','1','1',NULL,0,NULL,'12500.1000','15000.0000',NULL,'412.000000','-99',NULL),('aa787187-7cc9-4aca-eeaa-4f7adc0fa462',NULL,'2012-04-03 11:18:24','2012-04-03 11:18:24','1','1',NULL,0,NULL,'15000.1000','20000.0000',NULL,'600.000000','-99',NULL),('eaf3f5e9-6093-80f4-6860-4f7adca6a402',NULL,'2012-04-03 11:19:14','2012-04-03 11:19:14','1','1',NULL,0,NULL,'20000.1000','25000.0000',NULL,'625.000000','-99',NULL),('65e60b50-fa0c-ff41-2170-4f7adc46fd8d',NULL,'2012-04-03 11:20:24','2012-04-03 11:20:24','1','1',NULL,0,NULL,'25000.1000','40000.0000',NULL,'1000.000000','-99',NULL),('a9376d7a-3ab3-9954-6a26-4f7add6f9021',NULL,'2012-04-03 11:20:59','2012-04-03 11:20:59','1','1',NULL,0,NULL,'40000.1000','80000.0000',NULL,'2500.000000','-99',NULL),('180f28a7-9de0-07d9-db62-4f7adda5f314',NULL,'2012-04-03 11:21:42','2012-04-03 11:21:42','1','1',NULL,0,NULL,'80000.1000','100000.0000',NULL,'2500.000000','-99',NULL),('e5ad6e22-9a4f-35ef-ea79-4f7add72198e',NULL,'2012-04-03 11:22:13','2012-04-03 11:22:13','1','1',NULL,0,NULL,'100000.1000','120000.0000',NULL,'2500.000000','-99',NULL),('ef60dcc2-f246-3f04-ef2e-4f7addf4092a',NULL,'2012-04-03 11:23:14','2012-04-03 11:23:14','1','1',NULL,0,NULL,'120000.1000','150000.0000',NULL,'3375.000000','-99',NULL),('309a1154-cf63-0bd4-df95-4f8609440c60',NULL,'2012-04-11 22:46:13','2012-04-11 22:47:01','b13a4520-fde1-596b-17d8-4f74c7865de6','b13a4520-fde1-596b-17d8-4f74c7865de6',NULL,0,NULL,'0.0000','1000.0000',NULL,'45.000000','-99',NULL),('e0ab2123-1a4c-7b2d-4467-4f8609e4a74e',NULL,'2012-04-11 22:46:26','2012-06-07 19:48:32','2bf53c62-efbb-f811-41f8-4f3d64001d45','b13a4520-fde1-596b-17d8-4f74c7865de6',NULL,0,NULL,'1000.0001','2500.0000',NULL,'100.000000','-99',NULL),('95ae7e76-20b4-c2fd-1e0a-4f860988c7ca',NULL,'2012-04-11 22:47:20','2012-06-07 19:48:47','2bf53c62-efbb-f811-41f8-4f3d64001d45','b13a4520-fde1-596b-17d8-4f74c7865de6',NULL,0,NULL,'2500.0001','5000.0000',NULL,'150.000000','-99',NULL),('8f840c78-6a08-116d-d71d-4f860a26fe62',NULL,'2012-04-11 22:47:34','2012-06-07 19:49:38','2bf53c62-efbb-f811-41f8-4f3d64001d45','b13a4520-fde1-596b-17d8-4f74c7865de6',NULL,0,NULL,'5000.0001','10000.0000',NULL,'275.000000','-99',NULL),('b23ef27e-88f6-2ec2-35fe-4f860aee48ae',NULL,'2012-04-11 22:47:50','2012-06-07 19:49:12','2bf53c62-efbb-f811-41f8-4f3d64001d45','b13a4520-fde1-596b-17d8-4f74c7865de6',NULL,0,NULL,'10000.0001','20000.0000',NULL,'500.000000','-99',NULL),('5e07483b-fd6d-7ac7-159c-4f8746c57918',NULL,'2012-04-12 21:19:24','2012-04-12 21:19:24','9106f88a-f272-8119-72a3-4f3165461fc6','9106f88a-f272-8119-72a3-4f3165461fc6',NULL,0,NULL,'45.1000','100.0000',NULL,'6500.000000','-99',NULL),('20ef0293-cc0e-028a-054a-4fd105cdc75f',NULL,'2012-06-07 19:50:00','2012-06-07 19:50:00','2bf53c62-efbb-f811-41f8-4f3d64001d45','2bf53c62-efbb-f811-41f8-4f3d64001d45',NULL,0,NULL,NULL,NULL,NULL,NULL,'-99',NULL),('de477c86-db16-f8db-e0d0-4fd106dce09b',NULL,'2012-06-07 19:50:37','2012-06-07 19:50:37','2bf53c62-efbb-f811-41f8-4f3d64001d45','2bf53c62-efbb-f811-41f8-4f3d64001d45',NULL,0,NULL,'20000.0001','999999.9999',NULL,'100000.000000','-99',NULL);
/*!40000 ALTER TABLE `nli_pricing` ENABLE KEYS */;
UNLOCK TABLES;

--
-- Table structure for table `nli_pricing_audit`
--

DROP TABLE IF EXISTS `nli_pricing_audit`;
/*!40101 SET @saved_cs_client     = @@character_set_client */;
/*!40101 SET character_set_client = utf8 */;
CREATE TABLE `nli_pricing_audit` (
  `id` char(36) NOT NULL,
  `parent_id` char(36) NOT NULL,
  `date_created` datetime DEFAULT NULL,
  `created_by` varchar(36) DEFAULT NULL,
  `field_name` varchar(100) DEFAULT NULL,
  `data_type` varchar(100) DEFAULT NULL,
  `before_value_string` varchar(255) DEFAULT NULL,
  `after_value_string` varchar(255) DEFAULT NULL,
  `before_value_text` text,
  `after_value_text` text,
  KEY `idx_nli_pricing_primary` (`id`),
  KEY `idx_nli_pricing_parent_id` (`parent_id`)
) ENGINE=MyISAM DEFAULT CHARSET=utf8;
/*!40101 SET character_set_client = @saved_cs_client */;

--
-- Dumping data for table `nli_pricing_audit`
--

LOCK TABLES `nli_pricing_audit` WRITE;
/*!40000 ALTER TABLE `nli_pricing_audit` DISABLE KEYS */;
INSERT INTO `nli_pricing_audit` VALUES ('b6a4b410-50e7-26cb-a52d-4f4d2787f46c','733bd8fb-167f-f2f2-43a6-4f4d244f16ca','2012-02-28 19:15:29','1','price','currency','0','5666',NULL,NULL),('9f57d779-c5f2-a6dd-45f7-4f4d2bf94b5d','3c8710ba-fd07-bbd1-4976-4f4d2bd4a6be','2012-02-28 19:31:39','1','price','currency','0','650',NULL,NULL),('db47da3a-d2b1-fc09-bd67-4f4d32b5c338','3c8710ba-fd07-bbd1-4976-4f4d2bd4a6be','2012-02-28 19:59:04','1','range_from','varchar','1.0','1.51',NULL,NULL),('e674e9ab-678a-4bc4-6a09-4f4d3201df16','1a60bbc3-222b-0bea-e5cd-4f4d31dbb921','2012-02-28 20:00:20','1','range_from','varchar','0','0.1',NULL,NULL),('77b6d7c9-cdb5-fa23-ad2a-4f4d320259b9','1a60bbc3-222b-0bea-e5cd-4f4d31dbb921','2012-02-28 20:00:28','1','range_from','varchar','0.1','0.01',NULL,NULL),('2eb14dec-3cb0-8920-2215-4f4d32aba770','e8b71fac-b8b1-23cf-2189-4f4d2dcf5617','2012-02-28 20:01:55','1','range_to','varchar','10.0','10.50',NULL,NULL),('d6700451-051f-2156-fd26-4f660981b695','1a60bbc3-222b-0bea-e5cd-4f4d31dbb921','2012-03-18 16:11:59','1','range_from','decimal','0.0100','0',NULL,NULL),('ef9943f7-a029-3d57-cb08-4f79f27e06f2','47cd69d4-f02d-cd0d-c170-4f75cb30b642','2012-04-02 18:37:57','1','range_from','decimal','0.0000','1.1',NULL,NULL),('743a36c7-ef74-d74d-804e-4f7ad56e7f7a','4d7822c7-e751-5be7-281b-4f7ad570ace2','2012-04-03 10:48:08','1','price','currency','500','1000',NULL,NULL),('65e403d9-e267-d871-90c8-4f8747cf10fb','8487507a-785e-0e66-a755-4f4d2d2ea97f','2012-04-12 21:20:00','9106f88a-f272-8119-72a3-4f3165461fc6','price','currency','5100','4950',NULL,NULL),('75a2ed95-9b51-66c5-0a3a-4f8747210c97','cc0b843f-e75a-7da7-70f7-4f4d2d8f123a','2012-04-12 21:20:13','9106f88a-f272-8119-72a3-4f3165461fc6','price','currency','5550','5250',NULL,NULL),('8a6f9657-20a5-b30a-88e2-4fd105310014','e0ab2123-1a4c-7b2d-4467-4f8609e4a74e','2012-06-07 19:48:32','2bf53c62-efbb-f811-41f8-4f3d64001d45','range_from','decimal','1001.0000','1000.0001',NULL,NULL),('9609751a-55ff-34ea-eb2e-4fd105f0a97b','95ae7e76-20b4-c2fd-1e0a-4f860988c7ca','2012-06-07 19:48:47','2bf53c62-efbb-f811-41f8-4f3d64001d45','range_from','decimal','2501.0000','2500.0001',NULL,NULL),('89256373-6220-5754-1e4d-4fd10515ce96','8f840c78-6a08-116d-d71d-4f860a26fe62','2012-06-07 19:49:01','2bf53c62-efbb-f811-41f8-4f3d64001d45','range_from','decimal','5001.0000','5000.0001',NULL,NULL),('8e8ababb-f86e-5fc5-e19f-4fd105e602c9','b23ef27e-88f6-2ec2-35fe-4f860aee48ae','2012-06-07 19:49:12','2bf53c62-efbb-f811-41f8-4f3d64001d45','range_from','decimal','10001.0000','10000.0001',NULL,NULL),('51150f6b-7d47-5b97-a3eb-4fea0468f48c','177083e6-707a-9915-917c-4f76f725ef6a','2012-06-26 18:49:06','1','price','currency','5','0',NULL,NULL),('58db0770-6b71-1ce4-80c5-4fea04cd07db','b58b810e-179b-ff07-dfc6-4f76f761c1af','2012-06-26 18:49:45','1','range_from','decimal','1.1000','8.0001',NULL,NULL),('9a135920-a829-ffcc-9628-4fea235ba4d3','b58b810e-179b-ff07-dfc6-4f76f761c1af','2012-06-26 21:00:54','1','range_from','decimal','8.0001','5.0001',NULL,NULL),('885e501c-cd86-7177-82e4-4fea2356fc52','6881942e-b153-f681-c825-4f76f891d33f','2012-06-26 21:01:36','1','range_from','decimal','13.1000','13.0001',NULL,NULL),('5ec3e542-fe2c-f071-d57a-4fea23f827a3','81ccc233-751f-b540-bb5e-4f76f8265a9a','2012-06-26 21:01:46','1','range_from','decimal','29.1000','29.0001',NULL,NULL),('71e2832c-7a18-0819-703a-4fea23fab24e','137e20c1-5ed1-76a7-7cb6-4f76f8c48a47','2012-06-26 21:01:56','1','range_from','decimal','61.1000','61.0001',NULL,NULL),('4de87e4a-2b2f-6f17-df5c-4fea23adb924','9a536460-1eff-79ee-ebc6-4f76f87f9f0d','2012-06-26 21:02:12','1','range_from','decimal','125.1000','125.0001',NULL,NULL);
/*!40000 ALTER TABLE `nli_pricing_audit` ENABLE KEYS */;
UNLOCK TABLES;

--
-- Table structure for table `nli_pricingaos_products_c`
--

DROP TABLE IF EXISTS `nli_pricingaos_products_c`;
/*!40101 SET @saved_cs_client     = @@character_set_client */;
/*!40101 SET character_set_client = utf8 */;
CREATE TABLE `nli_pricingaos_products_c` (
  `id` varchar(36) NOT NULL,
  `date_modified` datetime DEFAULT NULL,
  `deleted` tinyint(1) DEFAULT '0',
  `nli_pricind645roducts_ida` varchar(36) DEFAULT NULL,
  `nli_pricin5ea3pricing_idb` varchar(36) DEFAULT NULL,
  PRIMARY KEY (`id`),
  KEY `nli_pricing_aos_products_ida1` (`nli_pricind645roducts_ida`),
  KEY `nli_pricing_aos_products_alt` (`nli_pricin5ea3pricing_idb`)
) ENGINE=MyISAM DEFAULT CHARSET=utf8;
/*!40101 SET character_set_client = @saved_cs_client */;

--
-- Dumping data for table `nli_pricingaos_products_c`
--

LOCK TABLES `nli_pricingaos_products_c` WRITE;
/*!40000 ALTER TABLE `nli_pricingaos_products_c` DISABLE KEYS */;
INSERT INTO `nli_pricingaos_products_c` VALUES ('76eb1474-c508-7e64-bde4-4f4d24920014','2012-04-03 23:48:27',1,'7b764d87-208a-1aa5-dcba-4f29884bc105','733bd8fb-167f-f2f2-43a6-4f4d244f16ca'),('4057fcef-d74b-707a-97f5-4f4d2b0c5f7a','2012-02-28 19:59:04',0,'9c318fa3-8bf8-28ae-d404-4f2986d3e707','3c8710ba-fd07-bbd1-4976-4f4d2bd4a6be'),('9335e508-b9e7-358b-fe19-4f4d2c8c45a0','2012-02-28 19:36:17',0,'9c318fa3-8bf8-28ae-d404-4f2986d3e707','85cef863-79bb-6d6a-a8bd-4f4d2c2d5a56'),('3a91a998-ff00-2e68-1a40-4f4d2cf29572','2012-02-28 19:36:48',0,'9c318fa3-8bf8-28ae-d404-4f2986d3e707','36f31539-4bc6-fc0c-7d43-4f4d2cf098b0'),('bb4fb72a-b40c-ddb4-e497-4f4d2cbafa41','2012-02-28 19:37:16',0,'9c318fa3-8bf8-28ae-d404-4f2986d3e707','b8395c4d-22fc-8e6f-d782-4f4d2cbca391'),('b921a0e3-154b-fe73-871a-4f4d2d9d6e35','2012-02-28 19:37:56',0,'9c318fa3-8bf8-28ae-d404-4f2986d3e707','b4f6db26-3488-e759-e562-4f4d2df497e5'),('ec65d88d-d846-1838-0d98-4f4d2d83efbf','2012-02-28 19:38:42',0,'9c318fa3-8bf8-28ae-d404-4f2986d3e707','e8b71fac-b8b1-23cf-2189-4f4d2dcf5617'),('882c6e49-a963-5a5a-6e4e-4f4d2d77e4dc','2012-02-28 19:39:15',0,'9c318fa3-8bf8-28ae-d404-4f2986d3e707','8487507a-785e-0e66-a755-4f4d2d2ea97f'),('cfe1b6c0-7e5b-9545-b191-4f4d2dfb8ef3','2012-02-28 19:40:47',0,'9c318fa3-8bf8-28ae-d404-4f2986d3e707','cc0b843f-e75a-7da7-70f7-4f4d2d8f123a'),('c1575886-de29-5cec-293f-4f4d2d3f7415','2012-02-28 19:41:35',0,'9c318fa3-8bf8-28ae-d404-4f2986d3e707','bd3d1a84-d16e-410d-ca48-4f4d2df15136'),('7a9fbab0-b3a6-e64b-df24-4f4d2e6423fd','2012-02-28 19:42:47',0,'9c318fa3-8bf8-28ae-d404-4f2986d3e707','76f645b8-bf9b-2c16-052a-4f4d2ef4d306'),('f2ae9bb2-87a1-3b62-1991-4f4d2e6e9f30','2012-02-28 19:43:04',0,'9c318fa3-8bf8-28ae-d404-4f2986d3e707','ef06109c-3830-8534-734d-4f4d2ea78012'),('754b7de6-6f8b-3101-be10-4f4d2ee2df52','2012-02-28 19:43:28',0,'9c318fa3-8bf8-28ae-d404-4f2986d3e707','716c26d9-50b6-cdb2-9a05-4f4d2e98b2eb'),('1d7d5c7b-0861-e132-d7db-4f4d3166da94','2012-02-28 20:00:28',0,'9c318fa3-8bf8-28ae-d404-4f2986d3e707','1a60bbc3-222b-0bea-e5cd-4f4d31dbb921'),('1533b973-050c-3a04-8865-4f751cec7ff7','2012-04-03 22:05:00',1,'ed8e3060-66cf-3bc6-0f3c-4f751b310534','12b71562-f3fd-246a-978f-4f751cc5b28e'),('8ebb040c-0b2c-fdad-10a6-4f751e709647','2012-04-03 22:05:00',1,'ed8e3060-66cf-3bc6-0f3c-4f751b310534','8c3d29d8-403f-5122-2903-4f751ef24a34'),('df294fe3-987a-f476-b641-4f756e8f866f','2012-03-30 08:29:11',0,'9a3ba35f-a29f-4173-56b0-4f756e95fb7b','d7d9a41e-308e-204d-3f13-4f756e2ae6e3'),('4f04e4f4-a29a-7098-df80-4f756fbc9e04','2012-03-30 08:30:56',0,'521f7d32-3b3d-0c39-8638-4f756f041714','4c5ed3b5-bf76-50a2-750c-4f756f4ef0d5'),('beec9c97-5903-b7ac-d9f2-4f758d7d6789','2012-03-30 10:41:10',1,'ceee1015-43b2-03c6-889e-4f758c811949','bc60c1e0-4b23-4531-45da-4f758dd8be08'),('ad3625a3-3200-780c-d5e1-4f758df4b33c','2012-03-31 10:18:53',1,'4ff746e3-1c13-044f-f013-4f758c044ed3','aaa0d6f4-ee50-70d3-386b-4f758d03774f'),('2b9f4433-249d-ff1d-5304-4f758e9fc7cc','2012-03-31 10:21:45',1,'8189216e-2254-fc08-d3f9-4f758cdf1e60','29091ded-324c-82a3-d6d8-4f758e8f8190'),('8293565c-2aa6-12a3-aacc-4f758e75753b','2012-03-31 10:22:27',1,'9d9d8153-58fe-2649-6fc5-4f758ccefcab','800382c6-df21-0342-2cc3-4f758e9f81e7'),('1c24347d-0a8a-2ecb-946d-4f758e4f44c1','2012-03-31 10:23:01',1,'67610010-1dbd-67ff-ac0a-4f758c947fb1','198243ac-8d49-c820-d451-4f758e58996e'),('825f048b-79bd-3bf4-3e33-4f758e80e4ba','2012-03-31 10:23:33',1,'9449a56d-cf9f-c6dd-de90-4f758b5279bb','7fcdf574-7bf8-fb4d-d43a-4f758ea0050c'),('2960c404-374b-8f00-0e29-4f758edb47a0','2012-03-31 10:24:15',1,'de17c51b-91b6-d37a-7c57-4f758b4adcdf','26ff8a6a-5d43-3e9a-dbfa-4f758e4a7077'),('f1f90c40-084e-5dcb-cde4-4f758ef5d888','2012-03-31 10:24:53',1,'6e5b2c45-bdd3-1071-19e3-4f758bf14563','ef56428b-6d61-ff65-6c7a-4f758e6164ea'),('d69d3966-f772-5d72-d9f6-4f758ed49a2e','2012-03-31 10:25:46',1,'3ef2af98-dddf-18d2-1b0b-4f758b307bc6','d3ca060c-a422-9b51-13dd-4f758e61e08f'),('c6a8e92b-6951-a6cb-85ad-4f758ef80b5a','2012-03-31 10:26:18',1,'19b42493-dbf3-c292-6672-4f758b1039ad','c3f7b8d8-c3ca-3ab1-530d-4f758eec4661'),('5d915490-4540-6dec-51b6-4f758f6185fa','2012-03-31 10:29:33',1,'81fa39f4-1600-5cd5-5a58-4f758bb8a269','5afb0dce-1220-aedd-8c3d-4f758fb9f955'),('b05c1f18-98e7-0b1d-7eb4-4f758f4d39d9','2012-04-03 22:10:39',1,'f360fe08-09d7-ebc8-0f4f-4f758afae212','ad9e90c6-3a4f-b166-58ed-4f758f638ab3'),('d501bd0a-4aa8-f2a1-16ce-4f758f7a7ad6','2012-04-03 22:10:39',1,'f360fe08-09d7-ebc8-0f4f-4f758afae212','d23e2b40-a353-5f10-5d47-4f758f0ba08f'),('5bbad96a-9898-62a4-3456-4f758f38b4e0','2012-04-03 22:10:39',1,'f360fe08-09d7-ebc8-0f4f-4f758afae212','5915c8d3-d739-1b3f-fd2e-4f758fc872f2'),('8bbdb2bd-8148-96ea-7bbd-4f758f05dd4e','2012-04-03 22:10:39',1,'f360fe08-09d7-ebc8-0f4f-4f758afae212','899ae3b0-63f7-75e4-e856-4f758f8224a2'),('99795157-a205-ecc9-755b-4f758fbc112a','2012-04-03 22:10:39',1,'f360fe08-09d7-ebc8-0f4f-4f758afae212','96db41ea-935d-e690-8d13-4f758f06c06c'),('4b5d90bf-d464-9620-7088-4f7590b1738d','2012-04-03 22:10:39',1,'f360fe08-09d7-ebc8-0f4f-4f758afae212','4920aefb-893d-15c0-c357-4f759048422c'),('aef02756-7287-7046-7461-4f7590a7f100','2012-04-03 22:10:39',1,'f360fe08-09d7-ebc8-0f4f-4f758afae212','ac53962d-2fe6-a330-c7d1-4f75901d7c99'),('296d2689-7585-4431-195d-4f7590ef1480','2012-03-31 10:30:43',1,'726b95a1-3e60-4880-515e-4f758a445b16','2716454b-f78f-13dc-d904-4f7590b4533b'),('dfd9ad02-2f6f-1e70-82bd-4f7592a54e46','2012-03-30 11:01:06',0,'abf19cc6-b40a-efb5-ca25-4f758a7d86a2','dd749886-b113-2395-6698-4f7592aee279'),('94fe7ff3-4acb-1e69-64c4-4f7592c1a640','2012-03-30 11:01:40',0,'abf19cc6-b40a-efb5-ca25-4f758a7d86a2','92435e7f-1678-e3c3-d46d-4f7592c9aac9'),('decee850-9f01-96ed-d5ab-4f7592f6e3f4','2012-03-30 11:02:02',0,'abf19cc6-b40a-efb5-ca25-4f758a7d86a2','dbfe33cd-f925-de85-f34c-4f7592948e11'),('c620d2d3-652f-54f3-c2c5-4f759271af9a','2012-03-30 11:02:59',0,'abf19cc6-b40a-efb5-ca25-4f758a7d86a2','c3b0ea91-9466-74bc-8b70-4f75926f6596'),('9073cbe4-d914-47e7-cb41-4f7593766c97','2012-03-30 11:03:31',0,'abf19cc6-b40a-efb5-ca25-4f758a7d86a2','8daa9950-57e8-79e8-b688-4f7593ca017f'),('3c6d741a-5fe6-127a-8bed-4f7593aadd03','2012-03-30 11:03:57',0,'abf19cc6-b40a-efb5-ca25-4f758a7d86a2','39a6db74-230c-85b6-3d21-4f75934597b7'),('9935e9b7-f5fd-66b6-7086-4f7593818479','2012-03-30 11:04:25',0,'abf19cc6-b40a-efb5-ca25-4f758a7d86a2','9675a82d-9436-8bed-bda7-4f75933aeab1'),('34c90b5d-979b-c5f1-c9e3-4f7593439e6b','2012-03-31 10:31:38',1,'2d3e6c64-73ff-97c6-1d49-4f758a54be6e','323326f2-bf5e-51e6-a6fe-4f75934c5bfd'),('ba25abf7-2de3-4f77-8f95-4f7593652d1d','2012-03-31 10:32:25',1,'1ff3ead6-c90c-71f6-74a9-4f758a4be5c5','b7cd58ca-33e6-4134-3cd6-4f759341fc0f'),('6aa78b6b-60a4-bdb5-323f-4f75931c13d9','2012-03-31 10:33:19',1,'61787293-ce82-e985-5a1b-4f758a9f0195','680c260a-8bf5-498e-87d2-4f75930a67ff'),('d6eef426-89f3-f923-0dd2-4f75935496d6','2012-03-31 10:35:06',1,'913c74be-e9b5-315c-921f-4f7589d23d2e','d4815024-e60b-a08a-28fa-4f7593254f33'),('ef309e4f-cefa-0e66-7d1e-4f75935edc43','2012-03-31 10:36:01',1,'2a4a0248-287f-b84f-e388-4f75896fec3a','ecad9e0e-cf69-4c6a-0629-4f7593cecd1c'),('31824436-80c6-b29d-7367-4f7594ce9fc4','2012-03-31 10:37:25',1,'754126e7-9bd6-029d-33be-4f75890f0319','2f4f45c6-45d1-60d2-641e-4f7594704305'),('188e244f-6ac8-1320-d227-4f7594a3a847','2012-03-31 10:38:09',1,'e4e54fa9-27c3-62b8-7f8c-4f75898802aa','16340594-2363-a87a-485f-4f75948e44f2'),('736e5a54-e751-4a48-7665-4f75947984ec','2012-03-31 10:38:56',1,'92cf2943-6c7c-0370-6ff3-4f758873d863','707346b0-0581-cc63-2ba0-4f7594cf389f'),('3372acd8-9238-c7c7-7aed-4f75942fa16a','2012-03-31 10:39:46',1,'8cd80eaf-b695-965d-14b7-4f7588917c5e','30b194a4-ee63-6303-56b3-4f7594228ed0'),('6e74fe1d-b284-43fb-a0ee-4f7594b8db5c','2012-03-31 10:40:49',1,'6e72bd6c-6255-fe35-5c74-4f7588a1725f','6ba7930e-3acd-6d89-ea80-4f75942cdbf5'),('b22aa5d3-e11c-7165-38bf-4f7594480a7f','2012-03-31 10:41:29',1,'3a286901-f2d4-cf53-311f-4f7588af1734','af8ac5e7-871d-22b6-c9b3-4f7594081bcb'),('e8f88e99-a805-9ca8-a500-4f75946eae15','2012-03-31 10:42:38',1,'22410041-e0ed-fa9c-7818-4f75887e8b05','e639f632-ca34-f55d-4212-4f759416597d'),('55f02819-0246-b03f-17cc-4f75954aca49','2012-03-31 10:43:24',1,'8c5935eb-74f2-f6e1-58fe-4f75870a4a82','539aa990-cdc3-edbc-6893-4f7595623bce'),('9724068e-d5b3-dd22-e24d-4f7596f120ea','2012-03-31 10:44:24',1,'bf14b76f-86f6-7e7b-5d77-4f7587e63a2a','94cb091a-9683-8166-c46f-4f75966356e5'),('514a491d-ab52-c417-17b2-4f75965b6d81','2012-03-31 10:45:20',1,'6eaf8fc6-9626-d23c-878b-4f75872c5e24','4e9d82d5-7336-0f44-9791-4f75965eaf26'),('397e9f85-5ea2-d813-2a67-4f7596b941f4','2012-03-31 10:46:12',1,'35975fff-782c-4d0f-8a67-4f7587479c16','36f6aa10-8451-c8d1-0d0d-4f75964eae90'),('854fe8a6-4126-76f3-12a4-4f7597077ab6','2012-03-31 10:47:00',1,'394acc06-bbf0-8c1f-1cd0-4f7586a3bd36','81bea836-6719-350e-83be-4f75970222f8'),('8d76104c-8dd0-1ef8-02b3-4f75989f97ce','2012-03-31 10:47:51',1,'e10c2344-bf20-2010-aa4a-4f7586f6cebd','8ac40886-458d-d1de-63d0-4f75988f9d17'),('cf8ec145-86b0-67a8-a9db-4f7599c20dba','2012-03-30 11:30:39',0,'9eb28251-3a8d-0c81-3d6f-4f7586e23abc','ccc5abb9-b9c5-1169-498c-4f7599c60abc'),('1cc2ccfb-6163-dbde-fa1d-4f7599904edb','2012-03-30 11:31:09',0,'9eb28251-3a8d-0c81-3d6f-4f7586e23abc','1a1c70f2-a0c1-07c4-10c7-4f7599bd48c3'),('cd3a6261-e377-e581-3a1c-4f7599aac04f','2012-03-30 11:31:46',0,'9eb28251-3a8d-0c81-3d6f-4f7586e23abc','ca86adef-db40-44d3-08eb-4f7599cadf7d'),('20f30269-bcf5-e9c9-7b6b-4f759966dc26','2012-03-30 11:32:17',0,'9eb28251-3a8d-0c81-3d6f-4f7586e23abc','f2b4ad62-d34c-ab2e-fb68-4f7599041714'),('7b7bf825-002e-7f4d-cb92-4f759965e684','2012-03-30 11:32:43',0,'9eb28251-3a8d-0c81-3d6f-4f7586e23abc','78d9809f-7e68-18ce-f283-4f75990b9e81'),('4ab86f1c-4a60-1b34-b198-4f759a4412d1','2012-03-30 11:33:26',0,'9eb28251-3a8d-0c81-3d6f-4f7586e23abc','481643d3-f524-f59e-6431-4f759a1ed6f2'),('71a09afb-1fcb-5107-82cc-4f759aca9c86','2012-03-30 11:34:12',0,'9eb28251-3a8d-0c81-3d6f-4f7586e23abc','6f1d4533-5d2c-8fe0-ec56-4f759a2957d7'),('1d91a750-e705-3e03-eabf-4f759a0547dc','2012-03-30 11:34:45',0,'9eb28251-3a8d-0c81-3d6f-4f7586e23abc','1b360d8f-7bc6-5c3e-6393-4f759a0ef196'),('a80a9aa2-6828-90d8-292b-4f759ab30cfa','2012-03-30 11:35:27',0,'9eb28251-3a8d-0c81-3d6f-4f7586e23abc','a56d61b9-f560-67d5-1ef1-4f759aa12ccb'),('9b73309b-13c0-f2f1-f7e3-4f759ab1d5c9','2012-03-30 11:35:47',0,'9eb28251-3a8d-0c81-3d6f-4f7586e23abc','98ada7dc-3cdc-5097-8b61-4f759a150c69'),('50d7fb27-22ba-0b92-6ac4-4f759a1aa02c','2012-03-30 11:37:24',0,'9eb28251-3a8d-0c81-3d6f-4f7586e23abc','4e7148ce-830c-0de3-1dab-4f759a297fcc'),('1baa0c57-80b4-415b-e9a4-4f759be4fbba','2012-03-30 11:37:47',0,'9eb28251-3a8d-0c81-3d6f-4f7586e23abc','f3325ffb-d7d7-1fd8-9494-4f759b2011a7'),('6f9ac3bf-679c-07c7-9ebb-4f759b0ecde2','2012-03-30 11:38:29',0,'9eb28251-3a8d-0c81-3d6f-4f7586e23abc','6ca9d6e8-437b-819d-11fe-4f759bcab761'),('a2252bed-8af5-5be8-f6f5-4f759bd44e10','2012-03-30 11:39:22',0,'9eb28251-3a8d-0c81-3d6f-4f7586e23abc','9f801ca8-894a-7eb7-cc67-4f759bbe9829'),('2f4f8717-1acc-9414-4ce2-4f759bc97861','2012-03-30 11:39:52',0,'9eb28251-3a8d-0c81-3d6f-4f7586e23abc','2c80d3c8-039c-5f60-aaad-4f759b0b1cbc'),('3bdaf571-f596-303e-2ccd-4f759ba8eb6b','2012-03-30 11:40:27',0,'9eb28251-3a8d-0c81-3d6f-4f7586e23abc','3926650f-ca12-06d1-c352-4f759befcac0'),('a485afa3-c8da-01dc-f475-4f759b354b11','2012-03-30 11:41:00',0,'9eb28251-3a8d-0c81-3d6f-4f7586e23abc','a22cdfc4-32e5-078e-b769-4f759b2e9806'),('b278b36a-a7f0-de9e-9121-4f759b2aeef8','2012-03-30 11:41:29',0,'9eb28251-3a8d-0c81-3d6f-4f7586e23abc','afdd47d1-b583-db31-cd0a-4f759b373f46'),('9f56f47f-b71b-56cf-f32c-4f759c6d3d8e','2012-03-30 11:42:02',0,'9eb28251-3a8d-0c81-3d6f-4f7586e23abc','9ca48c88-8e46-2bb8-7b9e-4f759c4a2cc2'),('cc8a3237-60dc-afef-63fa-4f759ca78ba3','2012-03-30 11:53:01',1,'9eb28251-3a8d-0c81-3d6f-4f7586e23abc','ca1a83ca-6a40-c026-e04f-4f759c3fc7cd'),('3c9bdd31-9e11-17c5-a83e-4f759c3f8d5d','2012-03-30 11:43:34',0,'9eb28251-3a8d-0c81-3d6f-4f7586e23abc','3a22dce3-087d-a69c-3dab-4f759c8ab232'),('d478da88-10d3-2d12-1676-4f759c7274e2','2012-03-30 11:44:06',0,'9eb28251-3a8d-0c81-3d6f-4f7586e23abc','d205a7fd-b5d0-5f4f-d05f-4f759c4b06f1'),('ec0610c8-e0ee-cf98-2733-4f759ced9060','2012-03-30 11:44:33',0,'9eb28251-3a8d-0c81-3d6f-4f7586e23abc','e94e55a9-fe2e-980e-a45d-4f759c785422'),('581f908e-68f0-5949-57da-4f759ca7bdfd','2012-03-30 11:45:22',0,'9eb28251-3a8d-0c81-3d6f-4f7586e23abc','556faf4f-6f52-4ba9-69ac-4f759c42e8fa'),('876e880a-bb03-909e-7cc5-4f759dd3f2a0','2012-03-30 11:48:13',0,'9eb28251-3a8d-0c81-3d6f-4f7586e23abc','84c1fad8-0476-eba1-1cef-4f759d4ab275'),('8f31336c-afbc-0bdd-9648-4f759d92dddf','2012-03-30 11:54:51',1,'9eb28251-3a8d-0c81-3d6f-4f7586e23abc','8c934f0e-35a8-2741-61fb-4f759d016a99'),('510b497b-028b-e4d7-ecdb-4f759f431752','2012-03-30 11:56:38',0,'c8fc8426-59b3-47f7-9a3c-4f75850b8b00','4e62b22e-86a0-ba50-635e-4f759ff2bc04'),('9c51f825-4141-8b95-f436-4f759f45a6d1','2012-03-30 11:57:01',0,'c8fc8426-59b3-47f7-9a3c-4f75850b8b00','9a1abf3b-851b-ad23-c13c-4f759fd5a2c6'),('ac9d2383-8742-40ac-e132-4f759f84b2f2','2012-03-30 11:57:33',0,'c8fc8426-59b3-47f7-9a3c-4f75850b8b00','aa485daf-f263-0aa9-bc6f-4f759fecea63'),('48ec685e-25e2-75b6-0e70-4f759fae961f','2012-03-30 11:58:03',0,'c8fc8426-59b3-47f7-9a3c-4f75850b8b00','46373088-4fde-52d9-922c-4f759f324e62'),('67418b8d-ece0-6f92-0e0d-4f75a03def58','2012-03-30 12:01:24',0,'c8fc8426-59b3-47f7-9a3c-4f75850b8b00','6465e8c8-9ad5-dc5a-6a6c-4f75a06422ec'),('73584227-6250-bf56-6bd6-4f75a06b339a','2012-03-30 12:02:45',0,'c8fc8426-59b3-47f7-9a3c-4f75850b8b00','70b34b72-b738-1e57-9522-4f75a0fbdcba'),('2ef9dba0-074b-b1b2-af70-4f75a0f6e53d','2012-03-30 12:03:10',0,'c8fc8426-59b3-47f7-9a3c-4f75850b8b00','2c56c992-1db9-2fa4-37a6-4f75a059bf5c'),('808bb841-34a5-2234-e876-4f75a1a23796','2012-03-30 12:03:39',0,'c8fc8426-59b3-47f7-9a3c-4f75850b8b00','7e1adea5-8f2b-646d-8f57-4f75a1a76cf8'),('f14908b8-5f2f-2b77-9dc3-4f75a117260f','2012-03-30 12:04:18',0,'c8fc8426-59b3-47f7-9a3c-4f75850b8b00','ee96f644-0c9b-eae9-e913-4f75a15d3202'),('ac5839e9-1538-204a-b648-4f75a163a724','2012-03-30 12:04:43',0,'c8fc8426-59b3-47f7-9a3c-4f75850b8b00','a9b3c4cd-cbb9-ded0-b0ce-4f75a13c8f69'),('6b80a0e2-76ed-dae0-c323-4f75a1799965','2012-03-31 10:48:59',1,'76e80d0e-8794-ab8e-8d58-4f7585a32262','68c2c1e6-25f6-3911-dce7-4f75a1e9c510'),('58135e84-bf82-8aeb-499a-4f75a295d33a','2012-03-31 10:49:51',1,'2203fe13-41b2-4d34-9640-4f7585670725','5572341a-e7a0-c193-04af-4f75a2a652c3'),('f247d60c-019d-b0ed-d242-4f75a280532e','2012-03-31 10:50:31',1,'63be710f-3162-a9f0-a313-4f7585ec885f','efc88f4c-c8f5-7f36-d455-4f75a26562c6'),('f14e8239-c25d-ad2e-dd13-4f75a20f6569','2012-03-31 10:51:23',1,'3aa7f4f2-be1d-6561-8582-4f7585ec480a','eedbc9ce-7baf-7bcc-15da-4f75a2a8b18a'),('4a235c5b-98b7-ef91-3428-4f75a20bcff3','2012-03-31 10:52:21',1,'d3504c70-3418-1f77-7f70-4f758448f89d','4762c8d3-70ef-e4f2-13e0-4f75a2464bcb'),('4c1ef0d2-5f7e-0751-a78e-4f75cbcbb50e','2012-03-30 15:05:44',0,'aad7ffcd-ba53-0e60-3f1d-4f7584cec8f9','47cd69d4-f02d-cd0d-c170-4f75cb30b642'),('422f8708-1673-e579-8226-4f75cba5b282','2012-03-30 15:06:23',0,'aad7ffcd-ba53-0e60-3f1d-4f7584cec8f9','3f460448-b1d8-ddcd-bfc1-4f75cbbd4668'),('83ce7573-450e-4655-e0b1-4f75cc752513','2012-03-30 15:07:18',0,'aad7ffcd-ba53-0e60-3f1d-4f7584cec8f9','810217a8-c72c-9364-ca80-4f75cc135f33'),('31edbe24-15f0-e2c6-e58e-4f75ccb7c602','2012-03-31 10:54:12',1,'bdb11443-5763-4f79-0c4a-4f7584b91046','2ef0579c-f466-aaef-8bf0-4f75cceed903'),('38263833-d3ac-b439-acaf-4f75cdb4b500','2012-03-31 10:55:39',1,'f399ca86-222a-6ed9-e196-4f7584e4f239','356ca234-7ebe-f4f9-9bcd-4f75cd497cd6'),('5d7f1b96-c379-5c52-1740-4f75cdc8d646','2012-03-31 10:56:19',1,'728301c0-3fb6-50db-2430-4f7583c07800','5ac5939f-0d30-50a0-cee0-4f75cd9bbc3c'),('9dce7e9d-be03-76a0-b5d1-4f75cdd8b4f8','2012-03-31 10:57:04',1,'f02db2a8-85c5-b75d-1c60-4f7583d63110','9b5ddf61-ef8a-5d2e-69ab-4f75cdd50bf7'),('9fe5d300-aa81-8e35-1f8a-4f75cd7ea3de','2012-03-31 10:57:46',1,'781c0e06-2c01-5aca-de51-4f7583a9a46f','9d5f7e7d-5038-08e0-2f30-4f75cd533e05'),('1b7a7aa2-d636-10bc-ba8a-4f75ce9c6f41','2012-03-30 15:15:16',0,'a820793d-adfa-0fd6-5bb3-4f75831faff1','18b5c5f6-989c-ef24-3a88-4f75ce4aa04b'),('37d80dbc-0368-c050-e6bb-4f75ce9b0905','2012-03-30 15:15:39',0,'a820793d-adfa-0fd6-5bb3-4f75831faff1','ce200d4f-ae67-4382-d241-4f75ceeaa80e'),('8e083d50-0121-8928-8e4f-4f75ce5909db','2012-03-31 10:59:17',1,'1a03c20b-9c81-1b19-1261-4f75822ac1c0','8b637ad9-1814-5c34-49d9-4f75ce03f33a'),('46e7f127-6600-47a3-11f7-4f75ce55f78c','2012-03-31 11:00:10',1,'ee420407-3f08-b031-2054-4f7582668867','443b8f02-52a9-f069-97c9-4f75ceec2b76'),('e8cc6c02-3a02-ae31-1030-4f75ce186a88','2012-03-31 11:01:46',1,'4108e8f7-314b-2841-7a7b-4f75828329bb','e624818e-d668-fe28-1c1d-4f75ce878f07'),('66d3318e-e544-ec77-8942-4f75ce13fe14','2012-03-31 11:04:05',1,'6df1dbb0-3205-5bbf-1ae7-4f758202c7c6','6425e4ca-511a-f509-cd61-4f75ce19736b'),('b218c1ae-e2ff-c05b-3d66-4f75cfde13d3','2012-03-31 11:04:54',1,'57228a05-e6ae-7ba1-bce1-4f75827f6ff0','ae45253b-c1bc-3a2c-b3c4-4f75cf7bf20d'),('d577a58c-914e-3501-4bc8-4f75cf0fe278','2012-04-03 22:02:41',1,'8f28ae48-3b2f-9a79-d233-4f7581c4beb2','d2dc3546-e677-9119-683d-4f75cf4a4594'),('406b47d0-ae04-63a9-d321-4f75cfa2de63','2012-03-31 11:05:49',1,'85f958cd-0a46-31d8-7179-4f7581e13bd8','3db1de85-7954-0681-f5b9-4f75cf9ec097'),('e2bc2ce9-7707-3a1b-ecc8-4f76ecd70f85','2012-04-03 22:11:18',1,'6473923a-366d-15da-bbee-4f75663e0207','e01a519d-5a62-4ff4-2bb4-4f76eced79f2'),('9c61618b-88a0-8380-6f5b-4f76ec2891d3','2012-04-03 22:11:18',1,'6473923a-366d-15da-bbee-4f75663e0207','9a06e0d4-9321-6c1d-a8a6-4f76ec19762f'),('16e5db08-f661-b854-d081-4f76eced2718','2012-04-03 22:11:18',1,'6473923a-366d-15da-bbee-4f75663e0207','147a0f44-9403-ed24-5f8f-4f76ecabaa84'),('28920950-8087-4012-ca9f-4f76ed2a035e','2012-04-03 22:11:18',1,'6473923a-366d-15da-bbee-4f75663e0207','1f8006c7-017f-e2ff-45f3-4f76ed6cf9a3'),('522e3c74-7bc2-0715-0b03-4f76ed9603df','2012-04-03 22:11:18',1,'6473923a-366d-15da-bbee-4f75663e0207','4f993ef8-8dc5-ce54-1109-4f76ed955c90'),('d9f6da7e-2060-3fd6-022a-4f76ed44b2ad','2012-04-03 22:11:18',1,'6473923a-366d-15da-bbee-4f75663e0207','d77f2a31-6e97-f60d-52d5-4f76edfb21d3'),('e424864e-61f6-24ef-d59c-4f76edbe4095','2012-04-03 22:11:18',1,'6473923a-366d-15da-bbee-4f75663e0207','e1a1030e-51aa-ae3a-e31a-4f76ed69b057'),('8467a0f6-c64a-b8c6-a991-4f76edaa9e46','2012-04-03 22:11:18',1,'6473923a-366d-15da-bbee-4f75663e0207','81f1f0ca-d3a7-c55a-1732-4f76ed4f4bb6'),('1fe101bb-9602-cc53-c105-4f76edf29091','2012-04-03 22:11:18',1,'6473923a-366d-15da-bbee-4f75663e0207','1d453b0c-5dad-76f7-bc7a-4f76ed5d5ecc'),('8b6c9ea7-344f-bb24-f448-4f76ed900343','2012-04-03 22:11:18',1,'6473923a-366d-15da-bbee-4f75663e0207','88d78bb4-babf-89a3-c58a-4f76eda34499'),('5f1d73c7-7848-ca98-3e97-4f76ed572209','2012-04-03 22:11:18',1,'6473923a-366d-15da-bbee-4f75663e0207','5c85a478-3712-1cad-b5c5-4f76edea887f'),('cfaece65-7045-0cf1-b017-4f76ee226839','2012-04-03 22:11:18',1,'6473923a-366d-15da-bbee-4f75663e0207','cd3279f9-5523-1165-a4b2-4f76ee45e8ad'),('6072e6fc-2ce3-95a5-95d2-4f76eec4c5a2','2012-04-03 22:11:18',1,'6473923a-366d-15da-bbee-4f75663e0207','5dddc47e-5978-8014-ca99-4f76ee60448c'),('bbea5b2e-bace-5ab7-206d-4f76ee63ca35','2012-04-03 22:11:18',1,'6473923a-366d-15da-bbee-4f75663e0207','b95254d2-ef17-7ba9-cdbb-4f76ee048706'),('174e40e8-76d2-bd47-47b6-4f76ee3052d7','2012-04-03 22:11:18',1,'6473923a-366d-15da-bbee-4f75663e0207','14f6f68e-9087-162b-5993-4f76eed38309'),('ef1433d2-2347-cb8d-2285-4f76ee8cd813','2012-04-03 22:11:18',1,'6473923a-366d-15da-bbee-4f75663e0207','ecaf7b18-a0d0-ac6f-0c35-4f76ee4276e3'),('444ec33a-a678-ba8e-3db4-4f76ee3f9dbb','2012-04-03 22:11:18',1,'6473923a-366d-15da-bbee-4f75663e0207','41abe51a-030d-0bcc-9999-4f76ee048d6c'),('b08cf276-05a9-637e-90cb-4f76eef43fc4','2012-04-03 22:11:18',1,'6473923a-366d-15da-bbee-4f75663e0207','ade1b451-8fd6-2261-cb61-4f76eeda0b79'),('5f3f0120-9721-bf56-e09f-4f76ef581d78','2012-04-03 22:11:18',1,'6473923a-366d-15da-bbee-4f75663e0207','5caa2cff-fa4e-7d89-daec-4f76efbc41fe'),('e366ecbf-5739-f983-870d-4f76f0aa6984','2012-04-03 21:57:43',1,'b813fef4-433c-d696-a91c-4f756436f8f8','e0d6e459-1dca-643d-8e0d-4f76f06b619b'),('2581d482-a0a9-12d5-74c7-4f76f03dc339','2012-04-03 21:57:43',1,'b813fef4-433c-d696-a91c-4f756436f8f8','22f3ad9b-ecde-67e8-1a8e-4f76f0dad39c'),('5df8ce93-3f77-5ff4-c0cf-4f76f07a85e7','2012-04-03 21:57:43',1,'b813fef4-433c-d696-a91c-4f756436f8f8','5b8c32f4-3480-5989-c2b8-4f76f0cf4be3'),('e7f91830-ed75-6beb-a76d-4f76f0610fe3','2012-04-03 21:57:43',1,'b813fef4-433c-d696-a91c-4f756436f8f8','e5893cdb-97b6-a194-3bec-4f76f09d7393'),('17ce2bff-55f4-b463-ba0c-4f76f0e1ecdb','2012-04-03 21:57:43',1,'b813fef4-433c-d696-a91c-4f756436f8f8','157137ff-1821-53be-0304-4f76f09d03c6'),('4c613dd8-7768-c9ed-a448-4f76f0cffa8a','2012-04-03 21:57:43',1,'b813fef4-433c-d696-a91c-4f756436f8f8','49cc7357-38b8-6377-9f9a-4f76f094d1b2'),('1185c6e6-a16f-e66e-40de-4f76f04da3f5','2012-04-03 21:57:43',1,'b813fef4-433c-d696-a91c-4f756436f8f8','f2fc09a1-8414-8ffe-fd44-4f76f08e5799'),('62e99d93-ded5-3a83-419b-4f76f0c20b5e','2012-04-03 21:57:43',1,'b813fef4-433c-d696-a91c-4f756436f8f8','60729eaf-5ecc-ef0e-ac0c-4f76f0d2872f'),('69d78c65-0dbd-858e-f538-4f76f0ca28bd','2012-04-03 21:57:43',1,'b813fef4-433c-d696-a91c-4f756436f8f8','67677e95-f3ea-5bbb-61ef-4f76f0f8fccd'),('3b595b82-fefc-e889-1407-4f76f1a4c263','2012-04-03 21:57:43',1,'b813fef4-433c-d696-a91c-4f756436f8f8','38c7f7c2-24cc-75b5-a772-4f76f1b5357e'),('d9831dcb-c1f4-9121-8932-4f76f11280f0','2012-04-03 21:57:43',1,'b813fef4-433c-d696-a91c-4f756436f8f8','d7112a7e-fd03-0c90-c68d-4f76f1f4a5fe'),('6122ec59-0336-f805-72c6-4f76f139f337','2012-04-03 21:57:43',1,'b813fef4-433c-d696-a91c-4f756436f8f8','5ea895fa-63c9-ae66-35f4-4f76f1d2777d'),('d428c2b7-024b-b6b6-4193-4f76f1371b2e','2012-04-03 21:57:43',1,'b813fef4-433c-d696-a91c-4f756436f8f8','d1c04544-36ba-11e3-c7b6-4f76f1ce09fe'),('dca2e4da-59c0-dc9b-ba61-4f76f1e837bc','2012-04-03 21:57:43',1,'b813fef4-433c-d696-a91c-4f756436f8f8','da46b740-d4ae-ec5c-6fd2-4f76f176d58c'),('103141d5-5202-e5a0-41ed-4f76f16f9d35','2012-04-03 21:57:43',1,'b813fef4-433c-d696-a91c-4f756436f8f8','d7a90172-416e-0af4-f3da-4f76f1310402'),('b6f43cf4-1fd0-e869-0bb1-4f76f1a07a0d','2012-04-03 21:57:43',1,'b813fef4-433c-d696-a91c-4f756436f8f8','b45d36f2-52a8-b012-bb1b-4f76f14326d1'),('b6271c22-3e2e-c9c5-edc7-4f76f2729684','2012-04-03 21:57:43',1,'b813fef4-433c-d696-a91c-4f756436f8f8','b3b30571-049c-2848-e494-4f76f26ad1dd'),('55f11c83-9aeb-4390-c194-4f76f23048c4','2012-04-03 21:57:43',1,'b813fef4-433c-d696-a91c-4f756436f8f8','534db72f-a5f5-3051-089b-4f76f215afc7'),('a5dd8e52-fbee-e14b-5e5d-4f76f2073dce','2012-04-03 21:57:43',1,'b813fef4-433c-d696-a91c-4f756436f8f8','a35a2050-f5e4-dd73-7ec9-4f76f24368e6'),('270d5394-3666-f961-be6b-4f76f2635c3d','2012-04-03 21:57:43',1,'b813fef4-433c-d696-a91c-4f756436f8f8','249c8b7b-8a24-a34b-f22d-4f76f22f6a83'),('d10828ef-72d6-37fe-1a07-4f76f5cfd59a','2012-04-03 21:48:15',1,'1adc0e4c-fc4b-7cd5-efc7-4f755e379fd5','cee7c4cc-2482-09a0-49f2-4f76f57c9c71'),('18d37502-8c42-3dc4-669b-4f76f6bbd9bd','2012-04-03 21:48:22',1,'2f9731b8-bd07-4afa-c00a-4f755f2b9afa','1664ed1e-e1f5-8212-8e04-4f76f675aef3'),('931ff048-3554-d869-4e4a-4f76f6699b30','2012-04-03 21:48:22',1,'2f9731b8-bd07-4afa-c00a-4f755f2b9afa','907c2f6d-f45f-0d6a-7352-4f76f66afd4a'),('be5bf3df-7946-6dde-3ea2-4f76f6e7d08f','2012-04-03 21:48:22',1,'2f9731b8-bd07-4afa-c00a-4f755f2b9afa','bbc63bdf-baf9-fc83-9e85-4f76f66e5383'),('23f4f0f7-83d7-3bcc-13f9-4f76f61f0717','2012-04-03 21:48:22',1,'2f9731b8-bd07-4afa-c00a-4f755f2b9afa','216ce507-6738-6854-e5b3-4f76f6b40478'),('6cfc39c0-e0af-0f4e-133a-4f76f6c41977','2012-04-03 21:48:22',1,'2f9731b8-bd07-4afa-c00a-4f755f2b9afa','6a664063-0eba-7899-c233-4f76f62633a5'),('4e327deb-6309-dbfe-af64-4f76f7661778','2012-04-03 21:48:22',1,'2f9731b8-bd07-4afa-c00a-4f755f2b9afa','4be3806b-fd6d-56bf-b80a-4f76f7e3b756'),('cebad593-8130-0296-4040-4f76f7eebc1e','2012-04-03 21:48:22',1,'2f9731b8-bd07-4afa-c00a-4f755f2b9afa','cc605f33-af89-3307-2ef4-4f76f74ff579'),('19eb3759-5137-91cd-3a3d-4f76f72ab960','2012-03-31 12:23:56',0,'2ed9839b-7a68-c569-0f13-4f755fb6a051','177083e6-707a-9915-917c-4f76f725ef6a'),('b8250d46-ca0c-190d-0663-4f76f7263183','2012-03-31 12:24:21',0,'2ed9839b-7a68-c569-0f13-4f755fb6a051','b58b810e-179b-ff07-dfc6-4f76f761c1af'),('ae2a3e1a-7059-f138-179b-4f76f7e81271','2012-06-26 18:50:23',1,'2ed9839b-7a68-c569-0f13-4f755fb6a051','aac91368-2373-20cc-8333-4f76f784ee6a'),('6ad875bc-b150-20d7-0616-4f76f89d5cc4','2012-03-31 12:27:16',0,'2ed9839b-7a68-c569-0f13-4f755fb6a051','6881942e-b153-f681-c825-4f76f891d33f'),('8435db0a-7dd7-fcb6-f6ee-4f76f8ad856d','2012-03-31 12:28:26',0,'2ed9839b-7a68-c569-0f13-4f755fb6a051','81ccc233-751f-b540-bb5e-4f76f8265a9a'),('15a24060-8933-15d0-b6fb-4f76f8233d5f','2012-03-31 12:29:02',0,'2ed9839b-7a68-c569-0f13-4f755fb6a051','137e20c1-5ed1-76a7-7cb6-4f76f8c48a47'),('9cbf8986-7929-3ca4-151a-4f76f8e66deb','2012-03-31 12:29:40',0,'2ed9839b-7a68-c569-0f13-4f755fb6a051','9a536460-1eff-79ee-ebc6-4f76f87f9f0d'),('bde45a29-4525-4b70-1423-4f76f910fd47','2012-04-03 21:48:08',1,'29835ed2-16ac-0c04-754b-4f755dfb7a6f','bb7aa777-087b-423a-5937-4f76f98ca8f6'),('6ddd48a9-1878-a589-7fdc-4f76f95d043b','2012-04-03 21:47:44',1,'1873647d-d2c7-36a2-e596-4f755d0ab5c2','6b601f5b-1db4-4100-af8d-4f76f9b4a4b7'),('e9468401-56ef-95af-9588-4f76faac23d7','2012-04-03 21:47:37',1,'67052118-6f00-f6b5-3dc2-4f755ccc62b7','e6840e6b-662c-e2ee-3e82-4f76fab74e56'),('acf0afa7-c787-28dc-bba9-4f76faa37bd4','2012-06-26 20:07:29',1,'89b02035-92da-4275-4d9d-4f755b65d35f','aa7aa703-dcdc-53a9-7147-4f76fa1be737'),('4957032d-1e95-c7f5-0b0c-4f76fafa00a3','2012-06-26 20:07:18',1,'141a1467-2427-93b2-8867-4f755b592a59','1fea0813-65a1-7ed3-d4fd-4f76fa9c53d4'),('cf6b6dc9-f2fd-5281-9d35-4f79f1736bad','2012-04-03 22:08:01',1,'3aa7f4f2-be1d-6561-8582-4f7585ec480a','cb445a19-4889-88c5-07fa-4f79f14086b4'),('8e18472b-1040-a2e2-3780-4f79f1d17b44','2012-04-03 22:08:01',1,'3aa7f4f2-be1d-6561-8582-4f7585ec480a','8a6c6772-2174-b7c6-634b-4f79f176aaa9'),('86d35137-6ccd-ee67-7b6c-4f79f1e7684a','2012-04-03 22:08:01',1,'3aa7f4f2-be1d-6561-8582-4f7585ec480a','833e32e0-0eed-dfd0-c43f-4f79f1875831'),('262dd96b-680b-f728-58b2-4f7ad43d721b','2012-04-03 21:47:20',1,'a5d4227a-b18e-77d7-0331-4f755c525cbd','2106555b-d09c-e948-a4e8-4f7ad4c088ef'),('bd8a916c-730d-6331-c178-4f7ad54e4678','2012-04-03 21:47:20',1,'a5d4227a-b18e-77d7-0331-4f755c525cbd','b976e41b-243c-4224-f1a8-4f7ad5712ad3'),('51908f79-bbb4-d114-694f-4f7ad57ae770','2012-04-03 21:47:20',1,'a5d4227a-b18e-77d7-0331-4f755c525cbd','4d7822c7-e751-5be7-281b-4f7ad570ace2'),('639937c8-3f31-9278-9d18-4f7ad566b238','2012-04-03 21:47:20',1,'a5d4227a-b18e-77d7-0331-4f755c525cbd','5f718973-d66b-e6b2-fb61-4f7ad522d7d8'),('128db4eb-9a77-05b2-978d-4f7ad5f779b3','2012-04-03 21:47:20',1,'a5d4227a-b18e-77d7-0331-4f755c525cbd','e8a90395-e83d-974a-f0d8-4f7ad568f424'),('c10506b5-3a0e-0634-101b-4f7ad5a1c854','2012-04-03 21:47:20',1,'a5d4227a-b18e-77d7-0331-4f755c525cbd','7fde05fe-1c87-8e7e-0b23-4f7ad59ce2bb'),('1d100112-465f-bd22-bf91-4f7ad53005b4','2012-04-03 21:47:20',1,'a5d4227a-b18e-77d7-0331-4f755c525cbd','f1da657c-765d-f52a-d94e-4f7ad5252a68'),('ac31fb40-0724-4bae-66fa-4f7ad6920f0c','2012-04-03 21:47:20',1,'a5d4227a-b18e-77d7-0331-4f755c525cbd','a81a9b29-6466-e334-0014-4f7ad6142f04'),('b858b0c6-e8d2-0895-59a0-4f7ad6bc3b70','2012-04-03 21:47:20',1,'a5d4227a-b18e-77d7-0331-4f755c525cbd','b411367f-0cb2-d368-87ee-4f7ad6c7c89c'),('8f3156c5-79d8-0a2e-83c2-4f7ad6fe3112','2012-04-03 21:47:20',1,'a5d4227a-b18e-77d7-0331-4f755c525cbd','8b206d9a-fe4c-ca3a-dea3-4f7ad6f1f53b'),('49c16487-38e5-7dbb-3639-4f7ad666a621','2012-04-03 21:47:20',1,'a5d4227a-b18e-77d7-0331-4f755c525cbd','45599d53-e459-5415-c37d-4f7ad6c1b0b4'),('93a5f99c-f88a-7920-cc78-4f7ad68d2f10','2012-04-03 21:47:20',1,'a5d4227a-b18e-77d7-0331-4f755c525cbd','8f4a0445-0675-8e4b-44d9-4f7ad69fdb1c'),('ae900dc8-7261-44ae-5e42-4f7ad66e6fca','2012-04-03 21:47:11',1,'cb87b793-d594-47ac-e350-4f755c672223','aa683df2-e809-1811-c4a0-4f7ad6a98d35'),('dc8d0310-3e42-62f2-f2e7-4f7ad7c30078','2012-04-03 11:25:12',1,'25e8ddd8-d8fd-8539-2724-4f298838b100','995e078f-b636-3292-6bb6-4f7ad76a6e90'),('cd73f6b5-cff8-a7cb-ce82-4f7ad95dffa6','2012-04-03 11:25:12',1,'25e8ddd8-d8fd-8539-2724-4f298838b100','c93ffc7f-b33d-d17c-53e5-4f7ad904409d'),('c37150ad-e46e-ba95-76c3-4f7ad95fa034','2012-04-03 11:25:12',1,'25e8ddd8-d8fd-8539-2724-4f298838b100','bf1ea13b-1c2d-bce8-a421-4f7ad968a2c0'),('27a0c310-99b1-dc5d-6b54-4f7ad9f1aab8','2012-04-03 11:25:12',1,'25e8ddd8-d8fd-8539-2724-4f298838b100','238876b4-3530-a665-fe68-4f7ad9ccc487'),('305d7cae-ab7b-a4de-1a22-4f7ada4d85f5','2012-04-03 11:25:12',1,'25e8ddd8-d8fd-8539-2724-4f298838b100','2c2df05b-8cba-b8a2-8d2d-4f7ada66b353'),('c5ffca1b-4e62-0c60-8dc8-4f7adbe232d1','2012-04-03 11:25:12',1,'25e8ddd8-d8fd-8539-2724-4f298838b100','c18cee59-1d17-a735-db43-4f7adba89142'),('6c2374f2-1144-e1ed-51a6-4f7adb9935e2','2012-04-03 11:25:12',1,'25e8ddd8-d8fd-8539-2724-4f298838b100','67fa4fba-a6f2-11cb-aa96-4f7adb8cfcdc'),('e078553f-5f15-ff03-016a-4f7adbf2e3bd','2012-04-03 11:25:12',1,'25e8ddd8-d8fd-8539-2724-4f298838b100','dc767075-7d78-6791-fa99-4f7adba6a246'),('89e4c592-31a6-12c9-55de-4f7adb3ed24b','2012-04-03 11:25:12',1,'25e8ddd8-d8fd-8539-2724-4f298838b100','85e3df1c-a098-59ef-8f3d-4f7adbe874f4'),('ee584bb3-2cea-4669-9243-4f7adb47eda9','2012-04-03 11:25:12',1,'25e8ddd8-d8fd-8539-2724-4f298838b100','ea2c4eea-7ae5-894c-9d9d-4f7adb0b6db7'),('a7269df3-563e-31d8-c1ff-4f7adb647bf2','2012-04-03 11:25:12',1,'25e8ddd8-d8fd-8539-2724-4f298838b100','a3044e05-9127-5c9c-1fbb-4f7adb5576d8'),('bd3e9423-bede-7b44-bb3b-4f7adcef7cf2','2012-04-03 11:25:12',1,'25e8ddd8-d8fd-8539-2724-4f298838b100','b9116f58-c61d-9db5-f569-4f7adcc724bb'),('2cd1173d-1e67-7ef2-1c6f-4f7adcc7cd19','2012-04-03 11:25:12',1,'25e8ddd8-d8fd-8539-2724-4f298838b100','287d8e82-e794-ffd1-816f-4f7adcfd434b'),('aea30c09-5689-c3ab-210b-4f7adcbfda9f','2012-04-03 11:25:12',1,'25e8ddd8-d8fd-8539-2724-4f298838b100','aa787187-7cc9-4aca-eeaa-4f7adc0fa462'),('ef184a47-fc6b-ce63-54b8-4f7adc3a5e7a','2012-04-03 11:25:12',1,'25e8ddd8-d8fd-8539-2724-4f298838b100','eaf3f5e9-6093-80f4-6860-4f7adca6a402'),('6a0bed06-cbb6-ff24-8d5b-4f7adc023470','2012-04-03 11:25:12',1,'25e8ddd8-d8fd-8539-2724-4f298838b100','65e60b50-fa0c-ff41-2170-4f7adc46fd8d'),('ad5e83c5-3ff1-1455-c31d-4f7add3488a1','2012-04-03 11:25:12',1,'25e8ddd8-d8fd-8539-2724-4f298838b100','a9376d7a-3ab3-9954-6a26-4f7add6f9021'),('1c81af28-e0b8-fa65-24e8-4f7add3b03d5','2012-04-03 11:25:12',1,'25e8ddd8-d8fd-8539-2724-4f298838b100','180f28a7-9de0-07d9-db62-4f7adda5f314'),('e9d66e7e-f403-b791-95fe-4f7add29d307','2012-04-03 11:25:12',1,'25e8ddd8-d8fd-8539-2724-4f298838b100','e5ad6e22-9a4f-35ef-ea79-4f7add72198e'),('f3a6c502-5eaf-6bf5-93c8-4f7add7e2d4c','2012-04-03 11:25:12',1,'25e8ddd8-d8fd-8539-2724-4f298838b100','ef60dcc2-f246-3f04-ef2e-4f7addf4092a'),('34eb09c8-e017-e13f-407c-4f86092852d3','2012-04-11 22:46:13',0,'91a05d16-f0a1-ceb0-396d-4f8609eda5fd','309a1154-cf63-0bd4-df95-4f8609440c60'),('e4d8bf03-a91b-e233-110a-4f8609d82bb0','2012-04-11 22:46:26',0,'91a05d16-f0a1-ceb0-396d-4f8609eda5fd','e0ab2123-1a4c-7b2d-4467-4f8609e4a74e'),('9a2e4df6-597d-12cb-3979-4f8609d18fe7','2012-04-11 22:47:20',0,'91a05d16-f0a1-ceb0-396d-4f8609eda5fd','95ae7e76-20b4-c2fd-1e0a-4f860988c7ca'),('d64401a0-c882-43f4-5472-4f860ad8054f','2012-04-11 22:47:34',0,'91a05d16-f0a1-ceb0-396d-4f8609eda5fd','8f840c78-6a08-116d-d71d-4f860a26fe62'),('b68aa65c-4900-8a93-f191-4f860aad8aec','2012-04-11 22:47:50',0,'91a05d16-f0a1-ceb0-396d-4f8609eda5fd','b23ef27e-88f6-2ec2-35fe-4f860aee48ae'),('61acea7b-7e45-5c27-915e-4f8746d5705f','2012-04-12 21:19:41',1,'9c318fa3-8bf8-28ae-d404-4f2986d3e707','5e07483b-fd6d-7ac7-159c-4f8746c57918'),('2485bdea-bdec-f8f0-8ff1-4fd1054f124e','2012-06-07 19:50:00',0,'91a05d16-f0a1-ceb0-396d-4f8609eda5fd','20ef0293-cc0e-028a-054a-4fd105cdc75f'),('e21a6421-2482-10e0-46d9-4fd106425eff','2012-06-07 19:50:37',0,'91a05d16-f0a1-ceb0-396d-4f8609eda5fd','de477c86-db16-f8db-e0d0-4fd106dce09b');
/*!40000 ALTER TABLE `nli_pricingaos_products_c` ENABLE KEYS */;
UNLOCK TABLES;

--
-- Table structure for table `nli_serviceaddresses`
--

DROP TABLE IF EXISTS `nli_serviceaddresses`;
/*!40101 SET @saved_cs_client     = @@character_set_client */;
/*!40101 SET character_set_client = utf8 */;
CREATE TABLE `nli_serviceaddresses` (
  `id` char(36) NOT NULL,
  `name` varchar(255) DEFAULT NULL,
  `date_entered` datetime DEFAULT NULL,
  `date_modified` datetime DEFAULT NULL,
  `modified_user_id` char(36) DEFAULT NULL,
  `created_by` char(36) DEFAULT NULL,
  `description` text,
  `deleted` tinyint(1) DEFAULT '0',
  `assigned_user_id` char(36) DEFAULT NULL,
  `service_address_city` varchar(100) DEFAULT NULL,
  `service_address_state` varchar(100) DEFAULT NULL,
  `service_address_postalcode` varchar(20) DEFAULT NULL,
  `service_address_country` varchar(100) DEFAULT NULL,
  `service_address` varchar(255) DEFAULT NULL,
  `client_occupation_date` date DEFAULT NULL,
  `extend_dmarc` varchar(100) DEFAULT NULL,
  `is_private_residence` varchar(100) DEFAULT 'No',
  `interaction_pmgr_requred` varchar(100) DEFAULT NULL,
  `mpoe_access` varchar(100) DEFAULT NULL,
  `demarc_location` varchar(255) DEFAULT NULL,
  `ip_required` varchar(255) DEFAULT '29',
  `nextlevel_router` text,
  `additional_nextlevel_hardware` text,
  `hours_of_operation` varchar(255) DEFAULT NULL,
  `service_address_street` varchar(255) DEFAULT NULL,
  PRIMARY KEY (`id`)
) ENGINE=MyISAM DEFAULT CHARSET=utf8;
/*!40101 SET character_set_client = @saved_cs_client */;

--
-- Dumping data for table `nli_serviceaddresses`
--

LOCK TABLES `nli_serviceaddresses` WRITE;
/*!40000 ALTER TABLE `nli_serviceaddresses` DISABLE KEYS */;
INSERT INTO `nli_serviceaddresses` VALUES ('7a05eb0a-4164-10b0-0059-4fa967a8ad7b','test','2012-05-08 18:34:35','2012-06-06 12:32:19','1','1',NULL,1,NULL,'city','state','3343','US',NULL,'2012-05-08',NULL,'No',NULL,NULL,NULL,'29',NULL,NULL,NULL,'some street'),('2dc72617-ea9c-3a6c-1964-4fb2bbdafcd1','Home Office','2012-05-15 20:25:48','2012-06-06 12:32:19','1','2bf53c62-efbb-f811-41f8-4f3d64001d45',NULL,1,NULL,'Coronado','CA','92118','US',NULL,'2012-05-15','No','Yes','No','No','over there','1','no','no','9 - 5','941 Orange Ave #108'),('529f7c59-7ac3-1cb6-47fc-4fb2bcacc01a','test wo account','2012-05-15 20:30:24','2012-06-06 12:32:19','1','2bf53c62-efbb-f811-41f8-4f3d64001d45',NULL,1,NULL,'test','test',NULL,NULL,NULL,'2012-05-15',NULL,'No',NULL,NULL,NULL,'29',NULL,NULL,NULL,'test'),('adf00cc3-0d0f-790c-883a-4fbd7bce543b','Test 2','2012-05-24 00:06:12','2012-06-06 12:32:19','1','1',NULL,1,NULL,'city name','state name','2222232','PLK',NULL,'2012-05-23',NULL,'No',NULL,NULL,NULL,'29',NULL,NULL,NULL,'mystreet'),('c62d7c75-ec07-7515-f1d8-4fbd7bac5021','Test 3','2012-05-24 00:08:23','2012-06-06 12:32:19','1','1',NULL,1,NULL,'sdfdsa','sdfds','234324','sdafdsaf',NULL,'2012-05-23',NULL,'No',NULL,NULL,NULL,'29',NULL,NULL,NULL,'my street'),('7e797273-b127-69de-acc5-4fbe1f874bcf','dffdsfs','2012-05-24 11:47:03','2012-05-24 11:47:11','1','1',NULL,1,NULL,'dsfdsfds','fdsfds','fdsfdsfds','fdsfds',NULL,'2012-05-24',NULL,'No',NULL,NULL,NULL,'29',NULL,NULL,NULL,'dsfdsfdsf'),('c7c27d94-6287-393a-c481-4fbe1f8f2fcd','cvxcvxcvxvvxc','2012-05-24 11:47:30','2012-05-24 11:50:00','1','1',NULL,1,NULL,'vxcvxcv','xcvxcvxc','vxcvxcv','xcvxcvxcvxcv','Shekhar Verma','2012-05-24',NULL,'No',NULL,NULL,NULL,'29',NULL,NULL,NULL,'xcvxcvxcvxc'),('c9f4a961-4dc7-dfbe-c74c-4fcf326d6ff9','test service loc 1','2012-06-06 10:36:16','2012-06-06 10:42:22','1','1',NULL,1,NULL,'San Diego','CA',NULL,'USA',NULL,'2012-06-06',NULL,'No',NULL,NULL,NULL,'29',NULL,NULL,NULL,'12310 World Trade Drive Suite 102'),('e3440d78-795e-1d7d-d336-4fcf35f1d45b','test service loc 1','2012-06-06 04:14:51','2012-06-06 10:49:24','1','1',NULL,1,NULL,'San Diego','CA',NULL,'USA',NULL,'2012-06-06',NULL,'No',NULL,NULL,NULL,'29',NULL,NULL,NULL,'12310 World Trade Drive Suite 102'),('4fee717f-9d31-3c3d-b637-4fcf35f5fb82','test service loc 1','2012-06-06 04:16:06','2012-06-06 10:49:14','1','1',NULL,1,NULL,'San Diego','CA',NULL,'USA',NULL,'2012-06-06',NULL,'No',NULL,NULL,NULL,'29',NULL,NULL,NULL,'12310 World Trade Drive Suite 102'),('4d8cd2ce-b02e-f5fe-1bb5-4fcf35a0bb5c','test service loc 1','2012-06-06 10:49:40','2012-06-06 10:52:56','1','1',NULL,1,NULL,'San Diego','CA',NULL,'USA',NULL,'2012-06-06',NULL,'No',NULL,NULL,NULL,'29',NULL,NULL,NULL,'12310 World Trade Drive Suite 102'),('8cbf09a5-d054-55ce-59d6-4fcf36b9fcd0','test service loc 1','2012-06-06 04:20:22','2012-06-06 10:56:21','1','1',NULL,1,'1','San Diego','CA',NULL,'USA',NULL,'2012-06-06',NULL,'No',NULL,NULL,NULL,'29',NULL,NULL,NULL,'12310 World Trade Drive Suite 102'),('5f2ea02c-648d-9b0f-6084-4fcf3788a65e','test service loc 1','2012-06-06 04:23:48','2012-06-06 10:58:43','1','1',NULL,1,'1','San Diego','CA',NULL,'USA',NULL,'2012-06-06',NULL,'No',NULL,NULL,NULL,'29',NULL,NULL,NULL,'12310 World Trade Drive Suite 102'),('5efc07e0-51cb-ca3d-ed4c-4fcf37ff077e','test service loc 1','2012-06-06 04:26:07','2012-06-06 10:59:33','1','1',NULL,1,'1','San Diego','CA',NULL,'USA',NULL,'2012-06-06',NULL,'No',NULL,NULL,NULL,'29',NULL,NULL,NULL,'12310 World Trade Drive Suite 102'),('c410b811-652d-fc56-77ae-4fcf38871e46','test service loc 1','2012-06-06 04:26:59','2012-06-06 11:03:45','1','1',NULL,1,'1','San Diego','CA',NULL,'USA',NULL,'2012-06-06',NULL,'No',NULL,NULL,NULL,'29',NULL,NULL,NULL,'12310 World Trade Drive Suite 102'),('1d46592b-144b-72a6-724c-4fcf39ed21a9','test service loc 1','2012-06-06 04:31:20','2012-06-06 11:08:29','1','1',NULL,1,'1','San Diego','CA',NULL,'USA',NULL,'2012-06-06',NULL,'No',NULL,NULL,NULL,'29',NULL,NULL,NULL,'12310 World Trade Drive Suite 102'),('13c4ab9d-9d7a-036f-0d71-4fcf39fd5e2c','test service loc 1','2012-06-06 04:32:51','2012-06-06 11:08:23','1','1',NULL,1,'1','San Diego','CA',NULL,'USA',NULL,'2012-06-06',NULL,'No',NULL,NULL,NULL,'29',NULL,NULL,NULL,'12310 World Trade Drive Suite 102'),('a92a0448-2e52-d838-2dbb-4fcf3bae4c04','dsd','2012-06-06 11:12:07','2012-06-06 11:12:48','1','1',NULL,1,NULL,'dsdsfdsf','dsfdsfds','dsfdsfds',NULL,NULL,'2012-06-06',NULL,'No',NULL,NULL,NULL,'29',NULL,NULL,NULL,'ddsf'),('1ce75a70-d381-7f92-398e-4fcf3b53525b','test service loc 1','2012-06-06 04:41:20','2012-06-06 11:14:57','1','1',NULL,1,'1','San Diego','CA',NULL,'USA',NULL,'2012-06-06',NULL,'No',NULL,NULL,NULL,'29',NULL,NULL,NULL,'12310 World Trade Drive Suite 102'),('a6cd75d1-5e28-3ef5-625d-4fcf3bdab1a8','test service loc 1','2012-06-06 04:42:24','2012-06-06 11:26:58','1','1',NULL,1,'1','San Diego','CA',NULL,'USA',NULL,'2012-06-06',NULL,'No',NULL,NULL,NULL,'29',NULL,NULL,NULL,'12310 World Trade Drive Suite 102'),('ae230f40-9ef3-3809-71ee-4fcf3ec4a2a2','test service loc 1','2012-06-06 04:54:26','2012-06-06 11:46:23','1','1',NULL,1,'1','San Diego','CA',NULL,'USA',NULL,'2012-06-06',NULL,'No',NULL,NULL,NULL,'29',NULL,NULL,NULL,'12310 World Trade Drive Suite 102'),('351e68e5-e026-19bd-d012-4fcf437bbf74','dsfds','2012-06-06 11:47:06','2012-06-06 11:47:12','1','1',NULL,1,NULL,'dsfdsfdsdsf','sdfdsfds','fdsfsd',NULL,NULL,'2012-06-06',NULL,'No',NULL,NULL,NULL,'29',NULL,NULL,NULL,'dfdf'),('15a000f1-1aac-663a-18cc-4fcf43b181ca','test service loc 1','2012-06-06 05:15:06','2012-06-06 11:56:55','1','1',NULL,1,'1','San Diego','CA',NULL,'USA',NULL,'2012-06-06',NULL,'No',NULL,NULL,NULL,'29',NULL,NULL,NULL,'12310 World Trade Drive Suite 102'),('cef67ec0-357d-8e52-955a-4fcf45d2ea37','test service loc 1','2012-06-06 05:25:15','2012-06-06 12:10:47','1','1',NULL,1,'ACCOUNT TEST','San Diego','CA',NULL,'USA',NULL,'2012-06-06',NULL,'No',NULL,NULL,NULL,'29',NULL,NULL,NULL,'12310 World Trade Drive Suite 102'),('d547f335-4396-8f54-b7fd-4fcf48d26923','test service loc 1','2012-06-06 05:38:13','2012-06-06 12:11:42','1','1',NULL,1,'TCG, Inc','San Diego','CA',NULL,'USA',NULL,'2012-06-06',NULL,'No',NULL,NULL,NULL,'29',NULL,NULL,NULL,'12310 World Trade Drive Suite 102'),('36fa30c2-c47c-21df-bdac-4fcf4930c91b','test service loc 1','2012-06-06 05:40:18','2012-06-06 12:28:53','1','1',NULL,1,'1','San Diego','CA',NULL,'USA',NULL,'2012-06-06',NULL,'No',NULL,NULL,NULL,'29',NULL,NULL,NULL,'12310 World Trade Drive Suite 102'),('9bcdac19-4361-0a62-02bb-4fcf4ba5f5cc','test service loc 1','2012-06-06 05:49:10','2012-06-06 12:28:53','1','1',NULL,1,'1','San Diego','CA',NULL,'USA',NULL,'2012-06-06',NULL,'No',NULL,NULL,NULL,'29',NULL,NULL,NULL,'12310 World Trade Drive Suite 102'),('98987459-7394-be78-a317-4fcf4bca2d38','test service loc 1','2012-06-06 05:50:14','2012-06-06 12:28:53','1','1',NULL,1,'1','San Diego','CA',NULL,'USA',NULL,'2012-06-06',NULL,'No',NULL,NULL,NULL,'29',NULL,NULL,NULL,'12310 World Trade Drive Suite 102'),('db1e9e40-d946-5619-970d-4fcf4d21935e','test service loc 1','2012-06-06 05:57:35','2012-06-06 12:31:08','1','1',NULL,1,'1','San Diego','CA',NULL,'USA',NULL,'2012-06-06',NULL,'No',NULL,NULL,NULL,'29',NULL,NULL,NULL,'12310 World Trade Drive Suite 102'),('87e5b11e-15c1-dc34-bcbf-4fcf4d4606b3','test service loc 1','2012-06-06 05:59:57','2012-06-06 12:35:12','1','1',NULL,1,'1','San Diego','CA',NULL,'USA',NULL,'2012-06-06',NULL,'No',NULL,NULL,NULL,'29',NULL,NULL,NULL,'12310 World Trade Drive Suite 102'),('e0edf3d1-869c-6400-3673-4fcf4f6e36d9','test service loc 1','2012-06-06 06:05:42','2012-06-20 09:33:23','1','1',NULL,1,'1','San Diego','CA',NULL,'USA',NULL,'2012-06-06',NULL,'No',NULL,NULL,NULL,'29',NULL,NULL,NULL,'12310 World Trade Drive Suite 102'),('b263d1e6-8d27-3a7c-8649-4fcf50970959','test service loc 2','2012-06-06 06:11:26','2012-06-20 09:33:23','1','1',NULL,1,'1','San Diego','CA',NULL,'USA',NULL,'2012-06-06',NULL,'No',NULL,NULL,NULL,'29',NULL,NULL,NULL,'12310 World Trade Drive Suite 102'),('7123e7c3-b4c2-5ae9-788c-4fcf5137d17a','test service loc 3','2012-06-06 06:15:41','2012-06-20 09:33:23','1','1',NULL,1,'1','San Diego','CA',NULL,'USA',NULL,'2012-06-06',NULL,'No',NULL,NULL,NULL,'29',NULL,NULL,NULL,'12310 World Trade Drive Suite 102'),('68b06612-5bc8-50f3-d2bf-4fcf9a6656e8','test service address','2012-06-06 18:00:37','2012-06-20 09:33:23','1','1',NULL,1,NULL,'san diago','LA','22355','US',NULL,'2012-06-06',NULL,'No',NULL,NULL,NULL,'29',NULL,NULL,NULL,'Some Street'),('42800854-955d-2cce-2cd1-4fd085e9c114','my test Shekhar','2012-06-07 04:09:08','2012-06-20 09:33:23','1','1',NULL,1,'1','San Diego','CA',NULL,'USA',NULL,'2012-06-07',NULL,'No',NULL,NULL,NULL,'29',NULL,NULL,NULL,'12310 World Trade Drive Suite 102'),('c6d63bf9-985a-d5d5-3de3-4fd08fedf7c9','test service loc 166','2012-06-07 04:51:06','2012-06-20 09:33:23','1','1',NULL,1,'1','San Diego','CA',NULL,'USA',NULL,'2012-06-07',NULL,'No',NULL,NULL,NULL,'29',NULL,NULL,NULL,'12310 World Trade Drive Suite 102'),('8c1485e3-0d4b-5b17-34d5-4fd090ea4993','test service loc 178','2012-06-07 04:54:57','2012-06-20 09:33:23','1','1',NULL,1,'1','San Diego','CA',NULL,'USA',NULL,'2012-06-07',NULL,'No',NULL,NULL,NULL,'29',NULL,NULL,NULL,'12310 World Trade Drive Suite 102'),('33c5c50a-0060-62da-8334-4fd092fbe2c9','test service loc 45655','2012-06-07 05:06:24','2012-06-20 09:33:23','1','1',NULL,1,'1','San Diego','CA',NULL,'USA',NULL,'2012-06-07',NULL,'No',NULL,NULL,NULL,'29',NULL,NULL,NULL,'12310 World Trade Drive Suite 102'),('e5aec4d3-d1e6-4007-d1b5-4fd094c146ab','my test Shekhar service','2012-06-07 05:11:08','2012-06-20 09:33:23','1','1',NULL,1,'1','San Diego','CA',NULL,'USA',NULL,'2012-06-07',NULL,'No',NULL,NULL,NULL,'29',NULL,NULL,NULL,'12310 World Trade Drive Suite 102'),('461b41e9-e258-80ca-5e8d-4fd0940fd8da','my test Shekhar yui','2012-06-07 05:14:11','2012-06-20 09:33:23','1','1',NULL,1,'1','San Diego','CA',NULL,'USA',NULL,'2012-06-07',NULL,'No',NULL,NULL,NULL,'29',NULL,NULL,NULL,'12310 World Trade Drive Suite 102'),('b8d80ca3-a13d-53e5-eee2-4fd095b9f322','test serr address','2012-06-07 05:16:03','2012-06-20 09:33:23','1','1',NULL,1,'1','San Diego','CA',NULL,'USA',NULL,'2012-06-07',NULL,'No',NULL,NULL,NULL,'29',NULL,NULL,NULL,'12310 World Trade Drive Suite 102'),('73dafaa6-8e76-d5ed-2a8b-4fd104b83c68','Primary Service Address','2012-06-07 19:43:21','2012-06-20 09:33:23','1','2bf53c62-efbb-f811-41f8-4f3d64001d45',NULL,1,NULL,'San Diego','CA','92111',NULL,NULL,'2012-06-07','No','No','No','No','over there','29','no','no',NULL,'123 Service Address'),('548ee44d-2665-0e6d-e4c5-4fd7223035e5','Primary Service Address 1','2012-06-12 04:33:33','2012-06-12 11:20:47','1','1',NULL,1,'1','San Diego','CA',NULL,'USA',NULL,'2012-06-12',NULL,'No',NULL,NULL,NULL,'29',NULL,NULL,NULL,'12310 World Trade Drive Suite 102'),('89fa0914-3d38-6443-3ed2-4fd7222cf03a','secondary Address 1','2012-06-12 04:33:33','2012-06-12 11:20:47','1','1',NULL,1,'1','dsfdsfds','fdsfdsfds',NULL,'USA',NULL,'2012-06-12',NULL,'No',NULL,NULL,NULL,'29',NULL,NULL,NULL,'dddf'),('363c0478-ed05-71a0-305b-4fd722d932fe',NULL,'2012-06-12 04:33:33','2012-06-12 11:20:47','1','1',NULL,1,'1',NULL,NULL,NULL,NULL,NULL,'2012-06-12',NULL,'No',NULL,NULL,NULL,'29',NULL,NULL,NULL,NULL),('40b7ab7e-18b4-ba6d-c130-4fd724fb5b91','Primary Service Address 1','2012-06-12 04:39:40','2012-06-12 11:20:47','1','1',NULL,1,'1','San Diego','CA',NULL,'USA',NULL,'2012-06-12',NULL,'No',NULL,NULL,NULL,'29',NULL,NULL,NULL,'12310 World Trade Drive Suite 102'),('4cd36653-65a5-46c8-001b-4fd724ff845d','secondary Address 1','2012-06-12 04:39:40','2012-06-12 11:20:47','1','1',NULL,1,'1','dsfdsfds','fdsfdsfds',NULL,'USA',NULL,'2012-06-12',NULL,'No',NULL,NULL,NULL,'29',NULL,NULL,NULL,'dddf'),('f0b41bc2-1662-7fc6-5dbf-4fd724a95d30',NULL,'2012-06-12 04:39:40','2012-06-12 11:20:47','1','1',NULL,1,'1',NULL,NULL,NULL,NULL,NULL,'2012-06-12',NULL,'No',NULL,NULL,NULL,'29',NULL,NULL,NULL,NULL),('9a17f6fe-5c3f-8dc3-ab97-4fd7243a8a8e','Primary Service Address 1','2012-06-12 04:40:40','2012-06-12 11:20:47','1','1',NULL,1,'1','San Diego','CA',NULL,'USA',NULL,'2012-06-12',NULL,'No',NULL,NULL,NULL,'29',NULL,NULL,NULL,'12310 World Trade Drive Suite 102'),('ab51635d-4d14-f373-3fce-4fd7248d1c0f','secondary Address 1','2012-06-12 04:40:40','2012-06-12 11:20:47','1','1',NULL,1,'1','dsfddsfdssfdsfds','fdsfdsfdsf',NULL,'USA',NULL,'2012-06-12',NULL,'No',NULL,NULL,NULL,'29',NULL,NULL,NULL,'dsfdsf'),('2f996854-0227-702a-1545-4fd724dd8c10',NULL,'2012-06-12 04:40:40','2012-06-12 11:20:47','1','1',NULL,1,'1',NULL,NULL,NULL,NULL,NULL,'2012-06-12',NULL,'No',NULL,NULL,NULL,'29',NULL,NULL,NULL,NULL),('ce320068-ce30-a917-4f5f-4fd7259617ca','Primary Service Address 1','2012-06-12 04:46:10','2012-06-12 11:20:47','1','1',NULL,1,'1','San Diego','CA',NULL,'USA',NULL,'2012-06-12',NULL,'No',NULL,NULL,NULL,'29',NULL,NULL,NULL,'12310 World Trade Drive Suite 102'),('dee5f816-8b9c-8fcc-9910-4fd72544b980','secondary Address 1','2012-06-12 04:46:10','2012-06-12 11:20:47','1','1',NULL,1,'1','dsfdsfdsf','dsfdsfdsf',NULL,'USA',NULL,'2012-06-12',NULL,'No',NULL,NULL,NULL,'29',NULL,NULL,NULL,'dsfdsfdsfdsf'),('8c37be79-ecb3-3269-6951-4fd7252bbd99','secondary Address 2','2012-06-12 04:46:10','2012-06-12 11:20:47','1','1',NULL,1,'1','fdsfdsfdsf','dsfdsfdsfds',NULL,'USA',NULL,'2012-06-12',NULL,'Yes',NULL,NULL,NULL,'29',NULL,NULL,NULL,'dfdsfdsf'),('258dc78a-b464-2d64-48de-4fd728ba3f34','Primary Service Address 1','2012-06-12 04:57:39','2012-06-20 09:33:23','1','1',NULL,1,'1','San Diego','CA',NULL,'USA',NULL,'2012-06-12',NULL,'No',NULL,NULL,NULL,'29',NULL,NULL,NULL,'12310 World Trade Drive Suite 102'),('978308ce-3d75-9d92-df99-4fd7286a5f75','secondary Address 1','2012-06-12 04:57:39','2012-06-20 09:33:23','1','1',NULL,1,'1','fdsfdsfds','dfdsfdsf',NULL,'USA',NULL,'2012-06-12',NULL,'No',NULL,NULL,NULL,'29',NULL,NULL,NULL,'dsfdsfdsfds'),('a94654c6-e7e3-cad7-b2e4-4fd728037419','secondary Address 2','2012-06-12 04:57:39','2012-06-20 09:33:23','1','1',NULL,1,'1','dsdsfdsfdsfdsdsf','dsfdsfdsfdsf',NULL,'USA',NULL,'2012-06-12',NULL,'No',NULL,NULL,NULL,'29',NULL,NULL,NULL,'dfdsfdsfds'),('eaedbf30-829c-f514-8ab5-4fd729681b53','Primary Service Address Again 1','2012-06-12 05:04:01','2012-06-20 09:33:23','1','1',NULL,1,'1','San Diego','CA',NULL,'USA',NULL,'2012-06-12',NULL,'No',NULL,NULL,NULL,'29',NULL,NULL,NULL,'12310 World Trade Drive Suite 102'),('3294f281-2f82-c44d-e34e-4fd729e17c16','secondary Address again 1','2012-06-12 05:04:01','2012-06-20 09:33:23','1','1',NULL,1,'1','gdfgdfg','gdfgdfgdf',NULL,'USA',NULL,'2012-06-12',NULL,'Yes',NULL,NULL,NULL,'29',NULL,NULL,NULL,'fgdfgdfg'),('d9253c24-b866-fd18-0d26-4fd72dbb873d','Primary Service Address 455453543','2012-06-12 05:18:25','2012-06-20 09:33:23','1','1',NULL,1,'1','San Diego','CA',NULL,'USA',NULL,'2012-06-12',NULL,'No',NULL,NULL,NULL,'29',NULL,NULL,NULL,'12310 World Trade Drive Suite 102'),('eaaa01a4-a708-8b92-36b4-4fd72d80472a','secondary Address df 1','2012-06-12 05:18:25','2012-06-20 09:33:23','1','1',NULL,1,'1','dsfdsfds','dsfdsfdsf',NULL,'USA',NULL,'2012-06-12',NULL,'Yes',NULL,NULL,NULL,'29',NULL,NULL,NULL,'dsdsfdsf'),('832c6b4f-7e24-c791-4a6c-4fd72eff848a','Primary Service Address 1dddd','2012-06-12 05:22:30','2012-06-20 09:33:23','1','1',NULL,1,'1','San Diego','CA',NULL,'USA',NULL,'2012-06-12',NULL,'No',NULL,NULL,NULL,'29',NULL,NULL,NULL,'12310 World Trade Drive Suite 102'),('50cc3671-2997-3c07-cfa9-4fd72e49a4fb','secondary Address 1dddss','2012-06-12 05:22:30','2012-06-20 09:33:23','1','1',NULL,1,'1','xcvxcv','xcvx',NULL,'USA',NULL,'2012-06-12',NULL,'No',NULL,NULL,NULL,'29',NULL,NULL,NULL,'vcxcv'),('571a5739-1886-b57f-d511-4fd733ea77e2','Primary Service Address 1','2012-06-12 05:43:57','2012-06-20 09:33:23','1','1',NULL,1,'1','San Diego','CA',NULL,'USA',NULL,'2012-06-12',NULL,'No',NULL,NULL,NULL,'29',NULL,NULL,NULL,'12310 World Trade Drive Suite 102'),('4d85d776-1785-c6c6-7ae6-4fd733771ee0','secondary Address 1ff','2012-06-12 05:43:57','2012-06-20 09:33:23','1','1',NULL,1,'1','dfgdfgdfg','dgfdfgdfg',NULL,'USA',NULL,'2012-06-12',NULL,'No',NULL,NULL,NULL,'29',NULL,NULL,NULL,'fdgdfgdfg'),('d176ea1d-fb3b-b6c2-57a2-4fd73328f881','cxvxcvxcv','2012-06-12 05:45:54','2012-06-20 09:33:23','1','1',NULL,1,'1','San Diego','CA',NULL,'USA',NULL,'2012-06-12',NULL,'No',NULL,NULL,NULL,'29',NULL,NULL,NULL,'12310 World Trade Drive Suite 102'),('8f16d97a-fc63-056b-745d-4fd7332f2810','xcvxcvxcvxc','2012-06-12 05:45:54','2012-06-20 09:33:23','1','1',NULL,1,'1','xcvxcvxc','vxcvxcv',NULL,'USA',NULL,'2012-06-12',NULL,'No',NULL,NULL,NULL,'29',NULL,NULL,NULL,'xvcxcv'),('2550d6c0-0841-6b1f-6fe9-4fd7345df512','gdfgdfgdfgdfgdg','2012-06-12 05:50:50','2012-06-20 09:33:23','1','1',NULL,1,'1','San Diego','CA',NULL,'USA',NULL,'2012-06-12',NULL,'No',NULL,NULL,NULL,'29',NULL,NULL,NULL,'12310 World Trade Drive Suite 102'),('1fb01190-0798-1844-aa39-4fd73439368e','dfgdfgdf','2012-06-12 05:50:50','2012-06-20 09:33:23','1','1',NULL,1,'1','San Diego','CA',NULL,'USA',NULL,'2012-06-12',NULL,'Yes',NULL,NULL,NULL,'29',NULL,NULL,NULL,'12310 World Trade Drive Suite 102'),('12a3b8af-f1ed-7eea-bd16-4fd736edbab9','ffdgdfgdfgdf','2012-06-12 05:59:25','2012-06-20 09:33:23','1','1',NULL,1,'1','San Diego','CA',NULL,'USA',NULL,'2012-06-12',NULL,'No',NULL,NULL,NULL,'29',NULL,NULL,NULL,'12310 World Trade Drive Suite 102'),('227b2a7d-e454-727e-e87e-4fd736b90222','sdfdsfdsfdsfdsf','2012-06-12 05:59:25','2012-06-20 09:33:23','1','1',NULL,1,'1','San Diego','CA',NULL,'USA',NULL,'2012-06-12',NULL,'Yes',NULL,NULL,NULL,'29',NULL,NULL,NULL,'12310 World Trade Drive Suite 102'),('d85df46d-4131-87cb-025d-4fd739a5fe34','dfgdfgdfgdfg','2012-06-12 06:10:12','2012-06-20 09:33:23','1','1',NULL,1,'1','San Diego','CA',NULL,'USA',NULL,'2012-06-12',NULL,'No',NULL,NULL,NULL,'29',NULL,NULL,NULL,'12310 World Trade Drive Suite 102'),('c36d772c-68b6-b6bf-434d-4fd73925383c','fdgdfgdfgdfgdf','2012-06-12 06:10:12','2012-06-20 09:33:23','1','1',NULL,1,'1','San Diego','CA',NULL,'USA',NULL,'2012-06-12',NULL,'No',NULL,NULL,NULL,'29',NULL,NULL,NULL,'12310 World Trade Drive Suite 102'),('5f62684e-615f-cfcb-dcb9-4fd743df4e76','asdasdasd','2012-06-12 06:52:13','2012-06-20 09:33:23','1','1',NULL,1,'1','San Diego','CA',NULL,'USA',NULL,'2012-06-12',NULL,'No',NULL,NULL,NULL,'29',NULL,NULL,NULL,'12310 World Trade Drive Suite 102'),('dcf1fdf1-4d38-edad-5549-4fd746c9e1c6','dfds','2012-06-12 07:05:17','2012-06-20 09:33:23','1','1',NULL,1,'1','San Diego','CA',NULL,'USA',NULL,'2012-06-12',NULL,'No',NULL,NULL,NULL,'29',NULL,NULL,NULL,'12310 World Trade Drive Suite 102'),('793d3b78-15a9-a032-b96b-4fd88e8e3721','gdfgdfgdfgd','2012-06-13 06:23:41','2012-06-20 09:33:23','1','1',NULL,1,'1','San Diego','CA',NULL,'USA',NULL,'2012-06-13',NULL,'No',NULL,NULL,NULL,'29',NULL,NULL,NULL,'12310 World Trade Drive Suite 102'),('49632f47-e0b4-f5ab-381d-4fd893205ed7','gfdgdgf','2012-06-13 06:46:27','2012-06-20 09:33:23','1','1',NULL,1,'1','San Diego','CA',NULL,'USA',NULL,'2012-06-13',NULL,'No',NULL,NULL,NULL,'29',NULL,NULL,NULL,'12310 World Trade Drive Suite 102'),('9bf82756-e913-2c62-4cfe-4fdae67783fe','test service Address Tiday','2012-06-15 01:06:06','2012-06-20 09:33:23','1','1',NULL,1,'1','San Diego','CA',NULL,'USA',NULL,'2012-06-15',NULL,'No',NULL,NULL,NULL,'29',NULL,NULL,NULL,'12310 World Trade Drive Suite 102'),('3f2f3ab6-3f03-fd6a-0ff8-4fdae86f85eb','ffff','2012-06-15 01:12:54','2012-06-20 09:33:23','1','1',NULL,1,'1','San Diego','CA',NULL,'USA',NULL,'2012-06-15',NULL,'No',NULL,NULL,NULL,'29',NULL,NULL,NULL,'12310 World Trade Drive Suite 102'),('4dbe1746-7a9c-d1f0-374c-4fdaed3e13e6','dfdsfdsf','2012-06-15 01:35:16','2012-06-20 09:33:23','1','1',NULL,1,'1','San Diego','CA',NULL,'USA',NULL,'2012-06-15',NULL,'No',NULL,NULL,NULL,'29',NULL,NULL,NULL,'12310 World Trade Drive Suite 102'),('da0a2da4-6d75-0fb8-dfda-4fdaf18242fa','dfdas','2012-06-15 01:52:03','2012-06-20 09:33:23','1','1',NULL,1,'1','San Diego','CA',NULL,'USA',NULL,'2012-06-15',NULL,'No',NULL,NULL,NULL,'29',NULL,NULL,NULL,'12310 World Trade Drive Suite 102'),('543c4383-6cc7-2d67-22ba-4fdafcd6f3cd','dsfdsfdsfdsf','2012-06-15 02:39:28','2012-06-20 09:33:23','1','1',NULL,1,'1','San Diego','CA',NULL,'USA',NULL,'2012-06-15',NULL,'No',NULL,NULL,NULL,'29',NULL,NULL,NULL,'12310 World Trade Drive Suite 102'),('1dc34790-2965-0b84-21e2-4fdafc79d55f','dsfdsfdsfds','2012-06-15 02:40:51','2012-06-20 09:33:23','1','1',NULL,1,'1','San Diego','CA',NULL,'USA',NULL,'2012-06-15',NULL,'No',NULL,NULL,NULL,'29',NULL,NULL,NULL,'12310 World Trade Drive Suite 102'),('87388bb0-485f-036c-2087-4fe05576e277','dddd','2012-06-19 04:00:16','2012-06-20 09:33:23','1','1',NULL,1,'1','San Diego','CA',NULL,'USA',NULL,'2012-06-19',NULL,'No',NULL,NULL,NULL,'29',NULL,NULL,NULL,'12310 World Trade Drive Suite 102'),('87235413-808e-689f-cbbc-4fe19165a088','fgdfgdfg','2012-06-20 02:27:54','2012-06-20 09:33:23','1','1',NULL,1,'1','San Diego','CA',NULL,'USA',NULL,'2012-06-20',NULL,'No',NULL,NULL,NULL,'29',NULL,NULL,NULL,'12310 World Trade Drive Suite 102'),('13bdf331-0280-5b11-8041-4fe1979d5e45',NULL,'2012-06-20 09:28:25','2012-06-20 09:29:28','1','1',NULL,1,NULL,NULL,NULL,NULL,NULL,NULL,'2012-06-20',NULL,'No',NULL,NULL,NULL,'29',NULL,NULL,NULL,NULL),('996f438c-6100-ac81-221c-4fe199612892','Service Address Location','2012-06-20 03:01:57','2012-06-20 09:54:13','1','1',NULL,1,'1','San Diego','CA',NULL,'USA',NULL,'2012-06-20',NULL,'No',NULL,NULL,NULL,'29',NULL,NULL,NULL,'12310 World Trade Drive Suite 102'),('d52d6bbc-3bc4-19b6-62bf-4fe19f267919','Main Primary Service Address test tesr','2012-06-20 03:27:53','2012-06-22 07:28:32','1','1',NULL,0,'1','San Diego','CA','92128','USA',NULL,'2012-06-20',NULL,'Yes',NULL,NULL,NULL,'29',NULL,NULL,NULL,'12310 World Trade Drive Suite 102'),('c7c519be-bd13-23bd-f645-4fe30ac46f92','test mul 1','2012-06-21 05:16:26','2012-06-21 11:56:56','1','1',NULL,1,'1',NULL,NULL,NULL,'USA',NULL,'2012-06-21',NULL,'No',NULL,NULL,NULL,'29',NULL,NULL,NULL,NULL),('89fd49c2-4890-1066-1232-4fe30a5ff4e0','test mul 2','2012-06-21 05:16:26','2012-06-21 11:56:56','1','1',NULL,1,'1',NULL,NULL,NULL,'USA',NULL,'2012-06-21',NULL,'Yes',NULL,NULL,NULL,'29',NULL,NULL,NULL,NULL),('482422a9-87ce-342b-0f28-4fe30c5acd26','test mul 1','2012-06-21 05:23:50','2012-06-21 12:24:53','1','1',NULL,1,'1',NULL,NULL,NULL,'USA',NULL,'2012-06-21',NULL,'No',NULL,NULL,NULL,'29',NULL,NULL,NULL,NULL),('f2ca2692-1463-3212-883a-4fe30c775ac4','test mul 788','2012-06-21 05:23:50','2012-06-22 07:27:25','1','1',NULL,0,'1','Charlotte','NC','28277','USA',NULL,'2012-06-21',NULL,'Yes',NULL,NULL,NULL,'29',NULL,NULL,NULL,'13777 Ballantyne Corporate PL Suite 250'),('309fcf4f-9b95-e251-169f-4fe320fe5e14','newlco','2012-06-21 06:50:25','2012-06-21 13:24:16','1','1',NULL,0,'1','Houston','TX','77072','USA',NULL,'2012-06-21',NULL,'No',NULL,NULL,NULL,'29',NULL,NULL,NULL,'6002 Rogerdale Road Suite # 550'),('380af310-9d7e-a19d-c7b0-4fe41e13c2b2','Test new Service','2012-06-22 12:56:39','2012-06-22 07:26:42','1','1',NULL,0,'1','Burbank','CA','91502','USA',NULL,'2012-06-22',NULL,'Yes',NULL,NULL,NULL,'29',NULL,NULL,NULL,'303 N. Glenoaks Blvd. Suite 850 ');
/*!40000 ALTER TABLE `nli_serviceaddresses` ENABLE KEYS */;
UNLOCK TABLES;

--
-- Table structure for table `nli_serviceaddresses_audit`
--

DROP TABLE IF EXISTS `nli_serviceaddresses_audit`;
/*!40101 SET @saved_cs_client     = @@character_set_client */;
/*!40101 SET character_set_client = utf8 */;
CREATE TABLE `nli_serviceaddresses_audit` (
  `id` char(36) NOT NULL,
  `parent_id` char(36) NOT NULL,
  `date_created` datetime DEFAULT NULL,
  `created_by` varchar(36) DEFAULT NULL,
  `field_name` varchar(100) DEFAULT NULL,
  `data_type` varchar(100) DEFAULT NULL,
  `before_value_string` varchar(255) DEFAULT NULL,
  `after_value_string` varchar(255) DEFAULT NULL,
  `before_value_text` text,
  `after_value_text` text,
  KEY `idx_nli_serviceaddresses_primary` (`id`),
  KEY `idx_nli_serviceaddresses_parent_id` (`parent_id`)
) ENGINE=MyISAM DEFAULT CHARSET=utf8;
/*!40101 SET character_set_client = @saved_cs_client */;

--
-- Dumping data for table `nli_serviceaddresses_audit`
--

LOCK TABLES `nli_serviceaddresses_audit` WRITE;
/*!40000 ALTER TABLE `nli_serviceaddresses_audit` DISABLE KEYS */;
INSERT INTO `nli_serviceaddresses_audit` VALUES ('236fb31f-1379-a5dc-6119-4facefe4d303','7a05eb0a-4164-10b0-0059-4fa967a8ad7b','2012-05-11 10:52:45','1','service_address_street','varchar','','some street',NULL,NULL),('d355d75f-fc08-bfc8-a2c7-4fb2bcf68193','2dc72617-ea9c-3a6c-1964-4fb2bbdafcd1','2012-05-15 20:27:02','2bf53c62-efbb-f811-41f8-4f3d64001d45','service_address_street','varchar','','941 Orange Ave #108',NULL,NULL),('a00126d3-0fd5-e354-dc7c-4fe319b32bfd','f2ca2692-1463-3212-883a-4fe30c775ac4','2012-06-21 12:52:24','1','service_address_street','varchar','','fdsfds',NULL,NULL),('48bfce03-a4ba-6a77-c370-4fe31ebd6cfe','f2ca2692-1463-3212-883a-4fe30c775ac4','2012-06-21 13:17:31','1','service_address_street','varchar','fdsfds','3200 Windy Hill Road SE, Suite - 100W,',NULL,NULL),('6e6e8902-6cf6-73e6-b67a-4fe322344792','f2ca2692-1463-3212-883a-4fe30c775ac4','2012-06-21 13:33:32','1','service_address_street','varchar','3200 Windy Hill Road SE, Suite - 100W,','dfdf',NULL,NULL),('19de4a59-4454-ea9a-7c61-4fe3220f4912','f2ca2692-1463-3212-883a-4fe30c775ac4','2012-06-21 13:34:02','1','service_address_street','varchar','dfdf','3200 Windy Hill Road SE, Suite - 100W,',NULL,NULL),('e1c0afc0-4520-221f-7c65-4fe3238f1ed6','f2ca2692-1463-3212-883a-4fe30c775ac4','2012-06-21 13:38:11','1','service_address_street','varchar','3200 Windy Hill Road SE, Suite - 100W,','13777 Ballantyne Corporate PL Suite 250',NULL,NULL),('d8d2cdb4-a0eb-147f-5d22-4fe323512796','f2ca2692-1463-3212-883a-4fe30c775ac4','2012-06-21 13:38:51','1','service_address_street','varchar','13777 Ballantyne Corporate PL Suite 250','dfed',NULL,NULL),('2d81d29f-80ec-c390-bd71-4fe324529337','f2ca2692-1463-3212-883a-4fe30c775ac4','2012-06-21 13:40:47','1','service_address_street','varchar','dfed','13777 Ballantyne Corporate PL Suite 250',NULL,NULL);
/*!40000 ALTER TABLE `nli_serviceaddresses_audit` ENABLE KEYS */;
UNLOCK TABLES;

--
-- Table structure for table `nli_serviceaddresses_cstm`
--

DROP TABLE IF EXISTS `nli_serviceaddresses_cstm`;
/*!40101 SET @saved_cs_client     = @@character_set_client */;
/*!40101 SET character_set_client = utf8 */;
CREATE TABLE `nli_serviceaddresses_cstm` (
  `id_c` char(36) NOT NULL,
  `contact_id_c` varchar(36) DEFAULT NULL,
  `account_id_c` varchar(36) DEFAULT NULL,
  `addressstatus_c` varchar(255) DEFAULT NULL,
  `trest_c` int(11) DEFAULT NULL,
  PRIMARY KEY (`id_c`)
) ENGINE=MyISAM DEFAULT CHARSET=utf8;
/*!40101 SET character_set_client = @saved_cs_client */;

--
-- Dumping data for table `nli_serviceaddresses_cstm`
--

LOCK TABLES `nli_serviceaddresses_cstm` WRITE;
/*!40000 ALTER TABLE `nli_serviceaddresses_cstm` DISABLE KEYS */;
INSERT INTO `nli_serviceaddresses_cstm` VALUES ('7e797273-b127-69de-acc5-4fbe1f874bcf','',NULL,NULL,NULL),('c7c27d94-6287-393a-c481-4fbe1f8f2fcd','',NULL,NULL,NULL),('c9f4a961-4dc7-dfbe-c74c-4fcf326d6ff9','e73861cd-0ee7-b55d-98db-4fa7c74f2671',NULL,NULL,NULL),('e3440d78-795e-1d7d-d336-4fcf35f1d45b','e73861cd-0ee7-b55d-98db-4fa7c74f2671',NULL,NULL,NULL),('4fee717f-9d31-3c3d-b637-4fcf35f5fb82','e73861cd-0ee7-b55d-98db-4fa7c74f2671',NULL,NULL,NULL),('4d8cd2ce-b02e-f5fe-1bb5-4fcf35a0bb5c','e73861cd-0ee7-b55d-98db-4fa7c74f2671',NULL,NULL,NULL),('8cbf09a5-d054-55ce-59d6-4fcf36b9fcd0','e73861cd-0ee7-b55d-98db-4fa7c74f2671',NULL,NULL,NULL),('5f2ea02c-648d-9b0f-6084-4fcf3788a65e','e73861cd-0ee7-b55d-98db-4fa7c74f2671',NULL,NULL,NULL),('5efc07e0-51cb-ca3d-ed4c-4fcf37ff077e','e73861cd-0ee7-b55d-98db-4fa7c74f2671',NULL,NULL,NULL),('c410b811-652d-fc56-77ae-4fcf38871e46','e73861cd-0ee7-b55d-98db-4fa7c74f2671',NULL,NULL,NULL),('1d46592b-144b-72a6-724c-4fcf39ed21a9','e73861cd-0ee7-b55d-98db-4fa7c74f2671',NULL,NULL,NULL),('13c4ab9d-9d7a-036f-0d71-4fcf39fd5e2c','e73861cd-0ee7-b55d-98db-4fa7c74f2671',NULL,NULL,NULL),('a92a0448-2e52-d838-2dbb-4fcf3bae4c04','',NULL,NULL,NULL),('1ce75a70-d381-7f92-398e-4fcf3b53525b','e73861cd-0ee7-b55d-98db-4fa7c74f2671',NULL,NULL,NULL),('a6cd75d1-5e28-3ef5-625d-4fcf3bdab1a8','e73861cd-0ee7-b55d-98db-4fa7c74f2671',NULL,NULL,NULL),('ae230f40-9ef3-3809-71ee-4fcf3ec4a2a2','e73861cd-0ee7-b55d-98db-4fa7c74f2671',NULL,NULL,NULL),('351e68e5-e026-19bd-d012-4fcf437bbf74','','5f670136-f107-f7c3-68a9-4f2985be35cf',NULL,NULL),('15a000f1-1aac-663a-18cc-4fcf43b181ca','e73861cd-0ee7-b55d-98db-4fa7c74f2671','1',NULL,NULL),('cef67ec0-357d-8e52-955a-4fcf45d2ea37','e73861cd-0ee7-b55d-98db-4fa7c74f2671','ACCOUNT TEST',NULL,NULL),('d547f335-4396-8f54-b7fd-4fcf48d26923','bc2b8613-7800-d1d4-1f0e-4f2984fdcc27',NULL,NULL,NULL),('36fa30c2-c47c-21df-bdac-4fcf4930c91b','bc2b8613-7800-d1d4-1f0e-4f2984fdcc27','5f670136-f107-f7c3-68a9-4f2985be35cf',NULL,NULL),('9bcdac19-4361-0a62-02bb-4fcf4ba5f5cc','bc2b8613-7800-d1d4-1f0e-4f2984fdcc27','5f670136-f107-f7c3-68a9-4f2985be35cf',NULL,NULL),('98987459-7394-be78-a317-4fcf4bca2d38','bc2b8613-7800-d1d4-1f0e-4f2984fdcc27','5f670136-f107-f7c3-68a9-4f2985be35cf',NULL,NULL),('db1e9e40-d946-5619-970d-4fcf4d21935e','bc2b8613-7800-d1d4-1f0e-4f2984fdcc27',NULL,NULL,NULL),('87e5b11e-15c1-dc34-bcbf-4fcf4d4606b3','bc2b8613-7800-d1d4-1f0e-4f2984fdcc27','5f670136-f107-f7c3-68a9-4f2985be35cf',NULL,NULL),('e0edf3d1-869c-6400-3673-4fcf4f6e36d9','bc2b8613-7800-d1d4-1f0e-4f2984fdcc27','5f670136-f107-f7c3-68a9-4f2985be35cf',NULL,NULL),('b263d1e6-8d27-3a7c-8649-4fcf50970959','bc2b8613-7800-d1d4-1f0e-4f2984fdcc27','5f670136-f107-f7c3-68a9-4f2985be35cf',NULL,NULL),('7123e7c3-b4c2-5ae9-788c-4fcf5137d17a','bc2b8613-7800-d1d4-1f0e-4f2984fdcc27','5f670136-f107-f7c3-68a9-4f2985be35cf',NULL,NULL),('42800854-955d-2cce-2cd1-4fd085e9c114','bc2b8613-7800-d1d4-1f0e-4f2984fdcc27','5f670136-f107-f7c3-68a9-4f2985be35cf',NULL,NULL),('c6d63bf9-985a-d5d5-3de3-4fd08fedf7c9','bc2b8613-7800-d1d4-1f0e-4f2984fdcc27','5f670136-f107-f7c3-68a9-4f2985be35cf',NULL,NULL),('8c1485e3-0d4b-5b17-34d5-4fd090ea4993','bc2b8613-7800-d1d4-1f0e-4f2984fdcc27','5f670136-f107-f7c3-68a9-4f2985be35cf',NULL,NULL),('33c5c50a-0060-62da-8334-4fd092fbe2c9','bc2b8613-7800-d1d4-1f0e-4f2984fdcc27','5f670136-f107-f7c3-68a9-4f2985be35cf',NULL,NULL),('e5aec4d3-d1e6-4007-d1b5-4fd094c146ab','bc2b8613-7800-d1d4-1f0e-4f2984fdcc27','5f670136-f107-f7c3-68a9-4f2985be35cf',NULL,NULL),('461b41e9-e258-80ca-5e8d-4fd0940fd8da','bc2b8613-7800-d1d4-1f0e-4f2984fdcc27','5f670136-f107-f7c3-68a9-4f2985be35cf',NULL,NULL),('b8d80ca3-a13d-53e5-eee2-4fd095b9f322','bc2b8613-7800-d1d4-1f0e-4f2984fdcc27','5f670136-f107-f7c3-68a9-4f2985be35cf',NULL,NULL),('73dafaa6-8e76-d5ed-2a8b-4fd104b83c68','bc2b8613-7800-d1d4-1f0e-4f2984fdcc27','5f670136-f107-f7c3-68a9-4f2985be35cf',NULL,NULL),('548ee44d-2665-0e6d-e4c5-4fd7223035e5','bc2b8613-7800-d1d4-1f0e-4f2984fdcc27','5f670136-f107-f7c3-68a9-4f2985be35cf',NULL,NULL),('89fa0914-3d38-6443-3ed2-4fd7222cf03a','bc2b8613-7800-d1d4-1f0e-4f2984fdcc27','5f670136-f107-f7c3-68a9-4f2985be35cf',NULL,NULL),('363c0478-ed05-71a0-305b-4fd722d932fe','bc2b8613-7800-d1d4-1f0e-4f2984fdcc27','5f670136-f107-f7c3-68a9-4f2985be35cf',NULL,NULL),('40b7ab7e-18b4-ba6d-c130-4fd724fb5b91','bc2b8613-7800-d1d4-1f0e-4f2984fdcc27','5f670136-f107-f7c3-68a9-4f2985be35cf',NULL,NULL),('4cd36653-65a5-46c8-001b-4fd724ff845d','bc2b8613-7800-d1d4-1f0e-4f2984fdcc27','5f670136-f107-f7c3-68a9-4f2985be35cf',NULL,NULL),('f0b41bc2-1662-7fc6-5dbf-4fd724a95d30','bc2b8613-7800-d1d4-1f0e-4f2984fdcc27','5f670136-f107-f7c3-68a9-4f2985be35cf',NULL,NULL),('9a17f6fe-5c3f-8dc3-ab97-4fd7243a8a8e','bc2b8613-7800-d1d4-1f0e-4f2984fdcc27','5f670136-f107-f7c3-68a9-4f2985be35cf',NULL,NULL),('ab51635d-4d14-f373-3fce-4fd7248d1c0f','bc2b8613-7800-d1d4-1f0e-4f2984fdcc27','5f670136-f107-f7c3-68a9-4f2985be35cf',NULL,NULL),('2f996854-0227-702a-1545-4fd724dd8c10','bc2b8613-7800-d1d4-1f0e-4f2984fdcc27','5f670136-f107-f7c3-68a9-4f2985be35cf',NULL,NULL),('ce320068-ce30-a917-4f5f-4fd7259617ca','bc2b8613-7800-d1d4-1f0e-4f2984fdcc27','5f670136-f107-f7c3-68a9-4f2985be35cf',NULL,NULL),('dee5f816-8b9c-8fcc-9910-4fd72544b980','bc2b8613-7800-d1d4-1f0e-4f2984fdcc27','5f670136-f107-f7c3-68a9-4f2985be35cf',NULL,NULL),('8c37be79-ecb3-3269-6951-4fd7252bbd99','bc2b8613-7800-d1d4-1f0e-4f2984fdcc27','5f670136-f107-f7c3-68a9-4f2985be35cf',NULL,NULL),('258dc78a-b464-2d64-48de-4fd728ba3f34','bc2b8613-7800-d1d4-1f0e-4f2984fdcc27','5f670136-f107-f7c3-68a9-4f2985be35cf',NULL,NULL),('978308ce-3d75-9d92-df99-4fd7286a5f75','bc2b8613-7800-d1d4-1f0e-4f2984fdcc27','5f670136-f107-f7c3-68a9-4f2985be35cf',NULL,NULL),('a94654c6-e7e3-cad7-b2e4-4fd728037419','bc2b8613-7800-d1d4-1f0e-4f2984fdcc27','5f670136-f107-f7c3-68a9-4f2985be35cf',NULL,NULL),('eaedbf30-829c-f514-8ab5-4fd729681b53','bc2b8613-7800-d1d4-1f0e-4f2984fdcc27','5f670136-f107-f7c3-68a9-4f2985be35cf',NULL,NULL),('3294f281-2f82-c44d-e34e-4fd729e17c16','bc2b8613-7800-d1d4-1f0e-4f2984fdcc27','5f670136-f107-f7c3-68a9-4f2985be35cf',NULL,NULL),('d9253c24-b866-fd18-0d26-4fd72dbb873d','bc2b8613-7800-d1d4-1f0e-4f2984fdcc27','5f670136-f107-f7c3-68a9-4f2985be35cf',NULL,NULL),('eaaa01a4-a708-8b92-36b4-4fd72d80472a','bc2b8613-7800-d1d4-1f0e-4f2984fdcc27','5f670136-f107-f7c3-68a9-4f2985be35cf',NULL,NULL),('832c6b4f-7e24-c791-4a6c-4fd72eff848a','bc2b8613-7800-d1d4-1f0e-4f2984fdcc27','5f670136-f107-f7c3-68a9-4f2985be35cf',NULL,NULL),('50cc3671-2997-3c07-cfa9-4fd72e49a4fb','bc2b8613-7800-d1d4-1f0e-4f2984fdcc27','5f670136-f107-f7c3-68a9-4f2985be35cf',NULL,NULL),('571a5739-1886-b57f-d511-4fd733ea77e2','bc2b8613-7800-d1d4-1f0e-4f2984fdcc27','5f670136-f107-f7c3-68a9-4f2985be35cf',NULL,NULL),('4d85d776-1785-c6c6-7ae6-4fd733771ee0','bc2b8613-7800-d1d4-1f0e-4f2984fdcc27','5f670136-f107-f7c3-68a9-4f2985be35cf',NULL,NULL),('d176ea1d-fb3b-b6c2-57a2-4fd73328f881','bc2b8613-7800-d1d4-1f0e-4f2984fdcc27','5f670136-f107-f7c3-68a9-4f2985be35cf',NULL,NULL),('8f16d97a-fc63-056b-745d-4fd7332f2810','bc2b8613-7800-d1d4-1f0e-4f2984fdcc27','5f670136-f107-f7c3-68a9-4f2985be35cf',NULL,NULL),('2550d6c0-0841-6b1f-6fe9-4fd7345df512','bc2b8613-7800-d1d4-1f0e-4f2984fdcc27','5f670136-f107-f7c3-68a9-4f2985be35cf',NULL,NULL),('1fb01190-0798-1844-aa39-4fd73439368e','bc2b8613-7800-d1d4-1f0e-4f2984fdcc27','5f670136-f107-f7c3-68a9-4f2985be35cf',NULL,NULL),('12a3b8af-f1ed-7eea-bd16-4fd736edbab9','bc2b8613-7800-d1d4-1f0e-4f2984fdcc27','5f670136-f107-f7c3-68a9-4f2985be35cf',NULL,NULL),('227b2a7d-e454-727e-e87e-4fd736b90222','bc2b8613-7800-d1d4-1f0e-4f2984fdcc27','5f670136-f107-f7c3-68a9-4f2985be35cf',NULL,NULL),('d85df46d-4131-87cb-025d-4fd739a5fe34','bc2b8613-7800-d1d4-1f0e-4f2984fdcc27','5f670136-f107-f7c3-68a9-4f2985be35cf',NULL,NULL),('c36d772c-68b6-b6bf-434d-4fd73925383c','bc2b8613-7800-d1d4-1f0e-4f2984fdcc27','5f670136-f107-f7c3-68a9-4f2985be35cf',NULL,NULL),('5f62684e-615f-cfcb-dcb9-4fd743df4e76','bc2b8613-7800-d1d4-1f0e-4f2984fdcc27','5f670136-f107-f7c3-68a9-4f2985be35cf',NULL,NULL),('dcf1fdf1-4d38-edad-5549-4fd746c9e1c6','bc2b8613-7800-d1d4-1f0e-4f2984fdcc27','5f670136-f107-f7c3-68a9-4f2985be35cf',NULL,NULL),('793d3b78-15a9-a032-b96b-4fd88e8e3721','a5cf2bca-cc8c-ae8b-16c1-4f32daf5cd68','1e735357-2a37-25df-facb-4fa26ff76a47',NULL,NULL),('49632f47-e0b4-f5ab-381d-4fd893205ed7','a5cf2bca-cc8c-ae8b-16c1-4f32daf5cd68','1e735357-2a37-25df-facb-4fa26ff76a47',NULL,NULL),('9bf82756-e913-2c62-4cfe-4fdae67783fe','bc2b8613-7800-d1d4-1f0e-4f2984fdcc27','5f670136-f107-f7c3-68a9-4f2985be35cf',NULL,NULL),('3f2f3ab6-3f03-fd6a-0ff8-4fdae86f85eb','bc2b8613-7800-d1d4-1f0e-4f2984fdcc27','5f670136-f107-f7c3-68a9-4f2985be35cf',NULL,NULL),('4dbe1746-7a9c-d1f0-374c-4fdaed3e13e6','bc2b8613-7800-d1d4-1f0e-4f2984fdcc27','5f670136-f107-f7c3-68a9-4f2985be35cf',NULL,NULL),('da0a2da4-6d75-0fb8-dfda-4fdaf18242fa','bc2b8613-7800-d1d4-1f0e-4f2984fdcc27','5f670136-f107-f7c3-68a9-4f2985be35cf',NULL,NULL),('543c4383-6cc7-2d67-22ba-4fdafcd6f3cd','bc2b8613-7800-d1d4-1f0e-4f2984fdcc27','5f670136-f107-f7c3-68a9-4f2985be35cf',NULL,NULL),('1dc34790-2965-0b84-21e2-4fdafc79d55f','bc2b8613-7800-d1d4-1f0e-4f2984fdcc27','5f670136-f107-f7c3-68a9-4f2985be35cf',NULL,NULL),('87388bb0-485f-036c-2087-4fe05576e277','542e6ba0-fc91-fb9b-caab-4fcfab04ca3d','1e735357-2a37-25df-facb-4fa26ff76a47',NULL,NULL),('87235413-808e-689f-cbbc-4fe19165a088','bc2b8613-7800-d1d4-1f0e-4f2984fdcc27','5f670136-f107-f7c3-68a9-4f2985be35cf',NULL,NULL),('13bdf331-0280-5b11-8041-4fe1979d5e45','bc2b8613-7800-d1d4-1f0e-4f2984fdcc27','5f670136-f107-f7c3-68a9-4f2985be35cf',NULL,NULL),('996f438c-6100-ac81-221c-4fe199612892','bc2b8613-7800-d1d4-1f0e-4f2984fdcc27','5f670136-f107-f7c3-68a9-4f2985be35cf',NULL,NULL),('d52d6bbc-3bc4-19b6-62bf-4fe19f267919','bc2b8613-7800-d1d4-1f0e-4f2984fdcc27','5f670136-f107-f7c3-68a9-4f2985be35cf','Primary',NULL),('c7c519be-bd13-23bd-f645-4fe30ac46f92','bc2b8613-7800-d1d4-1f0e-4f2984fdcc27','5f670136-f107-f7c3-68a9-4f2985be35cf',NULL,NULL),('89fd49c2-4890-1066-1232-4fe30a5ff4e0','bc2b8613-7800-d1d4-1f0e-4f2984fdcc27','5f670136-f107-f7c3-68a9-4f2985be35cf',NULL,NULL),('482422a9-87ce-342b-0f28-4fe30c5acd26','bc2b8613-7800-d1d4-1f0e-4f2984fdcc27','5f670136-f107-f7c3-68a9-4f2985be35cf','Additional',NULL),('f2ca2692-1463-3212-883a-4fe30c775ac4','bc2b8613-7800-d1d4-1f0e-4f2984fdcc27','5f670136-f107-f7c3-68a9-4f2985be35cf','Additional',NULL),('309fcf4f-9b95-e251-169f-4fe320fe5e14','bc2b8613-7800-d1d4-1f0e-4f2984fdcc27','5f670136-f107-f7c3-68a9-4f2985be35cf','Additional',NULL),('380af310-9d7e-a19d-c7b0-4fe41e13c2b2','bc2b8613-7800-d1d4-1f0e-4f2984fdcc27','5f670136-f107-f7c3-68a9-4f2985be35cf','Additional',NULL);
/*!40000 ALTER TABLE `nli_serviceaddresses_cstm` ENABLE KEYS */;
UNLOCK TABLES;

--
-- Table structure for table `nli_serviceses_accounts_c`
--

DROP TABLE IF EXISTS `nli_serviceses_accounts_c`;
/*!40101 SET @saved_cs_client     = @@character_set_client */;
/*!40101 SET character_set_client = utf8 */;
CREATE TABLE `nli_serviceses_accounts_c` (
  `id` varchar(36) NOT NULL,
  `date_modified` datetime DEFAULT NULL,
  `deleted` tinyint(1) DEFAULT '0',
  `nli_servicaa98ccounts_ida` varchar(36) DEFAULT NULL,
  `nli_servic71a8dresses_idb` varchar(36) DEFAULT NULL,
  PRIMARY KEY (`id`),
  KEY `nli_serviceesses_accounts_ida1` (`nli_servicaa98ccounts_ida`),
  KEY `nli_serviceesses_accounts_alt` (`nli_servic71a8dresses_idb`)
) ENGINE=MyISAM DEFAULT CHARSET=utf8;
/*!40101 SET character_set_client = @saved_cs_client */;

--
-- Dumping data for table `nli_serviceses_accounts_c`
--

LOCK TABLES `nli_serviceses_accounts_c` WRITE;
/*!40000 ALTER TABLE `nli_serviceses_accounts_c` DISABLE KEYS */;
INSERT INTO `nli_serviceses_accounts_c` VALUES ('7db2afd5-e66a-3c04-f86b-4fa967f8ec89','2012-06-06 12:32:19',1,'1e735357-2a37-25df-facb-4fa26ff76a47','7a05eb0a-4164-10b0-0059-4fa967a8ad7b'),('3225ce9e-a849-ff3e-fdbd-4fb2bb2df5d9','2012-06-06 12:32:19',1,'5f670136-f107-f7c3-68a9-4f2985be35cf','2dc72617-ea9c-3a6c-1964-4fb2bbdafcd1'),('5658c732-62d7-e9d1-63ad-4fb2bc35e248','2012-06-06 12:32:19',1,'5f670136-f107-f7c3-68a9-4f2985be35cf','529f7c59-7ac3-1cb6-47fc-4fb2bcacc01a'),('19df0f9c-af29-f18f-b21d-4fbd7b85b081','2012-06-06 12:32:19',1,'1e735357-2a37-25df-facb-4fa26ff76a47','adf00cc3-0d0f-790c-883a-4fbd7bce543b'),('c9e01e68-4f2f-bec9-e7cc-4fbd7b6a902b','2012-06-06 12:32:19',1,'1e735357-2a37-25df-facb-4fa26ff76a47','c62d7c75-ec07-7515-f1d8-4fbd7bac5021'),('f0a90d82-8bb4-cd91-5274-4fcf3b6717af','2012-06-06 11:12:48',1,'dc1d15d1-6522-f43d-5986-4f70abbbba24','a92a0448-2e52-d838-2dbb-4fcf3bae4c04'),('6ce61c8f-35ea-ecd9-bc32-4fcf9a3b2845','2012-06-20 09:33:23',1,'1e735357-2a37-25df-facb-4fa26ff76a47','68b06612-5bc8-50f3-d2bf-4fcf9a6656e8'),('77913af2-b095-26a8-39b5-4fd104eea84b','2012-06-20 09:33:23',1,'5f670136-f107-f7c3-68a9-4f2985be35cf','73dafaa6-8e76-d5ed-2a8b-4fd104b83c68');
/*!40000 ALTER TABLE `nli_serviceses_accounts_c` ENABLE KEYS */;
UNLOCK TABLES;

--
-- Table structure for table `notes`
--

DROP TABLE IF EXISTS `notes`;
/*!40101 SET @saved_cs_client     = @@character_set_client */;
/*!40101 SET character_set_client = utf8 */;
CREATE TABLE `notes` (
  `assigned_user_id` char(36) DEFAULT NULL,
  `id` char(36) NOT NULL,
  `date_entered` datetime DEFAULT NULL,
  `date_modified` datetime DEFAULT NULL,
  `modified_user_id` char(36) DEFAULT NULL,
  `created_by` char(36) DEFAULT NULL,
  `name` varchar(255) DEFAULT NULL,
  `file_mime_type` varchar(100) DEFAULT NULL,
  `filename` varchar(255) DEFAULT NULL,
  `parent_type` varchar(255) DEFAULT NULL,
  `parent_id` char(36) DEFAULT NULL,
  `contact_id` char(36) DEFAULT NULL,
  `portal_flag` tinyint(1) DEFAULT '0',
  `embed_flag` tinyint(1) DEFAULT '0',
  `description` text,
  `deleted` tinyint(1) DEFAULT '0',
  PRIMARY KEY (`id`),
  KEY `idx_note_name` (`name`),
  KEY `idx_notes_parent` (`parent_id`,`parent_type`),
  KEY `idx_note_contact` (`contact_id`),
  KEY `idx_notes_assigned_del` (`deleted`,`assigned_user_id`)
) ENGINE=MyISAM DEFAULT CHARSET=utf8;
/*!40101 SET character_set_client = @saved_cs_client */;

--
-- Dumping data for table `notes`
--

LOCK TABLES `notes` WRITE;
/*!40000 ALTER TABLE `notes` DISABLE KEYS */;
INSERT INTO `notes` VALUES (NULL,'d83148d9-f399-f35f-373b-4f298bbb1a3f','2012-02-01 18:59:43','2012-02-01 18:59:43','1','1','Quote_Internet_and_VOIP.pdf','application/pdf','Quote_Internet_and_VOIP.pdf','Emails','d569206e-3b8d-c829-9c9d-4f298b2c3ba8',NULL,0,0,NULL,0),(NULL,'c70ae3a6-98e2-005c-57f7-4f31660398b7','2012-02-07 17:59:27','2012-02-07 17:59:27','1','1','Quote_Internet_and_VOIP.pdf','application/pdf','Quote_Internet_and_VOIP.pdf','Emails','c442feb7-276a-e330-9f23-4f3166771090',NULL,0,0,NULL,0),(NULL,'1a2b4dbb-a654-92c4-fcf8-4f3181be2be7','2012-02-07 19:52:57','2012-02-07 19:52:57','1','1','Quote_Internet_and_VOIP.pdf','application/pdf','Quote_Internet_and_VOIP.pdf','Emails','17661ad8-f2f5-4ca7-5a20-4f31818fa21c',NULL,0,0,NULL,0),(NULL,'62248125-481c-de69-6b41-4f4fe04ca4c9','2012-03-01 20:47:37','2012-03-01 20:47:37','1','1','Quote_Internet_and_VOIP.pdf','application/pdf','Quote_Internet_and_VOIP.pdf','Emails','5f520a07-a7eb-64eb-2e3c-4f4fe0d94cad',NULL,0,0,NULL,0),(NULL,'1a251b46-76c3-7e68-56c3-4f7213c35cbd','2012-03-27 19:23:12','2012-03-27 19:23:12','9106f88a-f272-8119-72a3-4f3165461fc6','9106f88a-f272-8119-72a3-4f3165461fc6','Quote_Internet_and_VOIP.pdf','application/pdf','Quote_Internet_and_VOIP.pdf','Emails','16cf8ed4-a9d4-a22f-2347-4f721321ee4f',NULL,0,0,NULL,0),('1','69469fa2-2627-b52f-5298-4f8f0025b39b','2012-04-18 17:58:53','2012-04-18 17:58:53','1','1','NLI Sales force backup','application/zip','WE_00D3000000011TAEAY_1.ZIP','Accounts',NULL,NULL,0,0,NULL,0),(NULL,'a5285c7f-33aa-8adc-5634-4f97366eedbc','2012-04-24 23:25:16','2012-04-24 23:25:16','2bf53c62-efbb-f811-41f8-4f3d64001d45','2bf53c62-efbb-f811-41f8-4f3d64001d45','Quote_Jeff\'s_Super_Quote.pdf','application/pdf','Quote_Jeff\'s_Super_Quote.pdf','Emails','9a0a94ae-5ad8-8ccc-bb9c-4f9736f0ad1e',NULL,0,0,NULL,0),(NULL,'b4257370-dcc2-7f66-c231-4fc38ceea54e','2012-05-28 14:34:12','2012-05-28 14:34:12','1','1','Quote_Internet_and_VOIP.pdf','application/pdf','Quote_Internet_and_VOIP.pdf','Emails','b1433138-714f-8c4c-f19c-4fc38c768989',NULL,0,0,NULL,0),(NULL,'95e386c5-9c4b-e3d9-7004-4fcfad12125f','2012-06-06 19:20:15','2012-06-06 19:20:15','2bf53c62-efbb-f811-41f8-4f3d64001d45','2bf53c62-efbb-f811-41f8-4f3d64001d45','Quote_Al_Voice_Test.pdf','application/pdf','Quote_Al_Voice_Test.pdf','Emails','92f1fbc6-67e9-e2f9-69d6-4fcfad0da128',NULL,0,0,NULL,0),(NULL,'55de653a-b888-86f0-7eef-4fcfad3dcb44','2012-06-06 19:21:57','2012-06-06 19:21:57','1','1','Quote_Al_Voice_Test.pdf','application/pdf','Quote_Al_Voice_Test.pdf','Emails','533adea7-7c51-c8b9-2eaf-4fcfad8c6057',NULL,0,0,NULL,0),(NULL,'948a5548-551b-bebe-295c-4fd0e2ce1d5b','2012-06-07 17:20:46','2012-06-07 17:20:46','2bf53c62-efbb-f811-41f8-4f3d64001d45','2bf53c62-efbb-f811-41f8-4f3d64001d45','Quote_Al_Voice_Test.pdf','application/pdf','Quote_Al_Voice_Test.pdf','Emails','91e82c5e-3dd7-9c00-12ab-4fd0e2d1df45',NULL,0,0,NULL,0);
/*!40000 ALTER TABLE `notes` ENABLE KEYS */;
UNLOCK TABLES;

--
-- Table structure for table `oauth_consumer`
--

DROP TABLE IF EXISTS `oauth_consumer`;
/*!40101 SET @saved_cs_client     = @@character_set_client */;
/*!40101 SET character_set_client = utf8 */;
CREATE TABLE `oauth_consumer` (
  `id` char(36) NOT NULL,
  `name` varchar(255) DEFAULT NULL,
  `date_entered` datetime DEFAULT NULL,
  `date_modified` datetime DEFAULT NULL,
  `modified_user_id` char(36) DEFAULT NULL,
  `created_by` char(36) DEFAULT NULL,
  `description` text,
  `deleted` tinyint(1) DEFAULT '0',
  `assigned_user_id` char(36) DEFAULT NULL,
  `c_key` varchar(255) DEFAULT NULL,
  `c_secret` varchar(255) DEFAULT NULL,
  PRIMARY KEY (`id`),
  UNIQUE KEY `ckey` (`c_key`)
) ENGINE=MyISAM DEFAULT CHARSET=utf8;
/*!40101 SET character_set_client = @saved_cs_client */;

--
-- Dumping data for table `oauth_consumer`
--

LOCK TABLES `oauth_consumer` WRITE;
/*!40000 ALTER TABLE `oauth_consumer` DISABLE KEYS */;
/*!40000 ALTER TABLE `oauth_consumer` ENABLE KEYS */;
UNLOCK TABLES;

--
-- Table structure for table `oauth_nonce`
--

DROP TABLE IF EXISTS `oauth_nonce`;
/*!40101 SET @saved_cs_client     = @@character_set_client */;
/*!40101 SET character_set_client = utf8 */;
CREATE TABLE `oauth_nonce` (
  `conskey` varchar(32) NOT NULL,
  `nonce` varchar(32) NOT NULL,
  `nonce_ts` bigint(20) DEFAULT NULL,
  PRIMARY KEY (`conskey`,`nonce`),
  KEY `oauth_nonce_keyts` (`conskey`,`nonce_ts`)
) ENGINE=MyISAM DEFAULT CHARSET=utf8;
/*!40101 SET character_set_client = @saved_cs_client */;

--
-- Dumping data for table `oauth_nonce`
--

LOCK TABLES `oauth_nonce` WRITE;
/*!40000 ALTER TABLE `oauth_nonce` DISABLE KEYS */;
/*!40000 ALTER TABLE `oauth_nonce` ENABLE KEYS */;
UNLOCK TABLES;

--
-- Table structure for table `oauth_tokens`
--

DROP TABLE IF EXISTS `oauth_tokens`;
/*!40101 SET @saved_cs_client     = @@character_set_client */;
/*!40101 SET character_set_client = utf8 */;
CREATE TABLE `oauth_tokens` (
  `id` char(36) NOT NULL,
  `secret` varchar(32) DEFAULT NULL,
  `tstate` varchar(1) DEFAULT NULL,
  `consumer` char(36) NOT NULL,
  `token_ts` bigint(20) DEFAULT NULL,
  `verify` varchar(32) DEFAULT NULL,
  `deleted` tinyint(1) NOT NULL DEFAULT '0',
  `assigned_user_id` char(36) DEFAULT NULL,
  PRIMARY KEY (`id`,`deleted`),
  KEY `oauth_state_ts` (`tstate`,`token_ts`),
  KEY `constoken_key` (`consumer`)
) ENGINE=MyISAM DEFAULT CHARSET=utf8;
/*!40101 SET character_set_client = @saved_cs_client */;

--
-- Dumping data for table `oauth_tokens`
--

LOCK TABLES `oauth_tokens` WRITE;
/*!40000 ALTER TABLE `oauth_tokens` DISABLE KEYS */;
/*!40000 ALTER TABLE `oauth_tokens` ENABLE KEYS */;
UNLOCK TABLES;

--
-- Table structure for table `opportunities`
--

DROP TABLE IF EXISTS `opportunities`;
/*!40101 SET @saved_cs_client     = @@character_set_client */;
/*!40101 SET character_set_client = utf8 */;
CREATE TABLE `opportunities` (
  `id` char(36) NOT NULL,
  `name` varchar(50) DEFAULT NULL,
  `date_entered` datetime DEFAULT NULL,
  `date_modified` datetime DEFAULT NULL,
  `modified_user_id` char(36) DEFAULT NULL,
  `created_by` char(36) DEFAULT NULL,
  `description` text,
  `deleted` tinyint(1) DEFAULT '0',
  `assigned_user_id` char(36) DEFAULT NULL,
  `opportunity_type` varchar(255) DEFAULT NULL,
  `campaign_id` char(36) DEFAULT NULL,
  `lead_source` varchar(50) DEFAULT NULL,
  `amount` double DEFAULT NULL,
  `amount_usdollar` double DEFAULT NULL,
  `currency_id` char(36) DEFAULT NULL,
  `date_closed` date DEFAULT NULL,
  `next_step` varchar(100) DEFAULT NULL,
  `sales_stage` varchar(255) DEFAULT NULL,
  `probability` double DEFAULT NULL,
  `amount_nrc` double DEFAULT NULL,
  `total_amount` double DEFAULT NULL,
  PRIMARY KEY (`id`),
  KEY `idx_opp_name` (`name`),
  KEY `idx_opp_assigned` (`assigned_user_id`),
  KEY `idx_opp_id_deleted` (`id`,`deleted`)
) ENGINE=MyISAM DEFAULT CHARSET=utf8;
/*!40101 SET character_set_client = @saved_cs_client */;

--
-- Dumping data for table `opportunities`
--

LOCK TABLES `opportunities` WRITE;
/*!40000 ALTER TABLE `opportunities` DISABLE KEYS */;
INSERT INTO `opportunities` VALUES ('ca209b95-d565-6308-bdc0-4f2986bff41f','Internet and VOIP','2012-02-01 18:37:05','2012-04-24 21:37:32','2bf53c62-efbb-f811-41f8-4f3d64001d45','1',NULL,0,'1','Existing Business',NULL,'Existing Customer',2800,2800,'-99','2012-04-30','qualification','Perception Analysis',50,2000,NULL),('e77d0167-2881-8330-58b2-4f68b94892ca','Inet & Voip 1203200930','2012-03-20 17:06:57','2012-06-21 20:44:25','2bf53c62-efbb-f811-41f8-4f3d64001d45','2bf53c62-efbb-f811-41f8-4f3d64001d45',NULL,0,'2bf53c62-efbb-f811-41f8-4f3d64001d45','New Business',NULL,NULL,3000,3000,'-99','2012-06-22',NULL,'Negotiation/Review',80,NULL,NULL),('d673e118-efdb-018c-57c8-4f70abfb7274','Al Test-voice and data','2012-03-26 17:47:18','2012-04-02 22:41:56','b13a4520-fde1-596b-17d8-4f74c7865de6','9106f88a-f272-8119-72a3-4f3165461fc6',NULL,0,'9106f88a-f272-8119-72a3-4f3165461fc6','New Business',NULL,'Campaign',1500,1500,'-99','2012-03-30','Quote','Needs Analysis',25,10,NULL),('5a909012-e130-1832-fcb9-4fd10050d33b','Opp Template Test 120607','2012-06-07 19:26:23','2012-06-21 20:44:03','2bf53c62-efbb-f811-41f8-4f3d64001d45','2bf53c62-efbb-f811-41f8-4f3d64001d45',NULL,0,'2bf53c62-efbb-f811-41f8-4f3d64001d45','New Business',NULL,'Word of mouth',5000,5000,'-99','2012-06-28','Next step','Prospecting',10,NULL,NULL),('c20cacc6-4af0-e42f-a515-4fe38740f798','Opp Template Test 120607','2012-06-21 20:44:54','2012-06-21 20:44:54','2bf53c62-efbb-f811-41f8-4f3d64001d45','2bf53c62-efbb-f811-41f8-4f3d64001d45',NULL,0,'2bf53c62-efbb-f811-41f8-4f3d64001d45','New Business',NULL,'Word of mouth',5000,5000,'-99','2012-06-28','Next step','Qualification',20,NULL,NULL),('3f49f3d5-4dfd-bebc-b322-4fe387b121ab','Opp Template Test 120607','2012-06-21 20:45:07','2012-06-21 20:45:07','2bf53c62-efbb-f811-41f8-4f3d64001d45','2bf53c62-efbb-f811-41f8-4f3d64001d45',NULL,0,'2bf53c62-efbb-f811-41f8-4f3d64001d45','New Business',NULL,'Word of mouth',5000,5000,'-99','2012-06-28','Next step','Needs Analysis',25,NULL,NULL);
/*!40000 ALTER TABLE `opportunities` ENABLE KEYS */;
UNLOCK TABLES;

--
-- Table structure for table `opportunities_audit`
--

DROP TABLE IF EXISTS `opportunities_audit`;
/*!40101 SET @saved_cs_client     = @@character_set_client */;
/*!40101 SET character_set_client = utf8 */;
CREATE TABLE `opportunities_audit` (
  `id` char(36) NOT NULL,
  `parent_id` char(36) NOT NULL,
  `date_created` datetime DEFAULT NULL,
  `created_by` varchar(36) DEFAULT NULL,
  `field_name` varchar(100) DEFAULT NULL,
  `data_type` varchar(100) DEFAULT NULL,
  `before_value_string` varchar(255) DEFAULT NULL,
  `after_value_string` varchar(255) DEFAULT NULL,
  `before_value_text` text,
  `after_value_text` text,
  KEY `idx_opportunities_primary` (`id`),
  KEY `idx_opportunities_parent_id` (`parent_id`)
) ENGINE=MyISAM DEFAULT CHARSET=utf8;
/*!40101 SET character_set_client = @saved_cs_client */;

--
-- Dumping data for table `opportunities_audit`
--

LOCK TABLES `opportunities_audit` WRITE;
/*!40000 ALTER TABLE `opportunities_audit` DISABLE KEYS */;
INSERT INTO `opportunities_audit` VALUES ('8cef8b39-90ff-4776-9118-4f70ad9b8ab1','d673e118-efdb-018c-57c8-4f70abfb7274','2012-03-26 17:56:25','9106f88a-f272-8119-72a3-4f3165461fc6','sales_stage','enum','Prospecting','Needs Analysis',NULL,NULL),('8d2009a7-7c87-c73e-6e7c-4f70ad376140','d673e118-efdb-018c-57c8-4f70abfb7274','2012-03-26 17:56:25','9106f88a-f272-8119-72a3-4f3165461fc6','probability','int','10','25',NULL,NULL),('bf15593e-04b7-699e-714f-4f971d036816','ca209b95-d565-6308-bdc0-4f2986bff41f','2012-04-24 21:37:32','2bf53c62-efbb-f811-41f8-4f3d64001d45','date_closed','date','2012-02-03','2012-04-30',NULL,NULL),('c0f7c047-72d6-545d-f6ba-4f971d86572b','ca209b95-d565-6308-bdc0-4f2986bff41f','2012-04-24 21:37:32','2bf53c62-efbb-f811-41f8-4f3d64001d45','sales_stage','enum','Prospecting','Perception Analysis',NULL,NULL),('c11a4693-de40-4b59-6389-4f971d5a9d50','ca209b95-d565-6308-bdc0-4f2986bff41f','2012-04-24 21:37:32','2bf53c62-efbb-f811-41f8-4f3d64001d45','probability','int','10','50',NULL,NULL),('3176f983-7f16-175f-f525-4fe387bb306d','e77d0167-2881-8330-58b2-4f68b94892ca','2012-06-21 20:43:42','2bf53c62-efbb-f811-41f8-4f3d64001d45','date_closed','date','2012-03-23','2012-06-22',NULL,NULL),('c1695471-3727-ad8a-1f14-4fe387547208','5a909012-e130-1832-fcb9-4fd10050d33b','2012-06-21 20:44:03','2bf53c62-efbb-f811-41f8-4f3d64001d45','date_closed','date','2012-06-15','2012-06-28',NULL,NULL),('3940af6a-8dd3-27c9-3111-4fe387a04edf','e77d0167-2881-8330-58b2-4f68b94892ca','2012-06-21 20:44:25','2bf53c62-efbb-f811-41f8-4f3d64001d45','sales_stage','enum','Prospecting','Negotiation/Review',NULL,NULL),('3966ec35-533e-f0d0-c2cb-4fe38796f3eb','e77d0167-2881-8330-58b2-4f68b94892ca','2012-06-21 20:44:25','2bf53c62-efbb-f811-41f8-4f3d64001d45','probability','int','10','80',NULL,NULL);
/*!40000 ALTER TABLE `opportunities_audit` ENABLE KEYS */;
UNLOCK TABLES;

--
-- Table structure for table `opportunities_contacts`
--

DROP TABLE IF EXISTS `opportunities_contacts`;
/*!40101 SET @saved_cs_client     = @@character_set_client */;
/*!40101 SET character_set_client = utf8 */;
CREATE TABLE `opportunities_contacts` (
  `id` varchar(36) NOT NULL,
  `contact_id` varchar(36) DEFAULT NULL,
  `opportunity_id` varchar(36) DEFAULT NULL,
  `contact_role` varchar(50) DEFAULT NULL,
  `date_modified` datetime DEFAULT NULL,
  `deleted` tinyint(1) DEFAULT '0',
  PRIMARY KEY (`id`),
  KEY `idx_con_opp_con` (`contact_id`),
  KEY `idx_con_opp_opp` (`opportunity_id`),
  KEY `idx_opportunities_contacts` (`opportunity_id`,`contact_id`)
) ENGINE=MyISAM DEFAULT CHARSET=utf8;
/*!40101 SET character_set_client = @saved_cs_client */;

--
-- Dumping data for table `opportunities_contacts`
--

LOCK TABLES `opportunities_contacts` WRITE;
/*!40000 ALTER TABLE `opportunities_contacts` DISABLE KEYS */;
INSERT INTO `opportunities_contacts` VALUES ('cf57c23e-3566-bbb7-23fc-4f29864f2da5','bc2b8613-7800-d1d4-1f0e-4f2984fdcc27','ca209b95-d565-6308-bdc0-4f2986bff41f','','2012-02-01 18:37:05',0);
/*!40000 ALTER TABLE `opportunities_contacts` ENABLE KEYS */;
UNLOCK TABLES;

--
-- Table structure for table `outbound_email`
--

DROP TABLE IF EXISTS `outbound_email`;
/*!40101 SET @saved_cs_client     = @@character_set_client */;
/*!40101 SET character_set_client = utf8 */;
CREATE TABLE `outbound_email` (
  `id` char(36) NOT NULL,
  `name` varchar(50) DEFAULT NULL,
  `type` varchar(15) DEFAULT 'user',
  `user_id` char(36) NOT NULL,
  `mail_sendtype` varchar(8) DEFAULT 'smtp',
  `mail_smtptype` varchar(20) DEFAULT 'other',
  `mail_smtpserver` varchar(100) DEFAULT NULL,
  `mail_smtpport` int(5) DEFAULT '0',
  `mail_smtpuser` varchar(100) DEFAULT NULL,
  `mail_smtppass` varchar(100) DEFAULT NULL,
  `mail_smtpauth_req` tinyint(1) DEFAULT '0',
  `mail_smtpssl` int(1) DEFAULT '0',
  PRIMARY KEY (`id`),
  KEY `oe_user_id_idx` (`id`,`user_id`)
) ENGINE=MyISAM DEFAULT CHARSET=utf8;
/*!40101 SET character_set_client = @saved_cs_client */;

--
-- Dumping data for table `outbound_email`
--

LOCK TABLES `outbound_email` WRITE;
/*!40000 ALTER TABLE `outbound_email` DISABLE KEYS */;
INSERT INTO `outbound_email` VALUES ('d9c22afd-fe3e-f294-839b-4f187b5243bb','system','system','1','SMTP','other','smtp.nextlevelinternet.com',25,'','',0,0);
/*!40000 ALTER TABLE `outbound_email` ENABLE KEYS */;
UNLOCK TABLES;

--
-- Table structure for table `project`
--

DROP TABLE IF EXISTS `project`;
/*!40101 SET @saved_cs_client     = @@character_set_client */;
/*!40101 SET character_set_client = utf8 */;
CREATE TABLE `project` (
  `id` char(36) NOT NULL,
  `date_entered` datetime DEFAULT NULL,
  `date_modified` datetime DEFAULT NULL,
  `assigned_user_id` char(36) DEFAULT NULL,
  `modified_user_id` char(36) DEFAULT NULL,
  `created_by` char(36) DEFAULT NULL,
  `name` varchar(50) DEFAULT NULL,
  `description` text,
  `deleted` tinyint(1) DEFAULT '0',
  `estimated_start_date` date DEFAULT NULL,
  `estimated_end_date` date DEFAULT NULL,
  `status` varchar(255) DEFAULT NULL,
  `priority` varchar(255) DEFAULT NULL,
  PRIMARY KEY (`id`)
) ENGINE=MyISAM DEFAULT CHARSET=utf8;
/*!40101 SET character_set_client = @saved_cs_client */;

--
-- Dumping data for table `project`
--

LOCK TABLES `project` WRITE;
/*!40000 ALTER TABLE `project` DISABLE KEYS */;
/*!40000 ALTER TABLE `project` ENABLE KEYS */;
UNLOCK TABLES;

--
-- Table structure for table `project_task`
--

DROP TABLE IF EXISTS `project_task`;
/*!40101 SET @saved_cs_client     = @@character_set_client */;
/*!40101 SET character_set_client = utf8 */;
CREATE TABLE `project_task` (
  `id` char(36) NOT NULL,
  `date_entered` datetime DEFAULT NULL,
  `date_modified` datetime DEFAULT NULL,
  `project_id` char(36) NOT NULL,
  `project_task_id` int(11) DEFAULT NULL,
  `name` varchar(50) DEFAULT NULL,
  `status` varchar(255) DEFAULT NULL,
  `description` text,
  `predecessors` text,
  `date_start` date DEFAULT NULL,
  `time_start` int(11) DEFAULT NULL,
  `time_finish` int(11) DEFAULT NULL,
  `date_finish` date DEFAULT NULL,
  `duration` int(11) DEFAULT NULL,
  `duration_unit` text,
  `actual_duration` int(11) DEFAULT NULL,
  `percent_complete` int(11) DEFAULT NULL,
  `parent_task_id` int(11) DEFAULT NULL,
  `assigned_user_id` char(36) DEFAULT NULL,
  `modified_user_id` char(36) DEFAULT NULL,
  `priority` varchar(255) DEFAULT NULL,
  `created_by` char(36) DEFAULT NULL,
  `milestone_flag` tinyint(1) DEFAULT '0',
  `order_number` int(11) DEFAULT '1',
  `task_number` int(11) DEFAULT NULL,
  `estimated_effort` int(11) DEFAULT NULL,
  `actual_effort` int(11) DEFAULT NULL,
  `deleted` tinyint(1) DEFAULT '0',
  `utilization` int(11) DEFAULT '100',
  PRIMARY KEY (`id`)
) ENGINE=MyISAM DEFAULT CHARSET=utf8;
/*!40101 SET character_set_client = @saved_cs_client */;

--
-- Dumping data for table `project_task`
--

LOCK TABLES `project_task` WRITE;
/*!40000 ALTER TABLE `project_task` DISABLE KEYS */;
/*!40000 ALTER TABLE `project_task` ENABLE KEYS */;
UNLOCK TABLES;

--
-- Table structure for table `project_task_audit`
--

DROP TABLE IF EXISTS `project_task_audit`;
/*!40101 SET @saved_cs_client     = @@character_set_client */;
/*!40101 SET character_set_client = utf8 */;
CREATE TABLE `project_task_audit` (
  `id` char(36) NOT NULL,
  `parent_id` char(36) NOT NULL,
  `date_created` datetime DEFAULT NULL,
  `created_by` varchar(36) DEFAULT NULL,
  `field_name` varchar(100) DEFAULT NULL,
  `data_type` varchar(100) DEFAULT NULL,
  `before_value_string` varchar(255) DEFAULT NULL,
  `after_value_string` varchar(255) DEFAULT NULL,
  `before_value_text` text,
  `after_value_text` text,
  KEY `idx_project_task_primary` (`id`),
  KEY `idx_project_task_parent_id` (`parent_id`)
) ENGINE=MyISAM DEFAULT CHARSET=utf8;
/*!40101 SET character_set_client = @saved_cs_client */;

--
-- Dumping data for table `project_task_audit`
--

LOCK TABLES `project_task_audit` WRITE;
/*!40000 ALTER TABLE `project_task_audit` DISABLE KEYS */;
/*!40000 ALTER TABLE `project_task_audit` ENABLE KEYS */;
UNLOCK TABLES;

--
-- Table structure for table `projects_accounts`
--

DROP TABLE IF EXISTS `projects_accounts`;
/*!40101 SET @saved_cs_client     = @@character_set_client */;
/*!40101 SET character_set_client = utf8 */;
CREATE TABLE `projects_accounts` (
  `id` varchar(36) NOT NULL,
  `account_id` varchar(36) DEFAULT NULL,
  `project_id` varchar(36) DEFAULT NULL,
  `date_modified` datetime DEFAULT NULL,
  `deleted` tinyint(1) DEFAULT '0',
  PRIMARY KEY (`id`),
  KEY `idx_proj_acct_proj` (`project_id`),
  KEY `idx_proj_acct_acct` (`account_id`),
  KEY `projects_accounts_alt` (`project_id`,`account_id`)
) ENGINE=MyISAM DEFAULT CHARSET=utf8;
/*!40101 SET character_set_client = @saved_cs_client */;

--
-- Dumping data for table `projects_accounts`
--

LOCK TABLES `projects_accounts` WRITE;
/*!40000 ALTER TABLE `projects_accounts` DISABLE KEYS */;
/*!40000 ALTER TABLE `projects_accounts` ENABLE KEYS */;
UNLOCK TABLES;

--
-- Table structure for table `projects_bugs`
--

DROP TABLE IF EXISTS `projects_bugs`;
/*!40101 SET @saved_cs_client     = @@character_set_client */;
/*!40101 SET character_set_client = utf8 */;
CREATE TABLE `projects_bugs` (
  `id` varchar(36) NOT NULL,
  `bug_id` varchar(36) DEFAULT NULL,
  `project_id` varchar(36) DEFAULT NULL,
  `date_modified` datetime DEFAULT NULL,
  `deleted` tinyint(1) DEFAULT '0',
  PRIMARY KEY (`id`),
  KEY `idx_proj_bug_proj` (`project_id`),
  KEY `idx_proj_bug_bug` (`bug_id`),
  KEY `projects_bugs_alt` (`project_id`,`bug_id`)
) ENGINE=MyISAM DEFAULT CHARSET=utf8;
/*!40101 SET character_set_client = @saved_cs_client */;

--
-- Dumping data for table `projects_bugs`
--

LOCK TABLES `projects_bugs` WRITE;
/*!40000 ALTER TABLE `projects_bugs` DISABLE KEYS */;
/*!40000 ALTER TABLE `projects_bugs` ENABLE KEYS */;
UNLOCK TABLES;

--
-- Table structure for table `projects_cases`
--

DROP TABLE IF EXISTS `projects_cases`;
/*!40101 SET @saved_cs_client     = @@character_set_client */;
/*!40101 SET character_set_client = utf8 */;
CREATE TABLE `projects_cases` (
  `id` varchar(36) NOT NULL,
  `case_id` varchar(36) DEFAULT NULL,
  `project_id` varchar(36) DEFAULT NULL,
  `date_modified` datetime DEFAULT NULL,
  `deleted` tinyint(1) DEFAULT '0',
  PRIMARY KEY (`id`),
  KEY `idx_proj_case_proj` (`project_id`),
  KEY `idx_proj_case_case` (`case_id`),
  KEY `projects_cases_alt` (`project_id`,`case_id`)
) ENGINE=MyISAM DEFAULT CHARSET=utf8;
/*!40101 SET character_set_client = @saved_cs_client */;

--
-- Dumping data for table `projects_cases`
--

LOCK TABLES `projects_cases` WRITE;
/*!40000 ALTER TABLE `projects_cases` DISABLE KEYS */;
/*!40000 ALTER TABLE `projects_cases` ENABLE KEYS */;
UNLOCK TABLES;

--
-- Table structure for table `projects_contacts`
--

DROP TABLE IF EXISTS `projects_contacts`;
/*!40101 SET @saved_cs_client     = @@character_set_client */;
/*!40101 SET character_set_client = utf8 */;
CREATE TABLE `projects_contacts` (
  `id` varchar(36) NOT NULL,
  `contact_id` varchar(36) DEFAULT NULL,
  `project_id` varchar(36) DEFAULT NULL,
  `date_modified` datetime DEFAULT NULL,
  `deleted` tinyint(1) DEFAULT '0',
  PRIMARY KEY (`id`),
  KEY `idx_proj_con_proj` (`project_id`),
  KEY `idx_proj_con_con` (`contact_id`),
  KEY `projects_contacts_alt` (`project_id`,`contact_id`)
) ENGINE=MyISAM DEFAULT CHARSET=utf8;
/*!40101 SET character_set_client = @saved_cs_client */;

--
-- Dumping data for table `projects_contacts`
--

LOCK TABLES `projects_contacts` WRITE;
/*!40000 ALTER TABLE `projects_contacts` DISABLE KEYS */;
/*!40000 ALTER TABLE `projects_contacts` ENABLE KEYS */;
UNLOCK TABLES;

--
-- Table structure for table `projects_opportunities`
--

DROP TABLE IF EXISTS `projects_opportunities`;
/*!40101 SET @saved_cs_client     = @@character_set_client */;
/*!40101 SET character_set_client = utf8 */;
CREATE TABLE `projects_opportunities` (
  `id` varchar(36) NOT NULL,
  `opportunity_id` varchar(36) DEFAULT NULL,
  `project_id` varchar(36) DEFAULT NULL,
  `date_modified` datetime DEFAULT NULL,
  `deleted` tinyint(1) DEFAULT '0',
  PRIMARY KEY (`id`),
  KEY `idx_proj_opp_proj` (`project_id`),
  KEY `idx_proj_opp_opp` (`opportunity_id`),
  KEY `projects_opportunities_alt` (`project_id`,`opportunity_id`)
) ENGINE=MyISAM DEFAULT CHARSET=utf8;
/*!40101 SET character_set_client = @saved_cs_client */;

--
-- Dumping data for table `projects_opportunities`
--

LOCK TABLES `projects_opportunities` WRITE;
/*!40000 ALTER TABLE `projects_opportunities` DISABLE KEYS */;
/*!40000 ALTER TABLE `projects_opportunities` ENABLE KEYS */;
UNLOCK TABLES;

--
-- Table structure for table `projects_products`
--

DROP TABLE IF EXISTS `projects_products`;
/*!40101 SET @saved_cs_client     = @@character_set_client */;
/*!40101 SET character_set_client = utf8 */;
CREATE TABLE `projects_products` (
  `id` varchar(36) NOT NULL,
  `product_id` varchar(36) DEFAULT NULL,
  `project_id` varchar(36) DEFAULT NULL,
  `date_modified` datetime DEFAULT NULL,
  `deleted` tinyint(1) DEFAULT '0',
  PRIMARY KEY (`id`),
  KEY `idx_proj_prod_project` (`project_id`),
  KEY `idx_proj_prod_product` (`product_id`),
  KEY `projects_products_alt` (`project_id`,`product_id`)
) ENGINE=MyISAM DEFAULT CHARSET=utf8;
/*!40101 SET character_set_client = @saved_cs_client */;

--
-- Dumping data for table `projects_products`
--

LOCK TABLES `projects_products` WRITE;
/*!40000 ALTER TABLE `projects_products` DISABLE KEYS */;
/*!40000 ALTER TABLE `projects_products` ENABLE KEYS */;
UNLOCK TABLES;

--
-- Table structure for table `prospect_list_campaigns`
--

DROP TABLE IF EXISTS `prospect_list_campaigns`;
/*!40101 SET @saved_cs_client     = @@character_set_client */;
/*!40101 SET character_set_client = utf8 */;
CREATE TABLE `prospect_list_campaigns` (
  `id` varchar(36) NOT NULL,
  `prospect_list_id` varchar(36) DEFAULT NULL,
  `campaign_id` varchar(36) DEFAULT NULL,
  `date_modified` datetime DEFAULT NULL,
  `deleted` tinyint(1) DEFAULT '0',
  PRIMARY KEY (`id`),
  KEY `idx_pro_id` (`prospect_list_id`),
  KEY `idx_cam_id` (`campaign_id`),
  KEY `idx_prospect_list_campaigns` (`prospect_list_id`,`campaign_id`)
) ENGINE=MyISAM DEFAULT CHARSET=utf8;
/*!40101 SET character_set_client = @saved_cs_client */;

--
-- Dumping data for table `prospect_list_campaigns`
--

LOCK TABLES `prospect_list_campaigns` WRITE;
/*!40000 ALTER TABLE `prospect_list_campaigns` DISABLE KEYS */;
/*!40000 ALTER TABLE `prospect_list_campaigns` ENABLE KEYS */;
UNLOCK TABLES;

--
-- Table structure for table `prospect_lists`
--

DROP TABLE IF EXISTS `prospect_lists`;
/*!40101 SET @saved_cs_client     = @@character_set_client */;
/*!40101 SET character_set_client = utf8 */;
CREATE TABLE `prospect_lists` (
  `assigned_user_id` char(36) DEFAULT NULL,
  `id` char(36) NOT NULL,
  `name` varchar(50) DEFAULT NULL,
  `list_type` varchar(100) DEFAULT NULL,
  `date_entered` datetime DEFAULT NULL,
  `date_modified` datetime DEFAULT NULL,
  `modified_user_id` char(36) DEFAULT NULL,
  `created_by` char(36) DEFAULT NULL,
  `deleted` tinyint(1) DEFAULT '0',
  `description` text,
  `domain_name` varchar(255) DEFAULT NULL,
  PRIMARY KEY (`id`),
  KEY `idx_prospect_list_name` (`name`)
) ENGINE=MyISAM DEFAULT CHARSET=utf8;
/*!40101 SET character_set_client = @saved_cs_client */;

--
-- Dumping data for table `prospect_lists`
--

LOCK TABLES `prospect_lists` WRITE;
/*!40000 ALTER TABLE `prospect_lists` DISABLE KEYS */;
/*!40000 ALTER TABLE `prospect_lists` ENABLE KEYS */;
UNLOCK TABLES;

--
-- Table structure for table `prospect_lists_prospects`
--

DROP TABLE IF EXISTS `prospect_lists_prospects`;
/*!40101 SET @saved_cs_client     = @@character_set_client */;
/*!40101 SET character_set_client = utf8 */;
CREATE TABLE `prospect_lists_prospects` (
  `id` varchar(36) NOT NULL,
  `prospect_list_id` varchar(36) DEFAULT NULL,
  `related_id` varchar(36) DEFAULT NULL,
  `related_type` varchar(25) DEFAULT NULL,
  `date_modified` datetime DEFAULT NULL,
  `deleted` tinyint(1) DEFAULT '0',
  PRIMARY KEY (`id`),
  KEY `idx_plp_pro_id` (`prospect_list_id`),
  KEY `idx_plp_rel_id` (`related_id`,`related_type`,`prospect_list_id`)
) ENGINE=MyISAM DEFAULT CHARSET=utf8;
/*!40101 SET character_set_client = @saved_cs_client */;

--
-- Dumping data for table `prospect_lists_prospects`
--

LOCK TABLES `prospect_lists_prospects` WRITE;
/*!40000 ALTER TABLE `prospect_lists_prospects` DISABLE KEYS */;
/*!40000 ALTER TABLE `prospect_lists_prospects` ENABLE KEYS */;
UNLOCK TABLES;

--
-- Table structure for table `prospects`
--

DROP TABLE IF EXISTS `prospects`;
/*!40101 SET @saved_cs_client     = @@character_set_client */;
/*!40101 SET character_set_client = utf8 */;
CREATE TABLE `prospects` (
  `id` char(36) NOT NULL,
  `date_entered` datetime DEFAULT NULL,
  `date_modified` datetime DEFAULT NULL,
  `modified_user_id` char(36) DEFAULT NULL,
  `created_by` char(36) DEFAULT NULL,
  `description` text,
  `deleted` tinyint(1) DEFAULT '0',
  `assigned_user_id` char(36) DEFAULT NULL,
  `salutation` varchar(255) DEFAULT NULL,
  `first_name` varchar(100) DEFAULT NULL,
  `last_name` varchar(100) DEFAULT NULL,
  `title` varchar(100) DEFAULT NULL,
  `department` varchar(255) DEFAULT NULL,
  `do_not_call` tinyint(1) DEFAULT '0',
  `phone_home` varchar(100) DEFAULT NULL,
  `phone_mobile` varchar(100) DEFAULT NULL,
  `phone_work` varchar(100) DEFAULT NULL,
  `phone_other` varchar(100) DEFAULT NULL,
  `phone_fax` varchar(100) DEFAULT NULL,
  `primary_address_street` varchar(150) DEFAULT NULL,
  `primary_address_city` varchar(100) DEFAULT NULL,
  `primary_address_state` varchar(100) DEFAULT NULL,
  `primary_address_postalcode` varchar(20) DEFAULT NULL,
  `primary_address_country` varchar(255) DEFAULT NULL,
  `alt_address_street` varchar(150) DEFAULT NULL,
  `alt_address_city` varchar(100) DEFAULT NULL,
  `alt_address_state` varchar(100) DEFAULT NULL,
  `alt_address_postalcode` varchar(20) DEFAULT NULL,
  `alt_address_country` varchar(255) DEFAULT NULL,
  `assistant` varchar(75) DEFAULT NULL,
  `assistant_phone` varchar(100) DEFAULT NULL,
  `tracker_key` int(11) NOT NULL AUTO_INCREMENT,
  `birthdate` date DEFAULT NULL,
  `lead_id` char(36) DEFAULT NULL,
  `account_name` varchar(150) DEFAULT NULL,
  `campaign_id` char(36) DEFAULT NULL,
  PRIMARY KEY (`id`),
  KEY `prospect_auto_tracker_key` (`tracker_key`),
  KEY `idx_prospects_last_first` (`last_name`,`first_name`,`deleted`),
  KEY `idx_prospecs_del_last` (`last_name`,`deleted`),
  KEY `idx_prospects_id_del` (`id`,`deleted`),
  KEY `idx_prospects_assigned` (`assigned_user_id`)
) ENGINE=MyISAM DEFAULT CHARSET=utf8;
/*!40101 SET character_set_client = @saved_cs_client */;

--
-- Dumping data for table `prospects`
--

LOCK TABLES `prospects` WRITE;
/*!40000 ALTER TABLE `prospects` DISABLE KEYS */;
/*!40000 ALTER TABLE `prospects` ENABLE KEYS */;
UNLOCK TABLES;

--
-- Table structure for table `relationships`
--

DROP TABLE IF EXISTS `relationships`;
/*!40101 SET @saved_cs_client     = @@character_set_client */;
/*!40101 SET character_set_client = utf8 */;
CREATE TABLE `relationships` (
  `id` char(36) NOT NULL,
  `relationship_name` varchar(150) DEFAULT NULL,
  `lhs_module` varchar(100) DEFAULT NULL,
  `lhs_table` varchar(64) DEFAULT NULL,
  `lhs_key` varchar(64) DEFAULT NULL,
  `rhs_module` varchar(100) DEFAULT NULL,
  `rhs_table` varchar(64) DEFAULT NULL,
  `rhs_key` varchar(64) DEFAULT NULL,
  `join_table` varchar(64) DEFAULT NULL,
  `join_key_lhs` varchar(64) DEFAULT NULL,
  `join_key_rhs` varchar(64) DEFAULT NULL,
  `relationship_type` varchar(64) DEFAULT NULL,
  `relationship_role_column` varchar(64) DEFAULT NULL,
  `relationship_role_column_value` varchar(50) DEFAULT NULL,
  `reverse` tinyint(1) DEFAULT '0',
  `deleted` tinyint(1) DEFAULT '0',
  PRIMARY KEY (`id`),
  KEY `idx_rel_name` (`relationship_name`)
) ENGINE=MyISAM DEFAULT CHARSET=utf8;
/*!40101 SET character_set_client = @saved_cs_client */;

--
-- Dumping data for table `relationships`
--

LOCK TABLES `relationships` WRITE;
/*!40000 ALTER TABLE `relationships` DISABLE KEYS */;
INSERT INTO `relationships` VALUES ('f2357b36-de34-e6a6-1634-4fe857c41010','leads_modified_user','Users','users','id','Leads','leads','modified_user_id',NULL,NULL,NULL,'one-to-many',NULL,NULL,0,0),('f265f8ef-01f8-6484-3767-4fe857aed706','leads_created_by','Users','users','id','Leads','leads','created_by',NULL,NULL,NULL,'one-to-many',NULL,NULL,0,0),('f2927260-f78d-0e58-7cf9-4fe85735de31','leads_assigned_user','Users','users','id','Leads','leads','assigned_user_id',NULL,NULL,NULL,'one-to-many',NULL,NULL,0,0),('f2bcf9a6-5853-72f6-1dcd-4fe8572199d3','leads_email_addresses','Leads','leads','id','EmailAddresses','email_addresses','id','email_addr_bean_rel','bean_id','email_address_id','many-to-many','bean_module','Leads',0,0),('f2e9e779-45e4-807f-bf4e-4fe857b59988','leads_email_addresses_primary','Leads','leads','id','EmailAddresses','email_addresses','id','email_addr_bean_rel','bean_id','email_address_id','many-to-many','primary_address','1',0,0),('f318d432-b8f8-6a48-604b-4fe85707b90e','lead_direct_reports','Leads','leads','id','Leads','leads','reports_to_id',NULL,NULL,NULL,'one-to-many',NULL,NULL,0,0),('f34415ad-bc78-a3c5-ac1a-4fe857d00528','lead_tasks','Leads','leads','id','Tasks','tasks','parent_id',NULL,NULL,NULL,'one-to-many','parent_type','Leads',0,0),('f36e7e26-4660-0222-495f-4fe857cce7a4','lead_notes','Leads','leads','id','Notes','notes','parent_id',NULL,NULL,NULL,'one-to-many','parent_type','Leads',0,0),('f3984d6d-7b50-4cc8-5019-4fe85799365c','lead_meetings','Leads','leads','id','Meetings','meetings','parent_id',NULL,NULL,NULL,'one-to-many','parent_type','Leads',0,0),('f3c3567f-aee4-a573-6b18-4fe8578b49a6','lead_calls','Leads','leads','id','Calls','calls','parent_id',NULL,NULL,NULL,'one-to-many','parent_type','Leads',0,0),('f3ed8735-cca0-c3ab-2a2b-4fe857606d32','lead_emails','Leads','leads','id','Emails','emails','parent_id',NULL,NULL,NULL,'one-to-many','parent_type','Leads',0,0),('f41786bb-9264-a4db-9ffc-4fe857bffde8','lead_campaign_log','Leads','leads','id','CampaignLog','campaign_log','target_id',NULL,NULL,NULL,'one-to-many',NULL,NULL,0,0),('99b0011d-6007-4d0f-7631-4fe8572afc00','cases_modified_user','Users','users','id','Cases','cases','modified_user_id',NULL,NULL,NULL,'one-to-many',NULL,NULL,0,0),('c500079b-7304-3008-c092-4fe8571c4710','cases_created_by','Users','users','id','Cases','cases','created_by',NULL,NULL,NULL,'one-to-many',NULL,NULL,0,0),('eeb00cc6-f7de-604f-e33a-4fe85774c723','cases_assigned_user','Users','users','id','Cases','cases','assigned_user_id',NULL,NULL,NULL,'one-to-many',NULL,NULL,0,0),('118d0751-357c-35a5-ea19-4fe857585cd9','case_calls','Cases','cases','id','Calls','calls','parent_id',NULL,NULL,NULL,'one-to-many','parent_type','Cases',0,0),('144e0901-7cc0-16de-03a6-4fe8576a02ac','case_tasks','Cases','cases','id','Tasks','tasks','parent_id',NULL,NULL,NULL,'one-to-many','parent_type','Cases',0,0),('17220f00-fd12-35d4-71ef-4fe857cda5cb','case_notes','Cases','cases','id','Notes','notes','parent_id',NULL,NULL,NULL,'one-to-many','parent_type','Cases',0,0),('19c80918-8479-7cce-2927-4fe8579c88d3','case_meetings','Cases','cases','id','Meetings','meetings','parent_id',NULL,NULL,NULL,'one-to-many','parent_type','Cases',0,0),('1d0c0ec3-d4f2-6d64-eb84-4fe8578d2bc1','case_emails','Cases','cases','id','Emails','emails','parent_id',NULL,NULL,NULL,'one-to-many','parent_type','Cases',0,0),('28590903-2899-6c6d-5252-4fe85748d38c','bugs_modified_user','Users','users','id','Bugs','bugs','modified_user_id',NULL,NULL,NULL,'one-to-many',NULL,NULL,0,0),('2b060eda-9a05-115f-ff88-4fe85713dd39','bugs_created_by','Users','users','id','Bugs','bugs','created_by',NULL,NULL,NULL,'one-to-many',NULL,NULL,0,0),('2da20a91-9781-6105-a522-4fe857911a41','bugs_assigned_user','Users','users','id','Bugs','bugs','assigned_user_id',NULL,NULL,NULL,'one-to-many',NULL,NULL,0,0),('303c03f3-dad9-5b33-7d4a-4fe857caecae','bug_tasks','Bugs','bugs','id','Tasks','tasks','parent_id',NULL,NULL,NULL,'one-to-many','parent_type','Bugs',0,0),('33160777-2cae-c4f4-786c-4fe857ef60ae','bug_meetings','Bugs','bugs','id','Meetings','meetings','parent_id',NULL,NULL,NULL,'one-to-many','parent_type','Bugs',0,0),('35aa0fe6-bff8-f536-d1d4-4fe8574d36c8','bug_calls','Bugs','bugs','id','Calls','calls','parent_id',NULL,NULL,NULL,'one-to-many','parent_type','Bugs',0,0),('38430dac-1494-ee3a-4a34-4fe857600b37','bug_emails','Bugs','bugs','id','Emails','emails','parent_id',NULL,NULL,NULL,'one-to-many','parent_type','Bugs',0,0),('3afa028b-12f1-07ae-213a-4fe8576610d5','bug_notes','Bugs','bugs','id','Notes','notes','parent_id',NULL,NULL,NULL,'one-to-many','parent_type','Bugs',0,0),('3dd009c3-ca29-69a1-4d98-4fe8578bd896','bugs_release','Releases','releases','id','Bugs','bugs','found_in_release',NULL,NULL,NULL,'one-to-many',NULL,NULL,0,0),('406907f8-000c-7434-5e19-4fe85758c86d','bugs_fixed_in_release','Releases','releases','id','Bugs','bugs','fixed_in_release',NULL,NULL,NULL,'one-to-many',NULL,NULL,0,0),('49520eda-674c-4cde-774e-4fe857ef8e9e','user_direct_reports','Users','users','id','Users','users','reports_to_id',NULL,NULL,NULL,'one-to-many',NULL,NULL,0,0),('4c0e091a-ee16-b601-56e1-4fe8570e551f','users_email_addresses','Users','users','id','EmailAddresses','email_addresses','id','email_addr_bean_rel','bean_id','email_address_id','many-to-many','bean_module','Users',0,0),('4edc04f0-ae79-abae-5f60-4fe857c9abde','users_email_addresses_primary','Users','users','id','EmailAddresses','email_addresses','id','email_addr_bean_rel','bean_id','email_address_id','many-to-many','primary_address','1',0,0),('54730668-bc94-f91c-0371-4fe857c01b17','campaignlog_contact','CampaignLog','campaign_log','related_id','Contacts','contacts','id',NULL,NULL,NULL,'one-to-many',NULL,NULL,0,0),('571903ed-265c-3371-91c6-4fe85796aae2','campaignlog_lead','CampaignLog','campaign_log','related_id','Leads','leads','id',NULL,NULL,NULL,'one-to-many',NULL,NULL,0,0),('5fa40cc3-5646-651f-1aea-4fe857170e3f','projects_notes','Project','project','id','Notes','notes','parent_id',NULL,NULL,NULL,'one-to-many','parent_type','Project',0,0),('628c0791-9231-ffd9-5f83-4fe857b76672','projects_tasks','Project','project','id','Tasks','tasks','parent_id',NULL,NULL,NULL,'one-to-many','parent_type','Project',0,0),('666e0ed6-44a4-37e5-b907-4fe8577e9f0f','projects_meetings','Project','project','id','Meetings','meetings','parent_id',NULL,NULL,NULL,'one-to-many','parent_type','Project',0,0),('692b0b68-5bab-d553-26bb-4fe857037fe2','projects_calls','Project','project','id','Calls','calls','parent_id',NULL,NULL,NULL,'one-to-many','parent_type','Project',0,0),('6bde0d1d-fb4f-de19-a99f-4fe857d670d2','projects_emails','Project','project','id','Emails','emails','parent_id',NULL,NULL,NULL,'one-to-many','parent_type','Project',0,0),('6e9d03d3-7f24-0fca-519b-4fe85710e83f','projects_project_tasks','Project','project','id','ProjectTask','project_task','project_id',NULL,NULL,NULL,'one-to-many',NULL,NULL,0,0),('714c0a15-235c-394a-50f0-4fe85785af27','projects_assigned_user','Users','users','id','Project','project','assigned_user_id',NULL,NULL,NULL,'one-to-many',NULL,NULL,0,0),('73fe0a4a-b18e-f373-1eb8-4fe8574667fe','projects_modified_user','Users','users','id','Project','project','modified_user_id',NULL,NULL,NULL,'one-to-many',NULL,NULL,0,0),('76ac0046-1e9c-c905-acdd-4fe85776989b','projects_created_by','Users','users','id','Project','project','created_by',NULL,NULL,NULL,'one-to-many',NULL,NULL,0,0),('7f2a059f-e568-73f0-104b-4fe857ca07e0','project_tasks_notes','ProjectTask','project_task','id','Notes','notes','parent_id',NULL,NULL,NULL,'one-to-many','parent_type','ProjectTask',0,0),('81e90ca8-b752-9aed-31f5-4fe857322f0c','project_tasks_tasks','ProjectTask','project_task','id','Tasks','tasks','parent_id',NULL,NULL,NULL,'one-to-many','parent_type','ProjectTask',0,0),('84de02a9-1a5e-6a7c-f34a-4fe85773754a','project_tasks_meetings','ProjectTask','project_task','id','Meetings','meetings','parent_id',NULL,NULL,NULL,'one-to-many','parent_type','ProjectTask',0,0),('87af0111-292c-0abd-c8ef-4fe85763765e','project_tasks_calls','ProjectTask','project_task','id','Calls','calls','parent_id',NULL,NULL,NULL,'one-to-many','parent_type','ProjectTask',0,0),('8a90062e-fdb7-a4c1-a937-4fe857193495','project_tasks_emails','ProjectTask','project_task','id','Emails','emails','parent_id',NULL,NULL,NULL,'one-to-many','parent_type','ProjectTask',0,0),('8da409db-b752-1ff4-c7c5-4fe8571a643b','project_tasks_assigned_user','Users','users','id','ProjectTask','project_task','assigned_user_id',NULL,NULL,NULL,'one-to-many',NULL,NULL,0,0),('906c0aec-42c5-30a1-0987-4fe857e9f1a6','project_tasks_modified_user','Users','users','id','ProjectTask','project_task','modified_user_id',NULL,NULL,NULL,'one-to-many',NULL,NULL,0,0),('931d04b9-01d7-d218-8425-4fe857da57d2','project_tasks_created_by','Users','users','id','ProjectTask','project_task','created_by',NULL,NULL,NULL,'one-to-many',NULL,NULL,0,0),('9cc00b30-7358-3ae4-2f2e-4fe857eff98e','campaigns_modified_user','Users','users','id','Campaigns','campaigns','modified_user_id',NULL,NULL,NULL,'one-to-many',NULL,NULL,0,0),('9f7c06fc-b5a4-c7ab-fef8-4fe857a61e2a','campaigns_created_by','Users','users','id','Campaigns','campaigns','created_by',NULL,NULL,NULL,'one-to-many',NULL,NULL,0,0),('a242009b-c257-f116-2375-4fe85744b9e4','campaigns_assigned_user','Users','users','id','Campaigns','campaigns','assigned_user_id',NULL,NULL,NULL,'one-to-many',NULL,NULL,0,0),('a4e20511-8e7f-0e65-13a2-4fe85769af00','campaign_accounts','Campaigns','campaigns','id','Accounts','accounts','campaign_id',NULL,NULL,NULL,'one-to-many',NULL,NULL,0,0),('a7850198-8bf7-1b42-ca95-4fe8574c5372','campaign_contacts','Campaigns','campaigns','id','Contacts','contacts','campaign_id',NULL,NULL,NULL,'one-to-many',NULL,NULL,0,0),('aa290e02-15fe-2a6d-3c46-4fe857b48226','campaign_leads','Campaigns','campaigns','id','Leads','leads','campaign_id',NULL,NULL,NULL,'one-to-many',NULL,NULL,0,0),('aced0fce-b79b-3e5e-c7a8-4fe857b33255','campaign_prospects','Campaigns','campaigns','id','Prospects','prospects','campaign_id',NULL,NULL,NULL,'one-to-many',NULL,NULL,0,0),('af8b0ba3-7f5d-9c6f-83c2-4fe857e993d4','campaign_opportunities','Campaigns','campaigns','id','Opportunities','opportunities','campaign_id',NULL,NULL,NULL,'one-to-many',NULL,NULL,0,0),('b27300fc-fb0a-e2d1-37da-4fe8572a5449','campaign_email_marketing','Campaigns','campaigns','id','EmailMarketing','email_marketing','campaign_id',NULL,NULL,NULL,'one-to-many',NULL,NULL,0,0),('b53b0936-7389-791f-53c4-4fe857b62a4f','campaign_emailman','Campaigns','campaigns','id','EmailMan','emailman','campaign_id',NULL,NULL,NULL,'one-to-many',NULL,NULL,0,0),('b7db0dd1-cb99-fd01-8229-4fe857d935e0','campaign_campaignlog','Campaigns','campaigns','id','CampaignLog','campaign_log','campaign_id',NULL,NULL,NULL,'one-to-many',NULL,NULL,0,0),('ba7f07d2-50e9-1c0d-10e8-4fe857347ee8','campaign_assigned_user','Users','users','id','Campaigns','campaigns','assigned_user_id',NULL,NULL,NULL,'one-to-many',NULL,NULL,0,0),('bd5000f6-919a-d1bd-ead0-4fe85709ce6f','campaign_modified_user','Users','users','id','Campaigns','campaigns','modified_user_id',NULL,NULL,NULL,'one-to-many',NULL,NULL,0,0),('c54d07d7-12d8-589c-af99-4fe85782ccb8','prospectlists_assigned_user','Users','users','id','prospectlists','prospect_lists','assigned_user_id',NULL,NULL,NULL,'one-to-many',NULL,NULL,0,0),('d1fb0892-4681-fda7-ed67-4fe85789bb5b','prospects_modified_user','Users','users','id','Prospects','prospects','modified_user_id',NULL,NULL,NULL,'one-to-many',NULL,NULL,0,0),('d4e40220-bbd7-9f02-f3f9-4fe857e76986','prospects_created_by','Users','users','id','Prospects','prospects','created_by',NULL,NULL,NULL,'one-to-many',NULL,NULL,0,0),('d7b709b3-81f0-58ac-da16-4fe8570dbc0f','prospects_assigned_user','Users','users','id','Prospects','prospects','assigned_user_id',NULL,NULL,NULL,'one-to-many',NULL,NULL,0,0),('daf101c3-c3a6-86db-aca2-4fe85748be8e','prospects_email_addresses','Prospects','prospects','id','EmailAddresses','email_addresses','id','email_addr_bean_rel','bean_id','email_address_id','many-to-many','bean_module','Prospects',0,0),('ddd60df7-9bb5-eccc-acf5-4fe857066f19','prospects_email_addresses_primary','Prospects','prospects','id','EmailAddresses','email_addresses','id','email_addr_bean_rel','bean_id','email_address_id','many-to-many','primary_address','1',0,0),('e0a10fb8-4ea3-b9d8-9921-4fe857615bd8','prospect_tasks','Prospects','prospects','id','Tasks','tasks','parent_id',NULL,NULL,NULL,'one-to-many','parent_type','Prospects',0,0),('e3700b2e-d3b7-a73e-34cb-4fe8570ea225','prospect_notes','Prospects','prospects','id','Notes','notes','parent_id',NULL,NULL,NULL,'one-to-many','parent_type','Prospects',0,0),('e62f0d92-66ca-e134-af28-4fe8578e7c24','prospect_meetings','Prospects','prospects','id','Meetings','meetings','parent_id',NULL,NULL,NULL,'one-to-many','parent_type','Prospects',0,0),('e8f301c0-061f-b249-6ca6-4fe857a0ef95','prospect_calls','Prospects','prospects','id','Calls','calls','parent_id',NULL,NULL,NULL,'one-to-many','parent_type','Prospects',0,0),('ebae06c3-a318-8d7a-bf15-4fe8575ab8de','prospect_emails','Prospects','prospects','id','Emails','emails','parent_id',NULL,NULL,NULL,'one-to-many','parent_type','Prospects',0,0),('ee8a0988-ea93-e568-6efa-4fe8573adbf5','prospect_campaign_log','Prospects','prospects','id','CampaignLog','campaign_log','target_id',NULL,NULL,NULL,'one-to-many',NULL,NULL,0,0),('f42a0012-14f8-ae77-f975-4fe857a90d07','email_template_email_marketings','EmailTemplates','email_templates','id','EmailMarketing','email_marketing','template_id',NULL,NULL,NULL,'one-to-many',NULL,NULL,0,0),('f9290412-c3fb-8a88-c387-4fe857290fe0','campaign_campaigntrakers','Campaigns','campaigns','id','CampaignTrackers','campaign_trkrs','campaign_id',NULL,NULL,NULL,'one-to-many',NULL,NULL,0,0),('10b20f12-dab2-638a-3403-4fe857cd7a7c','schedulers_created_by_rel','Users','users','id','Schedulers','schedulers','created_by',NULL,NULL,NULL,'one-to-one',NULL,NULL,0,0),('10e14218-b63f-06a5-b082-4fe857256907','schedulers_modified_user_id_rel','Users','users','id','Schedulers','schedulers','modified_user_id',NULL,NULL,NULL,'one-to-one',NULL,NULL,0,0),('110f62d5-d6bd-f04f-898b-4fe857d68efd','schedulers_jobs_rel','Schedulers','schedulers','id','SchedulersJobs','schedulers_times','scheduler_id',NULL,NULL,NULL,'one-to-many',NULL,NULL,0,0),('12a7dcda-ffc6-2e3a-1f06-4fe85782b192','contacts_modified_user','Users','users','id','Contacts','contacts','modified_user_id',NULL,NULL,NULL,'one-to-many',NULL,NULL,0,0),('12d630de-757d-ae8a-78a6-4fe857490362','contacts_created_by','Users','users','id','Contacts','contacts','created_by',NULL,NULL,NULL,'one-to-many',NULL,NULL,0,0),('1309e7e1-f015-ee84-dc8f-4fe8579d8f60','contacts_assigned_user','Users','users','id','Contacts','contacts','assigned_user_id',NULL,NULL,NULL,'one-to-many',NULL,NULL,0,0),('13361d2f-9840-d02c-d089-4fe857d7a8cb','contacts_email_addresses','Contacts','contacts','id','EmailAddresses','email_addresses','id','email_addr_bean_rel','bean_id','email_address_id','many-to-many','bean_module','Contacts',0,0),('1361a564-8786-7af3-97b5-4fe8579b1a4a','contacts_email_addresses_primary','Contacts','contacts','id','EmailAddresses','email_addresses','id','email_addr_bean_rel','bean_id','email_address_id','many-to-many','primary_address','1',0,0),('138dfc4c-61c2-045e-a629-4fe8573a818d','contact_direct_reports','Contacts','contacts','id','Contacts','contacts','reports_to_id',NULL,NULL,NULL,'one-to-many',NULL,NULL,0,0),('13babb88-7382-c81d-69fc-4fe8576aa2b8','contact_leads','Contacts','contacts','id','Leads','leads','contact_id',NULL,NULL,NULL,'one-to-many',NULL,NULL,0,0),('13e8cd93-4227-c083-37cd-4fe8575b3ba8','contact_notes','Contacts','contacts','id','Notes','notes','contact_id',NULL,NULL,NULL,'one-to-many',NULL,NULL,0,0),('141482e5-6297-a702-ec19-4fe857ff3a1c','contact_tasks','Contacts','contacts','id','Tasks','tasks','contact_id',NULL,NULL,NULL,'one-to-many',NULL,NULL,0,0),('143f65ad-e541-0367-5f23-4fe85700f6b4','contact_tasks_parent','Contacts','contacts','id','Tasks','tasks','parent_id',NULL,NULL,NULL,'one-to-many','parent_type','Contacts',0,0),('146a77ae-6f36-649d-2b14-4fe857dbc03d','contact_campaign_log','Contacts','contacts','id','CampaignLog','campaign_log','target_id',NULL,NULL,NULL,'one-to-many',NULL,NULL,0,0),('14976519-bee1-0605-a330-4fe857d9b812','contact_aos_quotes','Contacts','contacts','id','AOS_Quotes','aos_quotes','billing_contact_id',NULL,NULL,NULL,'one-to-many',NULL,NULL,0,0),('14c1a7a3-23f7-5f6a-ccb3-4fe857c2ec5d','contact_aos_invoices','Contacts','contacts','id','AOS_Invoices','aos_invoices','billing_contact_id',NULL,NULL,NULL,'one-to-many',NULL,NULL,0,0),('15bc87ee-2883-6e28-6178-4fe85761c551','accounts_modified_user','Users','users','id','Accounts','accounts','modified_user_id',NULL,NULL,NULL,'one-to-many',NULL,NULL,0,0),('15e8b501-1aa6-806d-84c5-4fe8574d1154','accounts_created_by','Users','users','id','Accounts','accounts','created_by',NULL,NULL,NULL,'one-to-many',NULL,NULL,0,0),('161309b4-e851-9ba0-d8f9-4fe857cd981a','accounts_assigned_user','Users','users','id','Accounts','accounts','assigned_user_id',NULL,NULL,NULL,'one-to-many',NULL,NULL,0,0),('163e0712-cdc6-8297-3341-4fe857bf100a','accounts_email_addresses','Accounts','accounts','id','EmailAddresses','email_addresses','id','email_addr_bean_rel','bean_id','email_address_id','many-to-many','bean_module','Accounts',0,0),('167841a4-afd9-0f10-2552-4fe8570560b4','accounts_email_addresses_primary','Accounts','accounts','id','EmailAddresses','email_addresses','id','email_addr_bean_rel','bean_id','email_address_id','many-to-many','primary_address','1',0,0),('16a54604-05fb-3ca4-5860-4fe8570042bb','member_accounts','Accounts','accounts','id','Accounts','accounts','parent_id',NULL,NULL,NULL,'one-to-many',NULL,NULL,0,0),('16d0254e-3f67-043c-65cc-4fe8573a614d','account_cases','Accounts','accounts','id','Cases','cases','account_id',NULL,NULL,NULL,'one-to-many',NULL,NULL,0,0),('16fc3a4c-d5cd-848d-f8d2-4fe85719efbb','account_tasks','Accounts','accounts','id','Tasks','tasks','parent_id',NULL,NULL,NULL,'one-to-many','parent_type','Accounts',0,0),('1727515d-7cbd-c5db-98e1-4fe857a591c1','account_notes','Accounts','accounts','id','Notes','notes','parent_id',NULL,NULL,NULL,'one-to-many','parent_type','Accounts',0,0),('1755521d-5122-05bf-144a-4fe857dc962b','account_meetings','Accounts','accounts','id','Meetings','meetings','parent_id',NULL,NULL,NULL,'one-to-many','parent_type','Accounts',0,0),('1780f1e7-1a38-0ba8-0ee8-4fe857a62b43','account_calls','Accounts','accounts','id','Calls','calls','parent_id',NULL,NULL,NULL,'one-to-many','parent_type','Accounts',0,0),('17af8747-9bfd-95b3-e4a0-4fe857461e02','account_emails','Accounts','accounts','id','Emails','emails','parent_id',NULL,NULL,NULL,'one-to-many','parent_type','Accounts',0,0),('17dc48b7-84f4-d72d-1b90-4fe8573cfa32','account_leads','Accounts','accounts','id','Leads','leads','account_id',NULL,NULL,NULL,'one-to-many',NULL,NULL,0,0),('18071aa3-d721-2637-2d1d-4fe857aaa3f2','account_campaign_log','Accounts','accounts','id','CampaignLog','campaign_log','target_id',NULL,NULL,NULL,'one-to-many',NULL,NULL,0,0),('18314039-39a8-6963-9b1e-4fe85727baaf','account_aos_quotes','Accounts','accounts','id','AOS_Quotes','aos_quotes','billing_account_id',NULL,NULL,NULL,'one-to-many',NULL,NULL,0,0),('185dc384-112f-1822-79b5-4fe857e59221','account_aos_invoices','Accounts','accounts','id','AOS_Invoices','aos_invoices','billing_account_id',NULL,NULL,NULL,'one-to-many',NULL,NULL,0,0),('1889f55e-0124-cca6-678a-4fe8576c4897','account_aos_contracts','Accounts','accounts','id','AOS_Contracts','aos_contracts','contract_account_id',NULL,NULL,NULL,'one-to-many',NULL,NULL,0,0),('1948c2ad-f0c3-b46a-8549-4fe8570173b5','opportunities_modified_user','Users','users','id','Opportunities','opportunities','modified_user_id',NULL,NULL,NULL,'one-to-many',NULL,NULL,0,0),('19741863-9ab1-cd30-b9d7-4fe857e5a313','opportunities_created_by','Users','users','id','Opportunities','opportunities','created_by',NULL,NULL,NULL,'one-to-many',NULL,NULL,0,0),('199f8d5c-38da-4f1d-937a-4fe857002484','opportunities_assigned_user','Users','users','id','Opportunities','opportunities','assigned_user_id',NULL,NULL,NULL,'one-to-many',NULL,NULL,0,0),('19d01c39-cf22-4d0f-c790-4fe857c8df4b','opportunity_calls','Opportunities','opportunities','id','Calls','calls','parent_id',NULL,NULL,NULL,'one-to-many','parent_type','Opportunities',0,0),('19fb5cc5-7ee7-c6dc-5107-4fe857f02ee1','opportunity_meetings','Opportunities','opportunities','id','Meetings','meetings','parent_id',NULL,NULL,NULL,'one-to-many','parent_type','Opportunities',0,0),('1a27beb9-0a9a-7406-d765-4fe85737daad','opportunity_tasks','Opportunities','opportunities','id','Tasks','tasks','parent_id',NULL,NULL,NULL,'one-to-many','parent_type','Opportunities',0,0),('1a5d8b10-dd7e-5511-1d78-4fe857914554','opportunity_notes','Opportunities','opportunities','id','Notes','notes','parent_id',NULL,NULL,NULL,'one-to-many','parent_type','Opportunities',0,0),('1a8b8bd0-c258-4ae7-27ee-4fe857d5de45','opportunity_emails','Opportunities','opportunities','id','Emails','emails','parent_id',NULL,NULL,NULL,'one-to-many','parent_type','Opportunities',0,0),('1ab5f831-b11b-4f0b-93b1-4fe857e4ddcb','opportunity_leads','Opportunities','opportunities','id','Leads','leads','opportunity_id',NULL,NULL,NULL,'one-to-many',NULL,NULL,0,0),('1ae07fef-d3a8-b4dc-1dd2-4fe857bb09d3','opportunity_currencies','Opportunities','opportunities','currency_id','Currencies','currencies','id',NULL,NULL,NULL,'one-to-many',NULL,NULL,0,0),('1b0cf919-cfc7-c382-1e67-4fe8570d8816','opportunities_campaign','Campaigns','campaigns','id','Opportunities','opportunities','campaign_id',NULL,NULL,NULL,'one-to-many',NULL,NULL,0,0),('1b38e3d6-46e2-5e72-6ad5-4fe85771d6fb','opportunity_aos_quotes','Opportunities','opportunities','id','AOS_Quotes','aos_quotes','opportunity_id',NULL,NULL,NULL,'one-to-many',NULL,NULL,0,0),('1b65873b-c287-f8d3-9152-4fe8572d0171','opportunity_aos_contracts','Opportunities','opportunities','id','AOS_Contracts','aos_contracts','opportunity_id',NULL,NULL,NULL,'one-to-many',NULL,NULL,0,0),('1bd796b7-4a2a-eb40-06e1-4fe8574e0808','emailtemplates_assigned_user','Users','users','id','EmailTemplates','email_templates','assigned_user_id',NULL,NULL,NULL,'one-to-many',NULL,NULL,0,0),('1c6ef5e8-4373-4948-27b0-4fe857056d9f','notes_assigned_user','Users','users','id','Notes','notes','assigned_user_id',NULL,NULL,NULL,'one-to-many',NULL,NULL,0,0),('1c9aceb2-708c-a773-4cb4-4fe857c10250','notes_modified_user','Users','users','id','Notes','notes','modified_user_id',NULL,NULL,NULL,'one-to-many',NULL,NULL,0,0),('1cc518fb-7669-c8f0-4db2-4fe8570f32be','notes_created_by','Users','users','id','Notes','notes','created_by',NULL,NULL,NULL,'one-to-many',NULL,NULL,0,0),('1d694213-6078-d1c0-fdf3-4fe85701911c','calls_modified_user','Users','users','id','Calls','calls','modified_user_id',NULL,NULL,NULL,'one-to-many',NULL,NULL,0,0),('1d97b094-870a-a9d6-7226-4fe857118cf4','calls_created_by','Users','users','id','Calls','calls','created_by',NULL,NULL,NULL,'one-to-many',NULL,NULL,0,0),('1dc44de5-63bc-700e-2888-4fe85755da62','calls_assigned_user','Users','users','id','Calls','calls','assigned_user_id',NULL,NULL,NULL,'one-to-many',NULL,NULL,0,0),('1df042f8-2415-cd9c-7c41-4fe857d592b9','calls_notes','Calls','calls','id','Notes','notes','parent_id',NULL,NULL,NULL,'one-to-many','parent_type','Calls',0,0),('1e9163cd-7a4e-2f17-89e4-4fe857bb0c9b','emails_assigned_user','Users','users','id','Emails','emails','assigned_user_id',NULL,NULL,NULL,'one-to-many',NULL,NULL,0,0),('1ec23701-eb0a-9fdd-a603-4fe857e619f2','emails_modified_user','Users','users','id','Emails','emails','modified_user_id',NULL,NULL,NULL,'one-to-many',NULL,NULL,0,0),('1eeebf56-5090-3294-1bff-4fe85786ba50','emails_created_by','Users','users','id','Emails','emails','created_by',NULL,NULL,NULL,'one-to-many',NULL,NULL,0,0),('1f1f351e-1452-2fa3-ff9c-4fe85745fe2c','emails_notes_rel','Emails','emails','id','Notes','notes','parent_id',NULL,NULL,NULL,'one-to-many',NULL,NULL,0,0),('1f4c1e16-61e0-1a65-3dad-4fe857bf8a9f','emails_meetings_rel','Emails','emails','id','Meetings','meetings','parent_id',NULL,NULL,NULL,'one-to-many',NULL,NULL,0,0),('1ffcfd5a-c6cb-6ed3-0fda-4fe857a0c746','meetings_modified_user','Users','users','id','Meetings','meetings','modified_user_id',NULL,NULL,NULL,'one-to-many',NULL,NULL,0,0),('202a94ed-65ad-14be-11f3-4fe85786a660','meetings_created_by','Users','users','id','Meetings','meetings','created_by',NULL,NULL,NULL,'one-to-many',NULL,NULL,0,0),('2054ea50-7fc2-b9a5-899d-4fe85714cc52','meetings_assigned_user','Users','users','id','Meetings','meetings','assigned_user_id',NULL,NULL,NULL,'one-to-many',NULL,NULL,0,0),('2080b22d-4bb1-493a-0296-4fe8572f0068','meetings_notes','Meetings','meetings','id','Notes','notes','parent_id',NULL,NULL,NULL,'one-to-many','parent_type','Meetings',0,0),('211b7e51-bf4e-af2f-ae74-4fe857b2a9e0','tasks_modified_user','Users','users','id','Tasks','tasks','modified_user_id',NULL,NULL,NULL,'one-to-many',NULL,NULL,0,0),('21487303-4383-f6eb-a327-4fe8579c4ba2','tasks_created_by','Users','users','id','Tasks','tasks','created_by',NULL,NULL,NULL,'one-to-many',NULL,NULL,0,0),('21748ebe-adee-2dc6-eb20-4fe8571eeb77','tasks_assigned_user','Users','users','id','Tasks','tasks','assigned_user_id',NULL,NULL,NULL,'one-to-many',NULL,NULL,0,0),('21a2dce5-ccb3-b6c2-5ba2-4fe857b560a2','tasks_notes','Tasks','tasks','id','Notes','notes','parent_id',NULL,NULL,NULL,'one-to-many',NULL,NULL,0,0),('242bce5a-4cf4-a4d9-1f30-4fe8571cadf2','documents_modified_user','Users','users','id','Documents','documents','modified_user_id',NULL,NULL,NULL,'one-to-many',NULL,NULL,0,0),('245ecfec-1efd-a92e-327a-4fe85799e144','documents_created_by','Users','users','id','Documents','documents','created_by',NULL,NULL,NULL,'one-to-many',NULL,NULL,0,0),('248955a1-35dc-ae6d-50ae-4fe857c30853','documents_assigned_user','Users','users','id','Documents','documents','assigned_user_id',NULL,NULL,NULL,'one-to-many',NULL,NULL,0,0),('24b6980d-cdac-2b88-e2e7-4fe857d7192b','document_revisions','Documents','documents','id','DocumentRevisions','document_revisions','document_id',NULL,NULL,NULL,'one-to-many',NULL,NULL,0,0),('250b9c50-d3ce-68a2-9f65-4fe857eb4ac8','revisions_created_by','Users','users','id','DocumentRevisions','document_revisions','created_by',NULL,NULL,NULL,'one-to-many',NULL,NULL,0,0),('25c70a9f-b3c4-f32f-ba64-4fe85784a6a6','inbound_email_created_by','Users','users','id','InboundEmail','inbound_email','created_by',NULL,NULL,NULL,'one-to-one',NULL,NULL,0,0),('25f66bb1-322c-1520-ddb1-4fe857c43ecc','inbound_email_modified_user_id','Users','users','id','InboundEmail','inbound_email','modified_user_id',NULL,NULL,NULL,'one-to-one',NULL,NULL,0,0),('265ba962-d49c-0fc3-4b08-4fe857c8a52a','saved_search_assigned_user','Users','users','id','SavedSearch','saved_search','assigned_user_id',NULL,NULL,NULL,'one-to-many',NULL,NULL,0,0),('275713c4-047c-6b3e-a5e2-4fe85710a1a7','sugarfeed_modified_user','Users','users','id','SugarFeed','sugarfeed','modified_user_id',NULL,NULL,NULL,'one-to-many',NULL,NULL,0,0),('2785bdd9-3c38-a6fb-6756-4fe85715c06b','sugarfeed_created_by','Users','users','id','SugarFeed','sugarfeed','created_by',NULL,NULL,NULL,'one-to-many',NULL,NULL,0,0),('27b21431-9dca-338c-8465-4fe85760679b','sugarfeed_assigned_user','Users','users','id','SugarFeed','sugarfeed','assigned_user_id',NULL,NULL,NULL,'one-to-many',NULL,NULL,0,0),('283f2c84-baec-0aed-8b60-4fe857733ded','eapm_modified_user','Users','users','id','EAPM','eapm','modified_user_id',NULL,NULL,NULL,'one-to-many',NULL,NULL,0,0),('286fd35a-51c9-f98e-be20-4fe8578a2097','eapm_created_by','Users','users','id','EAPM','eapm','created_by',NULL,NULL,NULL,'one-to-many',NULL,NULL,0,0),('289ade83-fbc3-d949-8772-4fe857b74764','eapm_assigned_user','Users','users','id','EAPM','eapm','assigned_user_id',NULL,NULL,NULL,'one-to-many',NULL,NULL,0,0),('29135960-bf95-3846-0974-4fe857ec418c','oauthkeys_modified_user','Users','users','id','OAuthKeys','oauthkeys','modified_user_id',NULL,NULL,NULL,'one-to-many',NULL,NULL,0,0),('293fafbb-ceb7-fcb7-a229-4fe857f0550c','oauthkeys_created_by','Users','users','id','OAuthKeys','oauthkeys','created_by',NULL,NULL,NULL,'one-to-many',NULL,NULL,0,0),('296a1394-bd26-fbee-bb77-4fe85714f089','oauthkeys_assigned_user','Users','users','id','OAuthKeys','oauthkeys','assigned_user_id',NULL,NULL,NULL,'one-to-many',NULL,NULL,0,0),('29bd9c91-18f6-b0f1-ca25-4fe8574bea01','consumer_tokens','OAuthKeys','oauth_consumer','id','OAuthTokens','oauth_tokens','consumer',NULL,NULL,NULL,'one-to-many',NULL,NULL,0,0),('29eb896a-4830-9591-ad70-4fe857eaf92c','oauthtokens_assigned_user','Users','users','id','OAuthTokens','oauth_tokens','assigned_user_id',NULL,NULL,NULL,'one-to-many',NULL,NULL,0,0),('2a746378-9320-be97-3fae-4fe85766b493','nli_pricing_modified_user','Users','users','id','nli_Pricing','nli_pricing','modified_user_id',NULL,NULL,NULL,'one-to-many',NULL,NULL,0,0),('2aa34ab1-0570-696d-d680-4fe8575e371b','nli_pricing_created_by','Users','users','id','nli_Pricing','nli_pricing','created_by',NULL,NULL,NULL,'one-to-many',NULL,NULL,0,0),('2ad2441c-3f5b-e532-16f8-4fe857a37c91','nli_pricing_assigned_user','Users','users','id','nli_Pricing','nli_pricing','assigned_user_id',NULL,NULL,NULL,'one-to-many',NULL,NULL,0,0),('2b61786c-4f8c-fc69-f0bf-4fe85792b413','kreports_modified_user','Users','users','id','KReports','kreports','modified_user_id',NULL,NULL,NULL,'one-to-many',NULL,NULL,0,0),('2b8ef4b8-8713-9d4f-f1f7-4fe857b63f4e','kreports_created_by','Users','users','id','KReports','kreports','created_by',NULL,NULL,NULL,'one-to-many',NULL,NULL,0,0),('2bba573d-0757-211c-54ba-4fe85736cd5b','kreports_assigned_user','Users','users','id','KReports','kreports','assigned_user_id',NULL,NULL,NULL,'one-to-many',NULL,NULL,0,0),('2c5f1e30-9a2b-a2f8-c214-4fe857c80d38','nli_serviceaddresses_modified_user','Users','users','id','nli_ServiceAddresses','nli_serviceaddresses','modified_user_id',NULL,NULL,NULL,'one-to-many',NULL,NULL,0,0),('2c8b4240-fd44-e3b5-c17d-4fe8578a7f14','nli_serviceaddresses_created_by','Users','users','id','nli_ServiceAddresses','nli_serviceaddresses','created_by',NULL,NULL,NULL,'one-to-many',NULL,NULL,0,0),('2cb5b72b-70e8-9111-f2cb-4fe857616d90','nli_serviceaddresses_assigned_user','Users','users','id','nli_ServiceAddresses','nli_serviceaddresses','assigned_user_id',NULL,NULL,NULL,'one-to-many',NULL,NULL,0,0),('2d6ec7a6-f845-cb11-81d1-4fe857e9df35','aos_contracts_modified_user','Users','users','id','AOS_Contracts','aos_contracts','modified_user_id',NULL,NULL,NULL,'one-to-many',NULL,NULL,0,0),('2d9b3c29-e085-e606-493a-4fe857956545','aos_contracts_created_by','Users','users','id','AOS_Contracts','aos_contracts','created_by',NULL,NULL,NULL,'one-to-many',NULL,NULL,0,0),('2dc6df11-0440-3257-daa2-4fe857edf7d6','aos_contracts_assigned_user','Users','users','id','AOS_Contracts','aos_contracts','assigned_user_id',NULL,NULL,NULL,'one-to-many',NULL,NULL,0,0),('2e74ce3f-711e-6442-3bfa-4fe85792594b','aos_invoices_modified_user','Users','users','id','AOS_Invoices','aos_invoices','modified_user_id',NULL,NULL,NULL,'one-to-many',NULL,NULL,0,0),('2ea0d7f4-8fba-e57a-e3bf-4fe85746008a','aos_invoices_created_by','Users','users','id','AOS_Invoices','aos_invoices','created_by',NULL,NULL,NULL,'one-to-many',NULL,NULL,0,0),('2ecd55ff-aced-1bde-1da6-4fe8571f3f19','aos_invoices_assigned_user','Users','users','id','AOS_Invoices','aos_invoices','assigned_user_id',NULL,NULL,NULL,'one-to-many',NULL,NULL,0,0),('2ef795c5-d968-dcfc-dcbd-4fe85771ab47','aos_invoices_aos_product_quotes','AOS_Invoices','aos_invoices','id','AOS_Products_Quotes','aos_products_quotes','parent_id',NULL,NULL,NULL,'one-to-many',NULL,NULL,0,0),('2f7b4a2c-8ba5-7c3f-f339-4fe857476833','aos_pdf_templates_modified_user','Users','users','id','AOS_PDF_Templates','aos_pdf_templates','modified_user_id',NULL,NULL,NULL,'one-to-many',NULL,NULL,0,0),('2fa81b71-a2f6-a960-184a-4fe8571f8843','aos_pdf_templates_created_by','Users','users','id','AOS_PDF_Templates','aos_pdf_templates','created_by',NULL,NULL,NULL,'one-to-many',NULL,NULL,0,0),('2fd62842-0ca3-f4b4-5374-4fe8571895e8','aos_pdf_templates_assigned_user','Users','users','id','AOS_PDF_Templates','aos_pdf_templates','assigned_user_id',NULL,NULL,NULL,'one-to-many',NULL,NULL,0,0),('30602ff8-3857-09d4-c5b6-4fe857320e45','aos_products_modified_user','Users','users','id','AOS_Products','aos_products','modified_user_id',NULL,NULL,NULL,'one-to-many',NULL,NULL,0,0),('308d307e-48d8-bdd7-7db8-4fe8577fc6cb','aos_products_created_by','Users','users','id','AOS_Products','aos_products','created_by',NULL,NULL,NULL,'one-to-many',NULL,NULL,0,0),('30b7f0bf-06d0-8a84-1b57-4fe857c3caa8','aos_products_assigned_user','Users','users','id','AOS_Products','aos_products','assigned_user_id',NULL,NULL,NULL,'one-to-many',NULL,NULL,0,0),('3156a5bf-3d2e-aed3-cf01-4fe857f1a727','aos_products_quotes_modified_user','Users','users','id','AOS_Products_Quotes','aos_products_quotes','modified_user_id',NULL,NULL,NULL,'one-to-many',NULL,NULL,0,0),('3182b953-ec2f-4777-8e2a-4fe85788e950','aos_products_quotes_created_by','Users','users','id','AOS_Products_Quotes','aos_products_quotes','created_by',NULL,NULL,NULL,'one-to-many',NULL,NULL,0,0),('31ada79d-47fb-e50d-1a78-4fe8572662b2','aos_products_quotes_assigned_user','Users','users','id','AOS_Products_Quotes','aos_products_quotes','assigned_user_id',NULL,NULL,NULL,'one-to-many',NULL,NULL,0,0),('31d92b9f-464c-a689-6547-4fe8578a3081','aos_product_quotes_aos_products','AOS_Products','aos_products','id','AOS_Products_Quotes','aos_products_quotes','product_id',NULL,NULL,NULL,'one-to-many',NULL,NULL,0,0),('32a1e1ef-93ba-1b5b-cc5a-4fe857fae498','aos_quotes_modified_user','Users','users','id','AOS_Quotes','aos_quotes','modified_user_id',NULL,NULL,NULL,'one-to-many',NULL,NULL,0,0),('32d00aa6-f1d0-2c24-265f-4fe857ca3d09','aos_quotes_created_by','Users','users','id','AOS_Quotes','aos_quotes','created_by',NULL,NULL,NULL,'one-to-many',NULL,NULL,0,0),('32ffbcff-1533-6869-e451-4fe8572114d1','aos_quotes_assigned_user','Users','users','id','AOS_Quotes','aos_quotes','assigned_user_id',NULL,NULL,NULL,'one-to-many',NULL,NULL,0,0),('332a06ff-aff6-2291-d681-4fe857b71d73','aos_quotes_aos_product_quotes','AOS_Quotes','aos_quotes','id','AOS_Products_Quotes','aos_products_quotes','parent_id',NULL,NULL,NULL,'one-to-many',NULL,NULL,0,0),('33e26766-2c64-b89c-a55b-4fe85724bec9','hw_salesrepmod_modified_user','Users','users','id','hw_salesRepMod','hw_salesrepmod','modified_user_id',NULL,NULL,NULL,'one-to-many',NULL,NULL,0,0),('340f3bcd-248a-8efe-2c24-4fe857e68787','hw_salesrepmod_created_by','Users','users','id','hw_salesRepMod','hw_salesrepmod','created_by',NULL,NULL,NULL,'one-to-many',NULL,NULL,0,0),('343ba1b4-e778-0134-0a1d-4fe857b89f46','hw_salesrepmod_assigned_user','Users','users','id','hw_salesRepMod','hw_salesrepmod','assigned_user_id',NULL,NULL,NULL,'one-to-many',NULL,NULL,0,0),('41b1b661-1f9f-4e8a-7259-4fe8573a8edb','accounts_bugs','Accounts','accounts','id','Bugs','bugs','id','accounts_bugs','account_id','bug_id','many-to-many',NULL,NULL,0,0),('420e6bc3-e90b-835d-de95-4fe8579c01e9','accounts_contacts','Accounts','accounts','id','Contacts','contacts','id','accounts_contacts','account_id','contact_id','many-to-many',NULL,NULL,0,0),('42410423-10e0-cf83-995d-4fe8572ad31a','accounts_opportunities','Accounts','accounts','id','Opportunities','opportunities','id','accounts_opportunities','account_id','opportunity_id','many-to-many',NULL,NULL,0,0),('427284d4-e9e0-79c3-7710-4fe85756692b','calls_contacts','Calls','calls','id','Contacts','contacts','id','calls_contacts','call_id','contact_id','many-to-many',NULL,NULL,0,0),('42a33d98-9260-782a-6476-4fe8576e0459','calls_users','Calls','calls','id','Users','users','id','calls_users','call_id','user_id','many-to-many',NULL,NULL,0,0),('42d53bb0-151c-87ff-156b-4fe857d17e52','calls_leads','Calls','calls','id','Leads','leads','id','calls_leads','call_id','lead_id','many-to-many',NULL,NULL,0,0),('43068a4f-e3a8-c6ce-0efc-4fe8578e5a02','cases_bugs','Cases','cases','id','Bugs','bugs','id','cases_bugs','case_id','bug_id','many-to-many',NULL,NULL,0,0),('4337e752-261c-9139-e49f-4fe857e05a25','contacts_bugs','Contacts','contacts','id','Bugs','bugs','id','contacts_bugs','contact_id','bug_id','many-to-many',NULL,NULL,0,0),('436c3325-91ed-7705-2917-4fe857f8821b','contacts_cases','Contacts','contacts','id','Cases','cases','id','contacts_cases','contact_id','case_id','many-to-many',NULL,NULL,0,0),('439d992b-caf6-313d-2603-4fe857ab7425','contacts_users','Contacts','contacts','id','Users','users','id','contacts_users','contact_id','user_id','many-to-many',NULL,NULL,0,0),('43d2ba90-bd2d-7e5d-74bf-4fe857572077','emails_accounts_rel','Emails','emails','id','Accounts','accounts','id','emails_beans','email_id','bean_id','many-to-many','bean_module','Accounts',0,0),('4401bbde-fa80-7591-ce22-4fe8576de3df','emails_bugs_rel','Emails','emails','id','Bugs','bugs','id','emails_beans','email_id','bean_id','many-to-many','bean_module','Bugs',0,0),('4430105f-3d39-8f60-7662-4fe857de43bf','emails_cases_rel','Emails','emails','id','Cases','cases','id','emails_beans','email_id','bean_id','many-to-many','bean_module','Cases',0,0),('446154dd-8b17-2979-f6fa-4fe8579af744','emails_contacts_rel','Emails','emails','id','Contacts','contacts','id','emails_beans','email_id','bean_id','many-to-many','bean_module','Contacts',0,0),('4491c684-410a-58ca-0dac-4fe857e996b9','emails_leads_rel','Emails','emails','id','Leads','leads','id','emails_beans','email_id','bean_id','many-to-many','bean_module','Leads',0,0),('44c15a48-c9ce-27ec-78cb-4fe8578128ed','emails_opportunities_rel','Emails','emails','id','Opportunities','opportunities','id','emails_beans','email_id','bean_id','many-to-many','bean_module','Opportunities',0,0),('44ef1165-c070-a75e-e3ae-4fe857087683','emails_tasks_rel','Emails','emails','id','Tasks','tasks','id','emails_beans','email_id','bean_id','many-to-many','bean_module','Tasks',0,0),('451ceda9-54cb-c990-2f57-4fe8573c8a0b','emails_users_rel','Emails','emails','id','Users','users','id','emails_beans','email_id','bean_id','many-to-many','bean_module','Users',0,0),('454b6463-f856-907f-d095-4fe857e085f1','emails_project_task_rel','Emails','emails','id','ProjectTask','project_task','id','emails_beans','email_id','bean_id','many-to-many','bean_module','ProjectTask',0,0),('457b9b65-0f64-44be-694c-4fe857b435f0','emails_projects_rel','Emails','emails','id','Project','project','id','emails_beans','email_id','bean_id','many-to-many','bean_module','Project',0,0),('45abce10-931e-b203-d24b-4fe8571597f0','emails_prospects_rel','Emails','emails','id','Prospects','prospects','id','emails_beans','email_id','bean_id','many-to-many','bean_module','Prospects',0,0),('45e1c97a-3beb-a0d0-973b-4fe85750d682','meetings_contacts','Meetings','meetings','id','Contacts','contacts','id','meetings_contacts','meeting_id','contact_id','many-to-many',NULL,NULL,0,0),('4611e961-3fc9-bb85-c56f-4fe857750238','meetings_users','Meetings','meetings','id','Users','users','id','meetings_users','meeting_id','user_id','many-to-many',NULL,NULL,0,0),('464a264e-735e-3854-c9db-4fe857117fd7','meetings_leads','Meetings','meetings','id','Leads','leads','id','meetings_leads','meeting_id','lead_id','many-to-many',NULL,NULL,0,0),('467d8559-e82f-faeb-c651-4fe8578a3de0','opportunities_contacts','Opportunities','opportunities','id','Contacts','contacts','id','opportunities_contacts','opportunity_id','contact_id','many-to-many',NULL,NULL,0,0),('46af501f-f59d-e6a4-6a02-4fe857819a69','prospect_list_campaigns','ProspectLists','prospect_lists','id','Campaigns','campaigns','id','prospect_list_campaigns','prospect_list_id','campaign_id','many-to-many',NULL,NULL,0,0),('46e2dd6f-1acb-e6e9-1614-4fe857d21412','prospect_list_contacts','ProspectLists','prospect_lists','id','Contacts','contacts','id','prospect_lists_prospects','prospect_list_id','related_id','many-to-many','related_type','Contacts',0,0),('4713b00b-e859-9541-e609-4fe8571bf516','prospect_list_prospects','ProspectLists','prospect_lists','id','Prospects','prospects','id','prospect_lists_prospects','prospect_list_id','related_id','many-to-many','related_type','Prospects',0,0),('47422258-f2b8-2e24-21d6-4fe85732542e','prospect_list_leads','ProspectLists','prospect_lists','id','Leads','leads','id','prospect_lists_prospects','prospect_list_id','related_id','many-to-many','related_type','Leads',0,0),('47713ac0-3bef-b9e0-99f6-4fe85738a53a','prospect_list_users','ProspectLists','prospect_lists','id','Users','users','id','prospect_lists_prospects','prospect_list_id','related_id','many-to-many','related_type','Users',0,0),('47a091cf-8eaf-4c40-7519-4fe8578a90ed','prospect_list_accounts','ProspectLists','prospect_lists','id','Accounts','accounts','id','prospect_lists_prospects','prospect_list_id','related_id','many-to-many','related_type','Accounts',0,0),('47da74fe-2481-b4ce-a184-4fe8570e69d5','roles_users','Roles','roles','id','Users','users','id','roles_users','role_id','user_id','many-to-many',NULL,NULL,0,0),('48101215-810b-a137-77d2-4fe857146c5a','projects_bugs','Project','project','id','Bugs','bugs','id','projects_bugs','project_id','bug_id','many-to-many',NULL,NULL,0,0),('4845ae6c-9c5d-e12b-aec5-4fe8576ce630','projects_cases','Project','project','id','Cases','cases','id','projects_cases','project_id','case_id','many-to-many',NULL,NULL,0,0),('487b193d-18dd-ea28-c6a4-4fe8579eb5d4','projects_accounts','Project','project','id','Accounts','accounts','id','projects_accounts','project_id','account_id','many-to-many',NULL,NULL,0,0),('48ae61ed-c9bb-1fe5-811b-4fe85734391f','projects_contacts','Project','project','id','Contacts','contacts','id','projects_contacts','project_id','contact_id','many-to-many',NULL,NULL,0,0),('48e41f16-5886-ec19-10d6-4fe857e5f1a6','projects_opportunities','Project','project','id','Opportunities','opportunities','id','projects_opportunities','project_id','opportunity_id','many-to-many',NULL,NULL,0,0),('4916f310-1721-707f-4571-4fe8574a712b','acl_roles_actions','ACLRoles','acl_roles','id','ACLActions','acl_actions','id','acl_roles_actions','role_id','action_id','many-to-many',NULL,NULL,0,0),('494a4190-26e0-b34e-8645-4fe857b585e5','acl_roles_users','ACLRoles','acl_roles','id','Users','users','id','acl_roles_users','role_id','user_id','many-to-many',NULL,NULL,0,0),('4984543b-bfff-60ba-ff9e-4fe8572d76ca','email_marketing_prospect_lists','EmailMarketing','email_marketing','id','ProspectLists','prospect_lists','id','email_marketing_prospect_lists','email_marketing_id','prospect_list_id','many-to-many',NULL,NULL,0,0),('49b74572-9a4f-ce62-480a-4fe85748878d','leads_documents','Leads','leads','id','Documents','documents','id','linked_documents','parent_id','document_id','many-to-many','parent_type','Leads',0,0),('49e8defc-2abd-74d1-01e4-4fe8575a6a79','documents_accounts','Documents','documents','id','Accounts','accounts','id','documents_accounts','document_id','account_id','many-to-many',NULL,NULL,0,0),('4a1912ae-66a3-00d8-ea0e-4fe857330fa3','documents_contacts','Documents','documents','id','Contacts','contacts','id','documents_contacts','document_id','contact_id','many-to-many',NULL,NULL,0,0),('4a4a521f-6e3e-bc31-4449-4fe857b1a182','documents_opportunities','Documents','documents','id','Opportunities','opportunities','id','documents_opportunities','document_id','opportunity_id','many-to-many',NULL,NULL,0,0),('4a7e004f-7000-5546-168b-4fe85777984c','documents_cases','Documents','documents','id','Cases','cases','id','documents_cases','document_id','case_id','many-to-many',NULL,NULL,0,0),('4ab6f612-eb81-2a77-907a-4fe85713c8d1','documents_bugs','Documents','documents','id','Bugs','bugs','id','documents_bugs','document_id','bug_id','many-to-many',NULL,NULL,0,0),('4ae98267-1d3d-5a12-47cb-4fe857a00f0c','aos_quotes_project','AOS_Quotes','aos_quotes','id','Project','project','id','aos_quotes_project_c','aos_quotes1112_quotes_ida','aos_quotes7207project_idb','many-to-many',NULL,NULL,0,0),('4b1edac9-7bcf-08ac-13f8-4fe857997558','aos_quotes_aos_invoices','AOS_Quotes','aos_quotes','id','AOS_Invoices','aos_invoices','id','aos_quotes_aos_invoices_c','aos_quotes77d9_quotes_ida','aos_quotes6b83nvoices_idb','many-to-many',NULL,NULL,0,0),('4b523d33-65a0-c772-1373-4fe857c03c53','nli_pricing_aos_products','AOS_Products','aos_products','id','nli_Pricing','nli_pricing','id','nli_pricingaos_products_c','nli_pricind645roducts_ida','nli_pricin5ea3pricing_idb','many-to-many',NULL,NULL,0,0),('4b89fb95-8ff0-aa0f-ca66-4fe857232e44','aos_quotes_aos_contracts','AOS_Quotes','aos_quotes','id','AOS_Contracts','aos_contracts','id','aos_quotes_os_contracts_c','aos_quotese81e_quotes_ida','aos_quotes4dc0ntracts_idb','many-to-many',NULL,NULL,0,0),('4bbd9291-ee2c-51eb-77f7-4fe857ada218','nli_serviceaddresses_accounts','Accounts','accounts','id','nli_ServiceAddresses','nli_serviceaddresses','id','nli_serviceses_accounts_c','nli_servicaa98ccounts_ida','nli_servic71a8dresses_idb','many-to-many',NULL,NULL,0,0);
/*!40000 ALTER TABLE `relationships` ENABLE KEYS */;
UNLOCK TABLES;

--
-- Table structure for table `releases`
--

DROP TABLE IF EXISTS `releases`;
/*!40101 SET @saved_cs_client     = @@character_set_client */;
/*!40101 SET character_set_client = utf8 */;
CREATE TABLE `releases` (
  `id` char(36) NOT NULL,
  `deleted` tinyint(1) DEFAULT '0',
  `date_entered` datetime DEFAULT NULL,
  `date_modified` datetime DEFAULT NULL,
  `modified_user_id` char(36) DEFAULT NULL,
  `created_by` char(36) DEFAULT NULL,
  `name` varchar(50) DEFAULT NULL,
  `list_order` int(4) DEFAULT NULL,
  `status` varchar(100) DEFAULT NULL,
  PRIMARY KEY (`id`),
  KEY `idx_releases` (`name`,`deleted`)
) ENGINE=MyISAM DEFAULT CHARSET=utf8;
/*!40101 SET character_set_client = @saved_cs_client */;

--
-- Dumping data for table `releases`
--

LOCK TABLES `releases` WRITE;
/*!40000 ALTER TABLE `releases` DISABLE KEYS */;
INSERT INTO `releases` VALUES ('887830ae-5478-7009-9285-4f3d5cfc44e7',0,'2012-02-16 19:44:46','2012-02-16 19:44:46','1','1','1.0',1,'Active');
/*!40000 ALTER TABLE `releases` ENABLE KEYS */;
UNLOCK TABLES;

--
-- Table structure for table `roles`
--

DROP TABLE IF EXISTS `roles`;
/*!40101 SET @saved_cs_client     = @@character_set_client */;
/*!40101 SET character_set_client = utf8 */;
CREATE TABLE `roles` (
  `id` char(36) NOT NULL,
  `date_entered` datetime DEFAULT NULL,
  `date_modified` datetime DEFAULT NULL,
  `modified_user_id` char(36) DEFAULT NULL,
  `created_by` char(36) DEFAULT NULL,
  `name` varchar(150) DEFAULT NULL,
  `description` text,
  `modules` text,
  `deleted` tinyint(1) DEFAULT '0',
  PRIMARY KEY (`id`),
  KEY `idx_role_id_del` (`id`,`deleted`)
) ENGINE=MyISAM DEFAULT CHARSET=utf8;
/*!40101 SET character_set_client = @saved_cs_client */;

--
-- Dumping data for table `roles`
--

LOCK TABLES `roles` WRITE;
/*!40000 ALTER TABLE `roles` DISABLE KEYS */;
/*!40000 ALTER TABLE `roles` ENABLE KEYS */;
UNLOCK TABLES;

--
-- Table structure for table `roles_modules`
--

DROP TABLE IF EXISTS `roles_modules`;
/*!40101 SET @saved_cs_client     = @@character_set_client */;
/*!40101 SET character_set_client = utf8 */;
CREATE TABLE `roles_modules` (
  `id` varchar(36) NOT NULL,
  `role_id` varchar(36) DEFAULT NULL,
  `module_id` varchar(36) DEFAULT NULL,
  `allow` tinyint(1) DEFAULT '0',
  `date_modified` datetime DEFAULT NULL,
  `deleted` tinyint(1) DEFAULT '0',
  PRIMARY KEY (`id`),
  KEY `idx_role_id` (`role_id`),
  KEY `idx_module_id` (`module_id`)
) ENGINE=MyISAM DEFAULT CHARSET=utf8;
/*!40101 SET character_set_client = @saved_cs_client */;

--
-- Dumping data for table `roles_modules`
--

LOCK TABLES `roles_modules` WRITE;
/*!40000 ALTER TABLE `roles_modules` DISABLE KEYS */;
/*!40000 ALTER TABLE `roles_modules` ENABLE KEYS */;
UNLOCK TABLES;

--
-- Table structure for table `roles_users`
--

DROP TABLE IF EXISTS `roles_users`;
/*!40101 SET @saved_cs_client     = @@character_set_client */;
/*!40101 SET character_set_client = utf8 */;
CREATE TABLE `roles_users` (
  `id` varchar(36) NOT NULL,
  `role_id` varchar(36) DEFAULT NULL,
  `user_id` varchar(36) DEFAULT NULL,
  `date_modified` datetime DEFAULT NULL,
  `deleted` tinyint(1) DEFAULT '0',
  PRIMARY KEY (`id`),
  KEY `idx_ru_role_id` (`role_id`),
  KEY `idx_ru_user_id` (`user_id`)
) ENGINE=MyISAM DEFAULT CHARSET=utf8;
/*!40101 SET character_set_client = @saved_cs_client */;

--
-- Dumping data for table `roles_users`
--

LOCK TABLES `roles_users` WRITE;
/*!40000 ALTER TABLE `roles_users` DISABLE KEYS */;
/*!40000 ALTER TABLE `roles_users` ENABLE KEYS */;
UNLOCK TABLES;

--
-- Table structure for table `saved_search`
--

DROP TABLE IF EXISTS `saved_search`;
/*!40101 SET @saved_cs_client     = @@character_set_client */;
/*!40101 SET character_set_client = utf8 */;
CREATE TABLE `saved_search` (
  `id` char(36) NOT NULL,
  `name` varchar(150) DEFAULT NULL,
  `search_module` varchar(150) DEFAULT NULL,
  `deleted` tinyint(1) DEFAULT '0',
  `date_entered` datetime DEFAULT NULL,
  `date_modified` datetime DEFAULT NULL,
  `assigned_user_id` char(36) DEFAULT NULL,
  `contents` text,
  `description` text,
  PRIMARY KEY (`id`),
  KEY `idx_desc` (`name`,`deleted`)
) ENGINE=MyISAM DEFAULT CHARSET=utf8;
/*!40101 SET character_set_client = @saved_cs_client */;

--
-- Dumping data for table `saved_search`
--

LOCK TABLES `saved_search` WRITE;
/*!40000 ALTER TABLE `saved_search` DISABLE KEYS */;
/*!40000 ALTER TABLE `saved_search` ENABLE KEYS */;
UNLOCK TABLES;

--
-- Table structure for table `schedulers`
--

DROP TABLE IF EXISTS `schedulers`;
/*!40101 SET @saved_cs_client     = @@character_set_client */;
/*!40101 SET character_set_client = utf8 */;
CREATE TABLE `schedulers` (
  `id` varchar(36) NOT NULL,
  `deleted` tinyint(1) DEFAULT '0',
  `date_entered` datetime DEFAULT NULL,
  `date_modified` datetime DEFAULT NULL,
  `created_by` char(36) DEFAULT NULL,
  `modified_user_id` char(36) DEFAULT NULL,
  `name` varchar(255) DEFAULT NULL,
  `job` varchar(255) DEFAULT NULL,
  `date_time_start` datetime DEFAULT NULL,
  `date_time_end` datetime DEFAULT NULL,
  `job_interval` varchar(100) DEFAULT NULL,
  `time_from` time DEFAULT NULL,
  `time_to` time DEFAULT NULL,
  `last_run` datetime DEFAULT NULL,
  `status` varchar(100) DEFAULT NULL,
  `catch_up` tinyint(1) DEFAULT '1',
  PRIMARY KEY (`id`),
  KEY `idx_schedule` (`date_time_start`,`deleted`)
) ENGINE=MyISAM DEFAULT CHARSET=utf8;
/*!40101 SET character_set_client = @saved_cs_client */;

--
-- Dumping data for table `schedulers`
--

LOCK TABLES `schedulers` WRITE;
/*!40000 ALTER TABLE `schedulers` DISABLE KEYS */;
INSERT INTO `schedulers` VALUES ('856dcb73-a604-512c-dd98-4f187a64c798',0,'2012-01-19 20:18:58','2012-01-19 20:18:58','1','1','Prune tracker tables','function::trimTracker','2005-01-01 11:00:01','2020-12-31 23:59:59','0::2::1::*::*',NULL,NULL,NULL,'Active',1),('8610509b-607e-cdc6-b284-4f187ace5e14',0,'2012-01-19 20:18:58','2012-01-19 20:18:58','1','1','Check Inbound Mailboxes','function::pollMonitoredInboxes','2005-01-01 11:45:01','2020-12-31 23:59:59','*::*::*::*::*',NULL,NULL,NULL,'Active',0),('86aacbbc-c4f6-655c-ab25-4f187ab26474',0,'2012-01-19 20:18:58','2012-01-19 20:18:58','1','1','Run Nightly Process Bounced Campaign Emails','function::pollMonitoredInboxesForBouncedCampaignEmails','2005-01-01 12:00:01','2020-12-31 23:59:59','0::2-6::*::*::*',NULL,NULL,NULL,'Active',1),('87425ed1-a1a9-c585-274c-4f187a861bc1',0,'2012-01-19 20:18:58','2012-01-19 20:18:58','1','1','Run Nightly Mass Email Campaigns','function::runMassEmailCampaign','2005-01-01 08:30:01','2020-12-31 23:59:59','0::2-6::*::*::*',NULL,NULL,NULL,'Active',1),('87db47b2-b0ee-1c5e-844b-4f187a7f5260',0,'2012-01-19 20:18:58','2012-01-19 20:18:58','1','1','Prune Database on 1st of Month','function::pruneDatabase','2005-01-01 09:45:01','2020-12-31 23:59:59','0::4::1::*::*',NULL,NULL,NULL,'Inactive',0);
/*!40000 ALTER TABLE `schedulers` ENABLE KEYS */;
UNLOCK TABLES;

--
-- Table structure for table `schedulers_times`
--

DROP TABLE IF EXISTS `schedulers_times`;
/*!40101 SET @saved_cs_client     = @@character_set_client */;
/*!40101 SET character_set_client = utf8 */;
CREATE TABLE `schedulers_times` (
  `id` char(36) NOT NULL,
  `deleted` tinyint(1) DEFAULT '0',
  `date_entered` datetime DEFAULT NULL,
  `date_modified` datetime DEFAULT NULL,
  `scheduler_id` char(36) NOT NULL,
  `execute_time` datetime DEFAULT NULL,
  `status` varchar(100) DEFAULT 'ready',
  PRIMARY KEY (`id`),
  KEY `idx_scheduler_id` (`scheduler_id`,`execute_time`)
) ENGINE=MyISAM DEFAULT CHARSET=utf8;
/*!40101 SET character_set_client = @saved_cs_client */;

--
-- Dumping data for table `schedulers_times`
--

LOCK TABLES `schedulers_times` WRITE;
/*!40000 ALTER TABLE `schedulers_times` DISABLE KEYS */;
/*!40000 ALTER TABLE `schedulers_times` ENABLE KEYS */;
UNLOCK TABLES;

--
-- Table structure for table `sugarfeed`
--

DROP TABLE IF EXISTS `sugarfeed`;
/*!40101 SET @saved_cs_client     = @@character_set_client */;
/*!40101 SET character_set_client = utf8 */;
CREATE TABLE `sugarfeed` (
  `id` char(36) NOT NULL,
  `name` varchar(255) DEFAULT NULL,
  `date_entered` datetime DEFAULT NULL,
  `date_modified` datetime DEFAULT NULL,
  `modified_user_id` char(36) DEFAULT NULL,
  `created_by` char(36) DEFAULT NULL,
  `description` varchar(255) DEFAULT NULL,
  `deleted` tinyint(1) DEFAULT '0',
  `assigned_user_id` char(36) DEFAULT NULL,
  `related_module` varchar(100) DEFAULT NULL,
  `related_id` char(36) DEFAULT NULL,
  `link_url` varchar(255) DEFAULT NULL,
  `link_type` varchar(30) DEFAULT NULL,
  PRIMARY KEY (`id`),
  KEY `sgrfeed_date` (`date_entered`,`deleted`)
) ENGINE=MyISAM DEFAULT CHARSET=utf8;
/*!40101 SET character_set_client = @saved_cs_client */;

--
-- Dumping data for table `sugarfeed`
--

LOCK TABLES `sugarfeed` WRITE;
/*!40000 ALTER TABLE `sugarfeed` DISABLE KEYS */;
INSERT INTO `sugarfeed` VALUES ('44af5b07-1f13-cb4c-81eb-4fe387459ca5','<b>{this.CREATED_BY}</b> {SugarFeed.CREATED_OPPORTUNITY} [Opportunities:3f49f3d5-4dfd-bebc-b322-4fe387b121ab:Opp Template Test 120607] {SugarFeed.WITH} [Accounts:5f670136-f107-f7c3-68a9-4f2985be35cf:TCG, Inc] {SugarFeed.FOR} $5,000.00','2012-06-21 20:45:07','2012-06-21 20:45:07','2bf53c62-efbb-f811-41f8-4f3d64001d45','2bf53c62-efbb-f811-41f8-4f3d64001d45',NULL,0,'2bf53c62-efbb-f811-41f8-4f3d64001d45','Opportunities','3f49f3d5-4dfd-bebc-b322-4fe387b121ab',NULL,NULL),('1667e10e-6927-49b3-39b1-4fe1bedddf68','<b>{this.CREATED_BY}</b> {SugarFeed.CREATED_CONTACT} [Contacts:108cea6e-7571-2e21-7a27-4fe1be0fb781:fgdfgdfg fgdfgdfgdf]','2012-06-20 12:14:33','2012-06-20 12:14:33','1','1',NULL,0,'1','Contacts','108cea6e-7571-2e21-7a27-4fe1be0fb781',NULL,NULL),('a983573e-96f2-a031-9588-4fe055c28960','<b>{this.CREATED_BY}</b> {SugarFeed.CREATED_CONTACT} [Contacts:a4c6c428-7dd1-5f50-38db-4fe055d3bb93:testttttttt testttttttt]','2012-06-19 10:33:45','2012-06-19 10:33:45','1','1',NULL,0,NULL,'Contacts','a4c6c428-7dd1-5f50-38db-4fe055d3bb93',NULL,NULL),('ebda659c-db40-a497-4628-4fec244d8b00','<b>{this.CREATED_BY}</b> {SugarFeed.CREATED_CONTACT} [Contacts:eb40af8d-0574-d433-1eff-4fec24c7c59b:testingImp]','2012-06-28 09:31:02','2012-06-28 09:31:02','1','1',NULL,0,'1','Contacts','eb40af8d-0574-d433-1eff-4fec24c7c59b',NULL,NULL),('c78439ea-0a34-d2d2-6b8d-4fe38777ee4c','<b>{this.CREATED_BY}</b> {SugarFeed.CREATED_OPPORTUNITY} [Opportunities:c20cacc6-4af0-e42f-a515-4fe38740f798:Opp Template Test 120607] {SugarFeed.WITH} [Accounts:5f670136-f107-f7c3-68a9-4f2985be35cf:TCG, Inc] {SugarFeed.FOR} $5,000.00','2012-06-21 20:44:54','2012-06-21 20:44:54','2bf53c62-efbb-f811-41f8-4f3d64001d45','2bf53c62-efbb-f811-41f8-4f3d64001d45',NULL,0,'2bf53c62-efbb-f811-41f8-4f3d64001d45','Opportunities','c20cacc6-4af0-e42f-a515-4fe38740f798',NULL,NULL),('f01c9361-b78f-8aa2-dcbb-4fe41e6d30dc','<b>{this.CREATED_BY}</b> {SugarFeed.CREATED_CONTACT} [Contacts:eb4c23bc-5091-4767-f798-4fe41e660bc4:dgfdf dfg]','2012-06-22 07:28:30','2012-06-22 07:28:30','1','1',NULL,0,'1','Contacts','eb4c23bc-5091-4767-f798-4fe41e660bc4',NULL,NULL),('7bb8d59f-a8c2-3abd-3004-4fe41e4efdd0','<b>{this.CREATED_BY}</b> {SugarFeed.CREATED_CONTACT} [Contacts:76f66c69-0e1d-b310-9aea-4fe41e5a9754:kjhkhjk jhkhkjhkjhkjh]','2012-06-22 07:28:31','2012-06-22 07:28:31','1','1',NULL,0,'1','Contacts','76f66c69-0e1d-b310-9aea-4fe41e5a9754',NULL,NULL);
/*!40000 ALTER TABLE `sugarfeed` ENABLE KEYS */;
UNLOCK TABLES;

--
-- Table structure for table `tasks`
--

DROP TABLE IF EXISTS `tasks`;
/*!40101 SET @saved_cs_client     = @@character_set_client */;
/*!40101 SET character_set_client = utf8 */;
CREATE TABLE `tasks` (
  `id` char(36) NOT NULL,
  `name` varchar(50) DEFAULT NULL,
  `date_entered` datetime DEFAULT NULL,
  `date_modified` datetime DEFAULT NULL,
  `modified_user_id` char(36) DEFAULT NULL,
  `created_by` char(36) DEFAULT NULL,
  `description` text,
  `deleted` tinyint(1) DEFAULT '0',
  `assigned_user_id` char(36) DEFAULT NULL,
  `status` varchar(100) DEFAULT 'Not Started',
  `date_due_flag` tinyint(1) DEFAULT '0',
  `date_due` datetime DEFAULT NULL,
  `date_start_flag` tinyint(1) DEFAULT '0',
  `date_start` datetime DEFAULT NULL,
  `parent_type` varchar(255) DEFAULT NULL,
  `parent_id` char(36) DEFAULT NULL,
  `contact_id` char(36) DEFAULT NULL,
  `priority` varchar(100) DEFAULT NULL,
  PRIMARY KEY (`id`),
  KEY `idx_tsk_name` (`name`),
  KEY `idx_task_con_del` (`contact_id`,`deleted`),
  KEY `idx_task_par_del` (`parent_id`,`parent_type`,`deleted`),
  KEY `idx_task_assigned` (`assigned_user_id`),
  KEY `idx_task_status` (`status`)
) ENGINE=MyISAM DEFAULT CHARSET=utf8;
/*!40101 SET character_set_client = @saved_cs_client */;

--
-- Dumping data for table `tasks`
--

LOCK TABLES `tasks` WRITE;
/*!40000 ALTER TABLE `tasks` DISABLE KEYS */;
/*!40000 ALTER TABLE `tasks` ENABLE KEYS */;
UNLOCK TABLES;

--
-- Table structure for table `tracker`
--

DROP TABLE IF EXISTS `tracker`;
/*!40101 SET @saved_cs_client     = @@character_set_client */;
/*!40101 SET character_set_client = utf8 */;
CREATE TABLE `tracker` (
  `id` int(11) NOT NULL AUTO_INCREMENT,
  `monitor_id` char(36) NOT NULL,
  `user_id` varchar(36) DEFAULT NULL,
  `module_name` varchar(255) DEFAULT NULL,
  `item_id` varchar(36) DEFAULT NULL,
  `item_summary` varchar(255) DEFAULT NULL,
  `date_modified` datetime DEFAULT NULL,
  `action` varchar(255) DEFAULT NULL,
  `session_id` varchar(36) DEFAULT NULL,
  `visible` tinyint(1) DEFAULT '0',
  `deleted` tinyint(1) DEFAULT '0',
  PRIMARY KEY (`id`),
  KEY `idx_tracker_iid` (`item_id`),
  KEY `idx_tracker_userid_vis_id` (`user_id`,`visible`,`id`),
  KEY `idx_tracker_userid_itemid_vis` (`user_id`,`item_id`,`visible`),
  KEY `idx_tracker_monitor_id` (`monitor_id`),
  KEY `idx_tracker_date_modified` (`date_modified`)
) ENGINE=MyISAM AUTO_INCREMENT=3225 DEFAULT CHARSET=utf8;
/*!40101 SET character_set_client = @saved_cs_client */;

--
-- Dumping data for table `tracker`
--

LOCK TABLES `tracker` WRITE;
/*!40000 ALTER TABLE `tracker` DISABLE KEYS */;
INSERT INTO `tracker` VALUES (4,'76f204e7-ed70-92b4-b247-4f18995a14c2','1','UserPreferences','80af08c7-9db3-49ab-db8e-4f1899885e52','Base Implementation.  Should be overridden.','2012-01-19 22:31:30','save','cnfsgjgv3mhctfn84m25n5r5s4',1,0),(10,'56e832ef-2ad8-90aa-40d0-4f1b0a23036c','1','UserPreferences','e039ffb5-1d49-f844-dbc0-4f187b0e5b5f','Base Implementation.  Should be overridden.','2012-01-21 18:57:30','detailview','l620mr24msbqd2k4c4pp9tdhr0',1,0),(59,'bb4b9c8f-276b-2b18-eb60-4f2adf86532d','1','KReports','37c41b18-74ad-7ba1-acc8-4f2ad9bc0add','new Report test','2012-02-02 19:11:18','detailview','nd39moctn33jk16r1d5uedph16',0,0),(8,'3021eaba-0144-e2b8-6c71-4f18ab3a79e8','1','UserPreferences','405d50ad-57bd-aefd-27bb-4f18abd45332','Base Implementation.  Should be overridden.','2012-01-19 23:46:09','save','qbqojddns4b7d4fi5o127jpak3',1,0),(13,'f246f11e-6771-2652-0c89-4f1ec8723933','1','Accounts','7dbac753-3b2a-5332-e9d3-4f1ec8fe7ce8','test account','2012-01-24 15:02:51','detailview','vgmiuvd4oqceet5cj65telk612',0,0),(45,'22d33f4c-8a94-875a-9978-4f2ad9d80a89','1','KReports','9780b9b0-2ffd-944a-7c99-4f2ad7ce7d11','Test Report','2012-02-02 18:42:48','detailview','nd39moctn33jk16r1d5uedph16',0,0),(24,'c3cc95cb-62cb-4d9a-fbe3-4f2986e58126','1','AOS_Products','9c318fa3-8bf8-28ae-d404-4f2986d3e707','Clear Channel 3.0mbps Internet','2012-02-01 18:38:43','detailview','on92relnpgmja2t5kojfd4d3i1',1,0),(338,'ed28098d-c7a0-7f93-4d15-4f4d34ce5cbe','1','nli_Pricing',NULL,'lvso=desc&nli_Pricing2_NLI_PRICING_ORDER_BY=range_from','2012-02-28 20:09:04','listview','g0222636v6i6edgrt064a9oua0',0,0),(88,'a133792f-8c8c-d03f-c578-4f31819e675d','1','Emails','17661ad8-f2f5-4ca7-5a20-4f31818fa21c','Quote for Internet and VOIP','2012-02-07 19:53:47','save','6oe8dfjmdrk3vncmo6ln0q85b6',1,0),(105,'e23b3dcd-a8b6-865d-3b7e-4f3aa2435b62','1','AOS_Quotes','5fa96842-e9f3-67e0-2f17-4f298bbc1548','Internet and VOIP','2012-02-14 18:07:12','editview','toea9iej5o9kod8bnoj6rdk3i2',1,0),(25,'4c5061ba-4710-d68b-e7b6-4f2988013de5','1','AOS_Products','25e8ddd8-d8fd-8539-2724-4f298838b100','10,000 Minutes','2012-02-01 18:45:46','detailview','on92relnpgmja2t5kojfd4d3i1',0,0),(83,'3287245a-ccd4-b792-9cb6-4f3167237d71','1','Emails','c442feb7-276a-e330-9f23-4f3166771090','Quote for Internet and VOIP','2012-02-07 18:04:23','detailview','bdsfm7gq8o8i5ca19pv5dokt13',1,0),(36,'238fb9a2-f461-1ed2-9779-4f298f1e9297','1','Contacts','bc2b8613-7800-d1d4-1f0e-4f2984fdcc27','Mr. David Ferrell','2012-02-01 19:17:07','detailview','on92relnpgmja2t5kojfd4d3i1',1,0),(70,'917178e1-18bd-dc13-5f90-4f3165f0f22f','1','UserPreferences','921c0100-842c-d237-0fcb-4f3165f6a5d7','Base Implementation.  Should be overridden.','2012-02-07 17:55:42','save','bdsfm7gq8o8i5ca19pv5dokt13',1,0),(146,'cf7ed03d-4057-3b66-4943-4f3d5b467be0','1','UserPreferences','3faf3a22-1049-6836-aa1f-4f18abe9c362','Base Implementation.  Should be overridden.','2012-02-16 19:39:35','save','cumh4lku1b69tuhc1oqe0lsdo1',1,0),(34,'c37d0fa3-535d-ec79-9bfc-4f298b48a5d7','1','Users','1','Sugar Admin','2012-02-01 19:00:43','editview','on92relnpgmja2t5kojfd4d3i1',1,0),(65,'8c0ccfc4-9ede-21fb-2788-4f2ae685f1b5','1','AOS_Products_Quotes','9bca6cf7-6644-5e30-5432-4f2ae68a66e5','Enhanced Extension','2012-02-02 19:38:17','save','nd39moctn33jk16r1d5uedph16',1,0),(66,'1b9271d8-e67f-71ef-d87c-4f2ae6338670','1','AOS_Invoices','98c0484b-8cfb-bb94-00ac-4f2ae60e5d14','Internet and VOIP','2012-02-02 19:38:18','detailview','nd39moctn33jk16r1d5uedph16',1,0),(75,'80b96e6a-3512-0bdc-2a7c-4f3166521ba5','1','Opportunities','ca209b95-d565-6308-bdc0-4f2986bff41f','Internet and VOIP','2012-02-07 17:58:36','detailview','bdsfm7gq8o8i5ca19pv5dokt13',1,0),(71,'dc51b4fd-577a-6d16-1b9f-4f3165bfad28','1','Users','9106f88a-f272-8119-72a3-4f3165461fc6','Al Allen','2012-02-07 17:55:42','detailview','bdsfm7gq8o8i5ca19pv5dokt13',1,0),(72,'d174ec86-bd7f-45af-94aa-4f31655bff59','1','Accounts','5f670136-f107-f7c3-68a9-4f2985be35cf','TCG, Inc','2012-02-07 17:56:00','detailview','bdsfm7gq8o8i5ca19pv5dokt13',1,0),(102,'b861a35c-666e-e775-1f95-4f3a9d7fc32b','1','AOS_PDF_Templates','c82e9778-76b7-2d30-825d-4f298a54f190','test','2012-02-14 17:42:30','editview','toea9iej5o9kod8bnoj6rdk3i2',0,0),(91,'3c2a8ad6-03cf-0472-a7fd-4f3187a3c094','1','AOS_Contracts','4856405f-d491-18f0-3d42-4f3187d623e6','Internet and VOIP','2012-02-07 20:20:41','save','6oe8dfjmdrk3vncmo6ln0q85b6',1,0),(89,'eab2c0d0-9dc5-8360-6482-4f3181affb3b','1','Emails','7e6996d4-d5f5-73d4-b4ee-4f31801f063f','Quote for Internet and VOIP','2012-02-07 19:53:52','detailview','6oe8dfjmdrk3vncmo6ln0q85b6',1,0),(93,'c95b136a-d6fe-fb1b-5d4b-4f32d95b0c4a','1','Contacts','cb925da9-8ff3-9687-8211-4f32d9608dcf',' ','2012-02-08 20:23:14','editview','oq55ih8dqv4paug7982c3u06l0',0,0),(108,'b169d86a-2880-a1e3-654c-4f3abfd8eb74','1','Contacts','efe96a32-66ef-938b-7286-4f3aafa95128','Mr. Yim Lee','2012-02-14 20:09:36','editview','ujifpcrp9g2ave57vvecd61n21',1,0),(97,'57ae4bf0-b838-98d9-cb1d-4f32dd0d5d2e','1','Contacts','a5cf2bca-cc8c-ae8b-16c1-4f32daf5cd68','ashutosh singh','2012-02-08 20:38:41','save','oq55ih8dqv4paug7982c3u06l0',0,0),(107,'ea6bd22c-1442-d8e3-fa8f-4f3aba1cbed4','1','Contacts',NULL,'lvso=asc&Contacts2_CONTACT_ORDER_BY=last_name','2012-02-14 19:47:46','listview','ujifpcrp9g2ave57vvecd61n21',0,0),(106,'afa41668-5615-5ab5-3f50-4f3aa31c5d33','1','Contacts','560f9275-9d38-feeb-f887-4f3a9b9987ed','Mr. David Ferrell','2012-02-14 18:11:11','detailview','udfs2hvm6r2mjo0btnkorr18r6',0,0),(111,'78c1c48d-5cf2-ba2f-933b-4f3c4c034663','1','Contacts','eddd9f19-45e5-9778-b092-4f3aafb4bb67','Test Contact','2012-02-16 00:21:21','editview','uafq3d81sv70mk38n7fnf46qq7',0,0),(135,'3aa67fb6-f04a-c716-b48c-4f3d55bf9e2f','1','UserPreferences','9798b964-c8e9-2c24-7215-4f3d55cc1353','Base Implementation.  Should be overridden.','2012-02-16 19:12:59','save','g3m42glc7m5epmqcf5sf10gv42',1,0),(121,'f2cb627a-b19e-37f4-6977-4f3c4e7566eb','1','Contacts','6ede068e-db91-abce-99b7-4f3c4b18983f','Ram Singh','2012-02-16 00:32:00','editview','uafq3d81sv70mk38n7fnf46qq7',0,0),(117,'7cc022ed-0b2e-3acb-c08a-4f3c4c5916fa','1','Contacts','a5cf2bca-cc8c-ae8b-16c1-4f32daf5cd68','Ashutosh Singh','2012-02-16 00:24:35','detailview','uafq3d81sv70mk38n7fnf46qq7',1,0),(261,'b1dec87a-fc9a-fa97-eb50-4f4c771bf83e','1','Users','b382dde4-a6f4-b9c9-76b7-4f3d574329b1','Ashutosh Singh','2012-02-28 06:43:34','detailview','j7pfj27cfmv6bhch3k9od4v4t6',1,0),(397,'c3997287-158b-873d-da5f-4f4d6b576cb1','1','UserPreferences','2d3d4384-d818-e699-a17a-4f3d641beaeb','Base Implementation.  Should be overridden.','2012-02-29 00:04:36','save','721vph3ha18saiqpb0cbe1ur51',1,0),(241,'175c430e-7787-832b-690d-4f4c661e1b03','1','ACLRoles','5fb57e96-8bfb-18b5-40d1-4f4c6357c797','Inside Sales','2012-02-28 05:31:24','editview','j7pfj27cfmv6bhch3k9od4v4t6',1,0),(131,'3146565e-5212-9f10-f8d5-4f3d46640b13','1','ACLRoles','8d2ee3f2-6a8d-d07d-46a5-4f3d452e168a','Inside Sales','2012-02-16 18:12:01','detailview','i3q9c0thj92m6r20ed9c8u2ca1',1,0),(140,'410efe92-c277-1672-e7b0-4f3d57307d76','1','UserPreferences','b48ee906-7cba-6e6a-4537-4f3d575ff26b','Base Implementation.  Should be overridden.','2012-02-16 19:23:43','save','g3m42glc7m5epmqcf5sf10gv42',1,0),(262,'25faf0fe-f9f6-1316-a346-4f4c77ea3cce','1','ACLRoles','826cd3e7-35c6-2689-cebd-4f3d5f4cb02d','Development','2012-02-28 06:44:36','detailview','j7pfj27cfmv6bhch3k9od4v4t6',1,0),(143,'530637a4-0dc9-6d98-78b2-4f3d5934c8ed','1','UserPreferences','53bc37c6-301c-2693-18b9-4f3d595d8932','Base Implementation.  Should be overridden.','2012-02-16 19:29:37','save','g3m42glc7m5epmqcf5sf10gv42',1,0),(144,'2d6fb3a0-fdca-e572-eeb8-4f3d597864d0','1','Users','529b1975-f375-4559-0442-4f3d597ffd41','Hardik Radixweb','2012-02-16 19:29:38','detailview','g3m42glc7m5epmqcf5sf10gv42',1,0),(147,'52c10a81-256f-1d28-7f28-4f3d5bddcb3f','1','Users','72f20144-3763-2903-8a91-4f1899fa87a2','df Channel','2012-02-16 19:39:35','detailview','cumh4lku1b69tuhc1oqe0lsdo1',1,0),(652,'8ad50723-7797-e896-9c30-4f6a0eccfe42','1','AOS_Invoices','90eaeaf5-622d-3ae2-18b9-4f6a0e5b4044','Internet and VOIP','2012-03-21 17:24:23','detailview','vcbo5096mh3dse5dunnakjk4v5',1,0),(161,'21ee276d-15de-85dc-b5c2-4f3d5d1aad27','1','UserPreferences','ac93d60b-0397-607a-8691-4f3d5c0c5d79','Base Implementation.  Should be overridden.','2012-02-16 19:48:28','save','cumh4lku1b69tuhc1oqe0lsdo1',1,0),(150,'ad073307-7c62-fa26-ba5f-4f3d5c7ab9e7','1','Users',NULL,'lvso=asc&Users2_USER_ORDER_BY=last_name','2012-02-16 19:43:34','listview','cumh4lku1b69tuhc1oqe0lsdo1',0,0),(151,'90d1ee7c-2298-158d-b43d-4f3d5c14fb67','1','UserPreferences','91766f98-29d7-82d0-449c-4f3d5c3dfe44','Base Implementation.  Should be overridden.','2012-02-16 19:44:15','save','cumh4lku1b69tuhc1oqe0lsdo1',1,0),(152,'cacf7e1a-10b6-a7be-352b-4f3d5c1d6240','1','Users','90898185-59a4-f2ee-7a0b-4f3d5c354c02','df Client','2012-02-16 19:44:15','detailview','cumh4lku1b69tuhc1oqe0lsdo1',1,0),(153,'88ac253d-d4a1-40cc-ad0b-4f3d5c2ff1be','1','Releases','887830ae-5478-7009-9285-4f3d5cfc44e7','1.0','2012-02-16 19:44:46','save','g3m42glc7m5epmqcf5sf10gv42',1,0),(235,'1137fc38-825c-d868-a763-4f4c5e380a5c','1','ACLRoles','1106e50f-d89b-aefc-75a3-4f4c5e136ac2','Marketing Admin','2012-02-28 04:57:04','save','j7pfj27cfmv6bhch3k9od4v4t6',1,0),(312,'2d1f45db-d011-d407-8ac1-4f4d2e20d915','2bf53c62-efbb-f811-41f8-4f3d64001d45','Users','25a0041d-c499-73e9-10ac-4f3d633f9e36','Jack','2012-02-28 19:42:34','detailview','vtcpn8s11jtblgqugiqefjcss7',1,0),(156,'28e23b10-8c81-f588-e73e-4f3d5d0d6e7e','1','UserPreferences','298e6800-849c-1999-ab26-4f3d5da2fa6d','Base Implementation.  Should be overridden.','2012-02-16 19:46:22','save','cumh4lku1b69tuhc1oqe0lsdo1',1,0),(157,'61c8ed48-dace-5adf-d7a8-4f3d5d5823fc','1','Users','289d9714-18dc-aea1-d498-4f3d5dd2d89b','df HelpDesk','2012-02-16 19:46:22','detailview','cumh4lku1b69tuhc1oqe0lsdo1',1,0),(158,'1d2d82a0-5594-2db1-5640-4f3d5da087ef','1','UserPreferences','1dd05dab-ea42-4776-33eb-4f3d5d60b9f1','Base Implementation.  Should be overridden.','2012-02-16 19:47:55','save','cumh4lku1b69tuhc1oqe0lsdo1',1,0),(159,'6494966f-e73c-f750-2e52-4f3d5d451ebe','1','Users','1ce8b12c-6526-b1ed-6a36-4f3d5d8c7325','df InsideSales','2012-02-16 19:47:55','detailview','cumh4lku1b69tuhc1oqe0lsdo1',1,0),(163,'7627cc0f-ab7e-b743-2be8-4f3d5d850f5a','1','Users',NULL,'lvso=desc&Users2_USER_ORDER_BY=last_name','2012-02-16 19:48:38','listview','cumh4lku1b69tuhc1oqe0lsdo1',0,0),(162,'504efec2-5915-d82e-2838-4f3d5df78146','1','Users','ab9d4000-9fcd-6b70-8ecf-4f3d5c657acf','df ARCs','2012-02-16 19:48:28','detailview','cumh4lku1b69tuhc1oqe0lsdo1',1,0),(164,'3365b7e6-eb20-e37e-3681-4f3d5d466370','1','Users',NULL,'lvso=asc&Users2_USER_ORDER_BY=last_name','2012-02-16 19:48:42','listview','cumh4lku1b69tuhc1oqe0lsdo1',0,0),(173,'daf0fc06-a1e1-ce23-6192-4f3d600b5c96','b382dde4-a6f4-b9c9-76b7-4f3d574329b1','Bugs','b641114c-18da-c313-cf1a-4f3d5fbf36ee','circuitTestRecord','2012-02-16 20:00:10','detailview','pf4r7nbiu99bi086u3h8ghmeg3',0,0),(170,'ef4ee617-4946-5d28-e20b-4f3d5fde87ee','1','UserPreferences','dc7dfcf5-4992-62e1-4fdc-4f3d5c4c42b6','Base Implementation.  Should be overridden.','2012-02-16 19:57:37','save','cumh4lku1b69tuhc1oqe0lsdo1',1,0),(247,'13a1012d-2e0a-76a9-81b5-4f4c674c3411','1','ACLRoles','b1650fff-7c60-be4c-80a1-4f4c66821563','Outside Sales','2012-02-28 05:36:46','editview','j7pfj27cfmv6bhch3k9od4v4t6',1,0),(1755,'4db10478-40aa-c0c0-886e-4fa27f0a85d2','1','Contacts','6ede068e-db91-abce-99b7-4f3c4b18983f','Ram Singh','2012-05-03 12:51:33','detailview','dobnpo952ieronilnuh09rv9s2',0,0),(171,'29090a3e-67fe-e2eb-ec91-4f3d5f181112','1','Users','db9fb85d-36e5-a15b-ffdf-4f3d5c469648','df admin','2012-02-16 19:57:38','detailview','cumh4lku1b69tuhc1oqe0lsdo1',1,0),(177,'ea4ab338-e531-0812-d154-4f3d613d8782','1','UserPreferences','eafbf5e8-ee1a-9c96-2070-4f3d6181a203','Base Implementation.  Should be overridden.','2012-02-16 20:04:32','save','g3m42glc7m5epmqcf5sf10gv42',1,0),(181,'3f71541b-6d6c-a8de-54cb-4f3d629882ed','1','UserPreferences','40275551-509a-2e89-e94e-4f3d62a86805','Base Implementation.  Should be overridden.','2012-02-16 20:09:02','save','g3m42glc7m5epmqcf5sf10gv42',1,0),(234,'ed136cfb-2ffc-ad60-f763-4f4c5cd6d138','1','ACLRoles','17fe5fce-9dbc-7734-bbd1-4f4900b93f73','Marketing Manager','2012-02-28 04:47:18','detailview','j7pfj27cfmv6bhch3k9od4v4t6',1,0),(201,'2ac56718-ac16-2782-07e1-4f3d667f70ce','1','Bugs','b641114c-18da-c313-cf1a-4f3d5fbf36ee','circuitTestRecord','2012-02-16 20:25:45','detailview','g3m42glc7m5epmqcf5sf10gv42',0,0),(179,'bb953aa9-9e2b-0d16-f1b4-4f3d611ebc68','1','Users','e9f79185-1406-a996-16f2-4f3d61458948','Manish dahigavakar','2012-02-16 20:04:51','detailview','g3m42glc7m5epmqcf5sf10gv42',1,0),(183,'53f54305-96a1-0b5c-1ad2-4f3d6236cfdc','1','Users','3f1eeaaf-26fa-30f4-f990-4f3d62566304','Bryant tc','2012-02-16 20:09:22','detailview','g3m42glc7m5epmqcf5sf10gv42',1,0),(187,'34f12f58-d618-5dcc-f16f-4f3d6312a445','1','UserPreferences','35a32164-82a7-5420-7215-4f3d635805e6','Base Implementation.  Should be overridden.','2012-02-16 20:14:24','save','g3m42glc7m5epmqcf5sf10gv42',1,0),(190,'8d2a9ef2-cbb2-43f8-0593-4f3d638dcba9','1','UserPreferences','8de291b9-6500-02e8-dedb-4f3d63c64e6e','Base Implementation.  Should be overridden.','2012-02-16 20:15:37','save','g3m42glc7m5epmqcf5sf10gv42',1,0),(189,'29e1b922-e120-b7e5-7bd7-4f3d63b82b15','1','Users','34a48a8a-cac7-add2-0b65-4f3d6311d045','Hayden','2012-02-16 20:14:40','detailview','g3m42glc7m5epmqcf5sf10gv42',1,0),(193,'82af3334-4d75-94ee-1d9a-4f3d6496bd08','1','UserPreferences','835c99cd-d4fe-1c20-a9e7-4f3d6416a786','Base Implementation.  Should be overridden.','2012-02-16 20:17:04','save','g3m42glc7m5epmqcf5sf10gv42',1,0),(192,'9170aa26-be9b-d80b-43aa-4f3d633bd94c','1','Users','8ce9fd7e-e650-38b9-f948-4f3d637f4517','matt','2012-02-16 20:15:52','detailview','g3m42glc7m5epmqcf5sf10gv42',1,0),(195,'8f660162-bf07-b5bd-7ac7-4f3d6484855a','1','Users','825f89e3-f7c9-2ddd-a2d3-4f3d644c3004','Jeff','2012-02-16 20:17:19','detailview','g3m42glc7m5epmqcf5sf10gv42',1,0),(406,'ca140b52-5cab-5d3e-06c5-4f4e84738450','1','nli_Pricing',NULL,'lvso=desc&nli_Pricing2_NLI_PRICING_ORDER_BY=range_from','2012-02-29 20:03:32','listview','o661f7h4p7ivd4uqf79oc1o0t2',0,0),(199,'99cc84ba-95ee-4db4-4eeb-4f3d65b050c7','1','Users','9673dc31-3233-8829-d8af-4f3d55b2ff3c','Rakesh Sahadevan','2012-02-16 20:22:00','detailview','g3m42glc7m5epmqcf5sf10gv42',1,0),(395,'3690789c-d9c2-d99f-aab1-4f4d5ba25513','3f1eeaaf-26fa-30f4-f990-4f3d62566304','Bugs','167800c3-797a-dc87-8559-4f4d253fc631','Parent Order Issues','2012-02-28 22:55:27','detailview','su9iemosgp3on33b9ac5ht8kn6',1,0),(448,'a39dc170-d5ec-bfb8-f5d1-4f5e4c72ef04','1','AOS_Products_Quotes','6173c4a8-653b-c371-0afc-4f298bfb833d','Clear Channel 3.0mbps Internet','2012-03-12 19:21:47','editview','ase1cemvtefsgrasv5f6fg6do5',1,0),(206,'a3ce5504-88cc-a0f3-6f08-4f3d6f80a6be','1','UserPreferences','12490870-841f-0a72-a6a5-4f3d639ea0b2','Base Implementation.  Should be overridden.','2012-02-16 21:05:28','save','cumh4lku1b69tuhc1oqe0lsdo1',1,0),(216,'f101b157-40ac-b527-9308-4f3fb4680dc0','9673dc31-3233-8829-d8af-4f3d55b2ff3c','Bugs','8680e2a5-cd28-69a7-cdda-4f3fb4b7d946','InvoiceId in Invoice is not coming correctly','2012-02-18 14:25:20','detailview','o6ubbjc1179g7bl4mudb6f4nb7',1,0),(405,'4e41ccd8-0ea2-43b8-3e3c-4f4dfd92523c','529b1975-f375-4559-0442-4f3d597ffd41','Bugs','167800c3-797a-dc87-8559-4f4d253fc631','Parent Order Issues','2012-02-29 10:27:48','detailview','uq0ka8b276jf1v040saohovrk6',1,0),(214,'ec352e73-cd19-8a5d-b96b-4f3e5ba65667','529b1975-f375-4559-0442-4f3d597ffd41','Bugs','b641114c-18da-c313-cf1a-4f3d5fbf36ee','circuitTestRecord','2012-02-17 13:51:57','detailview','c3vf62i38t5b4boj76jmntda55',0,0),(219,'ad6f5641-47fb-3df8-5ae8-4f414181c859','9673dc31-3233-8829-d8af-4f3d55b2ff3c','Bugs','b641114c-18da-c313-cf1a-4f3d5fbf36ee','circuitTestRecord','2012-02-19 18:39:40','detailview','p24ps7e0t4n8kg2j60qhvfur05',0,0),(217,'290feff4-558a-399e-0fa5-4f3fe299a482','9673dc31-3233-8829-d8af-4f3d55b2ff3c','Bugs','9bc91d90-b73d-9484-406c-4f3fe27fe416','Mapping of Product Catalog of Homir to JBilling','2012-02-18 17:39:36','detailview','97ef5na2hqs3r5pbh3pude0is3',1,0),(218,'319883c6-1726-f4f5-9928-4f4141722aaf','9673dc31-3233-8829-d8af-4f3d55b2ff3c','Bugs','34ce799a-f3d9-f766-1e0a-4f3e4c6f5333','JBilling Item Id\'s needs to pass for creating the Order','2012-02-19 18:39:04','detailview','p24ps7e0t4n8kg2j60qhvfur05',1,0),(221,'8fa061b4-0d07-48b1-fcb1-4f421dd93e7d','e9f79185-1406-a996-16f2-4f3d61458948','Bugs','9bc91d90-b73d-9484-406c-4f3fe27fe416','Mapping of Product Catalog of Homir to JBilling','2012-02-20 10:17:43','detailview','4cc8ro9qn0i10t9a2v3oj4gni0',1,0),(739,'522ad0e7-dc75-d02b-13ba-4f7248d1ab66','2bf53c62-efbb-f811-41f8-4f3d64001d45','AOS_Products','25e8ddd8-d8fd-8539-2724-4f298838b100','Minutes','2012-03-27 23:07:15','detailview','hrmats1mgdojgda9glq8lm7f55',0,0),(415,'97a20abc-a7a7-3d8f-0c10-4f4e93f319b5','1','nli_Pricing','733bd8fb-167f-f2f2-43a6-4f4d244f16ca',NULL,'2012-02-29 21:07:54','editview','o661f7h4p7ivd4uqf79oc1o0t2',1,0),(858,'1b6f94f5-ebb9-7139-ec8a-4f77d25090ec','1','AOS_Products','71c9d3ef-d65e-c472-1951-4f756c732ab1','Enhanced Extension Install ','2012-04-01 04:00:07','detailview','ij0kblmlactptd6gpk1k8lgud7',0,0),(384,'cba782c0-723e-5bf4-5a62-4f4d50c2961b','1','ACLRoles','6d595e83-6aee-7155-169a-4f4d47581a11','Channel Manager','2012-02-28 22:10:26','save','4drv0vbgp1b1n7iec7dt0pqbd1',1,0),(339,'53930cf1-9ac8-cd71-7d58-4f4d347b4e5b','1','nli_Pricing',NULL,'lvso=asc&nli_Pricing2_NLI_PRICING_ORDER_BY=range_to','2012-02-28 20:09:48','listview','g0222636v6i6edgrt064a9oua0',0,0),(400,'10369321-53af-8954-1b80-4f4d6c6e9e29','2bf53c62-efbb-f811-41f8-4f3d64001d45','Bugs','9bc91d90-b73d-9484-406c-4f3fe27fe416','Mapping of Product Catalog of Homir to JBilling','2012-02-29 00:06:55','detailview','vig4tgibu17u1i7pqkme3k9sc1',1,0),(404,'990000fc-f1ee-34cf-4887-4f4dfd6ab24f','529b1975-f375-4559-0442-4f3d597ffd41','Bugs','34ce799a-f3d9-f766-1e0a-4f3e4c6f5333','JBilling Item Id\'s needs to pass for creating the Order','2012-02-29 10:27:43','detailview','uq0ka8b276jf1v040saohovrk6',1,0),(380,'188447e6-abf2-48be-1ca3-4f4d470c511d','1','ACLRoles','c55f6307-f05f-86a1-a0dd-4f4c678e1b4f','Channel Sales Partner','2012-02-28 21:30:50','detailview','4drv0vbgp1b1n7iec7dt0pqbd1',1,0),(336,'f395adb3-4355-6a15-a3a5-4f4d327ba025','1','nli_Pricing','e8b71fac-b8b1-23cf-2189-4f4d2dcf5617',NULL,'2012-02-28 20:01:45','editview','hbftqfbbuqjlcrfrv9hkqetul4',1,0),(402,'33a444ac-c190-a67e-1c79-4f4d7b10a3d6','2bf53c62-efbb-f811-41f8-4f3d64001d45','Bugs','167800c3-797a-dc87-8559-4f4d253fc631','Parent Order Issues','2012-02-29 01:12:20','editview','aa636gpb1748lauec6jma6sft5',1,0),(354,'428f0ba3-5651-9ce3-7469-4f4d38681ec9','1','ACLRoles','f18a5360-4065-3bb9-30f9-4f4c686f01c2','ARCs','2012-02-28 20:27:50','detailview','g0222636v6i6edgrt064a9oua0',1,0),(1717,'b1790a1e-edb3-898f-0f28-4f9736f1a059','2bf53c62-efbb-f811-41f8-4f3d64001d45','Emails','9a0a94ae-5ad8-8ccc-bb9c-4f9736f0ad1e','test','2012-04-24 23:26:49','save','lni27accd2j9jnn48flrrt49s2',1,0),(348,'8ec69cd3-df74-e809-c854-4f4d360b60fa','1','nli_Pricing',NULL,'lvso=desc&nli_Pricing2_NLI_PRICING_ORDER_BY=range_to','2012-02-28 20:19:52','listview','g0222636v6i6edgrt064a9oua0',0,0),(373,'175dab72-bd20-4647-57c1-4f4d4705daaf','1','ACLRoles','1183e9ea-91e4-66a8-ec88-4f4c62836cc6','Sales Manager','2012-02-28 21:28:59','detailview','4drv0vbgp1b1n7iec7dt0pqbd1',1,0),(349,'5b6a0000-8895-2c8f-9ee3-4f4d36898e5d','1','nli_Pricing',NULL,'lvso=asc&nli_Pricing2_NLI_PRICING_ORDER_BY=range_to','2012-02-28 20:19:54','listview','g0222636v6i6edgrt064a9oua0',0,0),(350,'724abe72-3baa-d953-42a6-4f4d38fcaeac','1','nli_Pricing',NULL,'lvso=desc&nli_Pricing2_NLI_PRICING_ORDER_BY=range_from','2012-02-28 20:26:45','listview','g0222636v6i6edgrt064a9oua0',0,0),(420,'bc9f249e-d9bc-5511-b1a1-4f4fbef5abb5','1','nli_Pricing',NULL,'lvso=desc&nli_Pricing2_NLI_PRICING_ORDER_BY=range_from','2012-03-01 18:22:31','listview','rb7cad3h4ep5a285l44nialin7',0,0),(352,'73838da2-04ca-a02e-b440-4f4d389d6aa1','1','nli_Pricing','3c8710ba-fd07-bbd1-4976-4f4d2bd4a6be',NULL,'2012-02-28 20:27:31','detailview','g0222636v6i6edgrt064a9oua0',1,0),(821,'b23840b6-b26b-912f-be9b-4f74c71527da','2bf53c62-efbb-f811-41f8-4f3d64001d45','UserPreferences','b357edc2-b39f-c2f0-5d14-4f74c70434e5','Base Implementation.  Should be overridden.','2012-03-29 20:34:19','save','mq7qvagvco09e1r3cn2nth4cn3',1,0),(363,'8060bd27-9962-9faa-1b58-4f4d3ccc8065','1','nli_Pricing',NULL,'lvso=desc&nli_Pricing2_NLI_PRICING_ORDER_BY=price','2012-02-28 20:45:03','listview','g0222636v6i6edgrt064a9oua0',0,0),(370,'50e49574-ba40-7898-b792-4f4d3dea1746','1','Contacts','bc2b8613-7800-d1d4-1f0e-4f2984fdcc27','Mr. David Ferrell','2012-02-28 20:46:14','detailview','g0222636v6i6edgrt064a9oua0',1,0),(364,'5d3269f3-3a48-01f6-55e2-4f4d3cf5aad2','1','nli_Pricing',NULL,'lvso=asc&nli_Pricing2_NLI_PRICING_ORDER_BY=price','2012-02-28 20:45:06','listview','g0222636v6i6edgrt064a9oua0',0,0),(365,'989c17b5-650a-3013-e5c8-4f4d3c73b6b4','1','nli_Pricing',NULL,'lvso=desc&nli_Pricing2_NLI_PRICING_ORDER_BY=price','2012-02-28 20:45:08','listview','g0222636v6i6edgrt064a9oua0',0,0),(366,'df5391c1-2566-3724-6417-4f4d3c8a53d1','1','nli_Pricing',NULL,'lvso=asc&nli_Pricing2_NLI_PRICING_ORDER_BY=price','2012-02-28 20:45:10','listview','g0222636v6i6edgrt064a9oua0',0,0),(367,'9f72935b-39f4-b6c5-2546-4f4d3c2a2f4d','1','nli_Pricing',NULL,'lvso=desc&nli_Pricing2_NLI_PRICING_ORDER_BY=price','2012-02-28 20:45:14','listview','g0222636v6i6edgrt064a9oua0',0,0),(368,'d3a2163a-eea0-fb75-fddc-4f4d3cc5378d','1','nli_Pricing',NULL,'lvso=asc&nli_Pricing2_NLI_PRICING_ORDER_BY=price','2012-02-28 20:45:16','listview','g0222636v6i6edgrt064a9oua0',0,0),(398,'c1750f86-e0f9-e9f7-2635-4f4d6bb87f7b','1','Users','2bf53c62-efbb-f811-41f8-4f3d64001d45','Dave Ferrell','2012-02-29 00:04:36','detailview','721vph3ha18saiqpb0cbe1ur51',1,0),(932,'5cbdde44-b873-17df-b862-4f7ad40f4321','1','AOS_Products','1adc0e4c-fc4b-7cd5-efc7-4f755e379fd5','Point-to-Point T1  - Install ','2012-04-03 10:44:54','detailview','ocs80jfd72rdh352sakm4n77d4',0,0),(440,'d814e11f-3aac-3326-cdfe-4f4fee279893','9106f88a-f272-8119-72a3-4f3165461fc6','nli_Pricing','85cef863-79bb-6d6a-a8bd-4f4d2c2d5a56',NULL,'2012-03-01 21:48:42','editview','9k0fomg8e7vjq4aq8kc317sg17',1,0),(718,'56f5df6b-b54a-5417-9f9d-4f72135fe058','9106f88a-f272-8119-72a3-4f3165461fc6','AOS_Quotes','5fa96842-e9f3-67e0-2f17-4f298bbc1548','Internet and VOIP','2012-03-27 19:22:58','detailview','vsgs92po0ei5vbd81sov1hhmk5',1,0),(1124,'547ad626-263e-35df-3c9c-4f7b74abff34','2bf53c62-efbb-f811-41f8-4f3d64001d45','AOS_Products','7a65b598-064d-e109-73a5-4f755ffa82ea','Direct Inward Dial (DID) ','2012-04-03 22:05:47','detailview','ndcorf40fr4hvn3j57hauua8k1',1,0),(724,'9e6505c4-c569-55d2-f151-4f723d109aa7','2bf53c62-efbb-f811-41f8-4f3d64001d45','Employees','9106f88a-f272-8119-72a3-4f3165461fc6','Al Allen','2012-03-27 22:20:36','detailview','hrmats1mgdojgda9glq8lm7f55',1,0),(579,'9bfb5a0e-35b3-8daf-effd-4f6609f94448','1','nli_Pricing','1a60bbc3-222b-0bea-e5cd-4f4d31dbb921',NULL,'2012-03-18 16:12:11','editview','88soltlnbqimlbhod63ltppp11',1,0),(668,'716363b4-b975-92f1-bdc6-4f6bffb4ca33','2bf53c62-efbb-f811-41f8-4f3d64001d45','Users',NULL,'lvso=desc&Users2_USER_ORDER_BY=last_name','2012-03-23 04:45:48','listview','5j4a7pdapi9oavvbtmoc3qc8u2',0,0),(1702,'43bc72b7-b1c6-cdd3-c424-4f97153556fc','2bf53c62-efbb-f811-41f8-4f3d64001d45','AOS_Products','9c318fa3-8bf8-28ae-d404-4f2986d3e707','Clear Channel Internet','2012-04-24 21:06:12','detailview','lni27accd2j9jnn48flrrt49s2',1,0),(1644,'751fb449-bce6-f669-5674-4f90697827e4','2bf53c62-efbb-f811-41f8-4f3d64001d45','Users','289d9714-18dc-aea1-d498-4f3d5dd2d89b','df HelpDesk','2012-04-19 19:39:06','editview','d7bfncuqsld7890jlqeilr9597',1,0),(622,'3e71844f-07bb-abae-749a-4f68d298e795','b382dde4-a6f4-b9c9-76b7-4f3d574329b1','AOS_Quotes','5fa96842-e9f3-67e0-2f17-4f298bbc1548','Internet and VOIP','2012-03-20 18:54:05','editview','2ejl4mq2g40uh7ei1r9vq13jg1',1,0),(1120,'a12b63f9-ea07-499a-d6c0-4f7b740fa978','2bf53c62-efbb-f811-41f8-4f3d64001d45','AOS_Products','141a1467-2427-93b2-8867-4f755b592a59','Point-to-Point T1 ','2012-04-03 22:05:14','detailview','ndcorf40fr4hvn3j57hauua8k1',0,0),(628,'836f4d0c-ada7-4d5c-eff8-4f68d4e4755b','b382dde4-a6f4-b9c9-76b7-4f3d574329b1','Opportunities','e77d0167-2881-8330-58b2-4f68b94892ca','Inet & Voip 1203200930','2012-03-20 19:02:20','detailview','2ejl4mq2g40uh7ei1r9vq13jg1',1,0),(1931,'7902a600-337e-8c07-7168-4facbcbb1e3d','1','UserPreferences','e039ffb5-1d49-f844-dbc0-4f187b0e5b5f','Base Implementation.  Should be overridden.','2012-05-11 07:14:50','save','9pd1haj86dcle1tslk395n9jc2',1,0),(651,'a24a6d98-8ebf-b9a7-25a7-4f6a0e4b9103','1','AOS_Invoices','98c0484b-8cfb-bb94-00ac-4f2ae60e5d14','Internet and VOIP','2012-03-21 17:24:09','detailview','vcbo5096mh3dse5dunnakjk4v5',1,0),(666,'ece5f1e5-0bbd-19ca-855b-4f6b5fc2405c','1','AOS_Products_Quotes','94a943cb-be09-e8b4-377c-4f6a0e70904d','Enhanced Extension','2012-03-22 17:20:07','detailview','fcn51kf7dlfbqpa6r26bvs7l51',1,0),(667,'511c1e35-4fc1-a6c5-1726-4f6b5fc17689','1','AOS_PDF_Templates','c82e9778-76b7-2d30-825d-4f298a54f190','test','2012-03-22 17:21:58','detailview','fcn51kf7dlfbqpa6r26bvs7l51',0,0),(670,'e5eea39f-7f09-4eac-40ee-4f6c00dc951b','2bf53c62-efbb-f811-41f8-4f3d64001d45','Employees',NULL,'lvso=asc&Employees2_EMPLOYEE_ORDER_BY=last_name','2012-03-23 04:47:36','listview','5j4a7pdapi9oavvbtmoc3qc8u2',0,0),(671,'cf995e9b-0d49-3dc9-5a00-4f6c005ab646','2bf53c62-efbb-f811-41f8-4f3d64001d45','Employees',NULL,'lvso=desc&Employees2_EMPLOYEE_ORDER_BY=last_name','2012-03-23 04:47:38','listview','5j4a7pdapi9oavvbtmoc3qc8u2',0,0),(672,'90670aa4-a2d7-4a0f-0abc-4f6c00e29514','2bf53c62-efbb-f811-41f8-4f3d64001d45','Employees',NULL,'lvso=asc&Employees2_EMPLOYEE_ORDER_BY=last_name','2012-03-23 04:47:40','listview','5j4a7pdapi9oavvbtmoc3qc8u2',0,0),(2576,'d4b3ea62-7e48-10bb-b22d-4fcfac259a64','1','AOS_Quotes','a6f8f833-cc01-424e-d7e0-4fc67abff248','Al Voice Test','2012-06-06 19:17:37','detailview','bicao9bvlv53v2akgrajunv5l4',1,0),(1007,'a4a88676-e7ec-df48-a92b-4f7b4698e639','2bf53c62-efbb-f811-41f8-4f3d64001d45','AOS_Products','1f16ed45-4b31-3d4a-ac52-4f756131d313','Direct Inward Dial (DID) _Install','2012-04-03 18:50:04','detailview','m7e63ii7ousmfg1utlqjqq9o61',0,0),(1800,'f4160199-36cb-69ee-30c0-4fa7a55cc6ec','1','Contacts','b79f6d2e-e7e9-58fd-e815-4fa7a5bd6814','Mr. Shekhar Verma','2012-05-07 10:37:42','detailview','tragmkj8ddtsqiq66gqdk7b9m1',0,0),(693,'1ff8bacf-e946-034f-2b05-4f70d72b4f54','9106f88a-f272-8119-72a3-4f3165461fc6','Accounts','dc1d15d1-6522-f43d-5986-4f70abbbba24','AL Test','2012-03-26 20:56:15','detailview','gpgo23jkdqdekdr634djau0nf5',1,0),(721,'96040830-92ef-cd7e-07db-4f7214e21673','9106f88a-f272-8119-72a3-4f3165461fc6','AOS_PDF_Templates','9260051b-2e32-7aea-8aeb-4f70dcc6843f','Sample Template','2012-03-27 19:25:14','editview','vsgs92po0ei5vbd81sov1hhmk5',1,0),(700,'68f4e92c-9c1d-0228-40d0-4f710e4216c8','1','AOS_Products',NULL,'lvso=desc&AOS_Products2_AOS_PRODUCTS_ORDER_BY=part_number','2012-03-27 00:48:47','listview','gssv4hd9mnv53favlli2aeu8b0',0,0),(719,'d0d38f9f-c334-b232-d54d-4f72136b328f','9106f88a-f272-8119-72a3-4f3165461fc6','Emails','16cf8ed4-a9d4-a22f-2347-4f721321ee4f','Quote for Internet and VOIP','2012-03-27 19:23:35','save','vsgs92po0ei5vbd81sov1hhmk5',1,0),(2215,'d9e243ca-adda-fa26-fbe6-4fb2b71350f9','2bf53c62-efbb-f811-41f8-4f3d64001d45','Opportunities','ca209b95-d565-6308-bdc0-4f2986bff41f','Internet and VOIP','2012-05-15 20:09:12','detailview','85pcnjpcei8ag6srhuv4md4jl7',1,0),(1286,'a7e66f4c-ff94-68df-4809-4f85b510254c','1','Bugs','9bc91d90-b73d-9484-406c-4f3fe27fe416','Mapping of Product Catalog of Homir to JBilling','2012-04-11 16:47:09','detailview','unoddv5p47imin7e5etl39dj97',1,0),(704,'a3e801fc-a7db-1586-fd97-4f71faffc048','1','AOS_PDF_Templates','9260051b-2e32-7aea-8aeb-4f70dcc6843f','Sample Template','2012-03-27 17:37:55','editview','uqftfphsmq1fpbj8uqbb9ilb15',1,0),(971,'65515f8c-1fbe-fd20-c057-4f7ad9348cf9','1','nli_Pricing','bf1ea13b-1c2d-bce8-a421-4f7ad968a2c0',NULL,'2012-04-03 11:06:29','editview','ocs80jfd72rdh352sakm4n77d4',1,0),(911,'48d7c8b7-5d6e-3f7b-e9a8-4f7a2a846420','9106f88a-f272-8119-72a3-4f3165461fc6','Opportunities','e77d0167-2881-8330-58b2-4f68b94892ca','Inet & Voip 1203200930','2012-04-02 22:37:16','detailview','4jlu2rs0bor8c54dojgo06mia4',1,0),(1583,'3d2edf48-036a-c968-ca90-4f8747d7e924','9106f88a-f272-8119-72a3-4f3165461fc6','nli_Pricing','cc0b843f-e75a-7da7-70f7-4f4d2d8f123a',NULL,'2012-04-12 21:20:08','editview','k8igqftqvmhu6dbo9602eq0vm7',1,0),(720,'2a37e600-8142-30d1-6960-4f7214471b5f','9106f88a-f272-8119-72a3-4f3165461fc6','Accounts','5f670136-f107-f7c3-68a9-4f2985be35cf','TCG, Inc','2012-03-27 19:24:56','detailview','vsgs92po0ei5vbd81sov1hhmk5',1,0),(2502,'a8df68ac-aae1-d5d0-37eb-4fc67ba1fc17','9106f88a-f272-8119-72a3-4f3165461fc6','AOS_Products','1c6b2a64-b961-574e-985f-4f757240bb33','Call Center Statistics ','2012-05-30 19:57:31','detailview','ck7du034ddhl9np0f7ik7ko530',1,0),(723,'87092c75-56ce-f15f-8284-4f723c84232b','2bf53c62-efbb-f811-41f8-4f3d64001d45','AOS_Contracts','4856405f-d491-18f0-3d42-4f3187d623e6','Internet and VOIP','2012-03-27 22:19:35','detailview','hrmats1mgdojgda9glq8lm7f55',1,0),(1169,'96d4f154-52c2-77ec-c111-4f7b9b63ab52','2bf53c62-efbb-f811-41f8-4f3d64001d45','Users','b13a4520-fde1-596b-17d8-4f74c7865de6','Darrell Tang','2012-04-04 00:52:28','editview','07hup17ctj4e5e8dlnc5p1a3h6',1,0),(861,'a9fdf271-c6fb-234b-5220-4f77d39e82e7','1','AOS_Products',NULL,'lvso=desc&AOS_Products2_AOS_PRODUCTS_ORDER_BY=unit_measure','2012-04-01 04:04:34','listview','ij0kblmlactptd6gpk1k8lgud7',0,0),(832,'a2b50592-dfb5-6b50-85fd-4f77cf3c5ab4','1','AOS_Products','b09959df-d4a7-147e-9b06-4f756ab77636','Unlimited Enhanced Extension ','2012-04-01 03:46:34','detailview','ij0kblmlactptd6gpk1k8lgud7',0,0),(844,'381e4be3-ef78-77c9-1a65-4f77cf6e73ad','1','AOS_Products','abf19cc6-b40a-efb5-ca25-4f758a7d86a2','usable addresses ','2012-04-01 03:47:30','detailview','ij0kblmlactptd6gpk1k8lgud7',1,0),(888,'1fc1e749-39e1-960f-5935-4f79f1acd7f0','1','nli_Pricing','47cd69d4-f02d-cd0d-c170-4f75cb30b642',NULL,'2012-04-02 18:37:46','editview','at90od5tj7p6c72jeqh4676kg1',1,0),(845,'539ad600-9c6d-5b12-da39-4f77cfdbc176','1','AOS_Products','f360fe08-09d7-ebc8-0f4f-4f758afae212','usable addresses  Install','2012-04-01 03:47:32','detailview','ij0kblmlactptd6gpk1k8lgud7',0,0),(833,'40ba0394-515d-2c72-7600-4f77cf3194b5','1','AOS_Products','a5a309c8-8279-4542-9541-4f756cf333b0','Unlimited Enhanced Extension Install ','2012-04-01 03:46:45','detailview','ij0kblmlactptd6gpk1k8lgud7',0,0),(834,'df2b5c65-7ca0-6292-ee10-4f77cf2555e0','1','AOS_Products','921484ef-a6d5-0d4c-50d1-4f756f81d290','Unlimited Hunt Group Phones ','2012-04-01 03:46:52','detailview','ij0kblmlactptd6gpk1k8lgud7',0,0),(835,'b41c0cbb-4a58-d301-d829-4f77cf2b781f','1','AOS_Products','cd6e6f2a-8553-7758-3428-4f75716335d4','Unlimited Hunt Group Phones Install ','2012-04-01 03:47:07','detailview','ij0kblmlactptd6gpk1k8lgud7',0,0),(836,'27fb8120-eea7-f01c-2af4-4f77cf3e7996','1','AOS_Products','84c1634d-73a2-e4b5-02af-4f7564c75325','Unlimited Minutes for one extension ','2012-04-01 03:47:11','detailview','ij0kblmlactptd6gpk1k8lgud7',0,0),(837,'6c6f1d69-9f28-d5c8-040d-4f77cf33bde0','1','AOS_Products','1e946297-dfe0-3fce-3fc2-4f7566ba4a0d','Unlimited Minutes for one SIP trunk ','2012-04-01 03:47:13','detailview','ij0kblmlactptd6gpk1k8lgud7',1,0),(838,'dec36fc6-5444-6f35-3497-4f77cfc59be6','1','AOS_Products','df77d48b-05e5-1f43-9e24-4f756a73dccf','Unlimited Minutes Install ','2012-04-01 03:47:15','detailview','ij0kblmlactptd6gpk1k8lgud7',0,0),(839,'81c943e6-44d7-0685-c7ee-4f77cf1e9ae1','1','AOS_Products','4108e8f7-314b-2841-7a7b-4f75828329bb','Unlimited MyNLV Fax install ','2012-04-01 03:47:18','detailview','ij0kblmlactptd6gpk1k8lgud7',0,0),(840,'9277c835-d5a4-73de-255d-4f77cfc89e75','1','AOS_Products','6df1dbb0-3205-5bbf-1ae7-4f758202c7c6','Unlimited MyNLV Fax Service ','2012-04-01 03:47:21','detailview','ij0kblmlactptd6gpk1k8lgud7',1,0),(841,'ae7be16e-52d5-7f3c-3d44-4f77cfc562ea','1','AOS_Products','55555b14-e436-42b5-d399-4f756b9c45ba','Unlimited Standard Extension ','2012-04-01 03:47:23','detailview','ij0kblmlactptd6gpk1k8lgud7',0,0),(842,'bee67042-9f99-ec65-e9d5-4f77cf9a4089','1','AOS_Products','8f9b167e-e7de-b015-6162-4f756d7ce585','Unlimited Standard Extension Install ','2012-04-01 03:47:25','detailview','ij0kblmlactptd6gpk1k8lgud7',0,0),(894,'4532f05b-5a9f-bca7-a503-4f79f2493f48','1','AOS_Products','589f0912-8f54-6e1c-c5e3-4f755e0b45bf','Shared Internet T1 -Install','2012-04-02 18:41:12','detailview','at90od5tj7p6c72jeqh4676kg1',0,0),(846,'895f6154-3c11-d362-7d24-4f77cf1673e1','1','AOS_Products','2f9731b8-bd07-4afa-c00a-4f755f2b9afa','usable addresses _Install','2012-04-01 03:47:44','detailview','ij0kblmlactptd6gpk1k8lgud7',0,0),(847,'8442e0d1-662d-1825-6531-4f77cfce0ba0','1','AOS_Products','1342b24e-9da9-4dee-214a-4f75607b2498','Vanity Toll Free Number ','2012-04-01 03:47:47','detailview','ij0kblmlactptd6gpk1k8lgud7',0,0),(848,'de9b49ec-2495-4143-17d2-4f77cf22ac18','1','AOS_Products','ca65032c-728d-3598-7c65-4f75620a1f1d','Vanity Toll Free Number Install','2012-04-01 03:47:49','detailview','ij0kblmlactptd6gpk1k8lgud7',0,0),(959,'26e4cf9a-4641-ce43-efd6-4f7ad70ba443','1','AOS_Products','9c318fa3-8bf8-28ae-d404-4f2986d3e707','Clear Channel Internet','2012-04-03 10:55:10','detailview','ocs80jfd72rdh352sakm4n77d4',1,0),(856,'ad2d962c-719f-85c0-7b74-4f77d1c65ce8','1','AOS_Products','8cd80eaf-b695-965d-14b7-4f7588917c5e','Colo-Xconnect Service: Last Months Deposit ','2012-04-01 03:54:01','detailview','ij0kblmlactptd6gpk1k8lgud7',0,0),(855,'4561c9ca-3fed-d157-4e28-4f77d10128f9','1','AOS_Products','c8fc8426-59b3-47f7-9a3c-4f75850b8b00','Committed Internet Bandwidth ','2012-04-01 03:53:59','detailview','ij0kblmlactptd6gpk1k8lgud7',1,0),(852,'8ac92ce9-6be0-d3a7-7105-4f77d125e863','1','AOS_Products','521f7d32-3b3d-0c39-8638-4f756f041714','Conference Bridge ','2012-04-01 03:53:47','detailview','ij0kblmlactptd6gpk1k8lgud7',1,0),(853,'4f9579c2-5e9a-0991-19d4-4f77d1811e5f','1','AOS_Products','e10c2344-bf20-2010-aa4a-4f7586f6cebd','Committed Internet Bandwidth Install ','2012-04-01 03:53:55','detailview','ij0kblmlactptd6gpk1k8lgud7',0,0),(854,'48541c6b-2089-1c7a-b21e-4f77d1acc2fd','1','AOS_Products','9eb28251-3a8d-0c81-3d6f-4f7586e23abc','Committed Internet Bandwidth ','2012-04-01 03:53:57','detailview','ij0kblmlactptd6gpk1k8lgud7',1,0),(1934,'1e5a966c-f4e5-f386-a932-4facbe65e922','1','Users','1','Sugar Admin','2012-05-11 07:22:37','editview','9pd1haj86dcle1tslk395n9jc2',1,0),(859,'c90c8710-0d16-015d-bc38-4f77d38d5151','1','AOS_Products','7a65b598-064d-e109-73a5-4f755ffa82ea','Direct Inward Dial (DID) ','2012-04-01 04:01:30','detailview','ij0kblmlactptd6gpk1k8lgud7',1,0),(992,'437f5b48-439a-c786-281f-4f7ade46c997','1','AOS_Products','25e8ddd8-d8fd-8539-2724-4f298838b100','Minutes','2012-04-03 11:24:59','detailview','ocs80jfd72rdh352sakm4n77d4',0,0),(880,'299397f9-0b36-4d1e-3569-4f79f08153ab','1','AOS_Products','bdb11443-5763-4f79-0c4a-4f7584b91046','Colo Cabinet Install ','2012-04-02 18:32:44','detailview','at90od5tj7p6c72jeqh4676kg1',0,0),(890,'dccc2982-5971-e7b1-912c-4f79f2622d7e','1','AOS_Products','a820793d-adfa-0fd6-5bb3-4f75831faff1','Full Cabinet ','2012-04-02 18:38:23','detailview','at90od5tj7p6c72jeqh4676kg1',1,0),(886,'722465d5-0323-32de-8cdf-4f79f1280773','1','AOS_Products','3aa7f4f2-be1d-6561-8582-4f7585ec480a','120V Conditioned AC Power Install','2012-04-02 18:35:26','detailview','at90od5tj7p6c72jeqh4676kg1',0,0),(1573,'33b392f3-c992-473c-e7d7-4f86f6000ab1','1','AOS_Products','aad7ffcd-ba53-0e60-3f1d-4f7584cec8f9','120V Conditioned AC Power ','2012-04-12 15:36:13','detailview','59aactk8hl8crjv1k31lcsvmh1',1,0),(933,'1df99d77-78f7-1122-61d3-4f7ad478312a','1','AOS_Products','29835ed2-16ac-0c04-754b-4f755dfb7a6f','Point-to-Point DS3 - Install ','2012-04-03 10:44:58','detailview','ocs80jfd72rdh352sakm4n77d4',0,0),(893,'d32192f8-8125-13c8-1302-4f79f2eb3f1a','1','AOS_Products','2ed9839b-7a68-c569-0f13-4f755fb6a051','usable addresses ','2012-04-02 18:41:07','detailview','at90od5tj7p6c72jeqh4676kg1',1,0),(936,'499a0b9f-e14b-99c8-692c-4f7ad4efc299','1','nli_Pricing','2106555b-d09c-e948-a4e8-4f7ad4c088ef',NULL,'2012-04-03 10:45:39','editview','ocs80jfd72rdh352sakm4n77d4',1,0),(953,'898d0771-9bf4-4090-4f20-4f7ad65cf891','1','AOS_Products','89b02035-92da-4275-4d9d-4f755b65d35f','Point-to-Point DS3 ','2012-04-03 10:54:15','detailview','ocs80jfd72rdh352sakm4n77d4',0,0),(899,'50794c21-a6c2-73dc-08d1-4f7a24ad82cb','9106f88a-f272-8119-72a3-4f3165461fc6','Leads','f126753e-aa3b-aa2b-4180-4f7a243ce493','Al Allen','2012-04-02 22:15:18','detailview','4jlu2rs0bor8c54dojgo06mia4',1,0),(902,'1051601f-d119-7134-e45a-4f7a2659f54f','b13a4520-fde1-596b-17d8-4f74c7865de6','Leads','f126753e-aa3b-aa2b-4180-4f7a243ce493','Al Allen','2012-04-02 22:20:14','editview','gsoahavgs8ndtbanea9178ubr1',1,0),(934,'aac6462b-e136-b6c5-2ce6-4f7ad4b1c705','1','AOS_Products','1873647d-d2c7-36a2-e596-4f755d0ab5c2','Clear Channel Internet DS3 -  Install ','2012-04-03 10:44:59','detailview','ocs80jfd72rdh352sakm4n77d4',0,0),(922,'3d80deae-ee65-888e-7524-4f7a2d4c8be4','b13a4520-fde1-596b-17d8-4f74c7865de6','Opportunities','d673e118-efdb-018c-57c8-4f70abfb7274','Al Test-voice and data','2012-04-02 22:49:55','detailview','amjjhlr3352hhfcd9es08tqqu0',1,0),(914,'a381a301-f768-5ee5-43d3-4f7a2b42043f','b13a4520-fde1-596b-17d8-4f74c7865de6','Accounts','dc1d15d1-6522-f43d-5986-4f70abbbba24','AL Test','2012-04-02 22:41:29','editview','gsoahavgs8ndtbanea9178ubr1',1,0),(952,'2e2632cd-9f54-adb4-43a3-4f7ad6aa2538','1','AOS_Products','cb87b793-d594-47ac-e350-4f755c672223','Clear Channel Internet -  Install ','2012-04-03 10:54:05','detailview','ocs80jfd72rdh352sakm4n77d4',0,0),(928,'1a77ffa3-c012-0320-a4b1-4f7ad488221c','1','AOS_Products','67052118-6f00-f6b5-3dc2-4f755ccc62b7','Clear Channel Internet - Move fee','2012-04-03 10:44:45','detailview','ocs80jfd72rdh352sakm4n77d4',0,0),(950,'13ffe564-9534-0b72-0884-4f7ad6e4eb9c','1','AOS_Products','a5d4227a-b18e-77d7-0331-4f755c525cbd','Clear Channel Ethernet  - Install ','2012-04-03 10:53:07','detailview','ocs80jfd72rdh352sakm4n77d4',0,0),(941,'b97c3eef-15d2-6c78-8a48-4f7ad58378dc','1','nli_Pricing','4d7822c7-e751-5be7-281b-4f7ad570ace2',NULL,'2012-04-03 10:47:55','editview','ocs80jfd72rdh352sakm4n77d4',1,0),(954,'d24f07b2-8384-5e3b-0e34-4f7ad601827d','1','AOS_Products','141a1467-2427-93b2-8867-4f755b592a59','Point-to-Point T1 ','2012-04-03 10:54:18','detailview','ocs80jfd72rdh352sakm4n77d4',0,0),(955,'a3e1b4a1-10cb-2004-bebc-4f7ad65f0fb6','1','AOS_Products','1b2b28bf-8fd5-0afb-460c-4f755a17c3f0','Shared Internet T1 ','2012-04-03 10:54:21','detailview','ocs80jfd72rdh352sakm4n77d4',1,0),(1282,'d31ef87b-1b2d-40e1-9888-4f8470c7d890','1','AOS_Products','195a8cae-bfcf-8bc1-2e82-4f757f21c81a','REMOVE Call Center Agent ','2012-04-10 17:40:13','editview','kha1fb3df8j4k2j718md46vrd1',1,0),(962,'5aa93884-276d-c84c-8d21-4f7ad7b48e74','1','AOS_Products','ed8e3060-66cf-3bc6-0f3c-4f751b310534','Clear Channel Ethernet ','2012-04-03 10:55:24','detailview','ocs80jfd72rdh352sakm4n77d4',0,0),(990,'cdea1867-cccf-efa2-279d-4f7add3d5c92','1','AOS_Products','b813fef4-433c-d696-a91c-4f756436f8f8','Per Minute ','2012-04-03 11:24:03','detailview','ocs80jfd72rdh352sakm4n77d4',0,0),(1233,'8013c47f-68d8-2b11-324b-4f7fd19f1b69','1','AOS_Products','ceee1015-43b2-03c6-889e-4f758c811949','Tax Recovery & Fees ','2012-04-07 05:34:17','detailview','gn5rlk0iho4cdnsim0tgn2qq34',1,0),(1000,'97e30394-1492-db8e-cb6e-4f7b32ee80fd','1','AOS_Products','1ee4cbaa-51cf-ee57-6f58-4f7560496b4d','Direct Outward Dial (DOD) ','2012-04-03 17:26:22','editview','te3519h1v1nevrbqdaccd8crs5',1,0),(2477,'909d8791-8feb-a9d4-6712-4fc38c418d67','1','Emails','b1433138-714f-8c4c-f19c-4fc38c768989','Quote for Internet and VOIP','2012-05-28 14:34:37','save','hbg5039ggjt712irsfk8jkrq65',1,0),(1008,'6fb91fb1-710e-f52b-67b4-4f7b46f7289b','2bf53c62-efbb-f811-41f8-4f3d64001d45','AOS_Products','684c9d80-e171-2d1b-fa5f-4f756158fc5e','Direct Outward Dial (DOD) _Install','2012-04-03 18:50:22','detailview','m7e63ii7ousmfg1utlqjqq9o61',0,0),(1027,'2eee0286-e81b-4c72-f94d-4f7b6f91f446','2bf53c62-efbb-f811-41f8-4f3d64001d45','AOS_Products','a5d4227a-b18e-77d7-0331-4f755c525cbd','Clear Channel Ethernet  - Install ','2012-04-03 21:47:17','detailview','ndcorf40fr4hvn3j57hauua8k1',0,0),(1012,'20c2f447-b4d9-1e39-f729-4f7b67bcef46','2bf53c62-efbb-f811-41f8-4f3d64001d45','AOS_Products','589f0912-8f54-6e1c-c5e3-4f755e0b45bf','Shared Internet T1 -Install','2012-04-03 21:10:10','detailview','tivv5f0kfutt9rg8omb3fr26t3',0,0),(1157,'c007dd97-b2b8-15a5-479b-4f7b755ca35f','2bf53c62-efbb-f811-41f8-4f3d64001d45','AOS_Products','55555b14-e436-42b5-d399-4f756b9c45ba','Unlimited Standard Extension ','2012-04-03 22:13:13','detailview','ndcorf40fr4hvn3j57hauua8k1',0,0),(2942,'7faab072-6afd-49c2-38d5-4fe38798a15f','2bf53c62-efbb-f811-41f8-4f3d64001d45','Opportunities','5a909012-e130-1832-fcb9-4fd10050d33b','Opp Template Test 120607','2012-06-21 20:44:49','editview','478ujr2het1k8pmbmjpdm66pk0',1,0),(1026,'47d5b9a4-3efe-b7fe-a124-4f7b6f955e30','2bf53c62-efbb-f811-41f8-4f3d64001d45','AOS_Products','cb87b793-d594-47ac-e350-4f755c672223','Clear Channel Internet -  Install ','2012-04-03 21:47:08','detailview','ndcorf40fr4hvn3j57hauua8k1',0,0),(1030,'837bf886-ce38-b2dc-797c-4f7b6f2c9680','2bf53c62-efbb-f811-41f8-4f3d64001d45','AOS_Products','67052118-6f00-f6b5-3dc2-4f755ccc62b7','Clear Channel Internet - Move fee','2012-04-03 21:47:34','detailview','ndcorf40fr4hvn3j57hauua8k1',0,0),(1031,'18bd840e-6974-935c-5378-4f7b6fcfd346','2bf53c62-efbb-f811-41f8-4f3d64001d45','AOS_Products','1873647d-d2c7-36a2-e596-4f755d0ab5c2','Clear Channel Internet DS3 -  Install ','2012-04-03 21:47:41','detailview','ndcorf40fr4hvn3j57hauua8k1',0,0),(1032,'93083055-d4df-0872-8c7a-4f7b700d9108','2bf53c62-efbb-f811-41f8-4f3d64001d45','AOS_Products','29835ed2-16ac-0c04-754b-4f755dfb7a6f','Point-to-Point DS3 - Install ','2012-04-03 21:48:05','detailview','ndcorf40fr4hvn3j57hauua8k1',0,0),(1033,'27bcdf44-3c87-c5bf-ef0f-4f7b708f45d1','2bf53c62-efbb-f811-41f8-4f3d64001d45','AOS_Products','1adc0e4c-fc4b-7cd5-efc7-4f755e379fd5','Point-to-Point T1  - Install ','2012-04-03 21:48:12','detailview','ndcorf40fr4hvn3j57hauua8k1',0,0),(1034,'e1e9f819-b27a-5228-638f-4f7b70236550','2bf53c62-efbb-f811-41f8-4f3d64001d45','AOS_Products','2f9731b8-bd07-4afa-c00a-4f755f2b9afa','usable addresses _Install','2012-04-03 21:48:19','detailview','ndcorf40fr4hvn3j57hauua8k1',0,0),(1035,'4f6d0de0-4a0f-c3be-0c1b-4f7b706e62fa','2bf53c62-efbb-f811-41f8-4f3d64001d45','AOS_Products','377c52a6-63da-5d42-a352-4f75613adca9','Inbound Toll Free Number Install','2012-04-03 21:48:31','detailview','ndcorf40fr4hvn3j57hauua8k1',0,0),(1036,'b7020c9b-6ac6-6904-6bbe-4f7b70d6a398','2bf53c62-efbb-f811-41f8-4f3d64001d45','AOS_Products','8b59752f-6ca3-aedf-bfb5-4f75634f7bfb','SIP Trunk Install','2012-04-03 21:48:56','detailview','ndcorf40fr4hvn3j57hauua8k1',0,0),(1037,'966f974c-54f5-d44c-a9ac-4f7b703162c2','2bf53c62-efbb-f811-41f8-4f3d64001d45','AOS_Products','6a48a83f-9673-3c3b-e3f0-4f75636ab84a','REMOVE SIP Trunk ','2012-04-03 21:49:08','detailview','ndcorf40fr4hvn3j57hauua8k1',0,0),(1038,'9d3c5a0e-058b-1499-02cd-4f7b7067469e','2bf53c62-efbb-f811-41f8-4f3d64001d45','AOS_Products','5628a449-73c7-8c1d-3cfb-4f75623ceeb2','REMOVE Direct Inward Dial (DID) ','2012-04-03 21:49:34','detailview','ndcorf40fr4hvn3j57hauua8k1',0,0),(1039,'305bf63a-9b90-81a0-247c-4f7b70cddda6','2bf53c62-efbb-f811-41f8-4f3d64001d45','AOS_Products','23913b37-2ac3-f801-b667-4f7563b1b7f0','REMOVE Inbound Toll Free Number ','2012-04-03 21:49:41','detailview','ndcorf40fr4hvn3j57hauua8k1',0,0),(1040,'b0fb7e1b-a9a0-ee47-bb8b-4f7b70790bc4','2bf53c62-efbb-f811-41f8-4f3d64001d45','AOS_Products','cfae8eec-06ff-3921-13f0-4f7562bd1e4b','REMOVE Direct Outward Dial (DOD) ','2012-04-03 21:49:47','detailview','ndcorf40fr4hvn3j57hauua8k1',0,0),(1041,'6697bccf-4b87-895b-e94a-4f7b7074b0d4','2bf53c62-efbb-f811-41f8-4f3d64001d45','AOS_Products','df77d48b-05e5-1f43-9e24-4f756a73dccf','Unlimited Minutes Install ','2012-04-03 21:49:55','detailview','ndcorf40fr4hvn3j57hauua8k1',0,0),(1042,'239a6950-e928-2edc-42a4-4f7b70fef843','2bf53c62-efbb-f811-41f8-4f3d64001d45','AOS_Products','e491f481-d59c-fc6e-c5ac-4f756695e97b','Custom minute block Install ','2012-04-03 21:50:02','detailview','ndcorf40fr4hvn3j57hauua8k1',0,0),(1043,'e50088f5-8c1c-5f9c-0989-4f7b70f67f03','2bf53c62-efbb-f811-41f8-4f3d64001d45','AOS_Products','a5a309c8-8279-4542-9541-4f756cf333b0','Unlimited Enhanced Extension Install ','2012-04-03 21:50:09','detailview','ndcorf40fr4hvn3j57hauua8k1',0,0),(1044,'172a3b9a-35d0-e43e-ecee-4f7b7001e7b4','2bf53c62-efbb-f811-41f8-4f3d64001d45','AOS_Products','62ffc6bc-bbd2-f45c-e373-4f7563218e80','REMOVE Vanity Toll Free Number ','2012-04-03 21:50:20','detailview','ndcorf40fr4hvn3j57hauua8k1',0,0),(1045,'abd120cd-a62a-7c3d-5108-4f7b7005b4e2','2bf53c62-efbb-f811-41f8-4f3d64001d45','AOS_Products','ca65032c-728d-3598-7c65-4f75620a1f1d','Vanity Toll Free Number Install','2012-04-03 21:50:27','detailview','ndcorf40fr4hvn3j57hauua8k1',0,0),(1046,'82c2a8f3-f8e1-e73e-8805-4f7b70a93e0a','2bf53c62-efbb-f811-41f8-4f3d64001d45','AOS_Products','71c9d3ef-d65e-c472-1951-4f756c732ab1','Enhanced Extension Install ','2012-04-03 21:50:34','detailview','ndcorf40fr4hvn3j57hauua8k1',0,0),(1047,'b7c042c5-ec78-5a93-d68b-4f7b70922c61','2bf53c62-efbb-f811-41f8-4f3d64001d45','AOS_Products','d172552b-df8c-7078-a115-4f756c83d553','Standard Extension Install ','2012-04-03 21:50:49','detailview','ndcorf40fr4hvn3j57hauua8k1',0,0),(1048,'55a97c34-eda2-8af2-aa25-4f7b70a02042','2bf53c62-efbb-f811-41f8-4f3d64001d45','AOS_Products','6f979d33-0c91-22f4-7d60-4f756d71b960','Clone Extension Install ','2012-04-03 21:51:02','detailview','ndcorf40fr4hvn3j57hauua8k1',0,0),(1049,'cc650abd-1461-2044-6f81-4f7b708494d4','2bf53c62-efbb-f811-41f8-4f3d64001d45','AOS_Products','8f9b167e-e7de-b015-6162-4f756d7ce585','Unlimited Standard Extension Install ','2012-04-03 21:51:09','detailview','ndcorf40fr4hvn3j57hauua8k1',0,0),(1050,'96e4003d-5ee5-2286-d553-4f7b702bfb87','2bf53c62-efbb-f811-41f8-4f3d64001d45','AOS_Products','1d2a7671-b61f-77ff-3ab8-4f756db5b690','Unlimited Clone Extension Install ','2012-04-03 21:51:19','detailview','ndcorf40fr4hvn3j57hauua8k1',0,0),(1067,'8168a35c-fe59-9a9f-cf80-4f7b72834836','2bf53c62-efbb-f811-41f8-4f3d64001d45','AOS_Products','8da952fb-b646-306d-4ac3-4f756ee6b964','REMOVE Clone Extension ','2012-04-03 21:56:17','detailview','ndcorf40fr4hvn3j57hauua8k1',1,0),(1068,'1944db1e-fd07-4db8-9c33-4f7b726f5e43','2bf53c62-efbb-f811-41f8-4f3d64001d45','AOS_Products','1342b24e-9da9-4dee-214a-4f75607b2498','Vanity Toll Free Number ','2012-04-03 21:56:48','detailview','ndcorf40fr4hvn3j57hauua8k1',0,0),(1066,'bd92d679-8ecc-5a96-5ab7-4f7b718af725','2bf53c62-efbb-f811-41f8-4f3d64001d45','AOS_Products','85cf682c-0a5e-c39f-5f34-4f756e5ecdb4','REMOVE Standard Extension ','2012-04-03 21:56:07','detailview','ndcorf40fr4hvn3j57hauua8k1',1,0),(1071,'7f480895-d986-2e2d-300f-4f7b7240a78f','2bf53c62-efbb-f811-41f8-4f3d64001d45','AOS_Products','3bd3ae3d-c918-c4e8-306e-4f75618c9ac3','Port Existing Phone/Fax Number ','2012-04-03 21:57:10','detailview','ndcorf40fr4hvn3j57hauua8k1',1,0),(1072,'6b6e0578-a33b-768a-3748-4f7b72cc493c','2bf53c62-efbb-f811-41f8-4f3d64001d45','AOS_Products','b813fef4-433c-d696-a91c-4f756436f8f8','Per Minute ','2012-04-03 21:57:40','detailview','ndcorf40fr4hvn3j57hauua8k1',0,0),(1073,'d3c0229a-f51c-475f-2518-4f7b72b4dd50','2bf53c62-efbb-f811-41f8-4f3d64001d45','AOS_Products','84c1634d-73a2-e4b5-02af-4f7564c75325','Unlimited Minutes for one extension ','2012-04-03 21:58:10','detailview','ndcorf40fr4hvn3j57hauua8k1',0,0),(1074,'edbb0341-cc13-4b54-c529-4f7b72169d92','2bf53c62-efbb-f811-41f8-4f3d64001d45','AOS_Products','855829a0-59f4-a108-ac3d-4f7570fc21d6','Basic Automated Attendant Install ','2012-04-03 21:58:27','detailview','ndcorf40fr4hvn3j57hauua8k1',0,0),(1075,'ebc3db95-86e9-bc34-f162-4f7b72d0cb06','2bf53c62-efbb-f811-41f8-4f3d64001d45','AOS_Products','3d728743-62c5-b121-cb0d-4f7570350fe0','Hunt Group Phones Install ','2012-04-03 21:58:41','detailview','ndcorf40fr4hvn3j57hauua8k1',0,0),(1076,'b003a5ab-2e1d-a851-38d0-4f7b722d987a','2bf53c62-efbb-f811-41f8-4f3d64001d45','AOS_Products','cd6e6f2a-8553-7758-3428-4f75716335d4','Unlimited Hunt Group Phones Install ','2012-04-03 21:58:47','detailview','ndcorf40fr4hvn3j57hauua8k1',0,0),(1077,'74af4bb6-88f3-a01d-0e56-4f7b72e6223f','2bf53c62-efbb-f811-41f8-4f3d64001d45','AOS_Products','14cdebba-076a-33c0-799f-4f757102516b','Call Queue Install ','2012-04-03 21:58:53','detailview','ndcorf40fr4hvn3j57hauua8k1',0,0),(1080,'3f150408-6d35-8c54-6f1f-4f7b72f7cebf','2bf53c62-efbb-f811-41f8-4f3d64001d45','AOS_Products','77e7cef4-e03f-2c79-9e98-4f75715e3169','REMOVE Automated Attendant ','2012-04-03 21:59:06','detailview','ndcorf40fr4hvn3j57hauua8k1',1,0),(1083,'6c47fc49-3ed7-4b9d-695a-4f7b72768149','2bf53c62-efbb-f811-41f8-4f3d64001d45','AOS_Products','d7472556-dd2f-9ee8-3881-4f75712081fe','REMOVE Conference Bridge ','2012-04-03 21:59:24','detailview','ndcorf40fr4hvn3j57hauua8k1',1,0),(1086,'7d5d71a0-5a07-2b8e-369e-4f7b72024607','2bf53c62-efbb-f811-41f8-4f3d64001d45','AOS_Products','6d6ba743-7c58-0e4b-1c46-4f7571a459dd','REMOVE Hunt Group ','2012-04-03 21:59:39','detailview','ndcorf40fr4hvn3j57hauua8k1',1,0),(1089,'f1c01fdb-e1db-1b48-ba09-4f7b739b14d1','2bf53c62-efbb-f811-41f8-4f3d64001d45','AOS_Products','1abaa724-1ce2-5db5-6715-4f757152bad9','REMOVE Hunt Group Phone ','2012-04-03 22:00:55','detailview','ndcorf40fr4hvn3j57hauua8k1',1,0),(1092,'61d7faae-a31c-69bc-156d-4f7b7329779b','2bf53c62-efbb-f811-41f8-4f3d64001d45','AOS_Products','3cb2eeb7-8419-f244-7fc2-4f7572c132f3','REMOVE Call Queue ','2012-04-03 22:01:20','detailview','ndcorf40fr4hvn3j57hauua8k1',1,0),(1093,'51e05f25-2bec-119e-aa50-4f7b739b7606','2bf53c62-efbb-f811-41f8-4f3d64001d45','AOS_Products','a2f3f869-d74f-eea5-cc84-4f757f2930ae','Call Center Agent Install ','2012-04-03 22:01:29','detailview','ndcorf40fr4hvn3j57hauua8k1',0,0),(1094,'a5f40de8-7565-eaa8-4822-4f7b7380c78a','2bf53c62-efbb-f811-41f8-4f3d64001d45','AOS_Products','7b1217ac-9220-bd91-33cc-4f757f527de5','Call Center Statistics Install ','2012-04-03 22:01:34','detailview','ndcorf40fr4hvn3j57hauua8k1',0,0),(1097,'8dec6a93-f5fa-b306-2095-4f7b73a4c7b8','2bf53c62-efbb-f811-41f8-4f3d64001d45','AOS_Products','195a8cae-bfcf-8bc1-2e82-4f757f21c81a','REMOVE Call Center Agent ','2012-04-03 22:01:53','detailview','ndcorf40fr4hvn3j57hauua8k1',1,0),(1100,'98ec7fd0-2420-ef62-f834-4f7b735154e2','2bf53c62-efbb-f811-41f8-4f3d64001d45','AOS_Products','361909b8-ac00-6899-9914-4f757f4468a7','REMOVE Call Center Statistics ','2012-04-03 22:02:12','detailview','ndcorf40fr4hvn3j57hauua8k1',1,0),(1101,'2dc5612e-eb71-e762-3bb6-4f7b733cd17e','2bf53c62-efbb-f811-41f8-4f3d64001d45','AOS_Products','23696aae-9713-9777-0481-4f7580aa2227','Whisper Feature Install ','2012-04-03 22:02:20','detailview','ndcorf40fr4hvn3j57hauua8k1',0,0),(1102,'7b500250-b40f-4a25-0147-4f7b738ba4c9','2bf53c62-efbb-f811-41f8-4f3d64001d45','AOS_Products','ef634638-c9d8-6193-56cc-4f758088e8f4','Call Monitoring Install ','2012-04-03 22:02:25','detailview','ndcorf40fr4hvn3j57hauua8k1',0,0),(1103,'3165215d-9973-b33e-eb32-4f7b73981bfb','2bf53c62-efbb-f811-41f8-4f3d64001d45','AOS_Products','6e4cdfe4-d1a3-ad4a-f554-4f758062aad1','Call Recording per extension Install ','2012-04-03 22:02:32','detailview','ndcorf40fr4hvn3j57hauua8k1',0,0),(1104,'db23de74-85a0-7982-8aff-4f7b73f55aee','2bf53c62-efbb-f811-41f8-4f3d64001d45','AOS_Products','8f28ae48-3b2f-9a79-d233-4f7581c4beb2','Phone Rental Install ','2012-04-03 22:02:38','detailview','ndcorf40fr4hvn3j57hauua8k1',0,0),(1107,'26cb8872-bd4a-6a61-65b6-4f7b73a7b883','2bf53c62-efbb-f811-41f8-4f3d64001d45','AOS_Products','5960419b-c9d2-dc5f-25ac-4f7581882d91','REMOVE Call Monitoring ','2012-04-03 22:02:56','detailview','ndcorf40fr4hvn3j57hauua8k1',1,0),(1110,'dea2571b-ec0e-023d-4653-4f7b73264333','2bf53c62-efbb-f811-41f8-4f3d64001d45','AOS_Products','3361fd13-c82a-60d3-943b-4f75817ef798','REMOVE Call Recording ','2012-04-03 22:03:09','detailview','ndcorf40fr4hvn3j57hauua8k1',1,0),(1113,'2e1b2e8e-485e-2ea5-1ce6-4f7b7390e2c1','2bf53c62-efbb-f811-41f8-4f3d64001d45','AOS_Products','e024a2d5-f164-b3f2-05a0-4f75816d7872','REMOVE Whisper Feature ','2012-04-03 22:03:25','detailview','ndcorf40fr4hvn3j57hauua8k1',1,0),(1114,'7a322a8e-e601-3dbf-0176-4f7b730026b6','2bf53c62-efbb-f811-41f8-4f3d64001d45','AOS_Products','57228a05-e6ae-7ba1-bce1-4f75827f6ff0','REMOVE Phone Rental ','2012-04-03 22:03:32','detailview','ndcorf40fr4hvn3j57hauua8k1',0,0),(1115,'d35f2e9e-ec77-b10e-2425-4f7b734ca3b6','2bf53c62-efbb-f811-41f8-4f3d64001d45','AOS_Products','85f958cd-0a46-31d8-7179-4f7581e13bd8','Phone rental ','2012-04-03 22:03:39','detailview','ndcorf40fr4hvn3j57hauua8k1',0,0),(1116,'320e0b98-ef68-5f03-0754-4f7b737ee014','2bf53c62-efbb-f811-41f8-4f3d64001d45','AOS_Products','40da613f-0ee8-0b2c-ca9e-4f7570d1efa6','Conference Bridge Install ','2012-04-03 22:04:22','detailview','ndcorf40fr4hvn3j57hauua8k1',0,0),(1117,'8ff71f46-27c7-9dda-b439-4f7b73f39656','2bf53c62-efbb-f811-41f8-4f3d64001d45','AOS_Products','ab32d278-9060-b80f-f0de-4f757003f32a','Hunt Group Install ','2012-04-03 22:04:29','detailview','ndcorf40fr4hvn3j57hauua8k1',0,0),(1118,'436d7835-24e6-fafa-2968-4f7b74600a2f','2bf53c62-efbb-f811-41f8-4f3d64001d45','AOS_Products','ed8e3060-66cf-3bc6-0f3c-4f751b310534','Clear Channel Ethernet ','2012-04-03 22:04:57','detailview','ndcorf40fr4hvn3j57hauua8k1',0,0),(1121,'11529bca-007d-e7fe-ea81-4f7b74f7d8fe','2bf53c62-efbb-f811-41f8-4f3d64001d45','AOS_Products','89b02035-92da-4275-4d9d-4f755b65d35f','Point-to-Point DS3 ','2012-04-03 22:05:19','detailview','ndcorf40fr4hvn3j57hauua8k1',0,0),(1122,'f1090380-0bdc-71bf-dc67-4f7b746c7774','2bf53c62-efbb-f811-41f8-4f3d64001d45','AOS_Products','2ed9839b-7a68-c569-0f13-4f755fb6a051','usable addresses ','2012-04-03 22:05:23','detailview','ndcorf40fr4hvn3j57hauua8k1',1,0),(1125,'26687bb2-0a92-8dfc-8e41-4f7b74b51f97','2bf53c62-efbb-f811-41f8-4f3d64001d45','AOS_Products','52d55a4f-4562-bca2-10e9-4f7560b5c618','Inbound Toll Free Number ','2012-04-03 22:05:56','detailview','ndcorf40fr4hvn3j57hauua8k1',1,0),(1155,'c8ae6d67-b693-3af4-3d2b-4f7b75672741','2bf53c62-efbb-f811-41f8-4f3d64001d45','AOS_Products','9dbb19e7-7f11-3ac4-f16b-4f755f5fc420','BGP Configuration & Monitoring Install ','2012-04-03 22:12:51','detailview','ndcorf40fr4hvn3j57hauua8k1',0,0),(1127,'a7b20ad6-5b61-e980-254b-4f7b74d376c5','2bf53c62-efbb-f811-41f8-4f3d64001d45','AOS_Products','4108e8f7-314b-2841-7a7b-4f75828329bb','Unlimited MyNLV Fax install ','2012-04-03 22:06:31','detailview','ndcorf40fr4hvn3j57hauua8k1',0,0),(1130,'76fc4a54-8d7b-aa10-ee58-4f7b742273d8','2bf53c62-efbb-f811-41f8-4f3d64001d45','AOS_Products','ee420407-3f08-b031-2054-4f7582668867','REMOVE Unlimited MyNLV Fax ','2012-04-03 22:07:04','detailview','ndcorf40fr4hvn3j57hauua8k1',1,0),(1131,'e1a55fd6-08a3-d9e7-c95a-4f7b74832f10','2bf53c62-efbb-f811-41f8-4f3d64001d45','AOS_Products','f399ca86-222a-6ed9-e196-4f7584e4f239','Meshed Doors Install ','2012-04-03 22:07:51','detailview','ndcorf40fr4hvn3j57hauua8k1',0,0),(1132,'bfee5607-e535-9dc2-16f4-4f7b74e691ab','2bf53c62-efbb-f811-41f8-4f3d64001d45','AOS_Products','3aa7f4f2-be1d-6561-8582-4f7585ec480a','120V Conditioned AC Power Install','2012-04-03 22:07:58','detailview','ndcorf40fr4hvn3j57hauua8k1',0,0),(1133,'ecf9d785-e8bc-2501-4f23-4f7b747ae6bf','2bf53c62-efbb-f811-41f8-4f3d64001d45','AOS_Products','728301c0-3fb6-50db-2430-4f7583c07800','Colo-Space Service: Last Months Deposit ','2012-04-03 22:08:09','detailview','ndcorf40fr4hvn3j57hauua8k1',0,0),(1134,'3f506189-bb39-7275-d356-4f7b74d1946d','2bf53c62-efbb-f811-41f8-4f3d64001d45','AOS_Products','bdb11443-5763-4f79-0c4a-4f7584b91046','Colo Cabinet Install ','2012-04-03 22:08:16','detailview','ndcorf40fr4hvn3j57hauua8k1',0,0),(1135,'be29b355-2af4-886d-0daf-4f7b74ca4673','2bf53c62-efbb-f811-41f8-4f3d64001d45','AOS_Products','e10c2344-bf20-2010-aa4a-4f7586f6cebd','Committed Internet Bandwidth Install ','2012-04-03 22:08:29','detailview','ndcorf40fr4hvn3j57hauua8k1',0,0),(1136,'8837884c-d1a2-b832-681f-4f7b74d30e95','2bf53c62-efbb-f811-41f8-4f3d64001d45','AOS_Products','8cd80eaf-b695-965d-14b7-4f7588917c5e','Colo-Xconnect Service: Last Months Deposit ','2012-04-03 22:08:52','detailview','ndcorf40fr4hvn3j57hauua8k1',0,0),(1137,'5f7ea14d-03de-7f81-41c4-4f7b7473e203','2bf53c62-efbb-f811-41f8-4f3d64001d45','AOS_Products','63be710f-3162-a9f0-a313-4f7585ec885f','280V Conditioned AC Power Install','2012-04-03 22:09:03','detailview','ndcorf40fr4hvn3j57hauua8k1',0,0),(1138,'2ec60590-2cbf-3bd6-a21c-4f7b7592a623','2bf53c62-efbb-f811-41f8-4f3d64001d45','AOS_Products','e4e54fa9-27c3-62b8-7f8c-4f75898802aa','FE(100Mb)  Internet Uplink - Primary Install ','2012-04-03 22:09:12','detailview','ndcorf40fr4hvn3j57hauua8k1',0,0),(1139,'3ec2e997-3772-3868-4ed9-4f7b75800ac4','2bf53c62-efbb-f811-41f8-4f3d64001d45','AOS_Products','92cf2943-6c7c-0370-6ff3-4f758873d863','T-1 Cross Connect Install ','2012-04-03 22:09:19','detailview','ndcorf40fr4hvn3j57hauua8k1',0,0),(1140,'9a8ccb7e-321c-8067-5ddc-4f7b75734c9f','2bf53c62-efbb-f811-41f8-4f3d64001d45','AOS_Products','754126e7-9bd6-029d-33be-4f75890f0319','FE (100 Mb) Internet Uplink - Secondary Install ','2012-04-03 22:09:25','detailview','ndcorf40fr4hvn3j57hauua8k1',0,0),(1141,'e8b1e37e-d5a8-b4f9-e0b1-4f7b75f7ac16','2bf53c62-efbb-f811-41f8-4f3d64001d45','AOS_Products','2a4a0248-287f-b84f-e388-4f75896fec3a','GigE(1000Mb) Internet Uplink - Primary Install ','2012-04-03 22:09:30','detailview','ndcorf40fr4hvn3j57hauua8k1',0,0),(1142,'668ca871-49ba-b4cd-fb27-4f7b75db1611','2bf53c62-efbb-f811-41f8-4f3d64001d45','AOS_Products','913c74be-e9b5-315c-921f-4f7589d23d2e','GigE (1000Mb) Internet Uplink - Secondary Install ','2012-04-03 22:09:36','detailview','ndcorf40fr4hvn3j57hauua8k1',0,0),(1143,'8db1089a-f4a7-735d-6ae8-4f7b75ba84b6','2bf53c62-efbb-f811-41f8-4f3d64001d45','AOS_Products','61787293-ce82-e985-5a1b-4f758a9f0195','Fiber Install','2012-04-03 22:10:02','detailview','ndcorf40fr4hvn3j57hauua8k1',0,0),(1144,'87281258-1c47-b279-1523-4f7b75891db0','2bf53c62-efbb-f811-41f8-4f3d64001d45','AOS_Products','1ff3ead6-c90c-71f6-74a9-4f758a4be5c5','DS-3 Install','2012-04-03 22:10:10','detailview','ndcorf40fr4hvn3j57hauua8k1',0,0),(1145,'3bb31cbc-4084-9378-165d-4f7b7504943b','2bf53c62-efbb-f811-41f8-4f3d64001d45','AOS_Products','2d3e6c64-73ff-97c6-1d49-4f758a54be6e','POTS Install','2012-04-03 22:10:17','detailview','ndcorf40fr4hvn3j57hauua8k1',0,0),(1146,'308d5cea-1c5b-44e6-b609-4f7b75f5de28','2bf53c62-efbb-f811-41f8-4f3d64001d45','AOS_Products','726b95a1-3e60-4880-515e-4f758a445b16','Colo-IP-Service: Last Months Deposit ','2012-04-03 22:10:31','detailview','ndcorf40fr4hvn3j57hauua8k1',0,0),(1147,'2c39854a-9b8a-33d3-f132-4f7b754fff6a','2bf53c62-efbb-f811-41f8-4f3d64001d45','AOS_Products','f360fe08-09d7-ebc8-0f4f-4f758afae212','usable addresses  Install','2012-04-03 22:10:37','detailview','ndcorf40fr4hvn3j57hauua8k1',0,0),(1148,'596e6a7d-c046-a559-3d58-4f7b7527d3b5','2bf53c62-efbb-f811-41f8-4f3d64001d45','AOS_Products','6473923a-366d-15da-bbee-4f75663e0207','Minutes Install','2012-04-03 22:11:15','detailview','ndcorf40fr4hvn3j57hauua8k1',0,0),(1151,'8646e342-f2fa-a285-9701-4f7b75334c78','2bf53c62-efbb-f811-41f8-4f3d64001d45','AOS_Products','8084ccda-0767-af6b-24e8-4f756d970c0a','REMOVE Enhanced Extension ','2012-04-03 22:12:09','detailview','ndcorf40fr4hvn3j57hauua8k1',1,0),(1154,'9fef4f9d-b5d1-1a5a-e2f3-4f7b7558f0d4','2bf53c62-efbb-f811-41f8-4f3d64001d45','AOS_Products','1e946297-dfe0-3fce-3fc2-4f7566ba4a0d','Unlimited Minutes per extension','2012-04-03 22:12:43','detailview','ndcorf40fr4hvn3j57hauua8k1',1,0),(1156,'50306732-6b92-faa9-4e3d-4f7b75b681db','2bf53c62-efbb-f811-41f8-4f3d64001d45','AOS_Products','b09959df-d4a7-147e-9b06-4f756ab77636','Unlimited Enhanced Extension ','2012-04-03 22:13:02','detailview','ndcorf40fr4hvn3j57hauua8k1',0,0),(1160,'d3b6641e-2f16-3ace-f277-4f7b7659d90e','2bf53c62-efbb-f811-41f8-4f3d64001d45','AOS_Products','4d30d993-f4a3-b705-54ce-4f756c7932e2','Unlimited Clone Extension ','2012-04-03 22:14:46','detailview','ndcorf40fr4hvn3j57hauua8k1',0,0),(1159,'3f2d4315-13d6-eff2-5112-4f7b76ba427e','2bf53c62-efbb-f811-41f8-4f3d64001d45','AOS_Products','921484ef-a6d5-0d4c-50d1-4f756f81d290','Unlimited Hunt Group Phones ','2012-04-03 22:14:38','detailview','ndcorf40fr4hvn3j57hauua8k1',0,0),(1280,'7e1fbc03-d7a7-120f-3cdc-4f846c262a68','1','AOS_Quotes','67a3dd80-ba2d-d7d5-a6b8-4f7b8534c346','Jeff\'s Super Quote','2012-04-10 17:24:00','detailview','vnaoq1ifc2160d2c889kvqqii5',1,0),(1687,'db8d7de8-788a-95d9-de7c-4f96deae41bd','2bf53c62-efbb-f811-41f8-4f3d64001d45','AOS_Products',NULL,'lvso=asc&AOS_Products2_AOS_PRODUCTS_ORDER_BY=maincode','2012-04-24 17:09:00','listview','grn10m7562m73v22adpuekscp7',0,0),(1274,'d6b7e8c3-1d9e-81bd-ace5-4f807c89cb79','1','AOS_Products',NULL,'lvso=asc&AOS_Products2_AOS_PRODUCTS_ORDER_BY=part_number','2012-04-07 17:40:34','listview','n7usc2dq8f56meirgg12qj6ud1',0,0),(1275,'c5e583d9-0421-15af-29c0-4f8308008e6a','1','AOS_Quotes','5fa96842-e9f3-67e0-2f17-4f298bbc1548','Internet and VOIP','2012-04-09 16:03:35','editview','gpseckokuqi56srcmdb6d3oge2',1,0),(1281,'52db8ba2-f8c4-c633-7f7e-4f846c516b50','1','AOS_Products','7b764d87-208a-1aa5-dcba-4f29884bc105','Enhanced Extension','2012-04-10 17:25:14','editview','vnaoq1ifc2160d2c889kvqqii5',1,0),(2751,'5dd4c211-07c1-9ef0-7a6d-4fd7569d0932','1','AOS_PDF_Templates','e6720b78-8583-3d9d-9487-4fcfa830495e','NLI Quotes Template V 1.0','2012-06-12 14:48:40','editview','103ugle04dnd3j8aoqohpq7m31',1,0),(1380,'7618bc28-6729-49a1-a197-4f8608645197','b13a4520-fde1-596b-17d8-4f74c7865de6','AOS_Products','9c318fa3-8bf8-28ae-d404-4f2986d3e707','Clear Channel Internet','2012-04-11 22:40:45','detailview','2ak8qp6obih92dupknrut09kv4',1,0),(1293,'1e0404e4-fa8c-55a3-2ea2-4f860224fa5e','b13a4520-fde1-596b-17d8-4f74c7865de6','AOS_Products','1a03c20b-9c81-1b19-1261-4f75822ac1c0','Closed Cabinet Space ','2012-04-11 22:13:56','detailview','2ak8qp6obih92dupknrut09kv4',1,0),(1295,'2de2d1cc-494e-565e-5ef6-4f86024f5fc5','b13a4520-fde1-596b-17d8-4f74c7865de6','AOS_Products','a820793d-adfa-0fd6-5bb3-4f75831faff1','Full Cabinet ','2012-04-11 22:14:11','detailview','2ak8qp6obih92dupknrut09kv4',1,0),(1294,'5ef1afc0-7561-fe4b-abac-4f86027f382c','b13a4520-fde1-596b-17d8-4f74c7865de6','AOS_Products','781c0e06-2c01-5aca-de51-4f7583a9a46f','Half Cabinet ','2012-04-11 22:14:05','detailview','2ak8qp6obih92dupknrut09kv4',1,0),(1336,'2bd82d78-e1e3-f3f5-b2bc-4f8605976710','b13a4520-fde1-596b-17d8-4f74c7865de6','AOS_Products','bf14b76f-86f6-7e7b-5d77-4f7587e63a2a','GigE (1000Mb) Internet Uplink - Primary ','2012-04-11 22:29:10','detailview','2ak8qp6obih92dupknrut09kv4',1,0),(1335,'67ade0e6-19a9-77fb-16e5-4f860523c8d2','b13a4520-fde1-596b-17d8-4f74c7865de6','AOS_Products','6eaf8fc6-9626-d23c-878b-4f75872c5e24','FE (100Mb) Internet Uplink - Secondary','2012-04-11 22:29:06','detailview','2ak8qp6obih92dupknrut09kv4',1,0),(1333,'dd6af2ac-bdac-edef-29cc-4f8605c19875','b13a4520-fde1-596b-17d8-4f74c7865de6','AOS_Products','9eb28251-3a8d-0c81-3d6f-4f7586e23abc','Committed Internet Bandwidth (Mbps)','2012-04-11 22:29:00','detailview','2ak8qp6obih92dupknrut09kv4',1,0),(1334,'945362e8-6cfb-9a05-2b6b-4f86056ba851','b13a4520-fde1-596b-17d8-4f74c7865de6','AOS_Products','35975fff-782c-4d0f-8a67-4f7587479c16','FE (100Mb) Internet Uplink - Primary ','2012-04-11 22:29:03','detailview','2ak8qp6obih92dupknrut09kv4',1,0),(1337,'2b76025d-ec35-2288-dafc-4f860523c4a4','b13a4520-fde1-596b-17d8-4f74c7865de6','AOS_Products','8c5935eb-74f2-f6e1-58fe-4f75870a4a82','GigE (1000Mb) Internet Uplink - Secondary','2012-04-11 22:29:13','detailview','2ak8qp6obih92dupknrut09kv4',1,0),(1342,'84481af2-d6a3-dfa6-3552-4f86062c5082','b13a4520-fde1-596b-17d8-4f74c7865de6','AOS_Products','d3504c70-3418-1f77-7f70-4f758448f89d','Colo-Power Service: Last Months Deposit ','2012-04-11 22:31:10','detailview','2ak8qp6obih92dupknrut09kv4',1,0),(1340,'898a80d9-2d6e-b5fc-d34c-4f8605124689','b13a4520-fde1-596b-17d8-4f74c7865de6','AOS_Products','f02db2a8-85c5-b75d-1c60-4f7583d63110','Tier 1 Rack Space per RU ','2012-04-11 22:30:11','detailview','2ak8qp6obih92dupknrut09kv4',1,0),(1344,'bed6b5ae-a1d8-6481-f035-4f86066a04e6','b13a4520-fde1-596b-17d8-4f74c7865de6','AOS_Products','aad7ffcd-ba53-0e60-3f1d-4f7584cec8f9','120V Conditioned AC Power ','2012-04-11 22:31:19','detailview','2ak8qp6obih92dupknrut09kv4',1,0),(1405,'e086b8c6-844f-7188-ccb8-4f860a49e33e','b13a4520-fde1-596b-17d8-4f74c7865de6','AOS_Products','91a05d16-f0a1-ceb0-396d-4f8609eda5fd','Minute Block','2012-04-11 22:47:50','detailview','2ak8qp6obih92dupknrut09kv4',1,0),(1345,'e49a5329-a300-8760-81c4-4f86069869f2','b13a4520-fde1-596b-17d8-4f74c7865de6','AOS_Products',NULL,'lvso=asc&AOS_Products2_AOS_PRODUCTS_ORDER_BY=category','2012-04-11 22:31:29','listview','2ak8qp6obih92dupknrut09kv4',0,0),(1348,'718cfe13-9eab-f682-14eb-4f8606745b2e','b13a4520-fde1-596b-17d8-4f74c7865de6','AOS_Products','abf19cc6-b40a-efb5-ca25-4f758a7d86a2','usable addresses ','2012-04-11 22:31:53','detailview','2ak8qp6obih92dupknrut09kv4',1,0),(1365,'41ec3d8c-11f5-7829-eba0-4f860682b772','b13a4520-fde1-596b-17d8-4f74c7865de6','AOS_Products','394acc06-bbf0-8c1f-1cd0-4f7586a3bd36','T-1 Cross Connect ','2012-04-11 22:33:23','detailview','2ak8qp6obih92dupknrut09kv4',1,0),(1353,'aa41a17b-f0d5-5e03-7613-4f8606c0b845','b13a4520-fde1-596b-17d8-4f74c7865de6','AOS_Products','2203fe13-41b2-4d34-9640-4f7585670725','Colo Port Fee ','2012-04-11 22:32:17','detailview','2ak8qp6obih92dupknrut09kv4',1,0),(1354,'df889ca8-dfd8-630b-149f-4f8606eed280','b13a4520-fde1-596b-17d8-4f74c7865de6','AOS_Products','76e80d0e-8794-ab8e-8d58-4f7585a32262','Colo Per Kbps ','2012-04-11 22:32:20','detailview','2ak8qp6obih92dupknrut09kv4',1,0),(1363,'8ec5d9cb-fba2-980d-2cbf-4f8606c2f74d','b13a4520-fde1-596b-17d8-4f74c7865de6','AOS_Products','22410041-e0ed-fa9c-7818-4f75887e8b05','Fiber ','2012-04-11 22:33:21','detailview','2ak8qp6obih92dupknrut09kv4',1,0),(1364,'7794f552-cab2-da69-931f-4f8606ce7c9c','b13a4520-fde1-596b-17d8-4f74c7865de6','AOS_Products','3a286901-f2d4-cf53-311f-4f7588af1734','DS-3 ','2012-04-11 22:33:22','detailview','2ak8qp6obih92dupknrut09kv4',1,0),(1366,'5948f221-82f7-18a1-4abb-4f86060f5ad5','b13a4520-fde1-596b-17d8-4f74c7865de6','AOS_Products','6e72bd6c-6255-fe35-5c74-4f7588a1725f','POTS ','2012-04-11 22:33:24','detailview','2ak8qp6obih92dupknrut09kv4',1,0),(1369,'67071187-5385-0555-37ae-4f8607f556a8','b13a4520-fde1-596b-17d8-4f74c7865de6','AOS_Products','6df1dbb0-3205-5bbf-1ae7-4f758202c7c6','Unlimited MyNLV Fax Service ','2012-04-11 22:36:38','detailview','2ak8qp6obih92dupknrut09kv4',1,0),(1382,'37795e58-7cae-7d7e-119f-4f86083f4fd3','b13a4520-fde1-596b-17d8-4f74c7865de6','AOS_Products','89b02035-92da-4275-4d9d-4f755b65d35f','Point-to-Point DS3 ','2012-04-11 22:40:47','detailview','2ak8qp6obih92dupknrut09kv4',0,0),(1383,'31b30819-056b-4ca3-8f00-4f8608f07e8e','b13a4520-fde1-596b-17d8-4f74c7865de6','AOS_Products','2ed9839b-7a68-c569-0f13-4f755fb6a051','usable addresses ','2012-04-11 22:40:48','detailview','2ak8qp6obih92dupknrut09kv4',1,0),(1393,'a7955e3f-b53e-c4ec-60e7-4f86084cbe5c','b13a4520-fde1-596b-17d8-4f74c7865de6','AOS_Products','7b764d87-208a-1aa5-dcba-4f29884bc105','Enhanced Extension','2012-04-11 22:41:53','detailview','2ak8qp6obih92dupknrut09kv4',1,0),(1384,'efb2b70f-2298-eb0f-c62a-4f8608bc9efd','b13a4520-fde1-596b-17d8-4f74c7865de6','AOS_Products','1b2b28bf-8fd5-0afb-460c-4f755a17c3f0','Shared Internet T1 ','2012-04-11 22:40:48','detailview','2ak8qp6obih92dupknrut09kv4',1,0),(1381,'b01337de-ec01-9be9-af08-4f860859cbba','b13a4520-fde1-596b-17d8-4f74c7865de6','AOS_Products','141a1467-2427-93b2-8867-4f755b592a59','Point-to-Point T1 ','2012-04-11 22:40:46','detailview','2ak8qp6obih92dupknrut09kv4',0,0),(1392,'24e40f94-7536-2386-7995-4f860831d706','b13a4520-fde1-596b-17d8-4f74c7865de6','AOS_Products','30b4518e-ad10-a7f4-87b3-4f756bdca368','Standard Extension ','2012-04-11 22:41:52','detailview','2ak8qp6obih92dupknrut09kv4',1,0),(1391,'efae521a-8d93-0029-91cd-4f8608f3390d','b13a4520-fde1-596b-17d8-4f74c7865de6','AOS_Products','84c4b381-f6d9-d162-255a-4f756cc84e01','Clone Extension ','2012-04-11 22:41:51','detailview','2ak8qp6obih92dupknrut09kv4',1,0),(1401,'66ede05d-3623-6cf2-dece-4f860999059e','b13a4520-fde1-596b-17d8-4f74c7865de6','nli_Pricing','309a1154-cf63-0bd4-df95-4f8609440c60',NULL,'2012-04-11 22:46:51','editview','2ak8qp6obih92dupknrut09kv4',1,0),(1395,'c0200ef3-933d-69b4-4922-4f86090f9d06','b13a4520-fde1-596b-17d8-4f74c7865de6','AOS_Products','c8fc8426-59b3-47f7-9a3c-4f75850b8b00','Committed Internet Bandwidth (Kbps)','2012-04-11 22:44:54','detailview','2ak8qp6obih92dupknrut09kv4',1,0),(1408,'9b8672a1-f183-561b-64da-4f860ab4e6ad','b13a4520-fde1-596b-17d8-4f74c7865de6','AOS_Products','1e946297-dfe0-3fce-3fc2-4f7566ba4a0d','Unlimited Minutes per extension','2012-04-11 22:48:26','detailview','2ak8qp6obih92dupknrut09kv4',1,0),(1481,'df447fb2-1679-4623-531a-4f860e64b1c6','b13a4520-fde1-596b-17d8-4f74c7865de6','AOS_Products','78c40016-bf9c-6315-d9e1-4f7580cb562c','System Wide Intercom','2012-04-11 23:05:11','detailview','2ak8qp6obih92dupknrut09kv4',1,0),(1423,'f3a14046-468b-b235-4659-4f860a0a0a95','b13a4520-fde1-596b-17d8-4f74c7865de6','AOS_Products','52d55a4f-4562-bca2-10e9-4f7560b5c618','Inbound Toll Free Number ','2012-04-11 22:50:15','detailview','2ak8qp6obih92dupknrut09kv4',1,0),(1427,'93d4326b-6cc6-edb3-b308-4f860a3f80b0','b13a4520-fde1-596b-17d8-4f74c7865de6','AOS_Products','9a3ba35f-a29f-4173-56b0-4f756e95fb7b','Basic Automated Attendant ','2012-04-11 22:51:15','detailview','2ak8qp6obih92dupknrut09kv4',1,0),(1418,'6745bfeb-fa16-d453-dee2-4f860a8b0bc9','b13a4520-fde1-596b-17d8-4f74c7865de6','AOS_Products','1ee4cbaa-51cf-ee57-6f58-4f7560496b4d','Direct Outward Dial (DOD) ','2012-04-11 22:49:45','detailview','2ak8qp6obih92dupknrut09kv4',1,0),(1419,'3926dd56-fd13-ab98-362b-4f860ac28572','b13a4520-fde1-596b-17d8-4f74c7865de6','AOS_Products','7a65b598-064d-e109-73a5-4f755ffa82ea','Direct Inward Dial (DID) ','2012-04-11 22:49:46','detailview','2ak8qp6obih92dupknrut09kv4',1,0),(1452,'9870eccf-8866-1283-38dc-4f860c1b0324','b13a4520-fde1-596b-17d8-4f74c7865de6','AOS_Products','c1ab7b16-5bd4-6a72-f8a7-4f75725956f9','Call Center Agent ','2012-04-11 22:57:10','detailview','2ak8qp6obih92dupknrut09kv4',1,0),(1455,'49022c15-f3c7-80d0-9269-4f860c397287','b13a4520-fde1-596b-17d8-4f74c7865de6','AOS_Products','1dc577f3-4e2e-8ff3-93e0-4f860cd3218b','Voice Broadcast','2012-04-11 22:57:59','detailview','2ak8qp6obih92dupknrut09kv4',1,0),(1445,'d5ff9526-b756-9274-de7d-4f860bb895ac','b13a4520-fde1-596b-17d8-4f74c7865de6','AOS_Products','521f7d32-3b3d-0c39-8638-4f756f041714','Conference Bridge ','2012-04-11 22:54:54','detailview','2ak8qp6obih92dupknrut09kv4',1,0),(1453,'e42f1bef-692b-1b96-da3c-4f860c174860','b13a4520-fde1-596b-17d8-4f74c7865de6','AOS_Products','b9a083f0-b1b3-0f6f-d6a2-4f860b1616eb','Call Center Hunt Group','2012-04-11 22:57:11','detailview','2ak8qp6obih92dupknrut09kv4',1,0),(1454,'67d588ad-ce77-8f9c-3e7b-4f860c957aa0','b13a4520-fde1-596b-17d8-4f74c7865de6','AOS_Products','1c6b2a64-b961-574e-985f-4f757240bb33','Call Center Statistics ','2012-04-11 22:57:12','detailview','2ak8qp6obih92dupknrut09kv4',1,0),(1460,'ee72246f-72a7-04a4-d6e7-4f860cfd2c9b','b13a4520-fde1-596b-17d8-4f74c7865de6','AOS_Products','e34ebf32-517b-5db6-66db-4f756f54df72','Hunt Group Phones ','2012-04-11 22:58:40','detailview','2ak8qp6obih92dupknrut09kv4',1,0),(1466,'646dec57-6134-d010-080d-4f860d293f90','b13a4520-fde1-596b-17d8-4f74c7865de6','AOS_Products','ccc7f853-60ee-ef68-4549-4f757f4a5d2f','Call Monitoring','2012-04-11 23:00:41','detailview','2ak8qp6obih92dupknrut09kv4',0,0),(1461,'8e6c7d38-d074-5fc0-e61b-4f860c9da9fa','b13a4520-fde1-596b-17d8-4f74c7865de6','AOS_Products','16855674-6dc2-7b2f-2ce7-4f756fc318f2','Hunt Group ','2012-04-11 22:58:42','detailview','2ak8qp6obih92dupknrut09kv4',1,0),(1484,'d2c0f0d6-9697-f729-81ee-4f860eccd9cd','b13a4520-fde1-596b-17d8-4f74c7865de6','AOS_Products','4ff746e3-1c13-044f-f013-4f758c044ed3','Late Payment ','2012-04-11 23:06:19','detailview','2ak8qp6obih92dupknrut09kv4',1,0),(1476,'b222ace1-78c3-b4dd-fb23-4f860d63ae11','b13a4520-fde1-596b-17d8-4f74c7865de6','AOS_Products','bfd14048-3d2b-d441-0eb9-4f7563a8cf81','SIP Trunk ','2012-04-11 23:04:21','detailview','2ak8qp6obih92dupknrut09kv4',1,0),(1477,'d0399776-d90e-1f14-2b2f-4f860d16b494','b13a4520-fde1-596b-17d8-4f74c7865de6','AOS_Products','42b6d220-5c09-ec14-6b4b-4f7570e995fe','Call Parking','2012-04-11 23:04:22','detailview','2ak8qp6obih92dupknrut09kv4',1,0),(1478,'f3078398-21d8-eada-2c1c-4f860d54ccd0','b13a4520-fde1-596b-17d8-4f74c7865de6','AOS_Products','4f694772-b323-a589-df66-4f7580c3dbdc','Call Recording per extension ','2012-04-11 23:04:24','detailview','2ak8qp6obih92dupknrut09kv4',1,0),(1495,'8263f45b-e0b7-a717-a686-4f860f7215f5','b13a4520-fde1-596b-17d8-4f74c7865de6','AOS_Products','67610010-1dbd-67ff-ac0a-4f758c947fb1','Monitoring ','2012-04-11 23:09:22','detailview','2ak8qp6obih92dupknrut09kv4',1,0),(1493,'634ebc22-9205-11b0-fdea-4f860f9155af','b13a4520-fde1-596b-17d8-4f74c7865de6','AOS_Products','9d9d8153-58fe-2649-6fc5-4f758ccefcab','PDU Rental ','2012-04-11 23:09:18','detailview','2ak8qp6obih92dupknrut09kv4',1,0),(1494,'65555172-91eb-dd89-552f-4f860f19962e','b13a4520-fde1-596b-17d8-4f74c7865de6','AOS_Products','8189216e-2254-fc08-d3f9-4f758cdf1e60','Router Rental ','2012-04-11 23:09:21','detailview','2ak8qp6obih92dupknrut09kv4',1,0),(1496,'67bb00ef-1761-6b7d-10d8-4f860f3eccca','b13a4520-fde1-596b-17d8-4f74c7865de6','AOS_Products','9449a56d-cf9f-c6dd-de90-4f758b5279bb','Mail Spooling ','2012-04-11 23:09:24','detailview','2ak8qp6obih92dupknrut09kv4',1,0),(1499,'da9cbef9-e676-edb1-3bdb-4f860fe1c508','b13a4520-fde1-596b-17d8-4f74c7865de6','AOS_Products','706a1cf5-6880-7d5a-fdf6-4f758cdf78e8','CUSTOM LINE ITEM ','2012-04-11 23:09:51','detailview','2ak8qp6obih92dupknrut09kv4',1,0),(1528,'bf825cf0-525e-83e7-4443-4f86100c3ba8','b13a4520-fde1-596b-17d8-4f74c7865de6','AOS_Products','8084ccda-0767-af6b-24e8-4f756d970c0a','REMOVE Enhanced Extension ','2012-04-11 23:14:04','detailview','2ak8qp6obih92dupknrut09kv4',1,0),(1531,'b8d9856d-068c-1631-c829-4f8610c554a4','b13a4520-fde1-596b-17d8-4f74c7865de6','AOS_Products','77e7cef4-e03f-2c79-9e98-4f75715e3169','REMOVE Automated Attendant ','2012-04-11 23:14:09','detailview','2ak8qp6obih92dupknrut09kv4',1,0),(1529,'3f885c1b-2ec5-32d3-5594-4f8610793f4a','b13a4520-fde1-596b-17d8-4f74c7865de6','AOS_Products','85cf682c-0a5e-c39f-5f34-4f756e5ecdb4','REMOVE Standard Extension ','2012-04-11 23:14:06','detailview','2ak8qp6obih92dupknrut09kv4',1,0),(1535,'bdaa0083-7ba6-936f-8a6c-4f8610ca2723','b13a4520-fde1-596b-17d8-4f74c7865de6','AOS_Products','3cb2eeb7-8419-f244-7fc2-4f7572c132f3','REMOVE Call Queue ','2012-04-11 23:14:11','detailview','2ak8qp6obih92dupknrut09kv4',1,0),(1530,'bef89afd-a378-da00-bb7c-4f8610b25976','b13a4520-fde1-596b-17d8-4f74c7865de6','AOS_Products','8da952fb-b646-306d-4ac3-4f756ee6b964','REMOVE Clone Extension ','2012-04-11 23:14:06','detailview','2ak8qp6obih92dupknrut09kv4',1,0),(1532,'3c4028ec-999a-2b5b-a58b-4f86100601c8','b13a4520-fde1-596b-17d8-4f74c7865de6','AOS_Products','d7472556-dd2f-9ee8-3881-4f75712081fe','REMOVE Conference Bridge ','2012-04-11 23:14:10','detailview','2ak8qp6obih92dupknrut09kv4',1,0),(1533,'8ce29f33-cbc0-8013-d2cb-4f86103dc8db','b13a4520-fde1-596b-17d8-4f74c7865de6','AOS_Products','6d6ba743-7c58-0e4b-1c46-4f7571a459dd','REMOVE Hunt Group ','2012-04-11 23:14:10','detailview','2ak8qp6obih92dupknrut09kv4',1,0),(1534,'aab802e4-a0af-3d25-e5c9-4f86104a7cb0','b13a4520-fde1-596b-17d8-4f74c7865de6','AOS_Products','1abaa724-1ce2-5db5-6715-4f757152bad9','REMOVE Hunt Group Phone ','2012-04-11 23:14:10','detailview','2ak8qp6obih92dupknrut09kv4',1,0),(1559,'4eff274a-c987-3484-6669-4f8613d5b210','b13a4520-fde1-596b-17d8-4f74c7865de6','AOS_Products','19b42493-dbf3-c292-6672-4f758b1039ad','BGP Configuration & Monitoring ','2012-04-11 23:29:02','detailview','2ak8qp6obih92dupknrut09kv4',1,0),(1536,'5d14d9a6-1a52-16fd-713e-4f8610ad12e7','b13a4520-fde1-596b-17d8-4f74c7865de6','AOS_Products','195a8cae-bfcf-8bc1-2e82-4f757f21c81a','REMOVE Call Center Agent ','2012-04-11 23:14:13','detailview','2ak8qp6obih92dupknrut09kv4',1,0),(1537,'dd9dd3b6-670b-4efc-3ce0-4f8610f7acea','b13a4520-fde1-596b-17d8-4f74c7865de6','AOS_Products','361909b8-ac00-6899-9914-4f757f4468a7','REMOVE Call Center Statistics ','2012-04-11 23:14:14','detailview','2ak8qp6obih92dupknrut09kv4',1,0),(1538,'51f01494-6f87-57e3-2c91-4f8610afb31d','b13a4520-fde1-596b-17d8-4f74c7865de6','AOS_Products','5960419b-c9d2-dc5f-25ac-4f7581882d91','REMOVE Call Monitoring ','2012-04-11 23:14:15','detailview','2ak8qp6obih92dupknrut09kv4',1,0),(1539,'88afb7a3-8b27-f993-5088-4f8610e535f9','b13a4520-fde1-596b-17d8-4f74c7865de6','AOS_Products','3361fd13-c82a-60d3-943b-4f75817ef798','REMOVE Call Recording ','2012-04-11 23:14:16','detailview','2ak8qp6obih92dupknrut09kv4',1,0),(1540,'2ae75dc2-d965-e8f5-f037-4f8610edf048','b13a4520-fde1-596b-17d8-4f74c7865de6','AOS_Products','e024a2d5-f164-b3f2-05a0-4f75816d7872','REMOVE Whisper Feature ','2012-04-11 23:14:17','detailview','2ak8qp6obih92dupknrut09kv4',1,0),(1541,'28100fd9-306a-1c8d-34ac-4f86108ed364','b13a4520-fde1-596b-17d8-4f74c7865de6','AOS_Products','ee420407-3f08-b031-2054-4f7582668867','REMOVE Unlimited MyNLV Fax ','2012-04-11 23:14:17','detailview','2ak8qp6obih92dupknrut09kv4',1,0),(1561,'2a0a3e64-5155-8925-ff3d-4f86132e73fc','b13a4520-fde1-596b-17d8-4f74c7865de6','AOS_Products','6e5b2c45-bdd3-1071-19e3-4f758bf14563','HSRP Configuration ','2012-04-11 23:29:06','detailview','2ak8qp6obih92dupknrut09kv4',1,0),(1566,'a02e957b-66fb-9eb5-c588-4f8614303201','b13a4520-fde1-596b-17d8-4f74c7865de6','AOS_Products','de17c51b-91b6-d37a-7c57-4f758b4adcdf','Remote Hands (after hours) ','2012-04-11 23:32:04','detailview','2ak8qp6obih92dupknrut09kv4',1,0),(2889,'a978d22c-aa8a-a844-a396-4fe255ac3a0c','b13a4520-fde1-596b-17d8-4f74c7865de6','AOS_Products','364b06a4-be67-f21d-e348-4fe230863782','Included Clone Extension','2012-06-20 22:57:27','detailview','nrchjbuscjd35c0vgdmvs35467',1,0),(1558,'6a1e123a-82a5-49ec-403c-4f861304a95a','b13a4520-fde1-596b-17d8-4f74c7865de6','AOS_Products','81fa39f4-1600-5cd5-5a58-4f758bb8a269','Engineering Services ','2012-04-11 23:28:59','detailview','2ak8qp6obih92dupknrut09kv4',1,0),(1560,'71a263cd-dd90-14aa-ce3a-4f8613ab4786','b13a4520-fde1-596b-17d8-4f74c7865de6','AOS_Products','3ef2af98-dddf-18d2-1b0b-4f758b307bc6','Firewall Configuration per hour ','2012-04-11 23:29:03','detailview','2ak8qp6obih92dupknrut09kv4',1,0),(1557,'e3d23adb-7485-e87d-5a96-4f86132fb1a7','b13a4520-fde1-596b-17d8-4f74c7865de6','AOS_Products','3bd3ae3d-c918-c4e8-306e-4f75618c9ac3','Port Existing Phone/Fax Number ','2012-04-11 23:28:55','detailview','2ak8qp6obih92dupknrut09kv4',1,0),(1574,'dffe9acd-f7d3-10b1-ac4d-4f86f64c6996','1','AOS_Products',NULL,'lvso=desc&AOS_Products2_AOS_PRODUCTS_ORDER_BY=maincode','2012-04-12 15:36:28','listview','59aactk8hl8crjv1k31lcsvmh1',0,0),(1571,'39ce3fbd-9938-c620-8bd7-4f86f550eda1','1','AOS_Products','4f694772-b323-a589-df66-4f7580c3dbdc','Call Recording per extension ','2012-04-12 15:31:48','detailview','59aactk8hl8crjv1k31lcsvmh1',1,0),(1575,'3ed70f8b-fcc0-a990-8519-4f86f66a35dd','1','AOS_Products',NULL,'lvso=asc&AOS_Products2_AOS_PRODUCTS_ORDER_BY=maincode','2012-04-12 15:36:35','listview','59aactk8hl8crjv1k31lcsvmh1',0,0),(1578,'38187a40-34cb-ddb0-f777-4f8745c068eb','9106f88a-f272-8119-72a3-4f3165461fc6','AOS_Products','6e72bd6c-6255-fe35-5c74-4f7588a1725f','POTS ','2012-04-12 21:13:33','detailview','k8igqftqvmhu6dbo9602eq0vm7',1,0),(1581,'48492a92-070b-dd64-71aa-4f8746be4057','9106f88a-f272-8119-72a3-4f3165461fc6','nli_Pricing','8487507a-785e-0e66-a755-4f4d2d2ea97f',NULL,'2012-04-12 21:19:54','editview','k8igqftqvmhu6dbo9602eq0vm7',1,0),(2482,'e4f57297-54ba-7e15-15fe-4fc4710d8108','1','nli_ServiceAddresses','529f7c59-7ac3-1cb6-47fc-4fb2bcacc01a','test wo account','2012-05-29 06:48:33','detailview','d5kun6elo1g4oo3ehpibkeekj6',0,0),(1584,'a53a732d-9cb6-4479-1445-4f8747990af3','9106f88a-f272-8119-72a3-4f3165461fc6','AOS_Products','9c318fa3-8bf8-28ae-d404-4f2986d3e707','Clear Channel Internet','2012-04-12 21:20:13','detailview','k8igqftqvmhu6dbo9602eq0vm7',1,0),(1740,'55f84650-19a4-3eca-809e-4fa060b40e35','2bf53c62-efbb-f811-41f8-4f3d64001d45','AOS_Quotes','67a3dd80-ba2d-d7d5-a6b8-4f7b8534c346','Jeff\'s Super Quote','2012-05-01 22:14:08','editview','1fhr06dc7rt3op8nrotdmq7602',1,0),(1596,'341b7a33-97b8-3a1b-bd66-4f8dd892641f','2bf53c62-efbb-f811-41f8-4f3d64001d45','Opportunities','d673e118-efdb-018c-57c8-4f70abfb7274','Al Test-voice and data','2012-04-17 20:53:20','editview','2lvqdgbths91lu4csambehugd1',1,0),(1610,'81737ed9-bb07-c913-99e7-4f8f0a871224','2bf53c62-efbb-f811-41f8-4f3d64001d45','Notes','69469fa2-2627-b52f-5298-4f8f0025b39b','NLI Sales force backup','2012-04-18 18:39:34','detailview','dm7d3ocbortkt9i4d7fadr3k56',1,0),(1606,'b8dfeef1-5913-4c56-c234-4f8df56a09e6','2bf53c62-efbb-f811-41f8-4f3d64001d45','AOS_Quotes','67c89441-a287-27d1-09f9-4f8ddce2412e','Inet & Voip 1203200930','2012-04-17 22:56:05','editview','2dkrefcmk778t8mfa7khaloj47',1,0),(1608,'7ad7bb15-159c-aa86-8e70-4f8f01cdeef7','1','Notes','69469fa2-2627-b52f-5298-4f8f0025b39b','NLI Sales force backup','2012-04-18 18:01:59','detailview','jfjles0dn2625hucrt1fdub0d2',1,0),(1712,'db6f446a-d5fe-3839-b8f0-4f972604ce2f','2bf53c62-efbb-f811-41f8-4f3d64001d45','AOS_Products',NULL,'lvso=asc&AOS_Products2_AOS_PRODUCTS_ORDER_BY=maincode','2012-04-24 22:19:26','listview','lni27accd2j9jnn48flrrt49s2',0,0),(1722,'9840d47c-d34c-7498-3fca-4f982beb14e3','1','AOS_Quotes','67c89441-a287-27d1-09f9-4f8ddce2412e','Inet & Voip 1203200930','2012-04-25 16:52:52','editview','22abovd5u0ki6jne0kr8c0hkg5',1,0),(1829,'ecb4ec0f-6918-cf81-3d76-4fa7ef50aac0','2bf53c62-efbb-f811-41f8-4f3d64001d45','Contacts','e98a2c51-30f5-1050-e27a-4fa7ef984fe4','Primary Technical','2012-05-07 15:52:19','detailview','84lfdk11vikocijb5g6jri7s26',0,0),(1776,'b8bab39a-cd4b-7623-a099-4fa2bb1b2033','9106f88a-f272-8119-72a3-4f3165461fc6','Opportunities','d673e118-efdb-018c-57c8-4f70abfb7274','Al Test-voice and data','2012-05-03 17:09:45','detailview','ojfqc6q3q1a2sst3326ld1a711',1,0),(1742,'417b6b1a-f7d4-cfb7-aa7d-4fa07ba65615','2bf53c62-efbb-f811-41f8-4f3d64001d45','AOS_Quotes','5fa96842-e9f3-67e0-2f17-4f298bbc1548','Internet and VOIP','2012-05-02 00:10:31','editview','l4c9t9hj71h4cthfjrf0vss126',1,0),(1743,'e215d36e-b4c3-fb28-0345-4fa261ca48af','1','Contacts','eddd9f19-45e5-9778-b092-4f3aafb4bb67','Test Contact','2012-05-03 10:44:20','detailview','mhfmfiimh6c00rk5pcr5887c41',0,0),(1729,'aa99c800-9d52-d9ff-9e3a-4f99bbe78b79','2bf53c62-efbb-f811-41f8-4f3d64001d45','AOS_Quotes','62bdea22-4e45-0999-0716-4f97368b3e7c','Internet and VOIP','2012-04-26 21:19:17','editview','9ccjn5gl54u5gd43nuo5plm8j4',1,0),(1923,'1b53dd72-aeef-98f3-2807-4fab79d6a6d1','1','Contacts','6cc2234e-41a9-a93b-be4d-4fa9061718ab','Dr. Riya Parker','2012-05-10 08:17:55','detailview','h7qjrdsjt24bp1ocjsca4s8fn2',0,0),(1760,'2685bd1e-39de-5520-405c-4fa2856a13c8','1','UserPreferences','275cc4c8-489a-055e-bdff-4fa285f434b4','Base Implementation.  Should be overridden.','2012-05-03 13:16:27','save','dobnpo952ieronilnuh09rv9s2',1,0),(2923,'7888e344-9938-b75a-4c58-4fe30cd067fa','1','AOS_Products','1dc577f3-4e2e-8ff3-93e0-4f860cd3218b','Voice Broadcast','2012-06-21 12:01:03','detailview','nu2ops5u8st970d46a6b4mh186',1,0),(1799,'c032b870-c032-4399-5703-4fa7a5d47343','1','Contacts','90fce7f1-a465-f97f-0fae-4fa7a59d8fc4','Mr. vcxc vc bvcbvc','2012-05-07 10:36:05','detailview','tragmkj8ddtsqiq66gqdk7b9m1',0,0),(1805,'76e6e5d4-9168-8c1e-12f2-4fa7bc8dbcf6','1','Contacts','3c8d93d8-a039-bfde-98fd-4fa7bc12c57d','Prof. Shekhar Verma','2012-05-07 12:15:57','detailview','v6v06qpn4e61a2o8r9kqo7nio3',0,0),(1804,'ecf753e9-bbfd-f9f5-fb47-4fa7baae0aa6','1','Contacts','59e12e40-b849-d46f-165c-4fa7a69a9c8b','Mr. Shekhar Verma','2012-05-07 12:07:11','detailview','v6v06qpn4e61a2o8r9kqo7nio3',0,0),(1806,'1c376221-2305-a483-8650-4fa7bdb6dcaf','1','Contacts','2031127e-6ab0-7726-4aac-4fa7bd499de4','Prof. Shekhar Verma','2012-05-07 12:18:15','detailview','v6v06qpn4e61a2o8r9kqo7nio3',0,0),(1809,'45342c96-b223-c337-ee51-4fa7c74d92e1','1','Contacts','985af6b7-0ff0-a2d6-31bc-4fa7be2ca6a0','Dr. Shekhar Verma','2012-05-07 12:59:13','detailview','v6v06qpn4e61a2o8r9kqo7nio3',0,0),(1857,'77d43c8f-562e-1113-7e39-4fa900ea52ff','1','Contacts','2a3fea86-944f-ef1c-c2c1-4fa7cae5b177','Mr. Shekh Verma','2012-05-08 11:16:48','detailview','s9fj4ehripp83m1n661oeei5j6',0,0),(1812,'10650055-942e-854b-1012-4fa7cac07df8','1','Contacts','72255ecd-206b-800a-1f12-4fa7cadbbf8b','Mr. Shekh3 Verma','2012-05-07 13:12:34','detailview','v6v06qpn4e61a2o8r9kqo7nio3',0,0),(1816,'1852de49-7cef-61ca-48ff-4fa7cb838a49','1','Contacts','e3aef071-9578-c6de-98ac-4fa7cbc4aca5','Prof. Raj Dev','2012-05-07 13:19:22','detailview','v6v06qpn4e61a2o8r9kqo7nio3',0,0),(1814,'5c088de6-0d94-b8c3-f38f-4fa7ca86ccc8','1','Contacts','df97b6cc-30a2-5f5c-a010-4fa7ca6243b8','Ms. asdasd sdasdasd','2012-05-07 13:14:11','detailview','v6v06qpn4e61a2o8r9kqo7nio3',0,0),(1815,'86de0804-1d17-f6bb-d539-4fa7cb5b6117','1','Contacts','d44502cc-2405-cb41-eca8-4fa7cab32300','Mr. Shekh3 Verma','2012-05-07 13:17:39','detailview','v6v06qpn4e61a2o8r9kqo7nio3',0,0),(1818,'345a9166-cd38-474d-90ae-4fa7cc6f0525','1','Contacts','63200703-4f6b-46a2-55d3-4fa7ccea010f','Prof. Raj Dev','2012-05-07 13:23:53','detailview','v6v06qpn4e61a2o8r9kqo7nio3',0,0),(1821,'f2e3da20-1a55-81de-003f-4fa7d00ad76a','1','Contacts','976284ee-6b0e-1cae-7996-4fa7d0c34754','Mr. test Impinge','2012-05-07 13:37:56','detailview','v6v06qpn4e61a2o8r9kqo7nio3',0,0),(1822,'19ed52c0-0d8a-09fe-603b-4fa7d1bb0334','1','Contacts','59df3e24-8683-5183-3ebc-4fa7d0e3642e','Ms. test33 Verma','2012-05-07 13:42:42','detailview','v6v06qpn4e61a2o8r9kqo7nio3',0,0),(1851,'e4d61047-f68e-4d92-46d6-4fa8cc0c0751','1','Contacts','355d68e0-de3b-8812-47de-4fa8ccd5e450','Mr. Test Verma Again','2012-05-08 07:32:30','detailview','emqv9ch72shhrda26rbo0m66f7',0,0),(1827,'44d6d2e6-2815-4d54-71bd-4fa7ee8a1fdf','2bf53c62-efbb-f811-41f8-4f3d64001d45','Contacts','bc2b8613-7800-d1d4-1f0e-4f2984fdcc27','Mr. David Ferrell','2012-05-07 15:48:10','detailview','84lfdk11vikocijb5g6jri7s26',1,0),(2782,'b83b342b-e130-fccd-8bae-4fd8918c4544','1','Contacts','d2daf851-7bc6-01ea-de51-4fd7362fdd77','Mrs. dfgdfgdfg dfgdfgdfg','2012-06-13 13:10:06','detailview','3ugtaijapq68i7kqp8b7p56j87',0,0),(1850,'5cd4e28d-2887-9dfd-f6d1-4fa8b82e587d','1','Contacts','8d282cf9-6cae-a17c-f323-4fa7d18c6b7d','Dr. Shekh3de Dev','2012-05-08 06:10:19','detailview','bbosscr1tnkqj910sf2ph0pd96',0,0),(1865,'971e3cba-484b-3762-a11d-4fa9145372f0','1','Contacts','38d20adf-8261-ca22-5b99-4fa9143a281c','dsdasdas dfdsfdsf','2012-05-08 12:42:16','detailview','5k1d1vrjlthc0asqvfcbovv1c5',0,0),(1852,'69ffeba5-3258-23c8-85af-4fa8d391d1ce','1','Contacts','4e24d22f-93ad-59e0-a9e4-4fa8d3886286','Mr. dsfdsf dsfdsfds','2012-05-08 08:04:26','detailview','emqv9ch72shhrda26rbo0m66f7',0,0),(1853,'b63e8514-fa4a-c5ba-f0b6-4fa8d4c834c2','1','Contacts','175af988-1dd7-c63f-2dab-4fa8d405cca5','Ms. dfdsfdsf dsfdsfdsf','2012-05-08 08:09:22','detailview','emqv9ch72shhrda26rbo0m66f7',0,0),(1905,'82d94de4-a139-cac3-ffe9-4faa6f8b15f0','1','Contacts','da4632bc-a864-2e7a-9543-4fa7cc2134cc','Prof. Raj Dev','2012-05-09 13:23:50','detailview','68mnv5flufgqs4lt9vaslbn151',0,0),(1870,'1f1ccd83-7069-8bfc-40c1-4fa91f4bd2f6','1','Contacts','e73861cd-0ee7-b55d-98db-4fa7c74f2671','Mr. Shekhar u Verma un','2012-05-08 13:28:02','detailview','h402nf3pdsrpkrkjrqlqcsn377',0,0),(1863,'f00ec3bd-62ca-df43-25d0-4fa912a33349','1','Contacts','373eb42a-b9d6-b368-e1e5-4fa912071114',' ','2012-05-08 12:31:08','editview','5k1d1vrjlthc0asqvfcbovv1c5',0,0),(1867,'160965ab-faa0-a378-5e71-4fa91f9d90e1','1','Contacts','e98a2c51-30f5-1050-e27a-4fa7ef984fe4','Primary Technical','2012-05-08 13:26:26','detailview','h402nf3pdsrpkrkjrqlqcsn377',0,0),(1868,'b7eda44a-077a-9ae9-69ca-4fa91f84c650','1','Contacts','70a61daf-01a8-2e1c-dd3f-4fa802a7c0f9','Mr.','2012-05-08 13:26:57','detailview','h402nf3pdsrpkrkjrqlqcsn377',0,0),(1909,'c48b5394-15bb-8e5c-38ca-4faa7148b63b','1','Contacts','d9da5b20-c7af-862f-c618-4faa71c21c51','Ms. fddsf dsfdsfdsf','2012-05-09 13:28:59','detailview','68mnv5flufgqs4lt9vaslbn151',0,0),(1896,'781240d6-6ef5-e276-83fb-4faa4ae205f1','1','Contacts','467aee3c-589b-6109-24f6-4faa26008677','Prof. dfdsfdsfd dsdsdsfdsf','2012-05-09 10:46:11','detailview','d7u0eji6pfpc8epvbq0khtfo14',0,0),(1910,'3e636765-5696-2cc6-932e-4faa71e20307','1','Contacts','8ad69120-3350-8636-e9f8-4faa71776b61','Mr. rtretret retretrere','2012-05-09 13:31:22','detailview','68mnv5flufgqs4lt9vaslbn151',0,0),(1902,'8a647bbc-cc1a-0e08-d4c5-4faa57fc38dd','1','Contacts','692deabb-769c-c34d-4087-4faa4b12b22f','Ms. dd fds','2012-05-09 11:40:05','detailview','hkve79rnl5rsu0cfnjd1kq2k05',0,0),(2547,'80ff5e1b-1df4-3145-aef9-4fcf45ebe035','1','nli_ServiceAddresses','cef67ec0-357d-8e52-955a-4fcf45d2ea37','test service loc 1','2012-06-06 11:58:11','detailview','3mhvtvucpd4uof58kh6hh5r146',0,0),(2877,'c009cda4-3e70-f4d8-20ed-4fe17b4df9c9','1','AOS_Products','3ef2af98-dddf-18d2-1b0b-4f758b307bc6','Firewall Configuration per hour ','2012-06-20 07:27:15','editview','vbdofoo5useue3das8drmtgdr6',1,0),(2496,'d73a852a-dabf-134d-a744-4fc64c4352a3','1','Contacts','b9247ae3-978a-aa44-12d6-4facb4036900','Mrs. NewT Test','2012-05-30 16:34:44','editview','rm1g8fj2gbk2tnon9g2dtlaru2',0,0),(2310,'5e5df418-dc87-46ad-054a-4fb3f94fe539','1','AOS_Quotes','62bdea22-4e45-0999-0716-4f97368b3e7c','Internet and VOIP','2012-05-16 18:59:46','editview','b30sd0hqlbeomb7gfplf8b6m87',1,0),(2526,'9431a09f-10cc-7aa2-b685-4fce4ae06b76','2bf53c62-efbb-f811-41f8-4f3d64001d45','AOS_Quotes','66a50f99-218e-9a6a-7807-4fb2c3118710','Internet and VOIP','2012-06-05 18:04:19','editview','cpkq4ogq9fdbtg9s4g6hh515f3',1,0),(2649,'a37fff7b-db9b-f0a0-9c51-4fd104e59b62','2bf53c62-efbb-f811-41f8-4f3d64001d45','Accounts','5f670136-f107-f7c3-68a9-4f2985be35cf','TCG, Inc','2012-06-07 19:43:21','detailview','ge9qjgibbfddurr60rmap0h4a2',1,0),(2229,'3553f0da-9f5c-1ff8-90bc-4fb2cb28b521','2bf53c62-efbb-f811-41f8-4f3d64001d45','nli_ServiceAddresses','2dc72617-ea9c-3a6c-1964-4fb2bbdafcd1','Home Office','2012-05-15 21:31:31','detailview','s2okil2sk8ne1k4ndjcvc8tqc2',0,0),(2394,'963096dd-3341-1202-4757-4fbc943f3d13','1','Contacts','ea550625-151e-9e82-5910-4fbc94881949','Mr. Billing Contact 1 Billing Contact 1','2012-05-23 07:40:23','detailview','pbeivei4grhn8adrrst1cv8cu2',0,0),(2451,'ed6fc6e7-514e-2add-efa9-4fbe1ff22602','1','nli_ServiceAddresses','7e797273-b127-69de-acc5-4fbe1f874bcf','dffdsfs','2012-05-24 11:47:03','detailview','g558ddcajcne1h8s2r04va9im3',0,0),(2399,'d39b0f96-312d-622b-bef3-4fbca61ad7ac','1','Contacts','e376791c-487b-86f1-5e0f-4fa7ce62ab47','Mrs. Sta etr','2012-05-23 08:58:57','detailview','cgq965pdm2qffq7j3da85j8m92',0,0),(2398,'bb87ab46-e1e9-27ab-b66f-4fbca6665685','1','Contacts','9c3f5e73-0acd-ba42-f1c1-4fbc955b7f73','Prof. Billing Contact  2 Billing Contact  2','2012-05-23 08:58:23','detailview','cgq965pdm2qffq7j3da85j8m92',0,0),(2484,'1e3b5085-a054-cb76-3f9b-4fc476113da6','1','Contacts','d35e1fd5-aae4-a180-cb4f-4fc476084412','Prof. Test Tech Contact  2ddd Test Tech Contact  2ddd','2012-05-29 07:11:59','detailview','d5kun6elo1g4oo3ehpibkeekj6',0,0),(2449,'2addbdc4-0f86-a6ac-27d3-4fbe11bba261','1','nli_ServiceAddresses','adf00cc3-0d0f-790c-883a-4fbd7bce543b','Test 2','2012-05-24 10:45:34','detailview','g558ddcajcne1h8s2r04va9im3',0,0),(2555,'e6e241f8-c716-193e-24dc-4fcf4dc13b8a','1','nli_ServiceAddresses','db1e9e40-d946-5619-970d-4fcf4d21935e','test service loc 1','2012-06-06 12:31:00','detailview','3mhvtvucpd4uof58kh6hh5r146',0,0),(2830,'e504ef20-3612-141b-bcb7-4fe0b4ef66de','1','AOS_Products','bf9f50ce-7bc5-491a-6558-4fd86600ae51','Vehicles Model V28','2012-06-19 17:19:57','detailview','nkjn7usb94bapvupn1cmfg1l15',0,0),(2454,'880b2b72-fa0d-d873-90ea-4fbe20ef3639','1','nli_ServiceAddresses','c7c27d94-6287-393a-c481-4fbe1f8f2fcd','cvxcvxcvxvvxc','2012-05-24 11:49:27','detailview','g558ddcajcne1h8s2r04va9im3',0,0),(2491,'de3fdbcc-2456-c8f3-0964-4fc64b91b276','1','Opportunities','d673e118-efdb-018c-57c8-4f70abfb7274','Al Test-voice and data','2012-05-30 16:31:14','editview','rm1g8fj2gbk2tnon9g2dtlaru2',1,0),(2474,'e5c92c11-267a-a0f3-50ad-4fbef7195966','2bf53c62-efbb-f811-41f8-4f3d64001d45','Contacts','e73861cd-0ee7-b55d-98db-4fa7c74f2671','Mr. Primary BillContact','2012-05-25 03:05:57','detailview','vnq0kq5a6khchvd68nival98i0',0,0),(2516,'629519d3-381c-65dd-b960-4fc68948e7a1','1','AOS_Quotes','66a50f99-218e-9a6a-7807-4fb2c3118710','Internet and VOIP','2012-05-30 20:54:38','editview','8nglcsn34nvj4vt2gj9a8kq166',1,0),(2481,'4c5f24ea-3ec7-1c63-bc0b-4fc47137f82e','1','nli_ServiceAddresses','7a05eb0a-4164-10b0-0059-4fa967a8ad7b','test','2012-05-29 06:48:16','detailview','d5kun6elo1g4oo3ehpibkeekj6',0,0),(2483,'e761152e-7f89-2f21-81ad-4fc471e089e2','1','Contacts','49059aa2-5b64-174b-6b3f-4fbc9599214a','Mrs. Technical Contact 2 Technical Contact 2','2012-05-29 06:51:14','detailview','d5kun6elo1g4oo3ehpibkeekj6',0,0),(2485,'aa23cc50-38be-3c21-da73-4fc479420eb5','1','Contacts','a3cdb855-25d9-c72b-fbe0-4fc479c82e65','Prof. dfdfdsffds dfdfdsffds','2012-05-29 07:23:16','detailview','d5kun6elo1g4oo3ehpibkeekj6',0,0),(2487,'ecd56764-7d1c-60e3-078f-4fc479c6cf73','1','Contacts','c91c98bb-22d3-6c7d-2913-4fc47994f839','Mr. ffdsfdsf sdfdsfdsf','2012-05-29 07:25:26','detailview','d5kun6elo1g4oo3ehpibkeekj6',0,0),(2488,'d76654a1-d1fe-3cef-7ede-4fc479719aad','1','Contacts','97bea470-00e6-a099-5cbe-4fc47930dbce','Ms. fdsfdsfdsf dsfdsfdsf','2012-05-29 07:25:37','detailview','d5kun6elo1g4oo3ehpibkeekj6',0,0),(2494,'e525f351-7c03-d13b-ed79-4fc64c098f36','1','Contacts','32d80eeb-9991-15e0-a249-4fc5cd0c19a2','Mr. dfdsfds dsfdsfdsfds','2012-05-30 16:34:24','editview','rm1g8fj2gbk2tnon9g2dtlaru2',0,0),(2604,'dd38eeda-d2f1-ee09-4eac-4fd0da70487c','2bf53c62-efbb-f811-41f8-4f3d64001d45','AOS_Products','eaf9da8f-5804-3983-20ff-4fd0d53ddd61','Test jBilling Integration','2012-06-07 16:43:42','detailview','6l1ok2vl27kktcmn0nm6nps957',0,0),(2514,'e48bfb55-6570-0817-bb5a-4fc684ce10bb','9106f88a-f272-8119-72a3-4f3165461fc6','AOS_PDF_Templates','64add06a-7802-4824-0994-4f71fd722d39','NLI Quotes Template','2012-05-30 20:33:52','detailview','ck7du034ddhl9np0f7ik7ko530',1,0),(2513,'317687ac-b4f9-7cb8-4ba4-4fc68475917c','9106f88a-f272-8119-72a3-4f3165461fc6','AOS_Quotes','a6f8f833-cc01-424e-d7e0-4fc67abff248','Al Voice Test','2012-05-30 20:33:20','detailview','ck7du034ddhl9np0f7ik7ko530',1,0),(2562,'d751ef67-c8f6-4cd3-272a-4fcf8cdce00b','1','AOS_PDF_Templates','64add06a-7802-4824-0994-4f71fd722d39','NLI Quotes Template','2012-06-06 17:00:50','editview','rhq0t8dto7fpokpr1g5nt1d785',1,0),(2527,'491bc478-0fa3-a987-8bfe-4fcef192ae5a','25c40e1c-99ae-de9c-6c6e-4fa285018290','Contacts','eada6287-d747-55b4-36be-4fc5cd19f095','Dr. sdfsdf dsfdsfdsfds','2012-06-06 05:57:05','detailview','96n56h9f7ft0b9u4vqgofejpp7',0,0),(2528,'14f9f194-4250-cd55-54bf-4fcf3250b439','1','nli_ServiceAddresses','c9f4a961-4dc7-dfbe-c74c-4fcf326d6ff9','test service loc 1','2012-06-06 10:36:28','detailview','3mhvtvucpd4uof58kh6hh5r146',0,0),(2554,'d67455fe-5bb3-5d8a-251e-4fcf4dcb7aaf','1','nli_ServiceAddresses','2dc72617-ea9c-3a6c-1964-4fb2bbdafcd1','Home Office','2012-06-06 12:29:16','detailview','3mhvtvucpd4uof58kh6hh5r146',0,0),(2533,'232fc674-67bb-fe91-ecd4-4fcf35be9e74','1','nli_ServiceAddresses','4d8cd2ce-b02e-f5fe-1bb5-4fcf35a0bb5c','test service loc 1','2012-06-06 10:49:53','detailview','3mhvtvucpd4uof58kh6hh5r146',0,0),(2531,'8188045b-ba57-ea0c-d967-4fcf35422bae','1','nli_ServiceAddresses','4fee717f-9d31-3c3d-b637-4fcf35f5fb82','test service loc 1','2012-06-06 10:49:10','detailview','3mhvtvucpd4uof58kh6hh5r146',0,0),(2532,'c5eaa58a-17f5-9316-8547-4fcf353615ef','1','nli_ServiceAddresses','e3440d78-795e-1d7d-d336-4fcf35f1d45b','test service loc 1','2012-06-06 10:49:19','detailview','3mhvtvucpd4uof58kh6hh5r146',0,0),(2534,'6d1a2f91-4436-a67c-d124-4fcf3624c431','1','nli_ServiceAddresses','8cbf09a5-d054-55ce-59d6-4fcf36b9fcd0','test service loc 1','2012-06-06 10:53:15','detailview','3mhvtvucpd4uof58kh6hh5r146',0,0),(2535,'749d2f6e-5c17-380f-48b2-4fcf37ef93fd','1','nli_ServiceAddresses','5f2ea02c-648d-9b0f-6084-4fcf3788a65e','test service loc 1','2012-06-06 10:56:41','detailview','3mhvtvucpd4uof58kh6hh5r146',0,0),(2536,'91462bef-912b-449a-7a73-4fcf374181a0','1','nli_ServiceAddresses','5efc07e0-51cb-ca3d-ed4c-4fcf37ff077e','test service loc 1','2012-06-06 10:58:58','detailview','3mhvtvucpd4uof58kh6hh5r146',0,0),(2537,'1cf45847-331e-baa4-a34a-4fcf387f5fd7','1','nli_ServiceAddresses','c410b811-652d-fc56-77ae-4fcf38871e46','test service loc 1','2012-06-06 10:59:49','detailview','3mhvtvucpd4uof58kh6hh5r146',0,0),(2538,'5b3bafc8-ea1c-4240-1b93-4fcf3930b664','1','nli_ServiceAddresses','1d46592b-144b-72a6-724c-4fcf39ed21a9','test service loc 1','2012-06-06 11:04:11','detailview','3mhvtvucpd4uof58kh6hh5r146',0,0),(2539,'2e55c89c-d772-dfa4-05f0-4fcf3acaff1c','1','nli_ServiceAddresses','13c4ab9d-9d7a-036f-0d71-4fcf39fd5e2c','test service loc 1','2012-06-06 11:08:19','detailview','3mhvtvucpd4uof58kh6hh5r146',0,0),(2540,'82542255-5967-2d51-3a7a-4fcf3b56fdd9','1','nli_ServiceAddresses','a92a0448-2e52-d838-2dbb-4fcf3bae4c04','dsd','2012-06-06 11:12:08','detailview','3mhvtvucpd4uof58kh6hh5r146',0,0),(2541,'f5080a7d-5fb3-bab9-7619-4fcf3b01f373','1','nli_ServiceAddresses','1ce75a70-d381-7f92-398e-4fcf3b53525b','test service loc 1','2012-06-06 11:14:15','detailview','3mhvtvucpd4uof58kh6hh5r146',0,0),(2542,'eb07676c-d4c4-fa73-4276-4fcf3b8d9586','1','nli_ServiceAddresses','a6cd75d1-5e28-3ef5-625d-4fcf3bdab1a8','test service loc 1','2012-06-06 11:15:20','detailview','3mhvtvucpd4uof58kh6hh5r146',0,0),(2543,'3d4bd3f8-d803-790e-9b3f-4fcf3e795527','1','nli_ServiceAddresses','ae230f40-9ef3-3809-71ee-4fcf3ec4a2a2','test service loc 1','2012-06-06 11:27:23','detailview','3mhvtvucpd4uof58kh6hh5r146',0,0),(2544,'aa6ee671-db80-cf4d-6f57-4fcf439d0af6','1','nli_ServiceAddresses','351e68e5-e026-19bd-d012-4fcf437bbf74','dsfds','2012-06-06 11:47:06','detailview','3mhvtvucpd4uof58kh6hh5r146',0,0),(2545,'56409c88-4aed-96cd-5017-4fcf4344131a','1','nli_ServiceAddresses','15a000f1-1aac-663a-18cc-4fcf43b181ca','test service loc 1','2012-06-06 11:47:58','detailview','3mhvtvucpd4uof58kh6hh5r146',0,0),(2549,'a62186d3-5b72-c774-a43f-4fcf48b893e0','1','nli_ServiceAddresses','d547f335-4396-8f54-b7fd-4fcf48d26923','test service loc 1','2012-06-06 12:11:38','detailview','3mhvtvucpd4uof58kh6hh5r146',0,0),(2583,'13d73c32-8be9-1527-21f5-4fcfad2ba333','2bf53c62-efbb-f811-41f8-4f3d64001d45','Emails','92f1fbc6-67e9-e2f9-69d6-4fcfad0da128','Quote for Al Voice Test','2012-06-06 19:21:09','save','pid5ahfcj181pmtj3evv85ao55',1,0),(2550,'26f83f38-40ac-dfd4-5cf4-4fcf495c4b4c','1','nli_ServiceAddresses','36fa30c2-c47c-21df-bdac-4fcf4930c91b','test service loc 1','2012-06-06 12:13:22','detailview','3mhvtvucpd4uof58kh6hh5r146',0,0),(2551,'42129128-aacc-9dc7-a6fb-4fcf4c6b289e','1','nli_ServiceAddresses','98987459-7394-be78-a317-4fcf4bca2d38','test service loc 1','2012-06-06 12:26:56','detailview','3mhvtvucpd4uof58kh6hh5r146',0,0),(2552,'a2df3858-c877-015b-c56b-4fcf4c045ea0','1','Contacts','9faa4fac-0690-79a6-0c6f-4fcf4cb1d5e0','Ms. dsfdsfds dsfdsfdsf','2012-06-06 12:27:59','detailview','3mhvtvucpd4uof58kh6hh5r146',0,0),(2553,'7a58ff24-4862-04a7-a10c-4fcf4dcfa05d','1','nli_ServiceAddresses','c62d7c75-ec07-7515-f1d8-4fbd7bac5021','Test 3','2012-06-06 12:29:08','detailview','3mhvtvucpd4uof58kh6hh5r146',0,0),(2558,'37ca188e-1cf5-45dc-6da4-4fcf4f86bd1e','1','nli_ServiceAddresses','e0edf3d1-869c-6400-3673-4fcf4f6e36d9','test service loc 1','2012-06-06 12:39:02','detailview','3mhvtvucpd4uof58kh6hh5r146',0,0),(2557,'1cb5c38f-1744-0d2c-ccac-4fcf4e732cbc','1','nli_ServiceAddresses','87e5b11e-15c1-dc34-bcbf-4fcf4d4606b3','test service loc 1','2012-06-06 12:35:09','detailview','3mhvtvucpd4uof58kh6hh5r146',0,0),(2559,'973807cb-4580-915a-34f6-4fcf502e7ee8','1','nli_ServiceAddresses','b263d1e6-8d27-3a7c-8649-4fcf50970959','test service loc 2','2012-06-06 12:44:39','detailview','3mhvtvucpd4uof58kh6hh5r146',0,0),(2560,'32663102-cbae-463a-5efb-4fcf53be9a15','1','nli_ServiceAddresses','7123e7c3-b4c2-5ae9-788c-4fcf5137d17a','test service loc 3','2012-06-06 12:55:06','detailview','3mhvtvucpd4uof58kh6hh5r146',0,0),(2947,'dd500e4e-c84b-0ff8-f584-4fe4078200c1','1','AOS_Products','1e946297-dfe0-3fce-3fc2-4f7566ba4a0d','Unlimited Minutes per extension','2012-06-22 05:51:12','editview','c19gmou86jtedimocued78au47',1,0),(2585,'4c340ccd-a3f6-81a1-40fa-4fcfadb83514','1','Emails','533adea7-7c51-c8b9-2eaf-4fcfad8c6057','Quote for Al Voice Test','2012-06-06 19:22:30','save','bicao9bvlv53v2akgrajunv5l4',1,0),(2616,'3a839c37-7fdd-4d28-4aec-4fd0e2278754','2bf53c62-efbb-f811-41f8-4f3d64001d45','Emails','72004241-3eb3-4d00-623d-4fd0e23c60ac','Quote for Al Voice Test','2012-06-07 17:20:33','save','8t8de2eomiqijt170lqmjnno11',1,0),(2586,'b4dd26a3-4a56-4162-26f2-4fd082b26605','1','AOS_Products',NULL,'lvso=asc&AOS_Products2_AOS_PRODUCTS_ORDER_BY=maincode','2012-06-07 10:31:24','listview','1shq7562dq4feisbvnb7epdc64',0,0),(2587,'768ee8fb-6152-b414-f04a-4fd083554383','1','AOS_Products',NULL,'lvso=asc&AOS_Products2_AOS_PRODUCTS_ORDER_BY=maincode','2012-06-07 10:31:40','listview','1shq7562dq4feisbvnb7epdc64',0,0),(2588,'d1e8858d-a198-d1f2-d42c-4fd08576ccb5','1','nli_ServiceAddresses','68b06612-5bc8-50f3-d2bf-4fcf9a6656e8','test service address','2012-06-07 10:40:38','detailview','26rc2qpds7gs48q5vpm8f7b6l6',0,0),(2589,'bc85b153-9529-62b4-db01-4fd085e9d1b6','1','nli_ServiceAddresses','42800854-955d-2cce-2cd1-4fd085e9c114','my test Shekhar','2012-06-07 10:43:05','detailview','26rc2qpds7gs48q5vpm8f7b6l6',0,0),(2590,'c7be10a5-c532-ef66-a1fe-4fd085e1728c','1','Contacts','183da45b-536c-2e03-80a3-4fd085ca39a6','Dr. fgfgdfg gdfgfdgdf','2012-06-07 10:43:20','detailview','26rc2qpds7gs48q5vpm8f7b6l6',0,0),(2591,'cf719828-4be0-ce0f-8d79-4fd08b2e807e','1','AOS_Products','516cbfda-cdb2-f223-c9ea-4fd08b19194b','Vehicles Model V1','2012-06-07 11:08:19','detailview','1shq7562dq4feisbvnb7epdc64',0,0),(2592,'c47cb902-8718-99f5-be79-4fd08f81b667','1','nli_ServiceAddresses','c6d63bf9-985a-d5d5-3de3-4fd08fedf7c9','test service loc 166','2012-06-07 11:25:16','detailview','26rc2qpds7gs48q5vpm8f7b6l6',0,0),(2593,'61b502c5-2de3-e2dc-4f1b-4fd090e3a9dc','1','nli_ServiceAddresses','8c1485e3-0d4b-5b17-34d5-4fd090ea4993','test service loc 178','2012-06-07 11:28:23','detailview','26rc2qpds7gs48q5vpm8f7b6l6',0,0),(2594,'be0d8655-a199-5e0b-dcd7-4fd0908ce5e6','1','AOS_Products','4d1dd0e6-6cd7-2959-da2f-4fd0900c7c4f','Vehicles Model V1','2012-06-07 11:31:10','detailview','1shq7562dq4feisbvnb7epdc64',0,0),(2595,'52c7c038-efba-a964-2e77-4fd095b986e3','1','nli_ServiceAddresses','b8d80ca3-a13d-53e5-eee2-4fd095b9f322','test serr address','2012-06-07 11:49:55','detailview','26rc2qpds7gs48q5vpm8f7b6l6',0,0),(2596,'bbb763f5-5644-a315-3d85-4fd0960af728','1','AOS_Products','51f443dc-2f82-124c-2d94-4fd09627e48a','Vehicles Model V2','2012-06-07 11:55:42','detailview','1shq7562dq4feisbvnb7epdc64',0,0),(2597,'17b8329e-f68e-7fb7-c121-4fd0973be899','1','AOS_Products','a07a4f3f-6719-7ab0-c497-4fd0977b0e07','Vehicles Model V11','2012-06-07 11:56:55','detailview','1shq7562dq4feisbvnb7epdc64',0,0),(2598,'f13ae750-834b-9253-1f56-4fd09a08f202','1','AOS_Products','7bc7192e-2242-1ce3-9957-4fd09a39e2a1','Vehicles Model V11','2012-06-07 12:10:03','detailview','1shq7562dq4feisbvnb7epdc64',0,0),(2599,'3624015f-b47e-189c-0631-4fd0d3e4fed4','2bf53c62-efbb-f811-41f8-4f3d64001d45','AOS_Products','4d1dd0e6-6cd7-2959-da2f-4fd0900c7c4f','Vehicles Model V1','2012-06-07 16:15:25','detailview','6l1ok2vl27kktcmn0nm6nps957',0,0),(2609,'d1a67cfa-c923-2afb-0ba8-4fd0e29ae4fd','2bf53c62-efbb-f811-41f8-4f3d64001d45','AOS_PDF_Templates','9260051b-2e32-7aea-8aeb-4f70dcc6843f','Sample Template','2012-06-07 17:17:51','editview','8t8de2eomiqijt170lqmjnno11',1,0),(2603,'28156e56-7c82-acba-515d-4fd0daf87134','2bf53c62-efbb-f811-41f8-4f3d64001d45','AOS_Products','7b764d87-208a-1aa5-dcba-4f29884bc105','Enhanced Extension','2012-06-07 16:43:33','editview','6l1ok2vl27kktcmn0nm6nps957',1,0),(2612,'43564270-ac88-9ff6-ae84-4fd0e2c3ca4a','2bf53c62-efbb-f811-41f8-4f3d64001d45','AOS_PDF_Templates','64add06a-7802-4824-0994-4f71fd722d39','NLI Sample Template','2012-06-07 17:18:23','detailview','8t8de2eomiqijt170lqmjnno11',1,0),(2618,'bc4a4c8c-7a2b-6c8f-d4ad-4fd0e4683418','2bf53c62-efbb-f811-41f8-4f3d64001d45','Emails','91e82c5e-3dd7-9c00-12ab-4fd0e2d1df45','Quote for Al Voice Test','2012-06-07 17:27:08','save','8t8de2eomiqijt170lqmjnno11',1,0),(2681,'4d759a10-10a5-9f1e-ef6f-4fd10fc97362','2bf53c62-efbb-f811-41f8-4f3d64001d45','AOS_Quotes','a6f8f833-cc01-424e-d7e0-4fc67abff248','Al Voice Test','2012-06-07 20:31:51','editview','723qt45f6qgrvn205318ehb2f5',1,0),(2739,'707404a9-ae12-9214-e295-4fd59f16d84b','1','AOS_Products','f17a0f37-260c-41e5-1aa7-4fd59f9dc944','Test Pro','2012-06-11 07:32:39','detailview','98rht4nlil4aloh4g5nhn4io57',0,0),(2634,'64d210f1-247c-072d-5a08-4fd0fc3b5a09','2bf53c62-efbb-f811-41f8-4f3d64001d45','Accounts','1e735357-2a37-25df-facb-4fa26ff76a47','Account Test','2012-06-07 19:11:52','detailview','ge9qjgibbfddurr60rmap0h4a2',1,0),(2727,'dd697b27-5c8d-c6b1-17bd-4fd19efa8976','2bf53c62-efbb-f811-41f8-4f3d64001d45','AOS_Products','1a03c20b-9c81-1b19-1261-4f75822ac1c0','Closed Cabinet Space ','2012-06-08 06:42:18','detailview','3ohd5r9idd275sojaj5co6h137',1,0),(2642,'659a04f2-ccd7-a083-0762-4fd0ff3331b6','2bf53c62-efbb-f811-41f8-4f3d64001d45','Accounts','dc1d15d1-6522-f43d-5986-4f70abbbba24','AL Test','2012-06-07 19:24:33','detailview','ge9qjgibbfddurr60rmap0h4a2',1,0),(2940,'88d94790-3be2-91f9-3600-4fe387351be9','2bf53c62-efbb-f811-41f8-4f3d64001d45','Opportunities','e77d0167-2881-8330-58b2-4f68b94892ca','Inet & Voip 1203200930','2012-06-21 20:44:10','editview','478ujr2het1k8pmbmjpdm66pk0',1,0),(2655,'69345815-e0e6-bc9c-402f-4fd1057db78b','2bf53c62-efbb-f811-41f8-4f3d64001d45','nli_Pricing','95ae7e76-20b4-c2fd-1e0a-4f860988c7ca',NULL,'2012-06-07 19:48:37','editview','ge9qjgibbfddurr60rmap0h4a2',1,0),(2653,'300cf4c2-846e-2693-a480-4fd105bb71af','2bf53c62-efbb-f811-41f8-4f3d64001d45','nli_Pricing','e0ab2123-1a4c-7b2d-4467-4f8609e4a74e',NULL,'2012-06-07 19:48:23','editview','ge9qjgibbfddurr60rmap0h4a2',1,0),(2664,'1a4b2b60-39d3-bccd-2231-4fd1065aa146','2bf53c62-efbb-f811-41f8-4f3d64001d45','AOS_Products','91a05d16-f0a1-ceb0-396d-4f8609eda5fd','Minute Block','2012-06-07 19:50:38','detailview','ge9qjgibbfddurr60rmap0h4a2',1,0),(2659,'c4a54c14-a42f-61d1-afc1-4fd105ffe62f','2bf53c62-efbb-f811-41f8-4f3d64001d45','nli_Pricing','b23ef27e-88f6-2ec2-35fe-4f860aee48ae',NULL,'2012-06-07 19:49:04','editview','ge9qjgibbfddurr60rmap0h4a2',1,0),(2661,'56578ee5-4be1-f914-83d2-4fd1052488b0','2bf53c62-efbb-f811-41f8-4f3d64001d45','nli_Pricing','8f840c78-6a08-116d-d71d-4f860a26fe62',NULL,'2012-06-07 19:49:32','editview','ge9qjgibbfddurr60rmap0h4a2',1,0),(2725,'25cf1951-635a-c0e0-697f-4fd123f1d915','2bf53c62-efbb-f811-41f8-4f3d64001d45','AOS_PDF_Templates','e6720b78-8583-3d9d-9487-4fcfa830495e','NLI Quotes Template V 1.0','2012-06-07 21:58:13','detailview','urlisovlc751ahm2m17ur65ig5',1,0),(2756,'6612d2e6-d0fe-1537-294f-4fd85f051110','1','AOS_Products','54300cc7-c095-ab2a-6fd8-4fd85f78dd95','Vehicles Model V007','2012-06-13 09:38:55','detailview','lq9ihkggahuf7ma05kledokjb1',0,0),(2719,'93f64356-47e5-2b2c-d92c-4fd122987583','2bf53c62-efbb-f811-41f8-4f3d64001d45','AOS_Products','81fa39f4-1600-5cd5-5a58-4f758bb8a269','Engineering Services ','2012-06-07 21:53:27','editview','urlisovlc751ahm2m17ur65ig5',1,0),(2730,'da5ae5de-405e-b235-f504-4fd19fa754f1','2bf53c62-efbb-f811-41f8-4f3d64001d45','AOS_Products','ad13d4de-4de8-0a01-ed7a-4fd19e7b2d4c','Vehicles Model V1','2012-06-08 06:43:47','detailview','3ohd5r9idd275sojaj5co6h137',0,0),(2733,'440037bc-f760-ed18-5a9a-4fd1a49cb651','1','AOS_Products','e0120045-6109-50ed-556f-4fd1a4186528','testtest','2012-06-08 07:06:48','detailview','2cql35u36lqfjl4k4phib997q4',0,0),(2741,'a39b05dd-172e-e251-cb0d-4fd5a5b4f1f0','1','AOS_Products','2f900885-217b-382a-3c75-4fd5a5411f7e','Vehicles Model V1','2012-06-11 07:58:32','detailview','98rht4nlil4aloh4g5nhn4io57',0,0),(2740,'1d7cfe76-3438-6fa3-66be-4fd5a18e05f6','1','AOS_Products','9915eb81-03d5-761c-6ece-4fd5a1a44bd4','Vehicles Model V1','2012-06-11 07:43:03','detailview','98rht4nlil4aloh4g5nhn4io57',0,0),(2738,'b64b0239-1a4a-7d8b-b931-4fd1a99817cf','1','AOS_Products','ad13d4de-4de8-0a01-ed7a-4fd19e7b2d4c','Vehicles Model V1 - updated','2012-06-08 07:27:10','editview','2cql35u36lqfjl4k4phib997q4',0,0),(2748,'15e70410-014f-fb9d-aa28-4fd73a36fb10','1','Accounts','5f670136-f107-f7c3-68a9-4f2985be35cf','TCG, Inc','2012-06-12 12:47:57','detailview','dk97977097konb736gup5d0r62',1,0),(2743,'e68abb71-b481-1cf9-12a7-4fd5a8914063','1','AOS_Products','3712f4c3-a14d-b9d3-c776-4fd5a603969d','Vehicles Model V1','2012-06-11 08:12:49','detailview','98rht4nlil4aloh4g5nhn4io57',0,0),(2752,'1ed36a5d-e7b4-efb5-9d41-4fd781dc8241','2bf53c62-efbb-f811-41f8-4f3d64001d45','AOS_Products','3712f4c3-a14d-b9d3-c776-4fd5a603969d','Vehicles Model V1','2012-06-12 17:52:51','editview','fga57t3j3k0ev23354kor7qk84',0,0),(2747,'ce655240-8b97-54e3-86e1-4fd729a6d129','1','nli_ServiceAddresses','a94654c6-e7e3-cad7-b2e4-4fd728037419','secondary Address 2','2012-06-12 11:36:47','detailview','dk97977097konb736gup5d0r62',0,0),(2826,'e90d2c33-ede0-ae05-aed2-4fe0b365d64a','2bf53c62-efbb-f811-41f8-4f3d64001d45','AOS_Quotes','57ff3353-f377-a7aa-3138-4fd105124b23','BUSINESS CLASS VOICE OVER IP SERVICES QUOTE','2012-06-19 17:12:54','editview','511ojpuftbq2q1dipslsmuluo3',1,0),(2787,'55dcd761-e5f6-ad33-5e5b-4fd89703a9c2','1','Accounts','1e735357-2a37-25df-facb-4fa26ff76a47','Account Test','2012-06-13 13:34:57','detailview','3ugtaijapq68i7kqp8b7p56j87',1,0),(2770,'7742149e-6e00-e19d-4d14-4fd8888e8069','1','AOS_Products','14985525-1e55-da77-8062-4fd86010cb7e','Vehicles Model V27','2012-06-13 12:35:00','editview','cub28213spdqdf04m3slm1ud30',0,0),(2814,'9a6b40bf-c09a-2ee1-7642-4fdf27f084c2','1','ACLRoles','6d595e83-6aee-7155-169a-4f4d47581a11','Channel Manager','2012-06-18 13:03:53','detailview','nruot395l77u38s6sc6gdo9nn2',1,0),(2771,'cf689d0e-b99c-a52f-f37a-4fd88b803c8a','1','Contacts','ce704696-9a5f-0d23-91a1-4fd88b67170c','dd','2012-06-13 12:44:52','save','3ugtaijapq68i7kqp8b7p56j87',0,0),(2774,'c653827d-1131-e75e-3dbd-4fd88b35c040','1','Contacts','ce704696-9a5f-0d23-91a1-4fd88b67170c','dd','2012-06-13 12:45:05','save','3ugtaijapq68i7kqp8b7p56j87',0,0),(2791,'b79f2331-f1f8-2e34-edd3-4fd9d1ab385a','1','Contacts','b6ad420d-4835-544c-8e66-4fd9d1cd56ee','sdassadasdasdas','2012-06-14 11:56:51','save','bn2upqkomg1lm9di5v2u05mm07',0,0),(2775,'3b6887cf-8280-940e-17bc-4fd88b1aafe3','1','Contacts','ce704696-9a5f-0d23-91a1-4fd88b67170c','dd','2012-06-13 12:45:06','detailview','3ugtaijapq68i7kqp8b7p56j87',0,0),(2788,'3c149396-ae93-967d-b3ee-4fd97ee2a678','1','Contacts','576ed637-eae4-a8cc-f639-4f3a9bd79ffa','Mr. Ashutosh','2012-06-14 06:01:56','detailview','q61h1jdjf2v49icl7klksbtk86',1,0),(2819,'db8a7e0d-4c72-6195-b7ce-4fe0738c9118','1','Contacts','a5cf2bca-cc8c-ae8b-16c1-4f32daf5cd68','Ashutosh Singh','2012-06-19 12:42:27','detailview','eh553rrbcphe9bbfdjprnini07',1,0),(2792,'31c54ad3-8e5f-ec8b-1b6d-4fd9d1cc7d45','1','Contacts','b6ad420d-4835-544c-8e66-4fd9d1cd56ee','sdassadasdasdas','2012-06-14 11:56:52','detailview','bn2upqkomg1lm9di5v2u05mm07',0,0),(2798,'383e6ae6-db3d-befe-dd1a-4fdade976fb3','1','Contacts','3752eef2-641a-c1d7-8150-4fdadeab84b3','testFname testLname','2012-06-15 07:05:55','save','mek21ktltd002nh47fshl87674',1,0),(2801,'56a1d01e-b3ee-ab53-253f-4fdae8e29dd7','1','Contacts','467dcdae-7161-53bd-3f7e-4fdae8eda62d','Mr. New Primary Tech New Primary Tech','2012-06-15 07:47:21','detailview','453a25av9h6h3bcqja2aihcag2',0,0),(2797,'e803e63c-c21e-82bb-69e1-4fdadeccae51','1','Contacts','2fbdb79c-d8cf-072d-54cd-4fd9d4322e76','ddsfsd','2012-06-15 07:05:32','detailview','mek21ktltd002nh47fshl87674',1,0),(2796,'6e3d43e3-00d9-ea1b-b310-4fd9d4a51128','1','Contacts','f4229823-dc7c-2b1d-4a7a-4fd9d474235f','dsfgfdfghjhgjgh','2012-06-14 12:07:55','detailview','bn2upqkomg1lm9di5v2u05mm07',1,0),(2800,'98310404-e179-4ad1-d867-4fdae7287369','1','Contacts','aa138745-e47f-c99a-236f-4fdae6ef5fb6',' ','2012-06-15 07:42:24','editview','453a25av9h6h3bcqja2aihcag2',0,0),(2802,'6e3bd60d-3888-58bd-85d8-4fdaed2587df','1','Contacts','639abbd8-0c73-181b-1575-4fdaedcaba07','Mr. New Primary Tech New Primary Tech','2012-06-15 08:09:42','detailview','453a25av9h6h3bcqja2aihcag2',0,0),(2805,'40fcbd2f-f516-36c7-ada3-4fdb7aa99fe1','b13a4520-fde1-596b-17d8-4f74c7865de6','Opportunities','5a909012-e130-1832-fcb9-4fd10050d33b','Opp Template Test 120607','2012-06-15 18:09:40','detailview','le42qir6tmb13dpo2u4km61296',1,0),(2804,'9ff19aae-16b6-b86a-9b44-4fdafc230b1c','1','Contacts','183b2da3-5ee4-3c86-04c2-4fdaf1e74570','Mr. Main Primary Tech Main Primary Tech','2012-06-15 09:13:18','detailview','dvk3ujl0janci07dks8agr5jd2',1,0),(2886,'2f6d8359-ed49-1f8e-7d83-4fe255170484','b13a4520-fde1-596b-17d8-4f74c7865de6','AOS_Products','ceee1015-43b2-03c6-889e-4f758c811949','Tax Recovery & Fees ','2012-06-20 22:56:52','detailview','nrchjbuscjd35c0vgdmvs35467',1,0),(2807,'a89c17c9-c2c9-40d4-3884-4fdb7ae33187','b13a4520-fde1-596b-17d8-4f74c7865de6','Accounts','5f670136-f107-f7c3-68a9-4f2985be35cf','TCG, Inc','2012-06-15 18:10:22','detailview','le42qir6tmb13dpo2u4km61296',1,0),(2808,'e1ebe77e-e6d0-8a5d-8b4e-4fdc1f75fe62','1','AOS_Quotes','57ff3353-f377-a7aa-3138-4fd105124b23','BUSINESS CLASS VOICE OVER IP SERVICES QUOTE','2012-06-16 05:53:37','detailview','626g4vhn49oa2i3kpcadaadkp5',1,0),(2810,'4329a412-b9b9-dcb5-ce91-4fdf0917664e','1','AOS_Products',NULL,'lvso=asc&AOS_Products2_AOS_PRODUCTS_ORDER_BY=maincode','2012-06-18 10:55:03','listview','2ub1rb5hcin8fc49adak3b0bh0',0,0),(2811,'5fd789e2-0799-7044-99d7-4fdf137d6357','1','AOS_Products','f2d34d73-6d95-12be-21bd-4fdf136d92f1','Vehicles Model V32','2012-06-18 11:40:23','detailview','2ub1rb5hcin8fc49adak3b0bh0',0,0),(2829,'d7705b9f-731b-7af4-5468-4fe0b44ebc58','1','AOS_Products','9bc9e8dc-aacc-cb26-d66e-4fdf08bdc04d','Vehicles Model V1','2012-06-19 17:19:50','detailview','nkjn7usb94bapvupn1cmfg1l15',0,0),(2837,'311db3ab-0598-cb73-d8bb-4fe0e126f01a','2bf53c62-efbb-f811-41f8-4f3d64001d45','AOS_Products',NULL,'lvso=desc&AOS_Products2_AOS_PRODUCTS_ORDER_BY=maincode','2012-06-19 20:29:01','listview','25c82i81utqjfrjkt3iil8eq40',0,0),(2815,'82ed10b5-a6fb-d61c-9f8c-4fdf277713c2','1','Users','25c40e1c-99ae-de9c-6c6e-4fa285018290','Shekhar Verma','2012-06-18 13:04:27','detailview','nruot395l77u38s6sc6gdo9nn2',1,0),(2902,'11d3b6ae-13c4-da38-bfcd-4fe30caa9d03','1','AOS_Products','6e72bd6c-6255-fe35-5c74-4f7588a1725f','POTS ','2012-06-21 11:56:48','detailview','nu2ops5u8st970d46a6b4mh186',1,0),(2840,'acbf66ed-4cf8-258c-3d6a-4fe173a8ea35','2bf53c62-efbb-f811-41f8-4f3d64001d45','Users','2bf53c62-efbb-f811-41f8-4f3d64001d45','Dave Ferrell','2012-06-20 06:54:04','editview','169tbcoqf0l0g4nn182o9dft77',1,0),(2828,'235284fe-625f-a737-018a-4fe0b45703b5','1','AOS_Products','2b61cd93-a9d6-6c0d-6fd7-4fdf147a9ed0','Vehicles Model V33','2012-06-19 17:19:45','detailview','nkjn7usb94bapvupn1cmfg1l15',0,0),(2824,'d42a1950-b954-1db7-a8ad-4fe0b2dbbb32','1','Users','2bf53c62-efbb-f811-41f8-4f3d64001d45','Dave Ferrell','2012-06-19 17:11:37','editview','0atbm80vq431lpt68vr8fn0f15',1,0),(2827,'39904255-fb12-3bc3-7169-4fe0b4b61a23','1','AOS_Products','5150029b-6cbf-e1c4-96f5-4fe011f7ffd2','Vehicles Model V35','2012-06-19 17:19:37','detailview','nkjn7usb94bapvupn1cmfg1l15',0,0),(2842,'6eb280c3-2c0e-fa28-cd9a-4fe1768000d2','1','AOS_Products',NULL,'lvso=asc&AOS_Products2_AOS_PRODUCTS_ORDER_BY=maincode','2012-06-20 07:04:44','listview','vbdofoo5useue3das8drmtgdr6',0,0),(2838,'2bce9c8f-5ca8-e037-be55-4fe0e44a6651','2bf53c62-efbb-f811-41f8-4f3d64001d45','AOS_Products',NULL,'lvso=asc&AOS_Products2_AOS_PRODUCTS_ORDER_BY=maincode','2012-06-19 20:44:30','listview','25c82i81utqjfrjkt3iil8eq40',0,0),(2841,'cedec8f3-c2a5-bcfa-e30d-4fe174d07e4f','1','AOS_Products','91a05d16-f0a1-ceb0-396d-4f8609eda5fd','Minute Block','2012-06-20 06:56:50','detailview','b08vcnja1ob64ucivdlruoumh1',1,0),(2844,'92fb7958-2c2f-d0cd-fd54-4fe176d2eef7','1','AOS_Products',NULL,'lvso=asc&AOS_Products2_AOS_PRODUCTS_ORDER_BY=maincode','2012-06-20 07:05:03','listview','vbdofoo5useue3das8drmtgdr6',0,0),(2845,'2080857e-2732-bfad-0e72-4fe178ca34aa','1','AOS_Products',NULL,'lvso=asc&AOS_Products2_AOS_PRODUCTS_ORDER_BY=maincode','2012-06-20 07:16:57','listview','vbdofoo5useue3das8drmtgdr6',0,0),(2927,'df41b861-0c6c-7aae-e5b3-4fe30d18d7e8','1','AOS_Products','9a3ba35f-a29f-4173-56b0-4f756e95fb7b','Basic Automated Attendant ','2012-06-21 12:01:48','detailview','nu2ops5u8st970d46a6b4mh186',1,0),(2863,'929bc8de-e05a-fc4f-43e8-4fe17ae0f5eb','1','AOS_Products','9d9d8153-58fe-2649-6fc5-4f758ccefcab','PDU Rental ','2012-06-20 07:25:00','editview','vbdofoo5useue3das8drmtgdr6',1,0),(2848,'39714375-f8a2-45b0-a83e-4fe179bd6e46','1','AOS_Products','32f593f2-e3f1-e82f-6638-4fe178e25280','hjhihuh','2012-06-20 07:18:01','editview','vbdofoo5useue3das8drmtgdr6',0,0),(2859,'ec0da437-9961-7faa-54ba-4fe17af12893','1','AOS_Products','9449a56d-cf9f-c6dd-de90-4f758b5279bb','Mail Spooling ','2012-06-20 07:24:19','detailview','vbdofoo5useue3das8drmtgdr6',1,0),(2867,'43ffe339-5a4f-aa9a-8b99-4fe17ac62a28','1','AOS_Products','81fa39f4-1600-5cd5-5a58-4f758bb8a269','Engineering Services ','2012-06-20 07:25:45','detailview','vbdofoo5useue3das8drmtgdr6',1,0),(2862,'4750b7d1-33cd-064f-e215-4fe17a08fcc4','1','AOS_Products','8189216e-2254-fc08-d3f9-4f758cdf1e60','Router Rental ','2012-06-20 07:24:46','editview','vbdofoo5useue3das8drmtgdr6',1,0),(2856,'cf980133-6922-8d0e-22e3-4fe17a9a6a5e','1','AOS_Products','706a1cf5-6880-7d5a-fdf6-4f758cdf78e8','CUSTOM LINE ITEM ','2012-06-20 07:23:49','detailview','vbdofoo5useue3das8drmtgdr6',1,0),(2861,'cc9976d4-11ec-7229-5be3-4fe17a8156c9','1','AOS_Products','67610010-1dbd-67ff-ac0a-4f758c947fb1','Monitoring ','2012-06-20 07:24:38','detailview','vbdofoo5useue3das8drmtgdr6',1,0),(2865,'d73b0c9b-dd89-7192-4ae4-4fe17a5b6486','1','AOS_Products','3bd3ae3d-c918-c4e8-306e-4f75618c9ac3','Port Existing Phone/Fax Number ','2012-06-20 07:25:28','detailview','vbdofoo5useue3das8drmtgdr6',1,0),(2875,'de624e18-5496-fd5a-2c9e-4fe17b16e51a','1','AOS_Products','de17c51b-91b6-d37a-7c57-4f758b4adcdf','Remote Hands (after hours) ','2012-06-20 07:26:55','detailview','vbdofoo5useue3das8drmtgdr6',1,0),(2869,'b05329da-02fb-871f-b23f-4fe17bf588f7','1','AOS_Products','19b42493-dbf3-c292-6672-4f758b1039ad','BGP Configuration & Monitoring ','2012-06-20 07:26:00','detailview','vbdofoo5useue3das8drmtgdr6',1,0),(2876,'1f52b3c0-9376-40c4-db64-4fe17b026630','1','AOS_Products','6e5b2c45-bdd3-1071-19e3-4f758bf14563','HSRP Configuration ','2012-06-20 07:27:05','editview','vbdofoo5useue3das8drmtgdr6',1,0),(2878,'b310abf5-59b3-5075-c926-4fe1820bb8c5','1','AOS_Products','5b676e71-0486-4989-b391-4fe182689127','Vehicles Model V1','2012-06-20 07:57:44','detailview','vbdofoo5useue3das8drmtgdr6',0,0),(2879,'282ed279-d66a-8266-6b41-4fe1923391d5','1','nli_ServiceAddresses','87235413-808e-689f-cbbc-4fe19165a088','fgdfgdfg','2012-06-20 09:04:03','detailview','6t4glmdhhf9jfca37jeos2o8p2',0,0),(2880,'d6178361-5dc6-079d-aaa9-4fe22ca9307b','1','AOS_Products',NULL,'lvso=desc&AOS_Products2_AOS_PRODUCTS_ORDER_BY=jbilling_relation_id_c','2012-06-20 20:03:10','listview','62die7q7kablkg39o19d2give7',0,0),(2881,'35c724f5-99c0-14c0-1aa6-4fe230e3e833','1','AOS_Products',NULL,'lvso=desc&AOS_Products2_AOS_PRODUCTS_ORDER_BY=maincode','2012-06-20 20:18:25','listview','62die7q7kablkg39o19d2give7',0,0),(2882,'7b978437-87b8-e79a-bd98-4fe230a87aa7','1','AOS_Products',NULL,'lvso=asc&AOS_Products2_AOS_PRODUCTS_ORDER_BY=maincode','2012-06-20 20:18:26','listview','62die7q7kablkg39o19d2give7',0,0),(2892,'1a0c061e-0196-c537-adb5-4fe2ca242ccd','1','Contacts','542e6ba0-fc91-fb9b-caab-4fcfab04ca3d','John Smith','2012-06-21 07:16:38','detailview','n7bkqk00fidoolac8pu74b32p3',1,0),(2884,'e4e78b5a-f80c-2586-c25f-4fe230323b64','1','AOS_Products',NULL,'lvso=desc&AOS_Products2_AOS_PRODUCTS_ORDER_BY=maincode','2012-06-20 20:19:59','listview','62die7q7kablkg39o19d2give7',0,0),(2885,'e3a9ae9d-2933-658b-22ba-4fe255f0e011','b13a4520-fde1-596b-17d8-4f74c7865de6','Opportunities','ca209b95-d565-6308-bdc0-4f2986bff41f','Internet and VOIP','2012-06-20 22:56:46','detailview','nrchjbuscjd35c0vgdmvs35467',1,0),(2890,'a9b3d9d1-8d5c-c863-17e3-4fe2594ceed2','b13a4520-fde1-596b-17d8-4f74c7865de6','AOS_Products','7b764d87-208a-1aa5-dcba-4f29884bc105','Enhanced Extension','2012-06-20 23:16:54','editview','nrchjbuscjd35c0vgdmvs35467',1,0),(2896,'cfc40032-f959-f5b2-9208-4fe309e42c2a','1','AOS_Products','364b06a4-be67-f21d-e348-4fe230863782','Included Clone Extension','2012-06-21 11:47:30','detailview','nu2ops5u8st970d46a6b4mh186',1,0),(2948,'bb04f1b4-3dd6-acf5-e1c1-4fe40997580d','1','AOS_Products','54427934-58e6-462c-ca2d-4fe40923be56','Included DOD','2012-06-22 06:00:09','detailview','c19gmou86jtedimocued78au47',1,0),(2909,'25f30d17-67cf-8657-b8bd-4fe30c9f2fd5','1','nli_ServiceAddresses','482422a9-87ce-342b-0f28-4fe30c5acd26','test mul 1','2012-06-21 11:58:21','detailview','4pdrrqv4bl9mkgefnhqfscjgh3',0,0),(2898,'9c360868-9c39-a229-7515-4fe30a71c9c0','1','nli_ServiceAddresses','c7c519be-bd13-23bd-f645-4fe30ac46f92','test mul 1','2012-06-21 11:51:10','detailview','4pdrrqv4bl9mkgefnhqfscjgh3',0,0),(2899,'b6ef3083-c7a6-9f78-6b1b-4fe30a062999','1','nli_ServiceAddresses','89fd49c2-4890-1066-1232-4fe30a5ff4e0','test mul 2','2012-06-21 11:51:24','detailview','4pdrrqv4bl9mkgefnhqfscjgh3',0,0),(2900,'207c0339-e418-ceba-7f94-4fe30ad2050a','1','nli_ServiceAddresses','d52d6bbc-3bc4-19b6-62bf-4fe19f267919','Main Primary Service Address test tesr','2012-06-21 11:51:40','detailview','4pdrrqv4bl9mkgefnhqfscjgh3',1,0),(2904,'42c2e0c9-a07e-a9f7-805c-4fe30ccae4ac','1','AOS_Products','bfd14048-3d2b-d441-0eb9-4f7563a8cf81','SIP Trunk ','2012-06-21 11:57:09','detailview','nu2ops5u8st970d46a6b4mh186',1,0),(2906,'ebbca4ee-adbf-f651-9105-4fe30c30a00a','1','AOS_Products','78c40016-bf9c-6315-d9e1-4f7580cb562c','System Wide Intercom','2012-06-21 11:57:31','detailview','nu2ops5u8st970d46a6b4mh186',1,0),(2908,'253acae8-dd0d-7518-07cf-4fe30c47d5a0','1','AOS_Products','42b6d220-5c09-ec14-6b4b-4f7570e995fe','Call Parking','2012-06-21 11:58:04','detailview','nu2ops5u8st970d46a6b4mh186',1,0),(2911,'bd6b1b72-d318-4679-f351-4fe30c57538b','1','AOS_Products','4f694772-b323-a589-df66-4f7580c3dbdc','Call Recording per extension ','2012-06-21 11:58:33','detailview','nu2ops5u8st970d46a6b4mh186',1,0),(2913,'371fa7d4-0b09-d266-fb8b-4fe30cc19f9d','1','AOS_Products','e34ebf32-517b-5db6-66db-4f756f54df72','Hunt Group Phones ','2012-06-21 11:58:51','detailview','nu2ops5u8st970d46a6b4mh186',1,0),(2915,'cbf4211d-36bc-f8e6-1978-4fe30c208d00','1','AOS_Products','16855674-6dc2-7b2f-2ce7-4f756fc318f2','Hunt Group ','2012-06-21 11:59:22','detailview','nu2ops5u8st970d46a6b4mh186',1,0),(2917,'5c442127-a555-2ab2-0078-4fe30cd6dbd9','1','AOS_Products','c1ab7b16-5bd4-6a72-f8a7-4f75725956f9','Call Center Agent ','2012-06-21 11:59:37','detailview','nu2ops5u8st970d46a6b4mh186',1,0),(2919,'f16c5da3-f9a0-cae7-7ea8-4fe30c516bc5','1','AOS_Products','b9a083f0-b1b3-0f6f-d6a2-4f860b1616eb','Call Center Hunt Group','2012-06-21 12:00:06','detailview','nu2ops5u8st970d46a6b4mh186',1,0),(2921,'9f6f1fb6-5275-487f-eb39-4fe30c3af61a','1','AOS_Products','1c6b2a64-b961-574e-985f-4f757240bb33','Call Center Statistics ','2012-06-21 12:00:31','detailview','nu2ops5u8st970d46a6b4mh186',1,0),(2925,'530a72d5-ec14-bdde-9d90-4fe30d7442f8','1','AOS_Products','521f7d32-3b3d-0c39-8638-4f756f041714','Conference Bridge ','2012-06-21 12:01:31','detailview','nu2ops5u8st970d46a6b4mh186',1,0),(2929,'84e2cf53-9027-2c90-98f6-4fe30da4fe25','1','AOS_Products','52d55a4f-4562-bca2-10e9-4f7560b5c618','Inbound Toll Free Number ','2012-06-21 12:02:15','detailview','nu2ops5u8st970d46a6b4mh186',1,0),(2931,'d45601e1-63f5-50c1-c7ff-4fe30df796eb','1','AOS_Products','7a65b598-064d-e109-73a5-4f755ffa82ea','Direct Inward Dial (DID) ','2012-06-21 12:02:37','detailview','nu2ops5u8st970d46a6b4mh186',1,0),(2949,'94366036-39fa-dec1-04d5-4fe40a09fdbf','1','AOS_Products','2e6feaef-54d8-4998-60e6-4fe40a2cadbe','Included DID','2012-06-22 06:00:53','detailview','c19gmou86jtedimocued78au47',1,0),(2946,'9f256a17-8c2f-9ab9-9490-4fe4070eb202','1','Contacts','bc2b8613-7800-d1d4-1f0e-4f2984fdcc27','Mr. David red Ferrell','2012-06-22 05:49:14','detailview','j336og7q7tsuc78olofaar2p36',1,0),(2937,'925467b5-59f7-31be-16dc-4fe382951986','2bf53c62-efbb-f811-41f8-4f3d64001d45','Meetings','4156bda7-e636-011b-4b39-4fe38167013c','test meeting','2012-06-21 20:20:28','detailview','478ujr2het1k8pmbmjpdm66pk0',1,0),(2945,'726649af-023f-fbf7-79a4-4fe387485e9d','2bf53c62-efbb-f811-41f8-4f3d64001d45','Opportunities','3f49f3d5-4dfd-bebc-b322-4fe387b121ab','Opp Template Test 120607','2012-06-21 20:45:07','detailview','478ujr2het1k8pmbmjpdm66pk0',1,0),(2944,'303c8bcc-510f-5f0a-fb46-4fe38794ce4d','2bf53c62-efbb-f811-41f8-4f3d64001d45','Opportunities','c20cacc6-4af0-e42f-a515-4fe38740f798','Opp Template Test 120607','2012-06-21 20:45:02','editview','478ujr2het1k8pmbmjpdm66pk0',1,0),(2956,'c1a4cc8c-73f3-e073-d042-4fe40b362c77','1','AOS_Products','1541bc93-b4ce-3549-c414-4fe40a21d5dc','Unlimited Fax','2012-06-22 06:07:44','detailview','c19gmou86jtedimocued78au47',1,0),(2958,'e51a098c-ed10-9a76-a5e1-4fe40b9f3408','1','AOS_Products','d5ec065e-5f62-7a78-e63b-4fe40b4a469b','Included MyNLV Fax #','2012-06-22 06:07:55','detailview','c19gmou86jtedimocued78au47',1,0),(2954,'4a26b43f-00e4-a741-70e4-4fe40ba42791','1','AOS_Products','8303578e-50c0-fa52-f750-4fe40ba82d8c','MyNLV Fax #','2012-06-22 06:05:55','detailview','c19gmou86jtedimocued78au47',1,0),(2959,'69e2ba5e-9dae-156a-e187-4fe40be008e5','1','AOS_Products','f2d1723c-310a-e701-1f7b-4fe40b6469d0','Inbound Toll Free MyNLV Fax #','2012-06-22 06:08:44','detailview','c19gmou86jtedimocued78au47',1,0),(3000,'cc73c3a6-8934-d6b9-1fe0-4fe4464173e1','1','AOS_Products','617eab4d-c56c-e609-7967-4fe40ce4690d','Included Extension','2012-06-22 10:17:53','detailview','on8j597195874n6r8kpm0hcbq0',1,0),(3001,'1ffd38fd-8638-8602-7ece-4fe4476b2a15','1','AOS_Products','a742f6db-b9af-8611-304f-4fe447cb663b','dryhryrw','2012-06-22 10:22:01','detailview','on8j597195874n6r8kpm0hcbq0',0,0),(2962,'c30fc03a-f304-271e-496a-4fe40c4c822a','1','AOS_Products','5df48c75-2998-6725-839b-4fe40c01ac90','Temp DID','2012-06-22 06:10:23','detailview','c19gmou86jtedimocued78au47',1,0),(2963,'cc7ded32-088e-2183-d4b8-4fe40c56ed08','1','AOS_Products','4df2fe35-5be9-e4af-a5b6-4fe40cd0167b','Temp DOD','2012-06-22 06:11:15','detailview','c19gmou86jtedimocued78au47',1,0),(2964,'bb61401c-1049-bd71-62ce-4fe40c290c6b','1','AOS_Products','548bbb12-2904-53fc-04b8-4fe40c92f958','External Forward','2012-06-22 06:11:47','detailview','c19gmou86jtedimocued78au47',1,0),(2965,'2003333a-413f-ca3b-537a-4fe40cbf7387','1','AOS_Products','adbbefd9-9fbc-4c88-000c-4fe40cb7d064','Old-style Auto Attendant','2012-06-22 06:12:18','detailview','c19gmou86jtedimocued78au47',1,0),(2966,'545d0e6e-52e4-a4c4-5472-4fe40dab96d1','1','AOS_Products','911a2cb3-54d6-b648-137f-4fe40d643227','Voice Service Request','2012-06-22 06:13:49','detailview','c19gmou86jtedimocued78au47',1,0),(2967,'6c730cd0-6319-c3bb-8bde-4fe40d0b12ad','1','AOS_Products','29220b32-9265-d7dd-dd37-4fe40dd66fb7','Unconfigured Services','2012-06-22 06:14:25','detailview','c19gmou86jtedimocued78au47',1,0),(2968,'9e0a8b87-2674-3877-97f0-4fe40e279bb0','1','AOS_Products','384b857d-eab6-4bef-c2f0-4fe40ef6a929','Local, Long Distance, and Toll Free','2012-06-22 06:18:01','detailview','c19gmou86jtedimocued78au47',1,0),(2969,'9a56afe3-dc78-6d2a-4001-4fe40eab5247','1','AOS_Products','34ed6a4d-bd4f-5116-2882-4fe40ef5088b','Inbound Toll Free','2012-06-22 06:18:37','detailview','c19gmou86jtedimocued78au47',1,0),(2970,'a63d0a40-5c70-9077-533c-4fe40e54b7f5','1','AOS_Products','d28bb51b-8251-4396-a63d-4fe40ec61eaa','International','2012-06-22 06:19:09','detailview','c19gmou86jtedimocued78au47',1,0),(2971,'35ff7cfe-d251-d1e1-6b10-4fe40e8f089e','1','AOS_Products','c2242865-6ad5-6313-5a0e-4fe40e0b38e2','Internal','2012-06-22 06:19:48','detailview','c19gmou86jtedimocued78au47',1,0),(2972,'1f8aeacf-e291-b767-b41d-4fe413044ce8','1','AOS_Products','ab28e3c7-0787-5f3f-9221-4fe4131fd43f','Directory Assistance','2012-06-22 06:40:02','detailview','c19gmou86jtedimocued78au47',1,0),(2973,'95ef6066-e0b8-8ba8-ad64-4fe413d32884','1','AOS_Products','2e560469-de22-4f2d-3f3d-4fe4139eeda1','911 Emergency Services','2012-06-22 06:41:11','detailview','c19gmou86jtedimocued78au47',1,0),(2996,'ed988eed-dcb6-e46c-ed9f-4fe445a5da97','1','AOS_Products','bec5ff1d-6dfc-e227-d706-4fe40c30fa26','Included Minute Block','2012-06-22 10:12:20','editview','on8j597195874n6r8kpm0hcbq0',1,0),(3005,'36c3bb5c-c1a5-6f53-8926-4fe44962cff9','1','AOS_Products','1a03c20b-9c81-1b19-1261-4f75822ac1c0','Closed Cabinet Space ','2012-06-22 10:32:31','editview','on8j597195874n6r8kpm0hcbq0',1,0),(3007,'3bdbb01a-c677-8c3b-d3eb-4fe44ada4644','1','AOS_Products','781c0e06-2c01-5aca-de51-4f7583a9a46f','Half Cabinet ','2012-06-22 10:34:29','editview','on8j597195874n6r8kpm0hcbq0',1,0),(3009,'314031ad-66da-61eb-9521-4fe44a342e84','1','AOS_Products','a820793d-adfa-0fd6-5bb3-4f75831faff1','Full Cabinet ','2012-06-22 10:35:08','editview','on8j597195874n6r8kpm0hcbq0',1,0),(3012,'6c0b337c-e3c7-6ea7-2ef5-4fe44aa2cbe1','1','AOS_Products','c8fc8426-59b3-47f7-9a3c-4f75850b8b00','Committed Internet Bandwidth (Kbps)','2012-06-22 10:36:00','editview','on8j597195874n6r8kpm0hcbq0',1,0),(3011,'81245a30-34f8-c59e-ab7d-4fe44a13de5e','1','AOS_Products','f02db2a8-85c5-b75d-1c60-4f7583d63110','Tier 1 Rack Space per RU ','2012-06-22 10:35:37','editview','on8j597195874n6r8kpm0hcbq0',1,0),(3013,'48880031-d206-a957-f835-4fe44a86fe99','1','AOS_Products','9eb28251-3a8d-0c81-3d6f-4f7586e23abc','Committed Internet Bandwidth (Mbps)','2012-06-22 10:36:26','editview','on8j597195874n6r8kpm0hcbq0',1,0),(3014,'da588b05-3fee-97f9-3d22-4fe44a69cd8f','1','AOS_Products','35975fff-782c-4d0f-8a67-4f7587479c16','FE (100Mb) Internet Uplink - Primary ','2012-06-22 10:37:14','editview','on8j597195874n6r8kpm0hcbq0',1,0),(3015,'71e6a59e-e1b9-00a4-9d0d-4fe44a547eb2','1','AOS_Products','6eaf8fc6-9626-d23c-878b-4f75872c5e24','FE (100Mb) Internet Uplink - Secondary','2012-06-22 10:37:35','editview','on8j597195874n6r8kpm0hcbq0',1,0),(3016,'a367beb3-f005-e2de-b6c7-4fe44bfeca7b','1','AOS_Products','bf14b76f-86f6-7e7b-5d77-4f7587e63a2a','GigE (1000Mb) Internet Uplink - Primary ','2012-06-22 10:38:04','editview','on8j597195874n6r8kpm0hcbq0',1,0),(3017,'425f9925-482e-e885-c021-4fe44b0e34f0','1','AOS_Products','8c5935eb-74f2-f6e1-58fe-4f75870a4a82','GigE (1000Mb) Internet Uplink - Secondary','2012-06-22 10:38:49','editview','on8j597195874n6r8kpm0hcbq0',1,0),(3018,'bbbf6bde-ba99-9a3e-18d4-4fe44b4c9c13','1','AOS_Products','d3504c70-3418-1f77-7f70-4f758448f89d','Colo-Power Service: Last Months Deposit ','2012-06-22 10:39:29','editview','on8j597195874n6r8kpm0hcbq0',1,0),(3019,'7a2da8b3-be5f-eb3c-f553-4fe44bcefb31','1','AOS_Products','aad7ffcd-ba53-0e60-3f1d-4f7584cec8f9','120V Conditioned AC Power ','2012-06-22 10:39:52','editview','on8j597195874n6r8kpm0hcbq0',1,0),(3020,'5b9c83d2-316a-6dc2-6863-4fe44bef3ca1','1','AOS_Products','abf19cc6-b40a-efb5-ca25-4f758a7d86a2','usable addresses ','2012-06-22 10:40:16','editview','on8j597195874n6r8kpm0hcbq0',1,0),(3021,'52b8670d-e7ff-451b-7075-4fe44beea31a','1','AOS_Products','2203fe13-41b2-4d34-9640-4f7585670725','Colo Port Fee ','2012-06-22 10:40:39','editview','on8j597195874n6r8kpm0hcbq0',1,0),(3022,'da2298c8-3733-a532-3081-4fe44b1adbee','1','AOS_Products','76e80d0e-8794-ab8e-8d58-4f7585a32262','Colo Per Kbps ','2012-06-22 10:41:02','editview','on8j597195874n6r8kpm0hcbq0',1,0),(3023,'1900ce2e-43be-5619-14b4-4fe44b4b69d4','1','AOS_Products','22410041-e0ed-fa9c-7818-4f75887e8b05','Fiber ','2012-06-22 10:41:31','editview','on8j597195874n6r8kpm0hcbq0',1,0),(3024,'d2edf535-3ec8-457d-9a47-4fe44b222345','1','AOS_Products','3a286901-f2d4-cf53-311f-4f7588af1734','DS-3 ','2012-06-22 10:41:53','editview','on8j597195874n6r8kpm0hcbq0',1,0),(3025,'be093e83-459e-351e-07c2-4fe44c6d6e18','1','AOS_Products','394acc06-bbf0-8c1f-1cd0-4f7586a3bd36','T-1 Cross Connect ','2012-06-22 10:42:17','editview','on8j597195874n6r8kpm0hcbq0',1,0),(3026,'37827e77-4e70-948b-f183-4fe44c746b7f','1','AOS_Products','6df1dbb0-3205-5bbf-1ae7-4f758202c7c6','Unlimited MyNLV Fax Service ','2012-06-22 10:42:39','editview','on8j597195874n6r8kpm0hcbq0',1,0),(3027,'c5f7576d-08e2-cfea-bb4a-4fe44cae7300','1','AOS_Products','9c318fa3-8bf8-28ae-d404-4f2986d3e707','Clear Channel Internet','2012-06-22 10:43:16','editview','on8j597195874n6r8kpm0hcbq0',1,0),(3028,'592fdc5d-6961-89fe-6bd0-4fe44d8407b4','1','AOS_Products','141a1467-2427-93b2-8867-4f755b592a59','Point-to-Point T1 ','2012-06-22 10:49:19','editview','on8j597195874n6r8kpm0hcbq0',0,0),(3029,'87244f53-91a1-0018-4058-4fe44d469ce8','1','AOS_Products','89b02035-92da-4275-4d9d-4f755b65d35f','Point-to-Point DS3 ','2012-06-22 10:49:40','editview','on8j597195874n6r8kpm0hcbq0',0,0),(3030,'8c16cc32-f4bc-ba7f-2d87-4fe44d1db744','1','AOS_Products','2ed9839b-7a68-c569-0f13-4f755fb6a051','usable addresses ','2012-06-22 10:50:01','editview','on8j597195874n6r8kpm0hcbq0',1,0),(3031,'9830ff6c-148e-ec1b-4513-4fe44e90fc5a','1','AOS_Products','1b2b28bf-8fd5-0afb-460c-4f755a17c3f0','Shared Internet T1 ','2012-06-22 10:50:48','editview','on8j597195874n6r8kpm0hcbq0',1,0),(3032,'57fd7fd2-a070-8412-8a6a-4fe44ef94f46','1','AOS_Products','9d9d8153-58fe-2649-6fc5-4f758ccefcab','PDU Rental ','2012-06-22 10:51:26','editview','on8j597195874n6r8kpm0hcbq0',1,0),(3033,'6f9cb27e-161e-7c48-932a-4fe44edd8272','1','AOS_Products','8189216e-2254-fc08-d3f9-4f758cdf1e60','Router Rental ','2012-06-22 10:51:47','editview','on8j597195874n6r8kpm0hcbq0',1,0),(3034,'74423cff-0ea1-3f94-71b6-4fe44e80a972','1','AOS_Products','67610010-1dbd-67ff-ac0a-4f758c947fb1','Monitoring ','2012-06-22 10:52:14','editview','on8j597195874n6r8kpm0hcbq0',1,0),(3035,'11766a56-7bba-0c51-d251-4fe44ed51ef6','1','AOS_Products','9449a56d-cf9f-c6dd-de90-4f758b5279bb','Mail Spooling ','2012-06-22 10:52:51','editview','on8j597195874n6r8kpm0hcbq0',1,0),(3036,'e5444479-4538-3a96-61d8-4fe44ead4973','1','AOS_Products','706a1cf5-6880-7d5a-fdf6-4f758cdf78e8','CUSTOM LINE ITEM ','2012-06-22 10:53:11','editview','on8j597195874n6r8kpm0hcbq0',1,0),(3037,'9011ecba-2c7e-7021-abf8-4fe44ec4836e','1','AOS_Products','4ff746e3-1c13-044f-f013-4f758c044ed3','Late Payment ','2012-06-22 10:53:38','editview','on8j597195874n6r8kpm0hcbq0',1,0),(3038,'dc1b7405-12a9-5c41-0dc4-4fe44e3fc451','1','AOS_Products','3bd3ae3d-c918-c4e8-306e-4f75618c9ac3','Port Existing Phone/Fax Number ','2012-06-22 10:54:01','editview','on8j597195874n6r8kpm0hcbq0',1,0),(3039,'859fead0-551d-0573-27ef-4fe44e819c36','1','AOS_Products','81fa39f4-1600-5cd5-5a58-4f758bb8a269','Engineering Services ','2012-06-22 10:54:21','editview','on8j597195874n6r8kpm0hcbq0',1,0),(3040,'a0ea2d83-993b-0f11-7e96-4fe44ec9bdb4','1','AOS_Products','19b42493-dbf3-c292-6672-4f758b1039ad','BGP Configuration & Monitoring ','2012-06-22 10:54:44','editview','on8j597195874n6r8kpm0hcbq0',1,0),(3041,'2a458856-4b45-da5a-95d9-4fe44f31caec','1','AOS_Products','3ef2af98-dddf-18d2-1b0b-4f758b307bc6','Firewall Configuration per hour ','2012-06-22 10:55:08','editview','on8j597195874n6r8kpm0hcbq0',1,0),(3042,'7c8d312c-b3a4-2b99-702f-4fe44fc22534','1','AOS_Products','6e5b2c45-bdd3-1071-19e3-4f758bf14563','HSRP Configuration ','2012-06-22 10:55:31','editview','on8j597195874n6r8kpm0hcbq0',1,0),(3043,'d79297e0-ff37-f6ac-ef8c-4fe44f9b5baa','1','AOS_Products','de17c51b-91b6-d37a-7c57-4f758b4adcdf','Remote Hands (after hours) ','2012-06-22 10:55:53','editview','on8j597195874n6r8kpm0hcbq0',1,0),(3044,'e1ac7840-be18-aa08-3d60-4fe44ff15839','1','AOS_Products','5b676e71-0486-4989-b391-4fe182689127','Vehicles Model V1','2012-06-22 10:56:15','editview','on8j597195874n6r8kpm0hcbq0',0,0),(3045,'d67afb6d-01dc-2de8-e79c-4fe44f7744b0','1','AOS_Products','8084ccda-0767-af6b-24e8-4f756d970c0a','REMOVE Enhanced Extension ','2012-06-22 10:56:30','editview','on8j597195874n6r8kpm0hcbq0',1,0),(3046,'94c51105-9df0-3bd6-d0fe-4fe44f77ccb0','1','AOS_Products','85cf682c-0a5e-c39f-5f34-4f756e5ecdb4','REMOVE Standard Extension ','2012-06-22 10:56:57','editview','on8j597195874n6r8kpm0hcbq0',1,0),(3047,'11eb64c3-fe98-c0ff-5d27-4fe44f6bca5b','1','AOS_Products','8da952fb-b646-306d-4ac3-4f756ee6b964','REMOVE Clone Extension ','2012-06-22 10:57:22','editview','on8j597195874n6r8kpm0hcbq0',1,0),(3048,'2d4154cc-59b4-50ab-4e54-4fe44fec5f6f','1','AOS_Products','77e7cef4-e03f-2c79-9e98-4f75715e3169','REMOVE Automated Attendant ','2012-06-22 10:57:58','editview','on8j597195874n6r8kpm0hcbq0',1,0),(3049,'28520838-aafd-7b87-e0c7-4fe44f554323','1','AOS_Products','d7472556-dd2f-9ee8-3881-4f75712081fe','REMOVE Conference Bridge ','2012-06-22 10:58:19','editview','on8j597195874n6r8kpm0hcbq0',1,0),(3050,'55c98b36-0cdc-383e-76c0-4fe44f982036','1','AOS_Products','6d6ba743-7c58-0e4b-1c46-4f7571a459dd','REMOVE Hunt Group ','2012-06-22 10:58:39','editview','on8j597195874n6r8kpm0hcbq0',1,0),(3051,'1c9bde20-51c9-1fb0-4e10-4fe44f24cec0','1','AOS_Products','1abaa724-1ce2-5db5-6715-4f757152bad9','REMOVE Hunt Group Phone ','2012-06-22 10:58:59','editview','on8j597195874n6r8kpm0hcbq0',1,0),(3052,'27969878-ff2a-1d3d-41d1-4fe450210af5','1','AOS_Products','3cb2eeb7-8419-f244-7fc2-4f7572c132f3','REMOVE Call Queue ','2012-06-22 10:59:19','editview','on8j597195874n6r8kpm0hcbq0',1,0),(3053,'43fa964a-80a1-055f-42e4-4fe4508a072c','1','AOS_Products','195a8cae-bfcf-8bc1-2e82-4f757f21c81a','REMOVE Call Center Agent ','2012-06-22 10:59:39','editview','on8j597195874n6r8kpm0hcbq0',1,0),(3054,'1e60f4a3-1438-ebdc-8250-4fe4503f99a7','1','AOS_Products','361909b8-ac00-6899-9914-4f757f4468a7','REMOVE Call Center Statistics ','2012-06-22 10:59:58','editview','on8j597195874n6r8kpm0hcbq0',1,0),(3055,'57331297-c6a5-aa17-bc74-4fe450704e78','1','AOS_Products','5960419b-c9d2-dc5f-25ac-4f7581882d91','REMOVE Call Monitoring ','2012-06-22 11:00:17','editview','on8j597195874n6r8kpm0hcbq0',1,0),(3056,'73d00c04-9f54-c218-3f10-4fe4505c5fad','1','AOS_Products','3361fd13-c82a-60d3-943b-4f75817ef798','REMOVE Call Recording ','2012-06-22 11:00:42','editview','on8j597195874n6r8kpm0hcbq0',1,0),(3057,'7e0713cf-bbcc-3a69-254c-4fe45072cf40','1','AOS_Products','e024a2d5-f164-b3f2-05a0-4f75816d7872','REMOVE Whisper Feature ','2012-06-22 11:01:09','editview','on8j597195874n6r8kpm0hcbq0',1,0),(3058,'d151a184-5048-3016-9401-4fe450df68b2','1','AOS_Products','ee420407-3f08-b031-2054-4f7582668867','REMOVE Unlimited MyNLV Fax ','2012-06-22 11:01:35','editview','on8j597195874n6r8kpm0hcbq0',1,0),(3059,'afa08a98-b5ed-82a9-d941-4fe450f1a16d','1','AOS_Products','ceee1015-43b2-03c6-889e-4f758c811949','Tax Recovery & Fees ','2012-06-22 11:01:56','editview','on8j597195874n6r8kpm0hcbq0',1,0),(3060,'2e149620-82d3-b3a5-5d44-4fe4507d2308','1','AOS_Products','7b764d87-208a-1aa5-dcba-4f29884bc105','Enhanced Extension','2012-06-22 11:02:17','editview','on8j597195874n6r8kpm0hcbq0',1,0),(3061,'c03610ca-8b05-fb4b-865b-4fe450fc3063','1','AOS_Products','30b4518e-ad10-a7f4-87b3-4f756bdca368','Standard Extension ','2012-06-22 11:02:46','editview','on8j597195874n6r8kpm0hcbq0',1,0),(3062,'a64febfc-0a44-a0f2-c80f-4fe4506cb7df','1','AOS_Products','84c4b381-f6d9-d162-255a-4f756cc84e01','Clone Extension ','2012-06-22 11:03:07','editview','on8j597195874n6r8kpm0hcbq0',1,0),(3063,'82d61a8c-7478-7009-42a3-4fe450d24a8e','1','AOS_Products','1e946297-dfe0-3fce-3fc2-4f7566ba4a0d','Unlimited Minutes per extension','2012-06-22 11:03:25','editview','on8j597195874n6r8kpm0hcbq0',1,0),(3135,'50035a57-939a-0a78-df70-4fe8e771608f','1','AOS_Products',NULL,'lvso=desc&AOS_Products2_AOS_PRODUCTS_ORDER_BY=maincode','2012-06-25 22:32:36','listview','e0t6jgf8649bf6k0ic78ssob90',0,0),(3065,'690c4991-6cbd-fb4f-96de-4fe4516bd7a4','1','AOS_Products','54427934-58e6-462c-ca2d-4fe40923be56','Included DOD','2012-06-22 11:04:10','editview','on8j597195874n6r8kpm0hcbq0',1,0),(3066,'c3017084-7212-a47b-fbb7-4fe451a1fb78','1','AOS_Products','1ee4cbaa-51cf-ee57-6f58-4f7560496b4d','Direct Outward Dial (DOD) ','2012-06-22 11:04:32','editview','on8j597195874n6r8kpm0hcbq0',1,0),(3067,'15df625e-79f1-c23b-b830-4fe4511234b2','1','AOS_Products','2e6feaef-54d8-4998-60e6-4fe40a2cadbe','Included DID','2012-06-22 11:04:57','editview','on8j597195874n6r8kpm0hcbq0',1,0),(3108,'98ca3edf-7f60-bc5a-ae2a-4fe83160b1ff','1','AOS_Products',NULL,'lvso=desc&AOS_Products2_AOS_PRODUCTS_ORDER_BY=jbilling_relation_id_c','2012-06-25 09:36:53','listview','8uc0v4j1juiqbm8ogcff7489n3',0,0),(3104,'24bef24c-f02c-166e-c7b9-4fe45a455fe2','1','AOS_Products','52d55a4f-4562-bca2-10e9-4f7560b5c618','Inbound Toll Free Number ','2012-06-22 11:44:41','editview','on8j597195874n6r8kpm0hcbq0',1,0),(3070,'83902ef7-8dff-1877-5a1e-4fe45194adc7','1','AOS_Products','1541bc93-b4ce-3549-c414-4fe40a21d5dc','Unlimited Fax','2012-06-22 11:06:34','editview','on8j597195874n6r8kpm0hcbq0',1,0),(3071,'b8b1d4bd-a251-98e8-6fab-4fe4518921f6','1','AOS_Products','d5ec065e-5f62-7a78-e63b-4fe40b4a469b','Included MyNLV Fax #','2012-06-22 11:06:52','editview','on8j597195874n6r8kpm0hcbq0',1,0),(3072,'b77bedfd-c6b8-adbc-eda0-4fe4515e405c','1','AOS_Products','8303578e-50c0-fa52-f750-4fe40ba82d8c','MyNLV Fax #','2012-06-22 11:07:13','editview','on8j597195874n6r8kpm0hcbq0',1,0),(3075,'68dca7ce-202b-6860-b773-4fe45261b35b','1','AOS_Products','521f7d32-3b3d-0c39-8638-4f756f041714','Conference Bridge ','2012-06-22 11:08:03','editview','on8j597195874n6r8kpm0hcbq0',1,0),(3074,'13924d4b-c334-f38c-2cb5-4fe452a77521','1','AOS_Products','f2d1723c-310a-e701-1f7b-4fe40b6469d0','Inbound Toll Free MyNLV Fax #','2012-06-22 11:07:55','editview','on8j597195874n6r8kpm0hcbq0',1,0),(3076,'60cab3af-3cdb-fb52-e087-4fe452a89e5e','1','AOS_Products','9a3ba35f-a29f-4173-56b0-4f756e95fb7b','Basic Automated Attendant ','2012-06-22 11:08:32','editview','on8j597195874n6r8kpm0hcbq0',1,0),(3077,'775b9fdc-d32e-5b3f-b352-4fe452c0fb15','1','AOS_Products','1dc577f3-4e2e-8ff3-93e0-4f860cd3218b','Voice Broadcast','2012-06-22 11:08:56','editview','on8j597195874n6r8kpm0hcbq0',1,0),(3078,'61bde449-14b6-c0fa-106e-4fe45219ccc6','1','AOS_Products','1c6b2a64-b961-574e-985f-4f757240bb33','Call Center Statistics ','2012-06-22 11:09:17','editview','on8j597195874n6r8kpm0hcbq0',1,0),(3079,'97ad94e9-c29e-a382-f1b1-4fe4523f3c68','1','AOS_Products','b9a083f0-b1b3-0f6f-d6a2-4f860b1616eb','Call Center Hunt Group','2012-06-22 11:09:36','editview','on8j597195874n6r8kpm0hcbq0',1,0),(3080,'2240ebef-7a5b-bb52-1a27-4fe452a73cec','1','AOS_Products','c1ab7b16-5bd4-6a72-f8a7-4f75725956f9','Call Center Agent ','2012-06-22 11:09:59','editview','on8j597195874n6r8kpm0hcbq0',1,0),(3081,'6c18efbc-a8a7-38f5-ec09-4fe45212c27b','1','AOS_Products','16855674-6dc2-7b2f-2ce7-4f756fc318f2','Hunt Group ','2012-06-22 11:10:17','editview','on8j597195874n6r8kpm0hcbq0',1,0),(3082,'5726658a-c69e-9646-4f3e-4fe452039d4b','1','AOS_Products','e34ebf32-517b-5db6-66db-4f756f54df72','Hunt Group Phones ','2012-06-22 11:10:35','editview','on8j597195874n6r8kpm0hcbq0',1,0),(3083,'48777e74-4ea8-4b8d-bf4f-4fe45204c23f','1','AOS_Products','4f694772-b323-a589-df66-4f7580c3dbdc','Call Recording per extension ','2012-06-22 11:10:53','editview','on8j597195874n6r8kpm0hcbq0',1,0),(3084,'a1095fd9-8687-6eed-4143-4fe45266ceab','1','AOS_Products','42b6d220-5c09-ec14-6b4b-4f7570e995fe','Call Parking','2012-06-22 11:11:12','editview','on8j597195874n6r8kpm0hcbq0',1,0),(3085,'d1e8c943-08b0-186b-abc3-4fe45224e507','1','AOS_Products','78c40016-bf9c-6315-d9e1-4f7580cb562c','System Wide Intercom','2012-06-22 11:11:34','editview','on8j597195874n6r8kpm0hcbq0',1,0),(3086,'5d47e401-cf04-2c4e-aa1d-4fe452f5ec6a','1','AOS_Products','bfd14048-3d2b-d441-0eb9-4f7563a8cf81','SIP Trunk ','2012-06-22 11:11:57','editview','on8j597195874n6r8kpm0hcbq0',1,0),(3087,'1a0b775f-9b4e-b39f-beb7-4fe453fc10f5','1','AOS_Products','6e72bd6c-6255-fe35-5c74-4f7588a1725f','POTS ','2012-06-22 11:12:17','editview','on8j597195874n6r8kpm0hcbq0',1,0),(3088,'47000e44-aca2-0ef6-ffa4-4fe4539fc029','1','AOS_Products','364b06a4-be67-f21d-e348-4fe230863782','Included Clone Extension','2012-06-22 11:12:37','editview','on8j597195874n6r8kpm0hcbq0',1,0),(3089,'4e5984f8-a16b-8f0b-89cf-4fe453f08b18','1','AOS_Products','617eab4d-c56c-e609-7967-4fe40ce4690d','Included Extension','2012-06-22 11:13:01','editview','on8j597195874n6r8kpm0hcbq0',1,0),(3090,'1e290d69-8ef7-7370-3768-4fe4530326d7','1','AOS_Products','bec5ff1d-6dfc-e227-d706-4fe40c30fa26','Included Minute Block','2012-06-22 11:13:21','editview','on8j597195874n6r8kpm0hcbq0',1,0),(3091,'af31a97d-0abd-276e-f8c0-4fe453efffb4','1','AOS_Products','5df48c75-2998-6725-839b-4fe40c01ac90','Temp DID','2012-06-22 11:13:39','editview','on8j597195874n6r8kpm0hcbq0',1,0),(3092,'606e9694-c59d-3e39-9fe3-4fe45321b975','1','AOS_Products','4df2fe35-5be9-e4af-a5b6-4fe40cd0167b','Temp DOD','2012-06-22 11:13:57','editview','on8j597195874n6r8kpm0hcbq0',1,0),(3093,'a6ecb93a-74a3-4249-701b-4fe45327fb6d','1','AOS_Products','548bbb12-2904-53fc-04b8-4fe40c92f958','External Forward','2012-06-22 11:14:16','editview','on8j597195874n6r8kpm0hcbq0',1,0),(3094,'2b000f13-b100-c1fe-6210-4fe453ca52c7','1','AOS_Products','adbbefd9-9fbc-4c88-000c-4fe40cb7d064','Old-style Auto Attendant','2012-06-22 11:14:37','editview','on8j597195874n6r8kpm0hcbq0',1,0),(3095,'82f1afec-57b0-6a18-9b77-4fe453e9977d','1','AOS_Products','911a2cb3-54d6-b648-137f-4fe40d643227','Voice Service Request','2012-06-22 11:14:55','editview','on8j597195874n6r8kpm0hcbq0',1,0),(3096,'7b87ec9c-dc43-c280-8daa-4fe4537f9487','1','AOS_Products','29220b32-9265-d7dd-dd37-4fe40dd66fb7','Unconfigured Services','2012-06-22 11:15:28','editview','on8j597195874n6r8kpm0hcbq0',1,0),(3097,'60dab16e-1a9b-7dc9-c202-4fe4532f7916','1','AOS_Products','384b857d-eab6-4bef-c2f0-4fe40ef6a929','Local, Long Distance, and Toll Free','2012-06-22 11:15:57','editview','on8j597195874n6r8kpm0hcbq0',1,0),(3098,'957a0d28-73e2-b125-04fa-4fe453be1cad','1','AOS_Products','34ed6a4d-bd4f-5116-2882-4fe40ef5088b','Inbound Toll Free','2012-06-22 11:16:14','editview','on8j597195874n6r8kpm0hcbq0',1,0),(3099,'675098aa-ff84-6429-52a3-4fe4542d6786','1','AOS_Products','d28bb51b-8251-4396-a63d-4fe40ec61eaa','International','2012-06-22 11:16:35','editview','on8j597195874n6r8kpm0hcbq0',1,0),(3100,'8b274e82-f7d6-98c7-5dab-4fe4540780c4','1','AOS_Products','c2242865-6ad5-6313-5a0e-4fe40e0b38e2','Internal','2012-06-22 11:16:54','editview','on8j597195874n6r8kpm0hcbq0',1,0),(3101,'a5197c75-f887-fe8f-5d96-4fe4544ed69e','1','AOS_Products','ab28e3c7-0787-5f3f-9221-4fe4131fd43f','Directory Assistance','2012-06-22 11:17:11','editview','on8j597195874n6r8kpm0hcbq0',1,0),(3102,'8bc9c83b-854e-7042-0885-4fe454d8e71f','1','AOS_Products','2e560469-de22-4f2d-3f3d-4fe4139eeda1','911 Emergency Services','2012-06-22 11:17:33','editview','on8j597195874n6r8kpm0hcbq0',1,0),(3107,'6eef82fa-6954-d05a-3b10-4fe45f43f534','1','AOS_Products','7a65b598-064d-e109-73a5-4f755ffa82ea','Direct Inward Dial (DID) ','2012-06-22 12:03:41','detailview','on8j597195874n6r8kpm0hcbq0',1,0),(3109,'cde2af28-05b3-46d2-44b2-4fe831c28492','1','AOS_Products',NULL,'lvso=asc&AOS_Products2_AOS_PRODUCTS_ORDER_BY=jbilling_relation_id_c','2012-06-25 09:36:56','listview','8uc0v4j1juiqbm8ogcff7489n3',0,0),(3110,'b6d98452-d4b5-61c2-bd05-4fe8319b416b','1','AOS_Products',NULL,'lvso=desc&AOS_Products2_AOS_PRODUCTS_ORDER_BY=jbilling_relation_id_c','2012-06-25 09:37:00','listview','8uc0v4j1juiqbm8ogcff7489n3',0,0),(3111,'aa508f36-684c-2285-7997-4fe8315874c1','1','AOS_Products',NULL,'lvso=asc&AOS_Products2_AOS_PRODUCTS_ORDER_BY=jbilling_relation_id_c','2012-06-25 09:37:05','listview','8uc0v4j1juiqbm8ogcff7489n3',0,0),(3124,'c3c33bba-31ba-0ad6-a1a6-4fe83b396296','1','AOS_Products',NULL,'lvso=desc&AOS_Products2_AOS_PRODUCTS_ORDER_BY=homir_id_c','2012-06-25 10:18:47','listview','c58eau6dso64c447gea0pcma21',0,0),(3113,'d86993f7-65aa-8410-c1b2-4fe83311db90','1','ACLRoles','8d2ee3f2-6a8d-d07d-46a5-4f3d452e168a','Inside Sales','2012-06-25 09:48:20','detailview','6gkct833iv6el9uo63m7bp8be5',1,0),(3123,'c6186345-c6e8-982c-b946-4fe83648ebb7','1','ACLRoles','1183e9ea-91e4-66a8-ec88-4f4c62836cc6','Sales Manager','2012-06-25 09:59:32','detailview','nmkb57dg5onl1fde637hpn2781',1,0),(3125,'cf54511a-a9cd-8a57-9030-4fe83b1762d8','1','AOS_Products',NULL,'lvso=asc&AOS_Products2_AOS_PRODUCTS_ORDER_BY=homir_id_c','2012-06-25 10:18:51','listview','c58eau6dso64c447gea0pcma21',0,0),(3120,'c741be57-f428-0360-f54e-4fe83640e9c2','1','UserPreferences','275cc4c8-489a-055e-bdff-4fa285f434b4','Base Implementation.  Should be overridden.','2012-06-25 09:57:55','save','6gkct833iv6el9uo63m7bp8be5',1,0),(3121,'4993b053-0da9-5547-d42c-4fe836a2770d','1','Users','25c40e1c-99ae-de9c-6c6e-4fa285018290','Shekhar Verma','2012-06-25 09:57:56','detailview','6gkct833iv6el9uo63m7bp8be5',1,0),(3126,'c558ea7d-93e9-9160-425c-4fe83c40f131','1','UserPreferences','c63fae55-7054-f98f-3f87-4fe83c86ee3c','Base Implementation.  Should be overridden.','2012-06-25 10:23:24','save','umomohqnc62bth722bnn1ntnm4',1,0),(3127,'48e0e7e2-6859-6326-80bc-4fe83cba09b0','1','Users','c4af8594-c3b6-bcb4-79bc-4fe83c04793d','testSimple testSimple','2012-06-25 10:23:25','detailview','umomohqnc62bth722bnn1ntnm4',1,0),(3128,'5ab55878-6d55-9404-de73-4fe83ccf4926','1','AOS_Products',NULL,'lvso=asc&AOS_Products2_AOS_PRODUCTS_ORDER_BY=jbilling_relation_id_c','2012-06-25 10:24:45','listview','c58eau6dso64c447gea0pcma21',0,0),(3129,'1677878e-f678-3b97-ac5f-4fe841e3b7aa','1','AOS_Products',NULL,'lvso=asc&AOS_Products2_AOS_PRODUCTS_ORDER_BY=jbilling_relation_id_c','2012-06-25 10:46:11','listview','c58eau6dso64c447gea0pcma21',0,0),(3134,'e6441a61-aae6-be0b-c93e-4fe8e66ea7f2','1','AOS_Products','91a05d16-f0a1-ceb0-396d-4f8609eda5fd','Minute Block','2012-06-25 22:32:14','detailview','e0t6jgf8649bf6k0ic78ssob90',1,0),(3132,'c554e5d9-8312-5992-5f39-4fe8df5e674d','1','AOS_Products','4ff746e3-1c13-044f-f013-4f758c044ed3','Late Payment ','2012-06-25 22:01:23','detailview','e0t6jgf8649bf6k0ic78ssob90',1,0),(3136,'d99d28dc-d3e4-7939-2884-4fe8e74ea52b','1','AOS_Products',NULL,'lvso=asc&AOS_Products2_AOS_PRODUCTS_ORDER_BY=maincode','2012-06-25 22:32:37','listview','e0t6jgf8649bf6k0ic78ssob90',0,0),(3137,'78d2ba16-b09d-1178-2e20-4fe8e7f802ed','1','AOS_Products',NULL,'lvso=asc&AOS_Products2_AOS_PRODUCTS_ORDER_BY=maincode','2012-06-25 22:35:40','listview','e0t6jgf8649bf6k0ic78ssob90',0,0),(3138,'ec2dd08d-357a-9768-7dab-4fe95f6ac369','1','AOS_Products',NULL,'lvso=asc&AOS_Products2_AOS_PRODUCTS_ORDER_BY=maincode','2012-06-26 07:05:03','listview','e38vm6j7ruoj1c7nfa2p8dvng0',0,0),(3139,'54b50b07-0a1d-4378-aaf9-4fe95f4c93ad','1','AOS_Products',NULL,'lvso=asc&AOS_Products2_AOS_PRODUCTS_ORDER_BY=maincode','2012-06-26 07:05:09','listview','e38vm6j7ruoj1c7nfa2p8dvng0',0,0),(3140,'5e542d74-fa39-e837-164a-4fe98799954c','1','AOS_Products',NULL,'lvso=asc&AOS_Products2_AOS_PRODUCTS_ORDER_BY=jbilling_relation_id_c','2012-06-26 09:56:21','listview','5d44pehfcct7v9tfr2sc6m6s27',0,0),(3141,'b469f64d-7aaa-8588-002c-4fe98ee5b185','1','AOS_Products',NULL,'lvso=desc&AOS_Products2_AOS_PRODUCTS_ORDER_BY=jbilling_relation_id_c','2012-06-26 10:25:28','listview','5d44pehfcct7v9tfr2sc6m6s27',0,0),(3142,'3ecc4664-f6fa-7068-2f59-4fe98e7e8f9f','1','AOS_Products',NULL,'lvso=asc&AOS_Products2_AOS_PRODUCTS_ORDER_BY=jbilling_relation_id_c','2012-06-26 10:25:37','listview','5d44pehfcct7v9tfr2sc6m6s27',0,0),(3143,'cc9503d1-ee03-cb18-17b6-4fe9ff0b01e9','1','AOS_Products',NULL,'lvso=asc&AOS_Products2_AOS_PRODUCTS_ORDER_BY=maincode','2012-06-26 18:27:49','listview','h51pb1fskvapoc1p0lbrpv1744',0,0),(3152,'170387db-5a06-6d62-6d0a-4fea16780699','1','AOS_Products','89b02035-92da-4275-4d9d-4f755b65d35f','Point-to-Point DS3 ','2012-06-26 20:07:26','detailview','vi4l9ro7d33md1kjea5p9jp403',0,0),(3151,'bb030bce-523b-785e-0b80-4fea16deac8b','1','AOS_Products','141a1467-2427-93b2-8867-4f755b592a59','Point-to-Point T1 ','2012-06-26 20:07:11','detailview','vi4l9ro7d33md1kjea5p9jp403',0,0),(3174,'7cb8e31b-d667-f040-0150-4fea2210db51','1','nli_Pricing','177083e6-707a-9915-917c-4f76f725ef6a',NULL,'2012-06-26 21:00:19','editview','vi4l9ro7d33md1kjea5p9jp403',1,0),(3194,'7ca5044a-edbf-38cd-bdd3-4fea2f5f0cdd','1','AOS_Products','1b2b28bf-8fd5-0afb-460c-4f755a17c3f0','Business Park Internet','2012-06-26 21:55:24','detailview','a5thi46us7aior7v0a2ojjv8q2',1,0),(3164,'d62d4e9c-d3a7-4394-870c-4fea19f889dc','1','AOS_Quotes','57ff3353-f377-a7aa-3138-4fd105124b23','BUSINESS CLASS VOICE OVER IP SERVICES QUOTE','2012-06-26 20:19:52','detailview','vi4l9ro7d33md1kjea5p9jp403',1,0),(3176,'97c2d8f7-ad90-259f-16f3-4fea22b3b34a','1','nli_Pricing','b58b810e-179b-ff07-dfc6-4f76f761c1af',NULL,'2012-06-26 21:00:42','editview','vi4l9ro7d33md1kjea5p9jp403',1,0),(3195,'7b725297-09f9-67c0-8b5c-4fea49f56d1c','b13a4520-fde1-596b-17d8-4f74c7865de6','AOS_Products','2ed9839b-7a68-c569-0f13-4f755fb6a051','Circuit IP addresses (5 included)','2012-06-26 23:43:11','detailview','65jpms8rg0ntdsr84gjq3btt01',1,0),(3178,'5869efa8-3605-9f54-a074-4fea23f02eee','1','nli_Pricing','6881942e-b153-f681-c825-4f76f891d33f',NULL,'2012-06-26 21:01:29','editview','vi4l9ro7d33md1kjea5p9jp403',1,0),(3180,'32af0e56-8f1d-5ba4-225d-4fea230968dd','1','nli_Pricing','81ccc233-751f-b540-bb5e-4f76f8265a9a',NULL,'2012-06-26 21:01:39','editview','vi4l9ro7d33md1kjea5p9jp403',1,0),(3182,'b276b851-77cd-5b64-34fe-4fea23b7d9c0','1','nli_Pricing','137e20c1-5ed1-76a7-7cb6-4f76f8c48a47',NULL,'2012-06-26 21:01:49','editview','vi4l9ro7d33md1kjea5p9jp403',1,0),(3184,'6188370d-ba72-bfa0-b220-4fea236f79c0','1','nli_Pricing','9a536460-1eff-79ee-ebc6-4f76f87f9f0d',NULL,'2012-06-26 21:02:01','editview','vi4l9ro7d33md1kjea5p9jp403',1,0),(3188,'d7c05da6-404d-8360-6040-4fea23237006','1','AOS_Products','abf19cc6-b40a-efb5-ca25-4f758a7d86a2','Colo IP addresses (5 included)','2012-06-26 21:03:25','detailview','vi4l9ro7d33md1kjea5p9jp403',1,0),(3185,'7d4faf12-6588-bf0f-57cd-4fea23905da3','1','AOS_Products','2ed9839b-7a68-c569-0f13-4f755fb6a051','Circuit IP addresses (5 included)','2012-06-26 21:02:12','detailview','vi4l9ro7d33md1kjea5p9jp403',1,0),(3198,'c1598260-edd8-4267-83da-4fec81ea1112','1','Contacts','bc2b8613-7800-d1d4-1f0e-4f2984fdcc27','Mr. David red Ferrell','2012-06-28 16:10:02','detailview','v3ap1k38d2d2cp533enlidm596',1,0),(3197,'89560df9-52a8-ba45-7017-4fec242bfe00','1','Contacts','eb40af8d-0574-d433-1eff-4fec24c7c59b','Ms.  testingImp','2012-06-28 09:31:03','detailview','vvvtg2agafvobr6hvvtdov7ru1',1,0),(3199,'661959cc-4b45-2749-e55d-4fec825c79f8','1','EmailTemplates','8ba0883e-8ad9-5e3e-bb5b-4f187a6b3d76','System-generated password email','2012-06-28 16:11:52','detailview','v3ap1k38d2d2cp533enlidm596',1,0),(3204,'4632f784-72a5-54ac-d7ed-4fec8489c357','1','Accounts','5f670136-f107-f7c3-68a9-4f2985be35cf','TCG, Inc','2012-06-28 16:22:20','detailview','v3ap1k38d2d2cp533enlidm596',1,0),(3201,'d9db7eb6-8dc5-25a1-f30e-4fec83ab7ba0','1','EmailTemplates','8bf336fc-9a28-b6b0-a18d-4f187ae2db2d','Forgot Password email','2012-06-28 16:16:32','editview','v3ap1k38d2d2cp533enlidm596',1,0),(3205,'79a74f88-e808-50a1-5473-4fecf111f034','1','AOS_Products','333c0b9b-9d75-4434-0930-4fecf149a910','e911 Location','2012-06-29 00:06:28','detailview','0jn902a89ks941fn6lnho2vuh3',1,0),(3215,'da682c85-7b45-e8b0-23fe-4fedf9ae3d9a','1','AOS_Products','228b645a-3168-1b98-3563-4fedf3ec6ec1','Internet Installation','2012-06-29 18:51:08','detailview','u4fldfpvhk94ttgbilmn24qp21',1,0),(3207,'b8eb8ea7-8974-e572-4b8d-4fedf37d3b75','1','AOS_Products','8fdceab5-61d9-d69d-5789-4fedf3369cbd','Voice Installation','2012-06-29 18:28:37','detailview','u4fldfpvhk94ttgbilmn24qp21',1,0),(3218,'6787075a-0a7b-54f5-dafb-4fedf93614c1','1','AOS_Products',NULL,'lvso=desc&AOS_Products2_AOS_PRODUCTS_ORDER_BY=maincode','2012-06-29 18:53:17','listview','u4fldfpvhk94ttgbilmn24qp21',0,0),(3209,'8d62d64e-60ef-4dab-9191-4fedf605a4b7','1','AOS_Products','5c2c41b3-f751-5fbf-29b5-4fedf69f3ac4','Internet Last Month Deposit','2012-06-29 18:39:14','detailview','u4fldfpvhk94ttgbilmn24qp21',1,0),(3210,'5dd16b91-6cc4-2e07-2003-4fedf629881f','1','AOS_Products','2c3689b6-d408-06d5-e657-4fedf68aa0a7','Voice Last Month Deposit','2012-06-29 18:40:00','detailview','u4fldfpvhk94ttgbilmn24qp21',1,0),(3211,'d7aca9b9-f020-8067-e5c1-4fedf6b79499','1','AOS_Products','ab993771-0aa4-de5c-fc65-4fedf6133799','Colo Last Month Deposit','2012-06-29 18:40:50','detailview','u4fldfpvhk94ttgbilmn24qp21',1,0),(3216,'28590ae6-ae1b-385d-980f-4fedf974e96d','1','AOS_Products',NULL,'lvso=desc&AOS_Products2_AOS_PRODUCTS_ORDER_BY=maincode','2012-06-29 18:52:05','listview','u4fldfpvhk94ttgbilmn24qp21',0,0),(3220,'4824b2a2-21b9-bfd1-23f3-4fedf9b80a89','1','AOS_Products','bb3abac4-f3f9-7945-b383-4fedf9199f7f','Colo Installation','2012-06-29 18:54:22','detailview','u4fldfpvhk94ttgbilmn24qp21',1,0),(3219,'92bff620-d902-5659-f514-4fedf96ee6f6','1','AOS_Products','2d52966c-111d-64bb-0b9b-4fedf4f8601b','Colo Installation','2012-06-29 18:53:35','detailview','u4fldfpvhk94ttgbilmn24qp21',0,0),(3221,'c7aa8b17-9663-94a1-92b7-4fedfa65d8b1','1','AOS_Products',NULL,'lvso=desc&AOS_Products2_AOS_PRODUCTS_ORDER_BY=maincode','2012-06-29 18:54:58','listview','u4fldfpvhk94ttgbilmn24qp21',0,0),(3222,'d9eb65e4-868c-b588-b2e7-4fedfa37bed7','1','AOS_Products',NULL,'lvso=asc&AOS_Products2_AOS_PRODUCTS_ORDER_BY=maincode','2012-06-29 18:55:08','listview','u4fldfpvhk94ttgbilmn24qp21',0,0),(3223,'4832d1d1-791e-89c4-04fa-4fedfcedbeaf','1','AOS_Products','10c3e228-ddf2-46e3-6a6f-4fedfc44edfa','Miscellaneous Installation','2012-06-29 19:03:43','detailview','u4fldfpvhk94ttgbilmn24qp21',1,0),(3224,'d1dae2c4-9ed3-d87c-2374-4fedfc9cd318','1','AOS_Products','8d9c97f6-96d0-6ef3-d8b7-4fedfc836f04','Miscellaneous Deposit','2012-06-29 19:04:32','detailview','u4fldfpvhk94ttgbilmn24qp21',1,0);
/*!40000 ALTER TABLE `tracker` ENABLE KEYS */;
UNLOCK TABLES;

--
-- Table structure for table `upgrade_history`
--

DROP TABLE IF EXISTS `upgrade_history`;
/*!40101 SET @saved_cs_client     = @@character_set_client */;
/*!40101 SET character_set_client = utf8 */;
CREATE TABLE `upgrade_history` (
  `id` char(36) NOT NULL,
  `filename` varchar(255) DEFAULT NULL,
  `md5sum` varchar(32) DEFAULT NULL,
  `type` varchar(30) DEFAULT NULL,
  `status` varchar(50) DEFAULT NULL,
  `version` varchar(64) DEFAULT NULL,
  `name` varchar(255) DEFAULT NULL,
  `description` text,
  `id_name` varchar(255) DEFAULT NULL,
  `manifest` longtext,
  `date_entered` datetime DEFAULT NULL,
  `enabled` tinyint(1) DEFAULT '1',
  PRIMARY KEY (`id`),
  UNIQUE KEY `upgrade_history_md5_uk` (`md5sum`)
) ENGINE=MyISAM DEFAULT CHARSET=utf8;
/*!40101 SET character_set_client = @saved_cs_client */;

--
-- Dumping data for table `upgrade_history`
--

LOCK TABLES `upgrade_history` WRITE;
/*!40000 ALTER TABLE `upgrade_history` DISABLE KEYS */;
INSERT INTO `upgrade_history` VALUES ('996d0219-e34e-fd45-8ff1-4f297df82a5e','cache/upload/upgrades/module/AdvancedOpenSales 5.0.1.zip','a62460634afb91a1e64ac58942147042','module','installed','5.0.1','Advanced OpenSales','This module is for creating and managing sales and service Quotes, Contracts and Invoices.','AdvancedOpenSales','YTozOntzOjg6Im1hbmlmZXN0IjthOjExOntzOjI1OiJhY2NlcHRhYmxlX3N1Z2FyX3ZlcnNpb25zIjthOjE6e3M6MTM6InJlZ2V4X21hdGNoZXMiO2E6Mjp7aTowO3M6MzoiNi4qIjtpOjE7czozOiI1LioiO319czoyNDoiYWNjZXB0YWJsZV9zdWdhcl9mbGF2b3JzIjthOjE6e2k6MDtzOjI6IkNFIjt9czo0OiJuYW1lIjtzOjE4OiJBZHZhbmNlZCBPcGVuU2FsZXMiO3M6MTE6ImRlc2NyaXB0aW9uIjtzOjkwOiJUaGlzIG1vZHVsZSBpcyBmb3IgY3JlYXRpbmcgYW5kIG1hbmFnaW5nIHNhbGVzIGFuZCBzZXJ2aWNlIFF1b3RlcywgQ29udHJhY3RzIGFuZCBJbnZvaWNlcy4iO3M6NjoiYXV0aG9yIjtzOjEyOiJTYWxlc0FnaWxpdHkiO3M6MTQ6InB1Ymxpc2hlZF9kYXRlIjtzOjEwOiIyMDExLTA4LTMwIjtzOjc6InZlcnNpb24iO3M6NToiNS4wLjEiO3M6NDoidHlwZSI7czo2OiJtb2R1bGUiO3M6NDoiaWNvbiI7czowOiIiO3M6MTY6ImlzX3VuaW5zdGFsbGFibGUiO2I6MTtzOjEzOiJyZW1vdmVfdGFibGVzIjtzOjY6InByb21wdCI7fXM6MTE6Imluc3RhbGxkZWZzIjthOjg6e3M6MjoiaWQiO3M6MTc6IkFkdmFuY2VkT3BlblNhbGVzIjtzOjU6ImJlYW5zIjthOjY6e2k6MDthOjQ6e3M6NjoibW9kdWxlIjtzOjEzOiJBT1NfQ29udHJhY3RzIjtzOjU6ImNsYXNzIjtzOjEzOiJBT1NfQ29udHJhY3RzIjtzOjQ6InBhdGgiO3M6Mzk6Im1vZHVsZXMvQU9TX0NvbnRyYWN0cy9BT1NfQ29udHJhY3RzLnBocCI7czozOiJ0YWIiO2I6MTt9aToxO2E6NDp7czo2OiJtb2R1bGUiO3M6MTI6IkFPU19JbnZvaWNlcyI7czo1OiJjbGFzcyI7czoxMjoiQU9TX0ludm9pY2VzIjtzOjQ6InBhdGgiO3M6Mzc6Im1vZHVsZXMvQU9TX0ludm9pY2VzL0FPU19JbnZvaWNlcy5waHAiO3M6MzoidGFiIjtiOjE7fWk6MjthOjQ6e3M6NjoibW9kdWxlIjtzOjE3OiJBT1NfUERGX1RlbXBsYXRlcyI7czo1OiJjbGFzcyI7czoxNzoiQU9TX1BERl9UZW1wbGF0ZXMiO3M6NDoicGF0aCI7czo0NzoibW9kdWxlcy9BT1NfUERGX1RlbXBsYXRlcy9BT1NfUERGX1RlbXBsYXRlcy5waHAiO3M6MzoidGFiIjtiOjE7fWk6MzthOjQ6e3M6NjoibW9kdWxlIjtzOjEyOiJBT1NfUHJvZHVjdHMiO3M6NToiY2xhc3MiO3M6MTI6IkFPU19Qcm9kdWN0cyI7czo0OiJwYXRoIjtzOjM3OiJtb2R1bGVzL0FPU19Qcm9kdWN0cy9BT1NfUHJvZHVjdHMucGhwIjtzOjM6InRhYiI7YjoxO31pOjQ7YTo0OntzOjY6Im1vZHVsZSI7czoxOToiQU9TX1Byb2R1Y3RzX1F1b3RlcyI7czo1OiJjbGFzcyI7czoxOToiQU9TX1Byb2R1Y3RzX1F1b3RlcyI7czo0OiJwYXRoIjtzOjUxOiJtb2R1bGVzL0FPU19Qcm9kdWN0c19RdW90ZXMvQU9TX1Byb2R1Y3RzX1F1b3Rlcy5waHAiO3M6MzoidGFiIjtiOjA7fWk6NTthOjQ6e3M6NjoibW9kdWxlIjtzOjEwOiJBT1NfUXVvdGVzIjtzOjU6ImNsYXNzIjtzOjEwOiJBT1NfUXVvdGVzIjtzOjQ6InBhdGgiO3M6MzM6Im1vZHVsZXMvQU9TX1F1b3Rlcy9BT1NfUXVvdGVzLnBocCI7czozOiJ0YWIiO2I6MTt9fXM6MTA6ImxheW91dGRlZnMiO2E6NDp7aToxO2E6Mjp7czo0OiJmcm9tIjtzOjYwOiI8YmFzZXBhdGg+L1N1Z2FyTW9kdWxlcy9yZWxhdGlvbnNoaXBzL2xheW91dGRlZnMvUHJvamVjdC5waHAiO3M6OToidG9fbW9kdWxlIjtzOjc6IlByb2plY3QiO31pOjI7YToyOntzOjQ6ImZyb20iO3M6NjA6IjxiYXNlcGF0aD4vU3VnYXJNb2R1bGVzL3JlbGF0aW9uc2hpcHMvbGF5b3V0ZGVmcy9BY2NvdW50LnBocCI7czo5OiJ0b19tb2R1bGUiO3M6ODoiQWNjb3VudHMiO31pOjM7YToyOntzOjQ6ImZyb20iO3M6NjA6IjxiYXNlcGF0aD4vU3VnYXJNb2R1bGVzL3JlbGF0aW9uc2hpcHMvbGF5b3V0ZGVmcy9Db250YWN0LnBocCI7czo5OiJ0b19tb2R1bGUiO3M6ODoiQ29udGFjdHMiO31pOjQ7YToyOntzOjQ6ImZyb20iO3M6NjQ6IjxiYXNlcGF0aD4vU3VnYXJNb2R1bGVzL3JlbGF0aW9uc2hpcHMvbGF5b3V0ZGVmcy9PcHBvcnR1bml0eS5waHAiO3M6OToidG9fbW9kdWxlIjtzOjEzOiJPcHBvcnR1bml0aWVzIjt9fXM6MTM6InJlbGF0aW9uc2hpcHMiO2E6Mzp7aTowO2E6MTp7czo5OiJtZXRhX2RhdGEiO3M6ODI6IjxiYXNlcGF0aD4vU3VnYXJNb2R1bGVzL3JlbGF0aW9uc2hpcHMvcmVsYXRpb25zaGlwcy9hb3NfcXVvdGVzX3Byb2plY3RNZXRhRGF0YS5waHAiO31pOjE7YToxOntzOjk6Im1ldGFfZGF0YSI7czo4NzoiPGJhc2VwYXRoPi9TdWdhck1vZHVsZXMvcmVsYXRpb25zaGlwcy9yZWxhdGlvbnNoaXBzL2Fvc19xdW90ZXNfYW9zX2ludm9pY2VzTWV0YURhdGEucGhwIjt9aToyO2E6MTp7czo5OiJtZXRhX2RhdGEiO3M6ODg6IjxiYXNlcGF0aD4vU3VnYXJNb2R1bGVzL3JlbGF0aW9uc2hpcHMvcmVsYXRpb25zaGlwcy9hb3NfcXVvdGVzX2Fvc19jb250cmFjdHNNZXRhRGF0YS5waHAiO319czo5OiJpbWFnZV9kaXIiO3M6MTY6IjxiYXNlcGF0aD4vaWNvbnMiO3M6NDoiY29weSI7YToxMDp7aTowO2E6Mjp7czo0OiJmcm9tIjtzOjQ1OiI8YmFzZXBhdGg+L1N1Z2FyTW9kdWxlcy9tb2R1bGVzL0FPU19Db250cmFjdHMiO3M6MjoidG8iO3M6MjE6Im1vZHVsZXMvQU9TX0NvbnRyYWN0cyI7fWk6MTthOjI6e3M6NDoiZnJvbSI7czo0NDoiPGJhc2VwYXRoPi9TdWdhck1vZHVsZXMvbW9kdWxlcy9BT1NfSW52b2ljZXMiO3M6MjoidG8iO3M6MjA6Im1vZHVsZXMvQU9TX0ludm9pY2VzIjt9aToyO2E6Mjp7czo0OiJmcm9tIjtzOjQ5OiI8YmFzZXBhdGg+L1N1Z2FyTW9kdWxlcy9tb2R1bGVzL0FPU19QREZfVGVtcGxhdGVzIjtzOjI6InRvIjtzOjI1OiJtb2R1bGVzL0FPU19QREZfVGVtcGxhdGVzIjt9aTozO2E6Mjp7czo0OiJmcm9tIjtzOjQ0OiI8YmFzZXBhdGg+L1N1Z2FyTW9kdWxlcy9tb2R1bGVzL0FPU19Qcm9kdWN0cyI7czoyOiJ0byI7czoyMDoibW9kdWxlcy9BT1NfUHJvZHVjdHMiO31pOjQ7YToyOntzOjQ6ImZyb20iO3M6NTE6IjxiYXNlcGF0aD4vU3VnYXJNb2R1bGVzL21vZHVsZXMvQU9TX1Byb2R1Y3RzX1F1b3RlcyI7czoyOiJ0byI7czoyNzoibW9kdWxlcy9BT1NfUHJvZHVjdHNfUXVvdGVzIjt9aTo1O2E6Mjp7czo0OiJmcm9tIjtzOjQyOiI8YmFzZXBhdGg+L1N1Z2FyTW9kdWxlcy9tb2R1bGVzL0FPU19RdW90ZXMiO3M6MjoidG8iO3M6MTg6Im1vZHVsZXMvQU9TX1F1b3RlcyI7fWk6NjthOjI6e3M6NDoiZnJvbSI7czo1MDoiPGJhc2VwYXRoPi9TdWdhck1vZHVsZXMvbW9kdWxlcy9FbWFpbHMvQ29tcG9zZS5waHAiO3M6MjoidG8iO3M6MzM6ImN1c3RvbS9tb2R1bGVzL0VtYWlscy9Db21wb3NlLnBocCI7fWk6NzthOjI6e3M6NDoiZnJvbSI7czo0MDoiPGJhc2VwYXRoPi9TdWdhck1vZHVsZXMvbW9kdWxlcy9BY2NvdW50cyI7czoyOiJ0byI7czoyMzoiY3VzdG9tL21vZHVsZXMvQWNjb3VudHMiO31pOjg7YToyOntzOjQ6ImZyb20iO3M6NDA6IjxiYXNlcGF0aD4vU3VnYXJNb2R1bGVzL21vZHVsZXMvQ29udGFjdHMiO3M6MjoidG8iO3M6MjM6ImN1c3RvbS9tb2R1bGVzL0NvbnRhY3RzIjt9aTo5O2E6Mjp7czo0OiJmcm9tIjtzOjM3OiI8YmFzZXBhdGg+L1N1Z2FyTW9kdWxlcy9tb2R1bGVzL0xlYWRzIjtzOjI6InRvIjtzOjIwOiJjdXN0b20vbW9kdWxlcy9MZWFkcyI7fX1zOjg6Imxhbmd1YWdlIjthOjY6e2k6MDthOjM6e3M6NDoiZnJvbSI7czo1OToiPGJhc2VwYXRoPi9TdWdhck1vZHVsZXMvbGFuZ3VhZ2UvYXBwbGljYXRpb24vZW5fdXMubGFuZy5waHAiO3M6OToidG9fbW9kdWxlIjtzOjExOiJhcHBsaWNhdGlvbiI7czo4OiJsYW5ndWFnZSI7czo1OiJlbl91cyI7fWk6MTthOjM6e3M6NDoiZnJvbSI7czo1OToiPGJhc2VwYXRoPi9TdWdhck1vZHVsZXMvbGFuZ3VhZ2UvYXBwbGljYXRpb24vZ2VfZ2UubGFuZy5waHAiO3M6OToidG9fbW9kdWxlIjtzOjExOiJhcHBsaWNhdGlvbiI7czo4OiJsYW5ndWFnZSI7czo1OiJnZV9nZSI7fWk6MjthOjM6e3M6NDoiZnJvbSI7czo1OToiPGJhc2VwYXRoPi9TdWdhck1vZHVsZXMvbGFuZ3VhZ2UvYXBwbGljYXRpb24vcnVfcnUubGFuZy5waHAiO3M6OToidG9fbW9kdWxlIjtzOjExOiJhcHBsaWNhdGlvbiI7czo4OiJsYW5ndWFnZSI7czo1OiJydV9ydSI7fWk6MzthOjM6e3M6NDoiZnJvbSI7czo1OToiPGJhc2VwYXRoPi9TdWdhck1vZHVsZXMvbGFuZ3VhZ2UvYXBwbGljYXRpb24vZXNfZXMubGFuZy5waHAiO3M6OToidG9fbW9kdWxlIjtzOjExOiJhcHBsaWNhdGlvbiI7czo4OiJsYW5ndWFnZSI7czo1OiJlc19lcyI7fWk6NDthOjM6e3M6NDoiZnJvbSI7czo1OToiPGJhc2VwYXRoPi9TdWdhck1vZHVsZXMvbGFuZ3VhZ2UvYXBwbGljYXRpb24vaXRfaXQubGFuZy5waHAiO3M6OToidG9fbW9kdWxlIjtzOjExOiJhcHBsaWNhdGlvbiI7czo4OiJsYW5ndWFnZSI7czo1OiJpdF9pdCI7fWk6NTthOjM6e3M6NDoiZnJvbSI7czo1OToiPGJhc2VwYXRoPi9TdWdhck1vZHVsZXMvbGFuZ3VhZ2UvYXBwbGljYXRpb24vZmlfZmkubGFuZy5waHAiO3M6OToidG9fbW9kdWxlIjtzOjExOiJhcHBsaWNhdGlvbiI7czo4OiJsYW5ndWFnZSI7czo1OiJmaV9maSI7fX1zOjc6InZhcmRlZnMiO2E6NDp7aToxO2E6Mjp7czo0OiJmcm9tIjtzOjU3OiI8YmFzZXBhdGg+L1N1Z2FyTW9kdWxlcy9yZWxhdGlvbnNoaXBzL3ZhcmRlZnMvUHJvamVjdC5waHAiO3M6OToidG9fbW9kdWxlIjtzOjc6IlByb2plY3QiO31pOjI7YToyOntzOjQ6ImZyb20iO3M6NTc6IjxiYXNlcGF0aD4vU3VnYXJNb2R1bGVzL3JlbGF0aW9uc2hpcHMvdmFyZGVmcy9BY2NvdW50LnBocCI7czo5OiJ0b19tb2R1bGUiO3M6ODoiQWNjb3VudHMiO31pOjM7YToyOntzOjQ6ImZyb20iO3M6NTc6IjxiYXNlcGF0aD4vU3VnYXJNb2R1bGVzL3JlbGF0aW9uc2hpcHMvdmFyZGVmcy9Db250YWN0LnBocCI7czo5OiJ0b19tb2R1bGUiO3M6ODoiQ29udGFjdHMiO31pOjQ7YToyOntzOjQ6ImZyb20iO3M6NjE6IjxiYXNlcGF0aD4vU3VnYXJNb2R1bGVzL3JlbGF0aW9uc2hpcHMvdmFyZGVmcy9PcHBvcnR1bml0eS5waHAiO3M6OToidG9fbW9kdWxlIjtzOjEzOiJPcHBvcnR1bml0aWVzIjt9fX1zOjE2OiJ1cGdyYWRlX21hbmlmZXN0IjtzOjA6IiI7fQ==','2012-02-01 18:00:50',1),('218d9534-0981-bf7a-4f56-4f2ad5a4dc3b','cache/upload/upgrades/module/KINAMUBasePackage_V_1_0.zip','f63374b060e4c226d11c60fb87089091','module','installed','v1.0','KINAMU Base Package','Base Enhancement package',NULL,'YTozOntzOjg6Im1hbmlmZXN0IjthOjk6e3M6MjQ6ImFjY2VwdGFibGVfc3VnYXJfZmxhdm9ycyI7YTozOntpOjA7czoyOiJDRSI7aToxO3M6MzoiUFJPIjtpOjI7czozOiJFTlQiO31zOjI1OiJhY2NlcHRhYmxlX3N1Z2FyX3ZlcnNpb25zIjthOjM6e2k6MDtzOjU6IjUuNS4qIjtpOjE7czo1OiI2LjAuKiI7aToyO3M6NToiNi4xLioiO31zOjE2OiJpc191bmluc3RhbGxhYmxlIjtiOjE7czo0OiJuYW1lIjtzOjE5OiJLSU5BTVUgQmFzZSBQYWNrYWdlIjtzOjY6ImF1dGhvciI7czoyODoiS0lOQU1VIEJ1c2luZXNzIFNvbHV0aW9ucyBBRyI7czoxMToiZGVzY3JpcHRpb24iO3M6MjQ6IkJhc2UgRW5oYW5jZW1lbnQgcGFja2FnZSI7czoxNDoicHVibGlzaGVkX2RhdGUiO3M6OToiMjAxMS8yLzIxIjtzOjc6InZlcnNpb24iO3M6NDoidjEuMCI7czo0OiJ0eXBlIjtzOjY6Im1vZHVsZSI7fXM6MTE6Imluc3RhbGxkZWZzIjthOjE6e3M6NDoiY29weSI7YToxOntpOjA7YToyOntzOjQ6ImZyb20iO3M6MjQ6IjxiYXNlcGF0aD4vY3VzdG9tL2tpbmFtdSI7czoyOiJ0byI7czoxMzoiY3VzdG9tL2tpbmFtdSI7fX19czoxNjoidXBncmFkZV9tYW5pZmVzdCI7czowOiIiO30=','2012-02-02 18:26:03',1),('5b0b898e-9a94-adfb-b818-4f2ad515216a','cache/upload/upgrades/module/KReporterBasic_V_2_6_1.zip','8541a4f514631934169dda71759375b9','module','installed','v2.6','KINAMU Reporter Basic Edition','interactive Reporting Module for SugarCRM','KReporter','YTozOntzOjg6Im1hbmlmZXN0IjthOjk6e3M6MjQ6ImFjY2VwdGFibGVfc3VnYXJfZmxhdm9ycyI7YTozOntpOjA7czoyOiJDRSI7aToxO3M6MzoiUFJPIjtpOjI7czozOiJFTlQiO31zOjI1OiJhY2NlcHRhYmxlX3N1Z2FyX3ZlcnNpb25zIjthOjQ6e2k6MDtzOjU6IjUuMi4qIjtpOjE7czo1OiI1LjUuKiI7aToyO3M6NToiNi4wLioiO2k6MztzOjU6IjYuMS4qIjt9czoxNjoiaXNfdW5pbnN0YWxsYWJsZSI7YjoxO3M6NDoibmFtZSI7czoyOToiS0lOQU1VIFJlcG9ydGVyIEJhc2ljIEVkaXRpb24iO3M6NjoiYXV0aG9yIjtzOjI4OiJLSU5BTVUgQnVzaW5lc3MgU29sdXRpb25zIEFHIjtzOjExOiJkZXNjcmlwdGlvbiI7czo0MToiaW50ZXJhY3RpdmUgUmVwb3J0aW5nIE1vZHVsZSBmb3IgU3VnYXJDUk0iO3M6MTQ6InB1Ymxpc2hlZF9kYXRlIjtzOjk6IjIwMTEvMi8yMSI7czo3OiJ2ZXJzaW9uIjtzOjQ6InYyLjYiO3M6NDoidHlwZSI7czo2OiJtb2R1bGUiO31zOjExOiJpbnN0YWxsZGVmcyI7YTo2OntzOjI6ImlkIjtzOjk6IktSZXBvcnRlciI7czo5OiJpbWFnZV9kaXIiO3M6MTc6IjxiYXNlcGF0aD4vaW1hZ2VzIjtzOjU6ImJlYW5zIjthOjE6e2k6MDthOjQ6e3M6NjoibW9kdWxlIjtzOjg6IktSZXBvcnRzIjtzOjU6ImNsYXNzIjtzOjc6IktSZXBvcnQiO3M6NDoicGF0aCI7czoyODoibW9kdWxlcy9LUmVwb3J0cy9LUmVwb3J0LnBocCI7czozOiJ0YWIiO2I6MTt9fXM6ODoibGFuZ3VhZ2UiO2E6Mjp7aTowO2E6Mzp7czo0OiJmcm9tIjtzOjM4OiI8YmFzZXBhdGg+L2xhbmd1YWdlL2VuX3VzLktSZXBvcnRzLnBocCI7czo5OiJ0b19tb2R1bGUiO3M6MTE6ImFwcGxpY2F0aW9uIjtzOjg6Imxhbmd1YWdlIjtzOjU6ImVuX3VzIjt9aToxO2E6Mzp7czo0OiJmcm9tIjtzOjM4OiI8YmFzZXBhdGg+L2xhbmd1YWdlL2dlX2dlLktSZXBvcnRzLnBocCI7czo5OiJ0b19tb2R1bGUiO3M6MTE6ImFwcGxpY2F0aW9uIjtzOjg6Imxhbmd1YWdlIjtzOjU6ImVuX3VzIjt9fXM6NDoiY29weSI7YToxOntpOjA7YToyOntzOjQ6ImZyb20iO3M6Mjc6IjxiYXNlcGF0aD4vbW9kdWxlcy9LUmVwb3J0cyI7czoyOiJ0byI7czoxNjoibW9kdWxlcy9LUmVwb3J0cyI7fX1zOjEzOiJyZWxhdGlvbnNoaXBzIjthOjE6e2k6MDthOjI6e3M6NjoibW9kdWxlIjtzOjk6IktSZXBvcnRlciI7czo5OiJtZXRhX2RhdGEiO3M6NDg6IjxiYXNlcGF0aD4vbWV0YWRhdGEvS1JlcG9ydFNuYXBzaG90c01ldGFEYXRhLnBocCI7fX19czoxNjoidXBncmFkZV9tYW5pZmVzdCI7czowOiIiO30=','2012-02-02 18:26:45',1),('848e03c9-8740-25da-58be-4f32d051b378','cache/upload/upgrades/module/SugarSOAP_Module_v1.6.0_CE6.0.zip','854bd00ce02a2cab9dbc4e03584eaa4e','module','installed','v1.6.0','KINAMU SOAP Enhancement for the KINAMU Outlook Connector','enhances the SOAP Interface in Sugar to enable KINAMU synchronization',NULL,'YTozOntzOjg6Im1hbmlmZXN0IjthOjg6e3M6MjQ6ImFjY2VwdGFibGVfc3VnYXJfZmxhdm9ycyI7YToxOntpOjA7czoyOiJDRSI7fXM6MjU6ImFjY2VwdGFibGVfc3VnYXJfdmVyc2lvbnMiO2E6MTp7aTowO3M6NToiNi4wLioiO31zOjE2OiJpc191bmluc3RhbGxhYmxlIjtiOjE7czo0OiJuYW1lIjtzOjU2OiJLSU5BTVUgU09BUCBFbmhhbmNlbWVudCBmb3IgdGhlIEtJTkFNVSBPdXRsb29rIENvbm5lY3RvciI7czo2OiJhdXRob3IiO3M6Mjg6IktJTkFNVSBCdXNpbmVzcyBTb2x1dGlvbnMgQUciO3M6MTE6ImRlc2NyaXB0aW9uIjtzOjY5OiJlbmhhbmNlcyB0aGUgU09BUCBJbnRlcmZhY2UgaW4gU3VnYXIgdG8gZW5hYmxlIEtJTkFNVSBzeW5jaHJvbml6YXRpb24iO3M6NzoidmVyc2lvbiI7czo2OiJ2MS42LjAiO3M6NDoidHlwZSI7czo2OiJtb2R1bGUiO31zOjExOiJpbnN0YWxsZGVmcyI7YToxOntzOjQ6ImNvcHkiO2E6Mzp7aTowO2E6Mjp7czo0OiJmcm9tIjtzOjM0OiI8YmFzZXBhdGg+L3NvYXAvU29hcFN1Z2FyVXNlcnMucGhwIjtzOjI6InRvIjtzOjIzOiJzb2FwL1NvYXBTdWdhclVzZXJzLnBocCI7fWk6MTthOjI6e3M6NDoiZnJvbSI7czo0MDoiPGJhc2VwYXRoPi9zb2FwL0tJTkFNVVNvYXBTdWdhclVzZXJzLnBocCI7czoyOiJ0byI7czoyOToic29hcC9LSU5BTVVTb2FwU3VnYXJVc2Vycy5waHAiO31pOjI7YToyOntzOjQ6ImZyb20iO3M6MzU6IjxiYXNlcGF0aD4vc29hcC9LSU5BTVVTb2FwVHlwZXMucGhwIjtzOjI6InRvIjtzOjI0OiJzb2FwL0tJTkFNVVNvYXBUeXBlcy5waHAiO319fXM6MTY6InVwZ3JhZGVfbWFuaWZlc3QiO2E6MTp7czoxMzoidXBncmFkZV9wYXRocyI7YTozOntzOjY6InYxLjMuNSI7YToxOntzOjQ6ImNvcHkiO2E6Mjp7aTowO2E6Mjp7czo0OiJmcm9tIjtzOjQwOiI8YmFzZXBhdGg+L3NvYXAvS0lOQU1VU29hcFN1Z2FyVXNlcnMucGhwIjtzOjI6InRvIjtzOjI5OiJzb2FwL0tJTkFNVVNvYXBTdWdhclVzZXJzLnBocCI7fWk6MTthOjI6e3M6NDoiZnJvbSI7czozNToiPGJhc2VwYXRoPi9zb2FwL0tJTkFNVVNvYXBUeXBlcy5waHAiO3M6MjoidG8iO3M6MjQ6InNvYXAvS0lOQU1VU29hcFR5cGVzLnBocCI7fX19czo2OiJ2MS41LjAiO2E6MTp7czo0OiJjb3B5IjthOjM6e2k6MDthOjI6e3M6NDoiZnJvbSI7czozNDoiPGJhc2VwYXRoPi9zb2FwL1NvYXBTdWdhclVzZXJzLnBocCI7czoyOiJ0byI7czoyMzoic29hcC9Tb2FwU3VnYXJVc2Vycy5waHAiO31pOjE7YToyOntzOjQ6ImZyb20iO3M6NDA6IjxiYXNlcGF0aD4vc29hcC9LSU5BTVVTb2FwU3VnYXJVc2Vycy5waHAiO3M6MjoidG8iO3M6Mjk6InNvYXAvS0lOQU1VU29hcFN1Z2FyVXNlcnMucGhwIjt9aToyO2E6Mjp7czo0OiJmcm9tIjtzOjM1OiI8YmFzZXBhdGg+L3NvYXAvS0lOQU1VU29hcFR5cGVzLnBocCI7czoyOiJ0byI7czoyNDoic29hcC9LSU5BTVVTb2FwVHlwZXMucGhwIjt9fX1zOjY6InYxLjUuMiI7YToxOntzOjQ6ImNvcHkiO2E6MTp7aTowO2E6Mjp7czo0OiJmcm9tIjtzOjQwOiI8YmFzZXBhdGg+L3NvYXAvS0lOQU1VU29hcFN1Z2FyVXNlcnMucGhwIjtzOjI6InRvIjtzOjI5OiJzb2FwL0tJTkFNVVNvYXBTdWdhclVzZXJzLnBocCI7fX19fX19','2012-02-08 19:43:16',1),('3d429efa-360e-a8bb-601e-4f4d3474ae02','cache//upload/upgrades/module/Pricing2012_02_28_120850.zip','9c0411d7a443fecb5ba28ddad7cbf115','module','installed','1330459730','Pricing','Product Pricing for NLI products','Pricing','YTozOntzOjg6Im1hbmlmZXN0IjthOjEzOntpOjA7YToxOntzOjI1OiJhY2NlcHRhYmxlX3N1Z2FyX3ZlcnNpb25zIjthOjE6e2k6MDtzOjA6IiI7fX1pOjE7YToxOntzOjI0OiJhY2NlcHRhYmxlX3N1Z2FyX2ZsYXZvcnMiO2E6Mzp7aTowO3M6MjoiQ0UiO2k6MTtzOjM6IlBSTyI7aToyO3M6MzoiRU5UIjt9fXM6NjoicmVhZG1lIjtzOjA6IiI7czozOiJrZXkiO3M6MzoibmxpIjtzOjY6ImF1dGhvciI7czo4OiJBc2h1dG9zaCI7czoxMToiZGVzY3JpcHRpb24iO3M6MzI6IlByb2R1Y3QgUHJpY2luZyBmb3IgTkxJIHByb2R1Y3RzIjtzOjQ6Imljb24iO3M6MDoiIjtzOjE2OiJpc191bmluc3RhbGxhYmxlIjtiOjE7czo0OiJuYW1lIjtzOjc6IlByaWNpbmciO3M6MTQ6InB1Ymxpc2hlZF9kYXRlIjtzOjE5OiIyMDEyLTAyLTI4IDIwOjA4OjUwIjtzOjQ6InR5cGUiO3M6NjoibW9kdWxlIjtzOjc6InZlcnNpb24iO2k6MTMzMDQ1OTczMDtzOjEzOiJyZW1vdmVfdGFibGVzIjtzOjY6InByb21wdCI7fXM6MTE6Imluc3RhbGxkZWZzIjthOjk6e3M6MjoiaWQiO3M6NzoiUHJpY2luZyI7czo1OiJiZWFucyI7YToxOntpOjA7YTo0OntzOjY6Im1vZHVsZSI7czoxMToibmxpX1ByaWNpbmciO3M6NToiY2xhc3MiO3M6MTE6Im5saV9QcmljaW5nIjtzOjQ6InBhdGgiO3M6MzU6Im1vZHVsZXMvbmxpX1ByaWNpbmcvbmxpX1ByaWNpbmcucGhwIjtzOjM6InRhYiI7YjoxO319czoxMDoibGF5b3V0ZGVmcyI7YToxOntpOjA7YToyOntzOjQ6ImZyb20iO3M6OTA6IjxiYXNlcGF0aD4vU3VnYXJNb2R1bGVzL3JlbGF0aW9uc2hpcHMvbGF5b3V0ZGVmcy9ubGlfcHJpY2luZ19hb3NfcHJvZHVjdHNfQU9TX1Byb2R1Y3RzLnBocCI7czo5OiJ0b19tb2R1bGUiO3M6MTI6IkFPU19Qcm9kdWN0cyI7fX1zOjEzOiJyZWxhdGlvbnNoaXBzIjthOjE6e2k6MDthOjE6e3M6OToibWV0YV9kYXRhIjtzOjg4OiI8YmFzZXBhdGg+L1N1Z2FyTW9kdWxlcy9yZWxhdGlvbnNoaXBzL3JlbGF0aW9uc2hpcHMvbmxpX3ByaWNpbmdfYW9zX3Byb2R1Y3RzTWV0YURhdGEucGhwIjt9fXM6OToiaW1hZ2VfZGlyIjtzOjE2OiI8YmFzZXBhdGg+L2ljb25zIjtzOjQ6ImNvcHkiO2E6MTp7aTowO2E6Mjp7czo0OiJmcm9tIjtzOjQzOiI8YmFzZXBhdGg+L1N1Z2FyTW9kdWxlcy9tb2R1bGVzL25saV9QcmljaW5nIjtzOjI6InRvIjtzOjE5OiJtb2R1bGVzL25saV9QcmljaW5nIjt9fXM6ODoibGFuZ3VhZ2UiO2E6Mzp7aTowO2E6Mzp7czo0OiJmcm9tIjtzOjYyOiI8YmFzZXBhdGg+L1N1Z2FyTW9kdWxlcy9yZWxhdGlvbnNoaXBzL2xhbmd1YWdlL25saV9QcmljaW5nLnBocCI7czo5OiJ0b19tb2R1bGUiO3M6MTE6Im5saV9QcmljaW5nIjtzOjg6Imxhbmd1YWdlIjtzOjU6ImVuX3VzIjt9aToxO2E6Mzp7czo0OiJmcm9tIjtzOjYzOiI8YmFzZXBhdGg+L1N1Z2FyTW9kdWxlcy9yZWxhdGlvbnNoaXBzL2xhbmd1YWdlL0FPU19Qcm9kdWN0cy5waHAiO3M6OToidG9fbW9kdWxlIjtzOjEyOiJBT1NfUHJvZHVjdHMiO3M6ODoibGFuZ3VhZ2UiO3M6NToiZW5fdXMiO31pOjI7YTozOntzOjQ6ImZyb20iO3M6NTk6IjxiYXNlcGF0aD4vU3VnYXJNb2R1bGVzL2xhbmd1YWdlL2FwcGxpY2F0aW9uL2VuX3VzLmxhbmcucGhwIjtzOjk6InRvX21vZHVsZSI7czoxMToiYXBwbGljYXRpb24iO3M6ODoibGFuZ3VhZ2UiO3M6NToiZW5fdXMiO319czo3OiJ2YXJkZWZzIjthOjI6e2k6MDthOjI6e3M6NDoiZnJvbSI7czo4NjoiPGJhc2VwYXRoPi9TdWdhck1vZHVsZXMvcmVsYXRpb25zaGlwcy92YXJkZWZzL25saV9wcmljaW5nX2Fvc19wcm9kdWN0c19ubGlfUHJpY2luZy5waHAiO3M6OToidG9fbW9kdWxlIjtzOjExOiJubGlfUHJpY2luZyI7fWk6MTthOjI6e3M6NDoiZnJvbSI7czo4NzoiPGJhc2VwYXRoPi9TdWdhck1vZHVsZXMvcmVsYXRpb25zaGlwcy92YXJkZWZzL25saV9wcmljaW5nX2Fvc19wcm9kdWN0c19BT1NfUHJvZHVjdHMucGhwIjtzOjk6InRvX21vZHVsZSI7czoxMjoiQU9TX1Byb2R1Y3RzIjt9fXM6MTI6ImxheW91dGZpZWxkcyI7YToxOntpOjA7YToxOntzOjE3OiJhZGRpdGlvbmFsX2ZpZWxkcyI7YTowOnt9fX19czoxNjoidXBncmFkZV9tYW5pZmVzdCI7czowOiIiO30=','2012-02-28 20:08:50',1),('191359cc-8b73-165a-f6b7-4fd08baca8a5','cache/upload/upgrades/module/product_logic.zip','def64dcede2555577bab496f0630ed0c','module','installed','1.0.0','Add new Logic Hook for Products Module.','Add new Logic Hook for Products Module. It is integrated with JBilling. When new products will be added then it will be added corresponding in JBilling.','CG_LogicHook','YTozOntzOjg6Im1hbmlmZXN0IjthOjk6e3M6MjU6ImFjY2VwdGFibGVfc3VnYXJfdmVyc2lvbnMiO2E6MTp7czoxMzoicmVnZXhfbWF0Y2hlcyI7YToxOntpOjA7czo0OiI2XC4qIjt9fXM6MjQ6ImFjY2VwdGFibGVfc3VnYXJfZmxhdm9ycyI7YTozOntpOjA7czoyOiJDRSI7aToxO3M6MzoiUFJPIjtpOjI7czozOiJFTlQiO31zOjQ6Im5hbWUiO3M6Mzk6IkFkZCBuZXcgTG9naWMgSG9vayBmb3IgUHJvZHVjdHMgTW9kdWxlLiI7czoxMToiZGVzY3JpcHRpb24iO3M6MTUyOiJBZGQgbmV3IExvZ2ljIEhvb2sgZm9yIFByb2R1Y3RzIE1vZHVsZS4gSXQgaXMgaW50ZWdyYXRlZCB3aXRoIEpCaWxsaW5nLiBXaGVuIG5ldyBwcm9kdWN0cyB3aWxsIGJlIGFkZGVkIHRoZW4gaXQgd2lsbCBiZSBhZGRlZCBjb3JyZXNwb25kaW5nIGluIEpCaWxsaW5nLiI7czoxNjoiaXNfdW5pbnN0YWxsYWJsZSI7YjoxO3M6NjoiYXV0aG9yIjtzOjE0OiJSYWphbiBBZ2dhcndhbCI7czoxNDoicHVibGlzaGVkX2RhdGUiO3M6MTI6Ikp1bmUgMDcgMjAxMiI7czo3OiJ2ZXJzaW9uIjtzOjU6IjEuMC4wIjtzOjQ6InR5cGUiO3M6NjoibW9kdWxlIjt9czoxMToiaW5zdGFsbGRlZnMiO2E6NDp7czoyOiJpZCI7czoxMjoiQ0dfTG9naWNIb29rIjtzOjU6Im1rZGlyIjthOjE6e2k6MDthOjE6e3M6NDoicGF0aCI7czoyNzoiY3VzdG9tL21vZHVsZXMvQU9TX1Byb2R1Y3RzIjt9fXM6NDoiY29weSI7YTozOntpOjA7YToyOntzOjQ6ImZyb20iO3M6MzE6IjxiYXNlcGF0aD4vbG9naWNfaG9va3MvZmlsZS5waHAiO3M6MjoidG8iO3M6MzY6ImN1c3RvbS9tb2R1bGVzL0FPU19Qcm9kdWN0cy9maWxlLnBocCI7fWk6MTthOjI6e3M6NDoiZnJvbSI7czozMjoiPGJhc2VwYXRoPi9sb2dpY19ob29rcy9jbGFzcy5waHAiO3M6MjoidG8iO3M6Mzc6ImN1c3RvbS9tb2R1bGVzL0FPU19Qcm9kdWN0cy9jbGFzcy5waHAiO31pOjI7YToyOntzOjQ6ImZyb20iO3M6MzY6IjxiYXNlcGF0aD4vbG9naWNfaG9va3MvakJpbGxpbmcud3NkbCI7czoyOiJ0byI7czo0MToiY3VzdG9tL21vZHVsZXMvQU9TX1Byb2R1Y3RzL2pCaWxsaW5nLndzZGwiO319czoxMToibG9naWNfaG9va3MiO2E6MTp7aTowO2E6Nzp7czo2OiJtb2R1bGUiO3M6MTI6IkFPU19Qcm9kdWN0cyI7czo0OiJob29rIjtzOjEwOiJhZnRlcl9zYXZlIjtzOjU6Im9yZGVyIjtpOjk2O3M6MTE6ImRlc2NyaXB0aW9uIjtzOjM5OiJBZGQgbmV3IExvZ2ljIEhvb2sgZm9yIFByb2R1Y3RzIE1vZHVsZS4iO3M6NDoiZmlsZSI7czozNjoiY3VzdG9tL21vZHVsZXMvQU9TX1Byb2R1Y3RzL2ZpbGUucGhwIjtzOjU6ImNsYXNzIjtzOjIyOiJJbnRlZ3JhdGVKYmlsbGluZ0NsYXNzIjtzOjg6ImZ1bmN0aW9uIjtzOjI5OiJJbnNlcnRQcm9kdWN0VG9KYmlsbGluZ01ldGhvZCI7fX19czoxNjoidXBncmFkZV9tYW5pZmVzdCI7czowOiIiO30=','2012-06-07 11:07:14',1),('60547777-e63c-591d-0980-4fa963db2c28','cache//upload/upgrades/module/ServiceAddresses2012_05_08_112034.zip','81b18dc252d8bfeebe2a34071ff5990d','module','installed','1336501234','ServiceAddresses',NULL,'ServiceAddresses','YTozOntzOjg6Im1hbmlmZXN0IjthOjEzOntpOjA7YToxOntzOjI1OiJhY2NlcHRhYmxlX3N1Z2FyX3ZlcnNpb25zIjthOjE6e2k6MDtzOjA6IiI7fX1pOjE7YToxOntzOjI0OiJhY2NlcHRhYmxlX3N1Z2FyX2ZsYXZvcnMiO2E6Mzp7aTowO3M6MjoiQ0UiO2k6MTtzOjM6IlBSTyI7aToyO3M6MzoiRU5UIjt9fXM6NjoicmVhZG1lIjtzOjA6IiI7czozOiJrZXkiO3M6MzoibmxpIjtzOjY6ImF1dGhvciI7czo4OiJBc2h1dG9zaCI7czoxMToiZGVzY3JpcHRpb24iO3M6MDoiIjtzOjQ6Imljb24iO3M6MDoiIjtzOjE2OiJpc191bmluc3RhbGxhYmxlIjtiOjE7czo0OiJuYW1lIjtzOjE2OiJTZXJ2aWNlQWRkcmVzc2VzIjtzOjE0OiJwdWJsaXNoZWRfZGF0ZSI7czoxOToiMjAxMi0wNS0wOCAxODoyMDozNCI7czo0OiJ0eXBlIjtzOjY6Im1vZHVsZSI7czo3OiJ2ZXJzaW9uIjtpOjEzMzY1MDEyMzQ7czoxMzoicmVtb3ZlX3RhYmxlcyI7czo2OiJwcm9tcHQiO31zOjExOiJpbnN0YWxsZGVmcyI7YTo5OntzOjI6ImlkIjtzOjE2OiJTZXJ2aWNlQWRkcmVzc2VzIjtzOjU6ImJlYW5zIjthOjE6e2k6MDthOjQ6e3M6NjoibW9kdWxlIjtzOjIwOiJubGlfU2VydmljZUFkZHJlc3NlcyI7czo1OiJjbGFzcyI7czoyMDoibmxpX1NlcnZpY2VBZGRyZXNzZXMiO3M6NDoicGF0aCI7czo1MzoibW9kdWxlcy9ubGlfU2VydmljZUFkZHJlc3Nlcy9ubGlfU2VydmljZUFkZHJlc3Nlcy5waHAiO3M6MzoidGFiIjtiOjE7fX1zOjEwOiJsYXlvdXRkZWZzIjthOjE6e2k6MDthOjI6e3M6NDoiZnJvbSI7czo5MToiPGJhc2VwYXRoPi9TdWdhck1vZHVsZXMvcmVsYXRpb25zaGlwcy9sYXlvdXRkZWZzL25saV9zZXJ2aWNlYWRkcmVzc2VzX2FjY291bnRzX0FjY291bnRzLnBocCI7czo5OiJ0b19tb2R1bGUiO3M6ODoiQWNjb3VudHMiO319czoxMzoicmVsYXRpb25zaGlwcyI7YToxOntpOjA7YToxOntzOjk6Im1ldGFfZGF0YSI7czo5MzoiPGJhc2VwYXRoPi9TdWdhck1vZHVsZXMvcmVsYXRpb25zaGlwcy9yZWxhdGlvbnNoaXBzL25saV9zZXJ2aWNlYWRkcmVzc2VzX2FjY291bnRzTWV0YURhdGEucGhwIjt9fXM6OToiaW1hZ2VfZGlyIjtzOjE2OiI8YmFzZXBhdGg+L2ljb25zIjtzOjQ6ImNvcHkiO2E6MTp7aTowO2E6Mjp7czo0OiJmcm9tIjtzOjUyOiI8YmFzZXBhdGg+L1N1Z2FyTW9kdWxlcy9tb2R1bGVzL25saV9TZXJ2aWNlQWRkcmVzc2VzIjtzOjI6InRvIjtzOjI4OiJtb2R1bGVzL25saV9TZXJ2aWNlQWRkcmVzc2VzIjt9fXM6ODoibGFuZ3VhZ2UiO2E6Mzp7aTowO2E6Mzp7czo0OiJmcm9tIjtzOjcxOiI8YmFzZXBhdGg+L1N1Z2FyTW9kdWxlcy9yZWxhdGlvbnNoaXBzL2xhbmd1YWdlL25saV9TZXJ2aWNlQWRkcmVzc2VzLnBocCI7czo5OiJ0b19tb2R1bGUiO3M6MjA6Im5saV9TZXJ2aWNlQWRkcmVzc2VzIjtzOjg6Imxhbmd1YWdlIjtzOjU6ImVuX3VzIjt9aToxO2E6Mzp7czo0OiJmcm9tIjtzOjU5OiI8YmFzZXBhdGg+L1N1Z2FyTW9kdWxlcy9yZWxhdGlvbnNoaXBzL2xhbmd1YWdlL0FjY291bnRzLnBocCI7czo5OiJ0b19tb2R1bGUiO3M6ODoiQWNjb3VudHMiO3M6ODoibGFuZ3VhZ2UiO3M6NToiZW5fdXMiO31pOjI7YTozOntzOjQ6ImZyb20iO3M6NTk6IjxiYXNlcGF0aD4vU3VnYXJNb2R1bGVzL2xhbmd1YWdlL2FwcGxpY2F0aW9uL2VuX3VzLmxhbmcucGhwIjtzOjk6InRvX21vZHVsZSI7czoxMToiYXBwbGljYXRpb24iO3M6ODoibGFuZ3VhZ2UiO3M6NToiZW5fdXMiO319czo3OiJ2YXJkZWZzIjthOjI6e2k6MDthOjI6e3M6NDoiZnJvbSI7czoxMDA6IjxiYXNlcGF0aD4vU3VnYXJNb2R1bGVzL3JlbGF0aW9uc2hpcHMvdmFyZGVmcy9ubGlfc2VydmljZWFkZHJlc3Nlc19hY2NvdW50c19ubGlfU2VydmljZUFkZHJlc3Nlcy5waHAiO3M6OToidG9fbW9kdWxlIjtzOjIwOiJubGlfU2VydmljZUFkZHJlc3NlcyI7fWk6MTthOjI6e3M6NDoiZnJvbSI7czo4ODoiPGJhc2VwYXRoPi9TdWdhck1vZHVsZXMvcmVsYXRpb25zaGlwcy92YXJkZWZzL25saV9zZXJ2aWNlYWRkcmVzc2VzX2FjY291bnRzX0FjY291bnRzLnBocCI7czo5OiJ0b19tb2R1bGUiO3M6ODoiQWNjb3VudHMiO319czoxMjoibGF5b3V0ZmllbGRzIjthOjE6e2k6MDthOjE6e3M6MTc6ImFkZGl0aW9uYWxfZmllbGRzIjthOjA6e319fX1zOjE2OiJ1cGdyYWRlX21hbmlmZXN0IjtzOjA6IiI7fQ==','2012-05-08 18:20:34',1),('d72bdf43-073d-de87-361d-4fe45eea09c3','cache/upload/upgrades/module/Products.zip','09f97bc2e922926eac99a6631e311714','module','installed','1.0.0','Add new Logic Hook for Products Module.','Add new Logic Hook for Products Module. It is integrated with JBilling. When new products will be added then it will be added corresponding in JBilling.','CG_LogicHook','YTozOntzOjg6Im1hbmlmZXN0IjthOjk6e3M6MjU6ImFjY2VwdGFibGVfc3VnYXJfdmVyc2lvbnMiO2E6MTp7czoxMzoicmVnZXhfbWF0Y2hlcyI7YToxOntpOjA7czo0OiI2XC4qIjt9fXM6MjQ6ImFjY2VwdGFibGVfc3VnYXJfZmxhdm9ycyI7YTozOntpOjA7czoyOiJDRSI7aToxO3M6MzoiUFJPIjtpOjI7czozOiJFTlQiO31zOjQ6Im5hbWUiO3M6Mzk6IkFkZCBuZXcgTG9naWMgSG9vayBmb3IgUHJvZHVjdHMgTW9kdWxlLiI7czoxMToiZGVzY3JpcHRpb24iO3M6MTUyOiJBZGQgbmV3IExvZ2ljIEhvb2sgZm9yIFByb2R1Y3RzIE1vZHVsZS4gSXQgaXMgaW50ZWdyYXRlZCB3aXRoIEpCaWxsaW5nLiBXaGVuIG5ldyBwcm9kdWN0cyB3aWxsIGJlIGFkZGVkIHRoZW4gaXQgd2lsbCBiZSBhZGRlZCBjb3JyZXNwb25kaW5nIGluIEpCaWxsaW5nLiI7czoxNjoiaXNfdW5pbnN0YWxsYWJsZSI7YjoxO3M6NjoiYXV0aG9yIjtzOjE0OiJSYWphbiBBZ2dhcndhbCI7czoxNDoicHVibGlzaGVkX2RhdGUiO3M6MTI6Ikp1bmUgMDcgMjAxMiI7czo3OiJ2ZXJzaW9uIjtzOjU6IjEuMC4wIjtzOjQ6InR5cGUiO3M6NjoibW9kdWxlIjt9czoxMToiaW5zdGFsbGRlZnMiO2E6NDp7czoyOiJpZCI7czoxMjoiQ0dfTG9naWNIb29rIjtzOjU6Im1rZGlyIjthOjE6e2k6MDthOjE6e3M6NDoicGF0aCI7czoyNzoiY3VzdG9tL21vZHVsZXMvQU9TX1Byb2R1Y3RzIjt9fXM6NDoiY29weSI7YTozOntpOjA7YToyOntzOjQ6ImZyb20iO3M6MzE6IjxiYXNlcGF0aD4vbG9naWNfaG9va3MvZmlsZS5waHAiO3M6MjoidG8iO3M6MzY6ImN1c3RvbS9tb2R1bGVzL0FPU19Qcm9kdWN0cy9maWxlLnBocCI7fWk6MTthOjI6e3M6NDoiZnJvbSI7czozMjoiPGJhc2VwYXRoPi9sb2dpY19ob29rcy9jbGFzcy5waHAiO3M6MjoidG8iO3M6Mzc6ImN1c3RvbS9tb2R1bGVzL0FPU19Qcm9kdWN0cy9jbGFzcy5waHAiO31pOjI7YToyOntzOjQ6ImZyb20iO3M6MzY6IjxiYXNlcGF0aD4vbG9naWNfaG9va3MvakJpbGxpbmcud3NkbCI7czoyOiJ0byI7czo0MToiY3VzdG9tL21vZHVsZXMvQU9TX1Byb2R1Y3RzL2pCaWxsaW5nLndzZGwiO319czoxMToibG9naWNfaG9va3MiO2E6MTp7aTowO2E6Nzp7czo2OiJtb2R1bGUiO3M6MTI6IkFPU19Qcm9kdWN0cyI7czo0OiJob29rIjtzOjEwOiJhZnRlcl9zYXZlIjtzOjU6Im9yZGVyIjtpOjk2O3M6MTE6ImRlc2NyaXB0aW9uIjtzOjM5OiJBZGQgbmV3IExvZ2ljIEhvb2sgZm9yIFByb2R1Y3RzIE1vZHVsZS4iO3M6NDoiZmlsZSI7czozNjoiY3VzdG9tL21vZHVsZXMvQU9TX1Byb2R1Y3RzL2ZpbGUucGhwIjtzOjU6ImNsYXNzIjtzOjIyOiJJbnRlZ3JhdGVKYmlsbGluZ0NsYXNzIjtzOjg6ImZ1bmN0aW9uIjtzOjI5OiJJbnNlcnRQcm9kdWN0VG9KYmlsbGluZ01ldGhvZCI7fX19czoxNjoidXBncmFkZV9tYW5pZmVzdCI7czowOiIiO30=','2012-06-22 12:02:05',1),('58e0293b-de7e-048c-ce62-4fe85740bafd','cache/upload/upgrades/module/hw_salesRepMod.zip','3d67c33bed4b400ca29062fc973ddf35','module','installed','0.1','hw_salesRepMod','This is Sales Rep Modules to send the email links','salesRepMod','YTozOntzOjg6Im1hbmlmZXN0IjthOjEzOntzOjI1OiJhY2NlcHRhYmxlX3N1Z2FyX3ZlcnNpb25zIjthOjA6e31zOjI0OiJhY2NlcHRhYmxlX3N1Z2FyX2ZsYXZvcnMiO2E6Mzp7aTowO3M6MjoiQ0UiO2k6MTtzOjM6IlBSTyI7aToyO3M6MzoiRU5UIjt9czo2OiJyZWFkbWUiO3M6MDoiIjtzOjM6ImtleSI7czoyOiJodyI7czo2OiJhdXRob3IiO3M6MTc6IlNvdXJjZSBDcmVhdGl2aXR5IjtzOjExOiJkZXNjcmlwdGlvbiI7czo0OToiVGhpcyBpcyBTYWxlcyBSZXAgTW9kdWxlcyB0byBzZW5kIHRoZSBlbWFpbCBsaW5rcyI7czo0OiJpY29uIjtzOjA6IiI7czoxNjoiaXNfdW5pbnN0YWxsYWJsZSI7YjoxO3M6NDoibmFtZSI7czoxNDoiaHdfc2FsZXNSZXBNb2QiO3M6MTQ6InB1Ymxpc2hlZF9kYXRlIjtzOjE5OiIyMDEwLTA3LTI4IDE2OjM3OjAwIjtzOjQ6InR5cGUiO3M6NjoibW9kdWxlIjtzOjc6InZlcnNpb24iO3M6MzoiMC4xIjtzOjEzOiJyZW1vdmVfdGFibGVzIjtzOjY6InByb21wdCI7fXM6MTE6Imluc3RhbGxkZWZzIjthOjQ6e3M6MjoiaWQiO3M6MTE6InNhbGVzUmVwTW9kIjtzOjQ6ImNvcHkiO2E6MTp7aTowO2E6Mjp7czo0OiJmcm9tIjtzOjM0OiI8YmFzZXBhdGg+L21vZHVsZXMvaHdfc2FsZXNSZXBNb2QvIjtzOjI6InRvIjtzOjIyOiJtb2R1bGVzL2h3X3NhbGVzUmVwTW9kIjt9fXM6ODoibGFuZ3VhZ2UiO2E6Mjp7aTowO2E6Mzp7czo0OiJmcm9tIjtzOjM4OiI8YmFzZXBhdGg+L2FwcGxpY2F0aW9uL2FwcF9zdHJpbmdzLnBocCI7czo5OiJ0b19tb2R1bGUiO3M6MTE6ImFwcGxpY2F0aW9uIjtzOjg6Imxhbmd1YWdlIjtzOjU6ImVuX3VzIjt9aToxO2E6Mzp7czo0OiJmcm9tIjtzOjU3OiI8YmFzZXBhdGg+L21vZHVsZXMvaHdfc2FsZXNSZXBNb2QvbGFuZ3VhZ2UvZW5fdXMubGFuZy5waHAiO3M6OToidG9fbW9kdWxlIjtzOjE0OiJod19zYWxlc1JlcE1vZCI7czo4OiJsYW5ndWFnZSI7czo1OiJlbl91cyI7fX1zOjU6ImJlYW5zIjthOjE6e2k6MDthOjQ6e3M6NjoibW9kdWxlIjtzOjE0OiJod19zYWxlc1JlcE1vZCI7czo1OiJjbGFzcyI7czoxNDoiaHdfc2FsZXNSZXBNb2QiO3M6NDoicGF0aCI7czo0MToibW9kdWxlcy9od19zYWxlc1JlcE1vZC9od19zYWxlc1JlcE1vZC5waHAiO3M6MzoidGFiIjtiOjE7fX19czoxNjoidXBncmFkZV9tYW5pZmVzdCI7czowOiIiO30=','2012-06-25 12:19:39',1);
/*!40000 ALTER TABLE `upgrade_history` ENABLE KEYS */;
UNLOCK TABLES;

--
-- Table structure for table `user_preferences`
--

DROP TABLE IF EXISTS `user_preferences`;
/*!40101 SET @saved_cs_client     = @@character_set_client */;
/*!40101 SET character_set_client = utf8 */;
CREATE TABLE `user_preferences` (
  `id` char(36) NOT NULL,
  `category` varchar(50) DEFAULT NULL,
  `deleted` tinyint(1) DEFAULT '0',
  `date_entered` datetime DEFAULT NULL,
  `date_modified` datetime DEFAULT NULL,
  `assigned_user_id` char(36) DEFAULT NULL,
  `contents` longtext,
  PRIMARY KEY (`id`),
  KEY `idx_userprefnamecat` (`assigned_user_id`,`category`)
) ENGINE=MyISAM DEFAULT CHARSET=utf8;
/*!40101 SET character_set_client = @saved_cs_client */;

--
-- Dumping data for table `user_preferences`
--

LOCK TABLES `user_preferences` WRITE;
/*!40000 ALTER TABLE `user_preferences` DISABLE KEYS */;
INSERT INTO `user_preferences` VALUES ('e039ffb5-1d49-f844-dbc0-4f187b0e5b5f','global',0,'2012-01-19 20:20:58','2012-06-29 19:02:31','1','YTozNjp7czoxMDoidXNlcl90aGVtZSI7czo2OiJTdWdhcjUiO3M6MTM6InJlbWluZGVyX3RpbWUiO3M6NDoiMTgwMCI7czoxMjoibWFpbG1lcmdlX29uIjtzOjI6Im9uIjtzOjg6InRpbWV6b25lIjtzOjE5OiJBbWVyaWNhL0xvc19BbmdlbGVzIjtzOjE2OiJzd2FwX2xhc3Rfdmlld2VkIjtzOjA6IiI7czoxNDoic3dhcF9zaG9ydGN1dHMiO3M6MDoiIjtzOjE5OiJuYXZpZ2F0aW9uX3BhcmFkaWdtIjtzOjI6ImdtIjtzOjEzOiJzdWJwYW5lbF90YWJzIjtzOjA6IiI7czoxNDoibW9kdWxlX2Zhdmljb24iO3M6MDoiIjtzOjk6ImhpZGVfdGFicyI7YTowOnt9czoxMToicmVtb3ZlX3RhYnMiO2E6MDp7fXM6Nzoibm9fb3BwcyI7czozOiJvZmYiO3M6MjoidXQiO3M6MToiMSI7czo4OiJjdXJyZW5jeSI7czozOiItOTkiO3M6MzU6ImRlZmF1bHRfY3VycmVuY3lfc2lnbmlmaWNhbnRfZGlnaXRzIjtzOjE6IjIiO3M6MTE6Im51bV9ncnBfc2VwIjtzOjE6IiwiO3M6NzoiZGVjX3NlcCI7czoxOiIuIjtzOjU6ImRhdGVmIjtzOjU6Im0vZC9ZIjtzOjU6InRpbWVmIjtzOjQ6Img6aWEiO3M6MjY6ImRlZmF1bHRfbG9jYWxlX25hbWVfZm9ybWF0IjtzOjU6InMgZiBsIjtzOjE0OiJ1c2VfcmVhbF9uYW1lcyI7czoyOiJvbiI7czoxNzoibWFpbF9zbXRwYXV0aF9yZXEiO3M6MDoiIjtzOjEyOiJtYWlsX3NtdHBzc2wiO2k6MDtzOjE3OiJlbWFpbF9zaG93X2NvdW50cyI7aTowO3M6MTk6InRoZW1lX2N1cnJlbnRfZ3JvdXAiO3M6MzoiQWxsIjtzOjg6Im1heF90YWJzIjtzOjE6IjciO3M6MTY6ImV4cG9ydF9kZWxpbWl0ZXIiO3M6MToiLCI7czoyMjoiZGVmYXVsdF9leHBvcnRfY2hhcnNldCI7czo1OiJVVEYtOCI7czoxNToiZW1haWxfbGlua190eXBlIjtzOjU6InN1Z2FyIjtzOjIwOiJjYWxlbmRhcl9wdWJsaXNoX2tleSI7czowOiIiO3M6MjU6IlJlbGVhc2VzX1JFTEVBU0VfT1JERVJfQlkiO3M6MTA6Imxpc3Rfb3JkZXIiO3M6MTM6IkFPU19Qcm9kdWN0c1EiO2E6MjQ6e3M6NjoibW9kdWxlIjtzOjEyOiJBT1NfUHJvZHVjdHMiO3M6NjoiYWN0aW9uIjtzOjU6ImluZGV4IjtzOjEzOiJzZWFyY2hGb3JtVGFiIjtzOjE1OiJhZHZhbmNlZF9zZWFyY2giO3M6NToicXVlcnkiO3M6NDoidHJ1ZSI7czoxMzoibmFtZV9hZHZhbmNlZCI7czowOiIiO3M6MjA6InBhcnRfbnVtYmVyX2FkdmFuY2VkIjtzOjA6IiI7czoyNjoiY29zdF9hZHZhbmNlZF9yYW5nZV9jaG9pY2UiO3M6MToiPSI7czoxOToicmFuZ2VfY29zdF9hZHZhbmNlZCI7czowOiIiO3M6MjU6InN0YXJ0X3JhbmdlX2Nvc3RfYWR2YW5jZWQiO3M6MDoiIjtzOjIzOiJlbmRfcmFuZ2VfY29zdF9hZHZhbmNlZCI7czowOiIiO3M6Mjc6InByaWNlX2FkdmFuY2VkX3JhbmdlX2Nob2ljZSI7czoxOiI9IjtzOjIwOiJyYW5nZV9wcmljZV9hZHZhbmNlZCI7czowOiIiO3M6MjY6InN0YXJ0X3JhbmdlX3ByaWNlX2FkdmFuY2VkIjtzOjA6IiI7czoyNDoiZW5kX3JhbmdlX3ByaWNlX2FkdmFuY2VkIjtzOjA6IiI7czoxNzoiY2F0ZWdvcnlfYWR2YW5jZWQiO2E6MTp7aTowO3M6MTI6Ik1pc2NTZXJ2aWNlcyI7fXM6OToic2hvd1NTRElWIjtzOjI6Im5vIjtzOjE3OiJzYXZlZF9zZWFyY2hfbmFtZSI7czowOiIiO3M6MTM6InNlYXJjaF9tb2R1bGUiO3M6MDoiIjtzOjE5OiJzYXZlZF9zZWFyY2hfYWN0aW9uIjtzOjA6IiI7czoxNDoiZGlzcGxheUNvbHVtbnMiO3M6MTA4OiJNQUlOQ09ERXxKQklMTElOR19SRUxBVElPTl9JRF9DfEhPTUlSX0lEX0N8TkFNRXxQQVJUX05VTUJFUnxDQVRFR09SWXxDT1NUfFBSSUNFfENSRUFURURfQllfTkFNRXxEQVRFX0VOVEVSRUQiO3M6ODoiaGlkZVRhYnMiO3M6MDoiIjtzOjc6Im9yZGVyQnkiO3M6ODoiTUFJTkNPREUiO3M6OToic29ydE9yZGVyIjtzOjM6IkFTQyI7czo2OiJidXR0b24iO3M6NjoiU2VhcmNoIjt9czoxMjoiZ2xvYmFsU2VhcmNoIjthOjk6e3M6ODoiQWNjb3VudHMiO3M6NzoiQWNjb3VudCI7czo1OiJDYWxscyI7czo0OiJDYWxsIjtzOjU6IkNhc2VzIjtzOjU6ImFDYXNlIjtzOjg6IkNvbnRhY3RzIjtzOjc6IkNvbnRhY3QiO3M6OToiRG9jdW1lbnRzIjtzOjg6IkRvY3VtZW50IjtzOjU6IkxlYWRzIjtzOjQ6IkxlYWQiO3M6ODoiTWVldGluZ3MiO3M6NzoiTWVldGluZyI7czo1OiJOb3RlcyI7czo0OiJOb3RlIjtzOjEzOiJPcHBvcnR1bml0aWVzIjtzOjExOiJPcHBvcnR1bml0eSI7fXM6OToiS1JlcG9ydHNRIjthOjE3OntzOjY6Im1vZHVsZSI7czo4OiJLUmVwb3J0cyI7czo2OiJhY3Rpb24iO3M6NToiaW5kZXgiO3M6MTM6InNlYXJjaEZvcm1UYWIiO3M6MTU6ImFkdmFuY2VkX3NlYXJjaCI7czo1OiJxdWVyeSI7czo0OiJ0cnVlIjtzOjEzOiJuYW1lX2FkdmFuY2VkIjtzOjA6IiI7czoyNjoiY3VycmVudF91c2VyX29ubHlfYWR2YW5jZWQiO3M6MToiMCI7czoyNToiYXNzaWduZWRfdXNlcl9pZF9hZHZhbmNlZCI7YToyMDp7aTowO3M6MzY6IjI1YTAwNDFkLWM0OTktNzNlOS0xMGFjLTRmM2Q2MzNmOWUzNiI7aToxO3M6MToiMSI7aToyO3M6MzY6IjkxMDZmODhhLWYyNzItODExOS03MmEzLTRmMzE2NTQ2MWZjNiI7aTozO3M6MzY6ImIzODJkZGU0LWE2ZjQtYjljOS03NmI3LTRmM2Q1NzQzMjliMSI7aTo0O3M6MzY6IjNmMWVlYWFmLTI2ZmEtMzBmNC1mOTkwLTRmM2Q2MjU2NjMwNCI7aTo1O3M6MzY6ImIxM2E0NTIwLWZkZTEtNTk2Yi0xN2Q4LTRmNzRjNzg2NWRlNiI7aTo2O3M6MzY6IjJiZjUzYzYyLWVmYmItZjgxMS00MWY4LTRmM2Q2NDAwMWQ0NSI7aTo3O3M6MzY6ImRiOWZiODVkLTM2ZTUtYTE1Yi1mZmRmLTRmM2Q1YzQ2OTY0OCI7aTo4O3M6MzY6ImFiOWQ0MDAwLTlmY2QtNmI3MC04ZWNmLTRmM2Q1YzY1N2FjZiI7aTo5O3M6MzY6IjcyZjIwMTQ0LTM3NjMtMjkwMy04YTkxLTRmMTg5OWZhODdhMiI7aToxMDtzOjM2OiI5MDg5ODE4NS01OWE0LWYyZWUtN2EwYi00ZjNkNWMzNTRjMDIiO2k6MTE7czozNjoiMjg5ZDk3MTQtMThkYy1hZWExLWQ0OTgtNGYzZDVkZDJkODliIjtpOjEyO3M6MzY6IjFjZThiMTJjLTY1MjYtYjFlZC02YTM2LTRmM2Q1ZDhjNzMyNSI7aToxMztzOjM2OiI1MjliMTk3NS1mMzc1LTQ1NTktMDQ0Mi00ZjNkNTk3ZmZkNDEiO2k6MTQ7czozNjoiMzRhNDhhOGEtY2FjNy1hZGQyLTBiNjUtNGYzZDYzMTFkMDQ1IjtpOjE1O3M6MzY6IjgyNWY4OWUzLWY3YzktMmRkZC1hMmQzLTRmM2Q2NDRjMzAwNCI7aToxNjtzOjM2OiJlOWY3OTE4NS0xNDA2LWE5OTYtMTZmMi00ZjNkNjE0NTg5NDgiO2k6MTc7czozNjoiOGNlOWZkN2UtZTY1MC0zOGI5LWY5NDgtNGYzZDYzN2Y0NTE3IjtpOjE4O3M6MzY6Ijk2NzNkYzMxLTMyMzMtODgyOS1kOGFmLTRmM2Q1NWIyZmYzYyI7aToxOTtzOjM2OiIyNWM0MGUxYy05OWFlLWRlOWMtNmM2ZS00ZmEyODUwMTgyOTAiO31zOjIyOiJyZXBvcnRfbW9kdWxlX2FkdmFuY2VkIjthOjE6e2k6MDtzOjEyOiJBT1NfUHJvZHVjdHMiO31zOjk6InNob3dTU0RJViI7czoyOiJubyI7czoxNzoic2F2ZWRfc2VhcmNoX25hbWUiO3M6MDoiIjtzOjEzOiJzZWFyY2hfbW9kdWxlIjtzOjA6IiI7czoxOToic2F2ZWRfc2VhcmNoX2FjdGlvbiI7czowOiIiO3M6MTQ6ImRpc3BsYXlDb2x1bW5zIjtzOjM3OiJOQU1FfFJFUE9SVF9NT0RVTEV8QVNTSUdORURfVVNFUl9OQU1FIjtzOjg6ImhpZGVUYWJzIjtzOjA6IiI7czo3OiJvcmRlckJ5IjtzOjQ6Ik5BTUUiO3M6OToic29ydE9yZGVyIjtzOjM6IkFTQyI7czo2OiJidXR0b24iO3M6NjoiU2VhcmNoIjt9czo5OiJBY2NvdW50c1EiO2E6ODp7czoxMzoic2VhcmNoRm9ybVRhYiI7czoxMjoiYmFzaWNfc2VhcmNoIjtzOjY6Im1vZHVsZSI7czo4OiJBY2NvdW50cyI7czo2OiJhY3Rpb24iO3M6NToiaW5kZXgiO3M6NToicXVlcnkiO3M6NDoidHJ1ZSI7czoxMDoibmFtZV9iYXNpYyI7czowOiIiO3M6MjM6ImN1cnJlbnRfdXNlcl9vbmx5X2Jhc2ljIjtzOjE6IjAiO3M6NjoiYnV0dG9uIjtzOjY6IlNlYXJjaCI7czo5OiJhamF4X2xvYWQiO3M6MToiMSI7fXM6OToiQ29udGFjdHNRIjthOjQ1OntzOjEzOiJyZXR1cm5fYWN0aW9uIjtzOjA6IiI7czoxMzoicmV0dXJuX21vZHVsZSI7czowOiIiO3M6NjoibW9kdWxlIjtzOjg6IkNvbnRhY3RzIjtzOjY6ImFjdGlvbiI7czo1OiJpbmRleCI7czo0OiJsdnNvIjtzOjM6ImFzYyI7czoyNjoiQ29udGFjdHMyX0NPTlRBQ1RfT1JERVJfQlkiO3M6MDoiIjtzOjE4OiJzZWxlY3RfZW50aXJlX2xpc3QiO3M6MToiMCI7czoyNDoiQ29udGFjdHMyX0NPTlRBQ1Rfb2Zmc2V0IjtzOjE6IjAiO3M6OToic2hvd19wbHVzIjtzOjA6IiI7czo0OiJTeW5jIjtzOjA6IiI7czoxODoiYXNzaWduZWRfdXNlcl9uYW1lIjtzOjA6IiI7czoxNjoiYXNzaWduZWRfdXNlcl9pZCI7czowOiIiO3M6MTE6ImRvX25vdF9jYWxsIjtzOjA6IiI7czoxMToibGVhZF9zb3VyY2UiO3M6MDoiIjtzOjEyOiJhY2NvdW50X25hbWUiO3M6MDoiIjtzOjEwOiJhY2NvdW50X2lkIjtzOjA6IiI7czoxNjoib3Bwb3J0dW5pdHlfcm9sZSI7czowOiIiO3M6MTQ6InJlcG9ydF90b19uYW1lIjtzOjA6IiI7czoxMzoicmVwb3J0c190b19pZCI7czowOiIiO3M6MTQ6Im9wdG91dF9wcmltYXJ5IjtzOjA6IiI7czo5OiJwYXJlbnRUYWIiO3M6NToiU2FsZXMiO3M6OToiYWpheF9sb2FkIjtzOjE6IjEiO3M6MTQ6ImxvYWRMYW5ndWFnZUpTIjtzOjE6IjEiO3M6MTM6InNlYXJjaEZvcm1UYWIiO3M6MTU6ImFkdmFuY2VkX3NlYXJjaCI7czo1OiJxdWVyeSI7czo0OiJ0cnVlIjtzOjE5OiJmaXJzdF9uYW1lX2FkdmFuY2VkIjtzOjA6IiI7czoxNDoiZW1haWxfYWR2YW5jZWQiO3M6MDoiIjtzOjE0OiJwaG9uZV9hZHZhbmNlZCI7czowOiIiO3M6MTg6Imxhc3RfbmFtZV9hZHZhbmNlZCI7czowOiIiO3M6MjM6ImFkZHJlc3Nfc3RyZWV0X2FkdmFuY2VkIjtzOjA6IiI7czoyMToiYWRkcmVzc19jaXR5X2FkdmFuY2VkIjtzOjA6IiI7czoyMToiYWNjb3VudF9uYW1lX2FkdmFuY2VkIjtzOjA6IiI7czoyMjoiYWRkcmVzc19zdGF0ZV9hZHZhbmNlZCI7czowOiIiO3M6Mjc6ImFkZHJlc3NfcG9zdGFsY29kZV9hZHZhbmNlZCI7czowOiIiO3M6MzI6InByaW1hcnlfYWRkcmVzc19jb3VudHJ5X2FkdmFuY2VkIjtzOjA6IiI7czo5OiJzaG93U1NESVYiO3M6Mjoibm8iO3M6MTc6InNhdmVkX3NlYXJjaF9uYW1lIjtzOjA6IiI7czoxMzoic2VhcmNoX21vZHVsZSI7czowOiIiO3M6MTk6InNhdmVkX3NlYXJjaF9hY3Rpb24iO3M6MDoiIjtzOjE0OiJkaXNwbGF5Q29sdW1ucyI7czo5MToiTkFNRXxUSVRMRXxQUklNQVJZQ09OVEFDVFNfQ3xBQ0NPVU5UX05BTUV8RU1BSUwxfFBIT05FX1dPUkt8QVNTSUdORURfVVNFUl9OQU1FfERBVEVfRU5URVJFRCI7czo4OiJoaWRlVGFicyI7czozMTE6IkRFUEFSVE1FTlR8RE9fTk9UX0NBTEx8UEhPTkVfSE9NRXxQSE9ORV9NT0JJTEV8UEhPTkVfT1RIRVJ8UEhPTkVfRkFYfEVNQUlMMnxQUklNQVJZX0FERFJFU1NfU1RSRUVUfFBSSU1BUllfQUREUkVTU19DSVRZfFBSSU1BUllfQUREUkVTU19TVEFURXxQUklNQVJZX0FERFJFU1NfUE9TVEFMQ09ERXxBTFRfQUREUkVTU19DT1VOVFJZfEFMVF9BRERSRVNTX1NUUkVFVHxBTFRfQUREUkVTU19DSVRZfEFMVF9BRERSRVNTX1NUQVRFfEFMVF9BRERSRVNTX1BPU1RBTENPREV8Q1JFQVRFRF9CWV9OQU1FfE1PRElGSUVEX0JZX05BTUV8U1lOQ19DT05UQUNUIjtzOjc6Im9yZGVyQnkiO3M6NDoiTkFNRSI7czo5OiJzb3J0T3JkZXIiO3M6MzoiQVNDIjtzOjY6ImJ1dHRvbiI7czo2OiJTZWFyY2giO3M6MTQ6ImZvclF1aWNrQ3JlYXRlIjtzOjE6IjEiO319'),('1b8ecc2d-4dc7-ce8e-e2e7-4f187bec7506','Home',0,'2012-01-19 20:23:17','2012-05-11 18:31:07','1','YToyOntzOjg6ImRhc2hsZXRzIjthOjE0OntzOjM2OiJkOTkzZjg4Mi1hMDhkLTA3ZDYtMzgyNy00ZjE4N2IyMjA5OGMiO2E6NTp7czo5OiJjbGFzc05hbWUiO3M6MTM6ImlGcmFtZURhc2hsZXQiO3M6NjoibW9kdWxlIjtzOjQ6IkhvbWUiO3M6MTE6ImZvcmNlQ29sdW1uIjtpOjA7czoxMjoiZmlsZUxvY2F0aW9uIjtzOjUzOiJtb2R1bGVzL0hvbWUvRGFzaGxldHMvaUZyYW1lRGFzaGxldC9pRnJhbWVEYXNobGV0LnBocCI7czo3OiJvcHRpb25zIjthOjM6e3M6NToidGl0bGUiO3M6MTQ6IkRpc2NvdmVyIFN1Z2FyIjtzOjM6InVybCI7czo0MToiaHR0cDovL3d3dy5zdWdhcmNybS5jb20vY3JtL3Byb2R1Y3QvZ29wcm8iO3M6NjoiaGVpZ2h0IjtpOjMxNTt9fXM6MzY6ImQ5OThhZTYyLTUwN2ItNGRlOC02NTY2LTRmMTg3YjY1MjZhZSI7YTo0OntzOjk6ImNsYXNzTmFtZSI7czoxNjoiU3VnYXJGZWVkRGFzaGxldCI7czo2OiJtb2R1bGUiO3M6OToiU3VnYXJGZWVkIjtzOjExOiJmb3JjZUNvbHVtbiI7aToxO3M6MTI6ImZpbGVMb2NhdGlvbiI7czo2NDoibW9kdWxlcy9TdWdhckZlZWQvRGFzaGxldHMvU3VnYXJGZWVkRGFzaGxldC9TdWdhckZlZWREYXNobGV0LnBocCI7fXM6MzY6ImQ5OWE5ZDFiLWMyMzMtNDBhMi0wYzQ5LTRmMTg3Yjk4OTBjYSI7YTo1OntzOjk6ImNsYXNzTmFtZSI7czoxMzoiaUZyYW1lRGFzaGxldCI7czo2OiJtb2R1bGUiO3M6NDoiSG9tZSI7czoxMToiZm9yY2VDb2x1bW4iO2k6MTtzOjEyOiJmaWxlTG9jYXRpb24iO3M6NTM6Im1vZHVsZXMvSG9tZS9EYXNobGV0cy9pRnJhbWVEYXNobGV0L2lGcmFtZURhc2hsZXQucGhwIjtzOjc6Im9wdGlvbnMiO2E6Mzp7czo1OiJ0aXRsZSI7czoxMDoiU3VnYXIgTmV3cyI7czozOiJ1cmwiO3M6NDA6Imh0dHA6Ly93d3cuc3VnYXJjcm0uY29tL2NybS9wcm9kdWN0L25ld3MiO3M6NjoiaGVpZ2h0IjtpOjMxNTt9fXM6MzY6ImRjNWI5NGZhLTk2YjktNDZjOC03OTAxLTRmMTg3YjllNTM2MCI7YTo1OntzOjk6ImNsYXNzTmFtZSI7czoxNDoiTXlDYWxsc0Rhc2hsZXQiO3M6NjoibW9kdWxlIjtzOjU6IkNhbGxzIjtzOjExOiJmb3JjZUNvbHVtbiI7aTowO3M6MTI6ImZpbGVMb2NhdGlvbiI7czo1NjoibW9kdWxlcy9DYWxscy9EYXNobGV0cy9NeUNhbGxzRGFzaGxldC9NeUNhbGxzRGFzaGxldC5waHAiO3M6Nzoib3B0aW9ucyI7YTowOnt9fXM6MzY6ImRkOGUxNWU1LTEwYzUtYTUwOC00YWZjLTRmMTg3YjQyMDc2NCI7YTo1OntzOjk6ImNsYXNzTmFtZSI7czoxNzoiTXlNZWV0aW5nc0Rhc2hsZXQiO3M6NjoibW9kdWxlIjtzOjg6Ik1lZXRpbmdzIjtzOjExOiJmb3JjZUNvbHVtbiI7aTowO3M6MTI6ImZpbGVMb2NhdGlvbiI7czo2NToibW9kdWxlcy9NZWV0aW5ncy9EYXNobGV0cy9NeU1lZXRpbmdzRGFzaGxldC9NeU1lZXRpbmdzRGFzaGxldC5waHAiO3M6Nzoib3B0aW9ucyI7YTowOnt9fXM6MzY6ImRlOWQ5ZDQ3LWM4NjItYWJkZi0zYmYyLTRmMTg3YmUzMjc4NCI7YTo1OntzOjk6ImNsYXNzTmFtZSI7czoyMjoiTXlPcHBvcnR1bml0aWVzRGFzaGxldCI7czo2OiJtb2R1bGUiO3M6MTM6Ik9wcG9ydHVuaXRpZXMiO3M6MTE6ImZvcmNlQ29sdW1uIjtpOjA7czoxMjoiZmlsZUxvY2F0aW9uIjtzOjgwOiJtb2R1bGVzL09wcG9ydHVuaXRpZXMvRGFzaGxldHMvTXlPcHBvcnR1bml0aWVzRGFzaGxldC9NeU9wcG9ydHVuaXRpZXNEYXNobGV0LnBocCI7czo3OiJvcHRpb25zIjthOjA6e319czozNjoiZGZmYTUyZWEtYTJlMS05YzUxLWY2NTEtNGYxODdiZGE4ZmVkIjthOjU6e3M6OToiY2xhc3NOYW1lIjtzOjE3OiJNeUFjY291bnRzRGFzaGxldCI7czo2OiJtb2R1bGUiO3M6ODoiQWNjb3VudHMiO3M6MTE6ImZvcmNlQ29sdW1uIjtpOjA7czoxMjoiZmlsZUxvY2F0aW9uIjtzOjY1OiJtb2R1bGVzL0FjY291bnRzL0Rhc2hsZXRzL015QWNjb3VudHNEYXNobGV0L015QWNjb3VudHNEYXNobGV0LnBocCI7czo3OiJvcHRpb25zIjthOjA6e319czozNjoiZTFhMGQwZTgtMTJmOS1lMTdjLWE4YzQtNGYxODdiNDgzYzVhIjthOjU6e3M6OToiY2xhc3NOYW1lIjtzOjE0OiJNeUxlYWRzRGFzaGxldCI7czo2OiJtb2R1bGUiO3M6NToiTGVhZHMiO3M6MTE6ImZvcmNlQ29sdW1uIjtpOjA7czoxMjoiZmlsZUxvY2F0aW9uIjtzOjU2OiJtb2R1bGVzL0xlYWRzL0Rhc2hsZXRzL015TGVhZHNEYXNobGV0L015TGVhZHNEYXNobGV0LnBocCI7czo3OiJvcHRpb25zIjthOjA6e319czozNjoiMjVkY2YxOTctODhkZi0yN2JkLWM1NTQtNGYxZWQ0Zjg0ZTA4IjthOjQ6e3M6OToiY2xhc3NOYW1lIjtzOjQxOiJPcHBvcnR1bml0aWVzQnlMZWFkU291cmNlQnlPdXRjb21lRGFzaGxldCI7czo2OiJtb2R1bGUiO3M6MTM6Ik9wcG9ydHVuaXRpZXMiO3M6Nzoib3B0aW9ucyI7YTowOnt9czoxMjoiZmlsZUxvY2F0aW9uIjtzOjExMToibW9kdWxlcy9DaGFydHMvRGFzaGxldHMvT3Bwb3J0dW5pdGllc0J5TGVhZFNvdXJjZUJ5T3V0Y29tZURhc2hsZXQvT3Bwb3J0dW5pdGllc0J5TGVhZFNvdXJjZUJ5T3V0Y29tZURhc2hsZXQucGhwIjt9czozNjoiYjRjZjQzM2MtOWMwYi0zZjg3LTJkMzctNGYxZWQ0MjllODAzIjthOjQ6e3M6OToiY2xhc3NOYW1lIjtzOjMyOiJPcHBvcnR1bml0aWVzQnlMZWFkU291cmNlRGFzaGxldCI7czo2OiJtb2R1bGUiO3M6MTM6Ik9wcG9ydHVuaXRpZXMiO3M6Nzoib3B0aW9ucyI7YTowOnt9czoxMjoiZmlsZUxvY2F0aW9uIjtzOjkzOiJtb2R1bGVzL0NoYXJ0cy9EYXNobGV0cy9PcHBvcnR1bml0aWVzQnlMZWFkU291cmNlRGFzaGxldC9PcHBvcnR1bml0aWVzQnlMZWFkU291cmNlRGFzaGxldC5waHAiO31zOjM2OiIyOTFhZWI5Ny1lZjJiLWUxZmUtNTQxZS00ZjFlZDQ1NWU5NGIiO2E6NDp7czo5OiJjbGFzc05hbWUiO3M6MjM6IkNhbXBhaWduUk9JQ2hhcnREYXNobGV0IjtzOjY6Im1vZHVsZSI7czo5OiJDYW1wYWlnbnMiO3M6Nzoib3B0aW9ucyI7YTowOnt9czoxMjoiZmlsZUxvY2F0aW9uIjtzOjc1OiJtb2R1bGVzL0NoYXJ0cy9EYXNobGV0cy9DYW1wYWlnblJPSUNoYXJ0RGFzaGxldC9DYW1wYWlnblJPSUNoYXJ0RGFzaGxldC5waHAiO31zOjM2OiI5ZTM0OWQ5YS00MzMzLTc3ZDgtYTNkYy00ZjFlZDRhOTk2ZDAiO2E6NDp7czo5OiJjbGFzc05hbWUiO3M6Mjk6Ik15UGlwZWxpbmVCeVNhbGVzU3RhZ2VEYXNobGV0IjtzOjY6Im1vZHVsZSI7czoxMzoiT3Bwb3J0dW5pdGllcyI7czo3OiJvcHRpb25zIjthOjA6e31zOjEyOiJmaWxlTG9jYXRpb24iO3M6ODc6Im1vZHVsZXMvQ2hhcnRzL0Rhc2hsZXRzL015UGlwZWxpbmVCeVNhbGVzU3RhZ2VEYXNobGV0L015UGlwZWxpbmVCeVNhbGVzU3RhZ2VEYXNobGV0LnBocCI7fXM6MzY6ImQxMTQwMzljLTQ0NGQtZWE1NC00NDRhLTRmMWVkNGM0ZmE4ZSI7YTo0OntzOjk6ImNsYXNzTmFtZSI7czoyMToiT3V0Y29tZUJ5TW9udGhEYXNobGV0IjtzOjY6Im1vZHVsZSI7czoxMzoiT3Bwb3J0dW5pdGllcyI7czo3OiJvcHRpb25zIjthOjA6e31zOjEyOiJmaWxlTG9jYXRpb24iO3M6NzE6Im1vZHVsZXMvQ2hhcnRzL0Rhc2hsZXRzL091dGNvbWVCeU1vbnRoRGFzaGxldC9PdXRjb21lQnlNb250aERhc2hsZXQucGhwIjt9czozNjoiMjdkNTNjMjAtODUzYi1kYWYzLTk3M2EtNGYxZWQ0NDRlMzQ1IjthOjQ6e3M6OToiY2xhc3NOYW1lIjtzOjI3OiJQaXBlbGluZUJ5U2FsZXNTdGFnZURhc2hsZXQiO3M6NjoibW9kdWxlIjtzOjEzOiJPcHBvcnR1bml0aWVzIjtzOjc6Im9wdGlvbnMiO2E6MDp7fXM6MTI6ImZpbGVMb2NhdGlvbiI7czo4MzoibW9kdWxlcy9DaGFydHMvRGFzaGxldHMvUGlwZWxpbmVCeVNhbGVzU3RhZ2VEYXNobGV0L1BpcGVsaW5lQnlTYWxlc1N0YWdlRGFzaGxldC5waHAiO319czo1OiJwYWdlcyI7YToxOntpOjA7YTozOntzOjc6ImNvbHVtbnMiO2E6Mjp7aTowO2E6Mjp7czo1OiJ3aWR0aCI7czozOiI2MCUiO3M6ODoiZGFzaGxldHMiO2E6OTp7aToxO3M6MzY6ImQxMTQwMzljLTQ0NGQtZWE1NC00NDRhLTRmMWVkNGM0ZmE4ZSI7aToyO3M6MzY6IjllMzQ5ZDlhLTQzMzMtNzdkOC1hM2RjLTRmMWVkNGE5OTZkMCI7aTozO3M6MzY6ImI0Y2Y0MzNjLTljMGItM2Y4Ny0yZDM3LTRmMWVkNDI5ZTgwMyI7aTo0O3M6MzY6IjI1ZGNmMTk3LTg4ZGYtMjdiZC1jNTU0LTRmMWVkNGY4NGUwOCI7aTo1O3M6MzY6ImRkOGUxNWU1LTEwYzUtYTUwOC00YWZjLTRmMTg3YjQyMDc2NCI7aTo2O3M6MzY6ImRjNWI5NGZhLTk2YjktNDZjOC03OTAxLTRmMTg3YjllNTM2MCI7aTo3O3M6MzY6ImRlOWQ5ZDQ3LWM4NjItYWJkZi0zYmYyLTRmMTg3YmUzMjc4NCI7aTo4O3M6MzY6ImRmZmE1MmVhLWEyZTEtOWM1MS1mNjUxLTRmMTg3YmRhOGZlZCI7aTo5O3M6MzY6ImUxYTBkMGU4LTEyZjktZTE3Yy1hOGM0LTRmMTg3YjQ4M2M1YSI7fX1pOjE7YToyOntzOjU6IndpZHRoIjtzOjM6IjQwJSI7czo4OiJkYXNobGV0cyI7YTo1OntpOjA7czozNjoiZDk5OGFlNjItNTA3Yi00ZGU4LTY1NjYtNGYxODdiNjUyNmFlIjtpOjE7czozNjoiMjdkNTNjMjAtODUzYi1kYWYzLTk3M2EtNGYxZWQ0NDRlMzQ1IjtpOjI7czozNjoiMjkxYWViOTctZWYyYi1lMWZlLTU0MWUtNGYxZWQ0NTVlOTRiIjtpOjM7czozNjoiZDk5M2Y4ODItYTA4ZC0wN2Q2LTM4MjctNGYxODdiMjIwOThjIjtpOjQ7czozNjoiZDk5YTlkMWItYzIzMy00MGEyLTBjNDktNGYxODdiOTg5MGNhIjt9fX1zOjEwOiJudW1Db2x1bW5zIjtzOjE6IjIiO3M6OToicGFnZVRpdGxlIjtzOjg6Ik15IFN1Z2FyIjt9fX0='),('1bfd6ed6-73e4-6dca-9702-4f187b3fbf58','Home2_CALL',0,'2012-01-19 20:23:17','2012-01-19 20:23:17','1','YToxOntzOjEzOiJsaXN0dmlld09yZGVyIjthOjI6e3M6Nzoib3JkZXJCeSI7czoxMjoiZGF0ZV9lbnRlcmVkIjtzOjk6InNvcnRPcmRlciI7czo0OiJERVNDIjt9fQ=='),('1c3df51b-3263-f691-c617-4f187b368764','Home2_MEETING',0,'2012-01-19 20:23:17','2012-01-19 20:23:17','1','YToxOntzOjEzOiJsaXN0dmlld09yZGVyIjthOjI6e3M6Nzoib3JkZXJCeSI7czoxMjoiZGF0ZV9lbnRlcmVkIjtzOjk6InNvcnRPcmRlciI7czo0OiJERVNDIjt9fQ=='),('1c7d3aac-1ba5-d1b7-fdad-4f187b9f445c','Home2_OPPORTUNITY',0,'2012-01-19 20:23:17','2012-01-19 20:23:17','1','YToxOntzOjEzOiJsaXN0dmlld09yZGVyIjthOjI6e3M6Nzoib3JkZXJCeSI7czoxMjoiZGF0ZV9lbnRlcmVkIjtzOjk6InNvcnRPcmRlciI7czo0OiJERVNDIjt9fQ=='),('1cbd42f5-243f-0a07-f29d-4f187b61812e','Home2_ACCOUNT',0,'2012-01-19 20:23:17','2012-01-19 20:23:17','1','YToxOntzOjEzOiJsaXN0dmlld09yZGVyIjthOjI6e3M6Nzoib3JkZXJCeSI7czoxMjoiZGF0ZV9lbnRlcmVkIjtzOjk6InNvcnRPcmRlciI7czo0OiJERVNDIjt9fQ=='),('1cfe0dea-d3c2-e4f2-0491-4f187b54f953','Home2_LEAD',0,'2012-01-19 20:23:17','2012-01-19 20:23:17','1','YToxOntzOjEzOiJsaXN0dmlld09yZGVyIjthOjI6e3M6Nzoib3JkZXJCeSI7czoxMjoiZGF0ZV9lbnRlcmVkIjtzOjk6InNvcnRPcmRlciI7czo0OiJERVNDIjt9fQ=='),('1d40d886-5edd-4173-dddc-4f187b029678','Home2_SUGARFEED',0,'2012-01-19 20:23:17','2012-01-19 20:23:17','1','YToxOntzOjEzOiJsaXN0dmlld09yZGVyIjthOjI6e3M6Nzoib3JkZXJCeSI7czoxMjoiZGF0ZV9lbnRlcmVkIjtzOjk6InNvcnRPcmRlciI7czo0OiJERVNDIjt9fQ=='),('577b2aa4-770d-4319-16c2-4f187b5fdcfd','Emails',0,'2012-01-19 20:23:40','2012-05-28 14:40:51','1','YToyOntzOjE1OiJlbWFpbDJQcmVmbGlnaHQiO2I6MTtzOjExOiJmb2N1c0ZvbGRlciI7czo5NjoiYToyOntzOjQ6ImllSWQiO3M6MzY6IjMyNTc4YmI0LWM4YmYtZjhmMy0yMzBhLTRmMTg3YmE2NWZkMyI7czo2OiJmb2xkZXIiO3M6MTQ6IlNVR0FSLk15IEVtYWlsIjt9Ijt9'),('4313444b-141c-4b0e-9c85-4f187b5a6e45','Contacts2_CONTACT',0,'2012-01-19 20:23:58','2012-06-19 12:43:49','1','YToxOntzOjEzOiJsaXN0dmlld09yZGVyIjthOjI6e3M6Nzoib3JkZXJCeSI7czo0OiJuYW1lIjtzOjk6InNvcnRPcmRlciI7czozOiJBU0MiO319'),('8147b086-4efb-56ae-fff6-4f187bcaa35c','Opportunities2_OPPORTUNITY',0,'2012-01-19 20:24:11','2012-01-19 20:24:11','1','YToxOntzOjEzOiJsaXN0dmlld09yZGVyIjthOjI6e3M6Nzoib3JkZXJCeSI7czoxMjoiZGF0ZV9lbnRlcmVkIjtzOjk6InNvcnRPcmRlciI7czo0OiJERVNDIjt9fQ=='),('e627c7d7-a6e4-0171-de9d-4f187c01ec98','Accounts2_ACCOUNT',0,'2012-01-19 20:28:34','2012-01-19 20:28:34','1','YToxOntzOjEzOiJsaXN0dmlld09yZGVyIjthOjI6e3M6Nzoib3JkZXJCeSI7czoxMjoiZGF0ZV9lbnRlcmVkIjtzOjk6InNvcnRPcmRlciI7czo0OiJERVNDIjt9fQ=='),('9c70adba-d54a-0beb-129c-4f1899e2926e','Users2_USER',0,'2012-01-19 22:29:41','2012-02-28 06:40:49','1','YToxOntzOjEzOiJsaXN0dmlld09yZGVyIjthOjI6e3M6Nzoib3JkZXJCeSI7czoxMjoiZGF0ZV9lbnRlcmVkIjtzOjk6InNvcnRPcmRlciI7czo0OiJERVNDIjt9fQ=='),('80af08c7-9db3-49ab-db8e-4f1899885e52','global',1,'2012-01-19 22:31:30','2012-01-19 22:31:30','72f20144-3763-2903-8a91-4f1899fa87a2','YToyODp7czoxMjoibWFpbG1lcmdlX29uIjtzOjM6Im9mZiI7czo4OiJtYXhfdGFicyI7czoxOiI3IjtzOjE2OiJzd2FwX2xhc3Rfdmlld2VkIjtzOjA6IiI7czoxNDoic3dhcF9zaG9ydGN1dHMiO3M6MDoiIjtzOjE5OiJuYXZpZ2F0aW9uX3BhcmFkaWdtIjtzOjI6ImdtIjtzOjEzOiJzdWJwYW5lbF90YWJzIjtzOjI6Im9uIjtzOjE0OiJtb2R1bGVfZmF2aWNvbiI7czowOiIiO3M6OToiaGlkZV90YWJzIjthOjA6e31zOjExOiJyZW1vdmVfdGFicyI7YTowOnt9czo3OiJub19vcHBzIjtzOjM6Im9mZiI7czoxMzoicmVtaW5kZXJfdGltZSI7aTotMTtzOjg6InRpbWV6b25lIjtzOjE5OiJBbWVyaWNhL0xvc19BbmdlbGVzIjtzOjI6InV0IjtzOjE6IjAiO3M6ODoiY3VycmVuY3kiO3M6MzoiLTk5IjtzOjM1OiJkZWZhdWx0X2N1cnJlbmN5X3NpZ25pZmljYW50X2RpZ2l0cyI7czoxOiIyIjtzOjExOiJudW1fZ3JwX3NlcCI7czoxOiIsIjtzOjc6ImRlY19zZXAiO3M6MToiLiI7czo1OiJkYXRlZiI7czo1OiJtL2QvWSI7czo1OiJ0aW1lZiI7czo0OiJoOmlhIjtzOjI2OiJkZWZhdWx0X2xvY2FsZV9uYW1lX2Zvcm1hdCI7czo1OiJzIGYgbCI7czoxNjoiZXhwb3J0X2RlbGltaXRlciI7czoxOiIsIjtzOjIyOiJkZWZhdWx0X2V4cG9ydF9jaGFyc2V0IjtzOjU6IlVURi04IjtzOjE0OiJ1c2VfcmVhbF9uYW1lcyI7czoyOiJvbiI7czoxNzoibWFpbF9zbXRwYXV0aF9yZXEiO3M6MDoiIjtzOjEyOiJtYWlsX3NtdHBzc2wiO2k6MDtzOjE1OiJlbWFpbF9saW5rX3R5cGUiO3M6NToic3VnYXIiO3M6MTc6ImVtYWlsX3Nob3dfY291bnRzIjtpOjA7czoyMDoiY2FsZW5kYXJfcHVibGlzaF9rZXkiO3M6MDoiIjt9'),('3faf3a22-1049-6836-aa1f-4f18abe9c362','global',0,'2012-01-19 23:46:09','2012-02-16 19:39:35','72f20144-3763-2903-8a91-4f1899fa87a2','YTozMTp7czoxMToicmVtb3ZlX3RhYnMiO2E6MDp7fXM6MjoidXQiO3M6MToiMCI7czo4OiJ0aW1lem9uZSI7czoxOToiQW1lcmljYS9Mb3NfQW5nZWxlcyI7czoxNToibG9naW5leHBpcmF0aW9uIjtzOjE6IjAiO3M6NzoibG9ja291dCI7czowOiIiO3M6MTE6ImxvZ2luZmFpbGVkIjtzOjE6IjAiO3M6MTI6Im1haWxtZXJnZV9vbiI7czozOiJvZmYiO3M6ODoibWF4X3RhYnMiO3M6MToiNyI7czoxNjoic3dhcF9sYXN0X3ZpZXdlZCI7czowOiIiO3M6MTQ6InN3YXBfc2hvcnRjdXRzIjtzOjA6IiI7czoxOToibmF2aWdhdGlvbl9wYXJhZGlnbSI7czoyOiJnbSI7czoxMzoic3VicGFuZWxfdGFicyI7czoyOiJvbiI7czoxNDoibW9kdWxlX2Zhdmljb24iO3M6MDoiIjtzOjk6ImhpZGVfdGFicyI7YTowOnt9czo3OiJub19vcHBzIjtzOjM6Im9mZiI7czoxMzoicmVtaW5kZXJfdGltZSI7aTotMTtzOjg6ImN1cnJlbmN5IjtzOjM6Ii05OSI7czozNToiZGVmYXVsdF9jdXJyZW5jeV9zaWduaWZpY2FudF9kaWdpdHMiO3M6MToiMiI7czoxMToibnVtX2dycF9zZXAiO3M6MToiLCI7czo3OiJkZWNfc2VwIjtzOjE6Ii4iO3M6NToiZGF0ZWYiO3M6NToibS9kL1kiO3M6NToidGltZWYiO3M6MzoiSDppIjtzOjI2OiJkZWZhdWx0X2xvY2FsZV9uYW1lX2Zvcm1hdCI7czo1OiJzIGYgbCI7czoxNjoiZXhwb3J0X2RlbGltaXRlciI7czoxOiIsIjtzOjIyOiJkZWZhdWx0X2V4cG9ydF9jaGFyc2V0IjtzOjU6IlVURi04IjtzOjE0OiJ1c2VfcmVhbF9uYW1lcyI7czoyOiJvbiI7czoxNzoibWFpbF9zbXRwYXV0aF9yZXEiO3M6MDoiIjtzOjEyOiJtYWlsX3NtdHBzc2wiO2k6MDtzOjE1OiJlbWFpbF9saW5rX3R5cGUiO3M6NToic3VnYXIiO3M6MTc6ImVtYWlsX3Nob3dfY291bnRzIjtpOjA7czoyMDoiY2FsZW5kYXJfcHVibGlzaF9rZXkiO3M6MDoiIjt9'),('401a767e-922e-e63f-74fa-4f18abd74623','Reports',0,'2012-01-19 23:46:09','2012-01-19 23:46:09','72f20144-3763-2903-8a91-4f1899fa87a2','YToxOntzOjk6ImZhdm9yaXRlcyI7Tjt9'),('405d50ad-57bd-aefd-27bb-4f18abd45332','home',0,'2012-01-19 23:46:09','2012-01-19 23:46:09','72f20144-3763-2903-8a91-4f1899fa87a2','YToyOntzOjU6InBhZ2VzIjtOO3M6ODoiZGFzaGxldHMiO047fQ=='),('18648fe9-7be7-1842-b68f-4f1b0ac59bdf','Meetings2_MEETING',0,'2012-01-21 18:57:59','2012-01-21 18:57:59','1','YToxOntzOjEzOiJsaXN0dmlld09yZGVyIjthOjI6e3M6Nzoib3JkZXJCeSI7czoxMjoiZGF0ZV9lbnRlcmVkIjtzOjk6InNvcnRPcmRlciI7czo0OiJERVNDIjt9fQ=='),('c7da8ed0-d178-6705-15e2-4f1b0aa56f35','Documents2_DOCUMENT',0,'2012-01-21 18:58:03','2012-01-21 18:58:03','1','YToxOntzOjEzOiJsaXN0dmlld09yZGVyIjthOjI6e3M6Nzoib3JkZXJCeSI7czoxMjoiZGF0ZV9lbnRlcmVkIjtzOjk6InNvcnRPcmRlciI7czo0OiJERVNDIjt9fQ=='),('1f55a485-7736-74d9-0e78-4f1db1810270','ACLRoles2_ACLROLE',0,'2012-01-23 19:12:04','2012-05-03 13:18:38','1','YToxOntzOjEzOiJsaXN0dmlld09yZGVyIjthOjI6e3M6Nzoib3JkZXJCeSI7czoxMjoiZGF0ZV9lbnRlcmVkIjtzOjk6InNvcnRPcmRlciI7czo0OiJERVNDIjt9fQ=='),('d7f5b006-2400-16c0-02b3-4f297e604e81','AOS_Invoices2_AOS_INVOICES',0,'2012-02-01 18:03:46','2012-02-01 18:03:46','1','YToxOntzOjEzOiJsaXN0dmlld09yZGVyIjthOjI6e3M6Nzoib3JkZXJCeSI7czoxMjoiZGF0ZV9lbnRlcmVkIjtzOjk6InNvcnRPcmRlciI7czo0OiJERVNDIjt9fQ=='),('ec01e8d6-a7e2-b55a-e132-4f29863e8c81','AOS_Products2_AOS_PRODUCTS',0,'2012-02-01 18:37:35','2012-06-29 18:55:51','1','YToxOntzOjEzOiJsaXN0dmlld09yZGVyIjthOjI6e3M6Nzoib3JkZXJCeSI7czo4OiJtYWluY29kZSI7czo5OiJzb3J0T3JkZXIiO3M6MzoiQVNDIjt9fQ=='),('9a820014-4d51-2975-bbc8-4f298aa666bd','AOS_PDF_Templates2_AOS_PDF_TEMPLATES',0,'2012-02-01 18:55:03','2012-02-01 18:55:03','1','YToxOntzOjEzOiJsaXN0dmlld09yZGVyIjthOjI6e3M6Nzoib3JkZXJCeSI7czoxMjoiZGF0ZV9lbnRlcmVkIjtzOjk6InNvcnRPcmRlciI7czo0OiJERVNDIjt9fQ=='),('124e0f51-e7bb-05ac-6de5-4f298c79d59e','AOS_Quotes2_AOS_QUOTES',0,'2012-02-01 19:02:59','2012-02-01 19:02:59','1','YToxOntzOjEzOiJsaXN0dmlld09yZGVyIjthOjI6e3M6Nzoib3JkZXJCeSI7czoxMjoiZGF0ZV9lbnRlcmVkIjtzOjk6InNvcnRPcmRlciI7czo0OiJERVNDIjt9fQ=='),('1ca4927a-005a-0e55-9557-4f2ad563d202','KReports2_KREPORT',0,'2012-02-02 18:27:00','2012-05-31 03:04:14','1','YToxOntzOjEzOiJsaXN0dmlld09yZGVyIjthOjI6e3M6Nzoib3JkZXJCeSI7czo0OiJuYW1lIjtzOjk6InNvcnRPcmRlciI7czozOiJBU0MiO319'),('dcba8e06-11ce-2d44-5090-4f2ae43efbf5','Campaigns2_CAMPAIGN',0,'2012-02-02 19:31:11','2012-02-02 19:31:11','1','YToxOntzOjEzOiJsaXN0dmlld09yZGVyIjthOjI6e3M6Nzoib3JkZXJCeSI7czoxMjoiZGF0ZV9lbnRlcmVkIjtzOjk6InNvcnRPcmRlciI7czo0OiJERVNDIjt9fQ=='),('921c0100-842c-d237-0fcb-4f3165f6a5d7','global',0,'2012-02-07 17:55:42','2012-05-09 17:27:19','9106f88a-f272-8119-72a3-4f3165461fc6','YTozNTp7czoxMjoibWFpbG1lcmdlX29uIjtzOjI6Im9uIjtzOjg6Im1heF90YWJzIjtzOjE6IjciO3M6MTY6InN3YXBfbGFzdF92aWV3ZWQiO3M6MDoiIjtzOjE0OiJzd2FwX3Nob3J0Y3V0cyI7czowOiIiO3M6MTk6Im5hdmlnYXRpb25fcGFyYWRpZ20iO3M6MjoiZ20iO3M6MTM6InN1YnBhbmVsX3RhYnMiO3M6MDoiIjtzOjE0OiJtb2R1bGVfZmF2aWNvbiI7czowOiIiO3M6OToiaGlkZV90YWJzIjthOjA6e31zOjExOiJyZW1vdmVfdGFicyI7YTowOnt9czo3OiJub19vcHBzIjtzOjM6Im9mZiI7czoxMzoicmVtaW5kZXJfdGltZSI7aToxODAwO3M6ODoidGltZXpvbmUiO3M6MTk6IkFtZXJpY2EvTG9zX0FuZ2VsZXMiO3M6MjoidXQiO3M6MToiMSI7czo4OiJjdXJyZW5jeSI7czozOiItOTkiO3M6MzU6ImRlZmF1bHRfY3VycmVuY3lfc2lnbmlmaWNhbnRfZGlnaXRzIjtzOjE6IjIiO3M6MTE6Im51bV9ncnBfc2VwIjtzOjE6IiwiO3M6NzoiZGVjX3NlcCI7czoxOiIuIjtzOjU6ImRhdGVmIjtzOjU6Im0vZC9ZIjtzOjU6InRpbWVmIjtzOjQ6Img6aWEiO3M6MjY6ImRlZmF1bHRfbG9jYWxlX25hbWVfZm9ybWF0IjtzOjU6InMgZiBsIjtzOjE2OiJleHBvcnRfZGVsaW1pdGVyIjtzOjE6IiwiO3M6MjI6ImRlZmF1bHRfZXhwb3J0X2NoYXJzZXQiO3M6NToiVVRGLTgiO3M6MTQ6InVzZV9yZWFsX25hbWVzIjtzOjI6Im9uIjtzOjE3OiJtYWlsX3NtdHBhdXRoX3JlcSI7czowOiIiO3M6MTI6Im1haWxfc210cHNzbCI7aTowO3M6MTU6ImVtYWlsX2xpbmtfdHlwZSI7czo1OiJzdWdhciI7czoxNzoiZW1haWxfc2hvd19jb3VudHMiO2k6MDtzOjIwOiJjYWxlbmRhcl9wdWJsaXNoX2tleSI7czowOiIiO3M6MTU6ImxvZ2luZXhwaXJhdGlvbiI7czoxOiIwIjtzOjc6ImxvY2tvdXQiO3M6MDoiIjtzOjExOiJsb2dpbmZhaWxlZCI7czoxOiIwIjtzOjEwOiJ1c2VyX3RoZW1lIjtzOjY6IlN1Z2FyNSI7czoxOToidGhlbWVfY3VycmVudF9ncm91cCI7czozOiJBbGwiO3M6MTQ6Ik9wcG9ydHVuaXRpZXNRIjthOjk6e3M6MTM6InNlYXJjaEZvcm1UYWIiO3M6MTI6ImJhc2ljX3NlYXJjaCI7czo2OiJtb2R1bGUiO3M6MTM6Ik9wcG9ydHVuaXRpZXMiO3M6NjoiYWN0aW9uIjtzOjU6ImluZGV4IjtzOjU6InF1ZXJ5IjtzOjQ6InRydWUiO3M6MTA6Im5hbWVfYmFzaWMiO3M6MDoiIjtzOjIzOiJjdXJyZW50X3VzZXJfb25seV9iYXNpYyI7czoxOiIwIjtzOjE1OiJvcGVuX29ubHlfYmFzaWMiO3M6MToiMCI7czo2OiJidXR0b24iO3M6NjoiU2VhcmNoIjtzOjk6ImFqYXhfbG9hZCI7czoxOiIxIjt9czoxMzoiQU9TX1Byb2R1Y3RzUSI7YToyMzp7czo2OiJtb2R1bGUiO3M6MTI6IkFPU19Qcm9kdWN0cyI7czo2OiJhY3Rpb24iO3M6NToiaW5kZXgiO3M6MTM6InNlYXJjaEZvcm1UYWIiO3M6MTU6ImFkdmFuY2VkX3NlYXJjaCI7czo1OiJxdWVyeSI7czo0OiJ0cnVlIjtzOjEzOiJuYW1lX2FkdmFuY2VkIjtzOjA6IiI7czoyMDoicGFydF9udW1iZXJfYWR2YW5jZWQiO3M6MDoiIjtzOjI2OiJjb3N0X2FkdmFuY2VkX3JhbmdlX2Nob2ljZSI7czoxOiI9IjtzOjE5OiJyYW5nZV9jb3N0X2FkdmFuY2VkIjtzOjA6IiI7czoyNToic3RhcnRfcmFuZ2VfY29zdF9hZHZhbmNlZCI7czowOiIiO3M6MjM6ImVuZF9yYW5nZV9jb3N0X2FkdmFuY2VkIjtzOjA6IiI7czoyNzoicHJpY2VfYWR2YW5jZWRfcmFuZ2VfY2hvaWNlIjtzOjE6Ij0iO3M6MjA6InJhbmdlX3ByaWNlX2FkdmFuY2VkIjtzOjA6IiI7czoyNjoic3RhcnRfcmFuZ2VfcHJpY2VfYWR2YW5jZWQiO3M6MDoiIjtzOjI0OiJlbmRfcmFuZ2VfcHJpY2VfYWR2YW5jZWQiO3M6MDoiIjtzOjE3OiJjYXRlZ29yeV9hZHZhbmNlZCI7YToxOntpOjA7czo4OiJJbnRlcm5ldCI7fXM6OToic2hvd1NTRElWIjtzOjI6Im5vIjtzOjE3OiJzYXZlZF9zZWFyY2hfbmFtZSI7czowOiIiO3M6MTM6InNlYXJjaF9tb2R1bGUiO3M6MDoiIjtzOjE5OiJzYXZlZF9zZWFyY2hfYWN0aW9uIjtzOjA6IiI7czoxNDoiZGlzcGxheUNvbHVtbnMiO3M6NzQ6Ik1BSU5DT0RFfE5BTUV8UEFSVF9OVU1CRVJ8Q0FURUdPUll8Q09TVHxQUklDRXxDUkVBVEVEX0JZX05BTUV8REFURV9FTlRFUkVEIjtzOjg6ImhpZGVUYWJzIjtzOjA6IiI7czo3OiJvcmRlckJ5IjtzOjg6Ik1BSU5DT0RFIjtzOjk6InNvcnRPcmRlciI7czozOiJBU0MiO319'),('3ae0732a-c219-7642-c09b-4f32ad371879','Home',0,'2012-02-08 17:15:32','2012-02-08 17:15:32','9106f88a-f272-8119-72a3-4f3165461fc6','YToyOntzOjg6ImRhc2hsZXRzIjthOjg6e3M6MzY6IjFjNzg0YWU1LTJkYzUtMzlhMS03MDQzLTRmMzJhZGE4Mjg4ZCI7YTo1OntzOjk6ImNsYXNzTmFtZSI7czoxMzoiaUZyYW1lRGFzaGxldCI7czo2OiJtb2R1bGUiO3M6NDoiSG9tZSI7czoxMToiZm9yY2VDb2x1bW4iO2k6MDtzOjEyOiJmaWxlTG9jYXRpb24iO3M6NTM6Im1vZHVsZXMvSG9tZS9EYXNobGV0cy9pRnJhbWVEYXNobGV0L2lGcmFtZURhc2hsZXQucGhwIjtzOjc6Im9wdGlvbnMiO2E6Mzp7czo1OiJ0aXRsZSI7czoxNDoiRGlzY292ZXIgU3VnYXIiO3M6MzoidXJsIjtzOjQxOiJodHRwOi8vd3d3LnN1Z2FyY3JtLmNvbS9jcm0vcHJvZHVjdC9nb3BybyI7czo2OiJoZWlnaHQiO2k6MzE1O319czozNjoiMWM3ZDBlZDgtM2I3NC04ZGM2LTQyMWMtNGYzMmFkNGZjZmJiIjthOjQ6e3M6OToiY2xhc3NOYW1lIjtzOjE2OiJTdWdhckZlZWREYXNobGV0IjtzOjY6Im1vZHVsZSI7czo5OiJTdWdhckZlZWQiO3M6MTE6ImZvcmNlQ29sdW1uIjtpOjE7czoxMjoiZmlsZUxvY2F0aW9uIjtzOjY0OiJtb2R1bGVzL1N1Z2FyRmVlZC9EYXNobGV0cy9TdWdhckZlZWREYXNobGV0L1N1Z2FyRmVlZERhc2hsZXQucGhwIjt9czozNjoiMWM3ZjE2N2YtNjcwOC04OTA5LTI4NTgtNGYzMmFkMTA4Y2RmIjthOjU6e3M6OToiY2xhc3NOYW1lIjtzOjEzOiJpRnJhbWVEYXNobGV0IjtzOjY6Im1vZHVsZSI7czo0OiJIb21lIjtzOjExOiJmb3JjZUNvbHVtbiI7aToxO3M6MTI6ImZpbGVMb2NhdGlvbiI7czo1MzoibW9kdWxlcy9Ib21lL0Rhc2hsZXRzL2lGcmFtZURhc2hsZXQvaUZyYW1lRGFzaGxldC5waHAiO3M6Nzoib3B0aW9ucyI7YTozOntzOjU6InRpdGxlIjtzOjEwOiJTdWdhciBOZXdzIjtzOjM6InVybCI7czo0MDoiaHR0cDovL3d3dy5zdWdhcmNybS5jb20vY3JtL3Byb2R1Y3QvbmV3cyI7czo2OiJoZWlnaHQiO2k6MzE1O319czozNjoiMWQyMmRkYWItNjBmYy0yNGU5LTc0NzUtNGYzMmFkMWNkMDRmIjthOjU6e3M6OToiY2xhc3NOYW1lIjtzOjE0OiJNeUNhbGxzRGFzaGxldCI7czo2OiJtb2R1bGUiO3M6NToiQ2FsbHMiO3M6MTE6ImZvcmNlQ29sdW1uIjtpOjA7czoxMjoiZmlsZUxvY2F0aW9uIjtzOjU2OiJtb2R1bGVzL0NhbGxzL0Rhc2hsZXRzL015Q2FsbHNEYXNobGV0L015Q2FsbHNEYXNobGV0LnBocCI7czo3OiJvcHRpb25zIjthOjA6e319czozNjoiMWRkZWRiYTUtZDZlZC01MDkxLTUyM2YtNGYzMmFkNWNiYjk0IjthOjU6e3M6OToiY2xhc3NOYW1lIjtzOjE3OiJNeU1lZXRpbmdzRGFzaGxldCI7czo2OiJtb2R1bGUiO3M6ODoiTWVldGluZ3MiO3M6MTE6ImZvcmNlQ29sdW1uIjtpOjA7czoxMjoiZmlsZUxvY2F0aW9uIjtzOjY1OiJtb2R1bGVzL01lZXRpbmdzL0Rhc2hsZXRzL015TWVldGluZ3NEYXNobGV0L015TWVldGluZ3NEYXNobGV0LnBocCI7czo3OiJvcHRpb25zIjthOjA6e319czozNjoiMWU2NzcxOGQtNWUwNC1iZDc0LTU0MGEtNGYzMmFkOTg0NDViIjthOjU6e3M6OToiY2xhc3NOYW1lIjtzOjIyOiJNeU9wcG9ydHVuaXRpZXNEYXNobGV0IjtzOjY6Im1vZHVsZSI7czoxMzoiT3Bwb3J0dW5pdGllcyI7czoxMToiZm9yY2VDb2x1bW4iO2k6MDtzOjEyOiJmaWxlTG9jYXRpb24iO3M6ODA6Im1vZHVsZXMvT3Bwb3J0dW5pdGllcy9EYXNobGV0cy9NeU9wcG9ydHVuaXRpZXNEYXNobGV0L015T3Bwb3J0dW5pdGllc0Rhc2hsZXQucGhwIjtzOjc6Im9wdGlvbnMiO2E6MDp7fX1zOjM2OiIxZjE4YzdjYi05NDZjLTBkZWMtOTZiNy00ZjMyYWRlNTgyMGIiO2E6NTp7czo5OiJjbGFzc05hbWUiO3M6MTc6Ik15QWNjb3VudHNEYXNobGV0IjtzOjY6Im1vZHVsZSI7czo4OiJBY2NvdW50cyI7czoxMToiZm9yY2VDb2x1bW4iO2k6MDtzOjEyOiJmaWxlTG9jYXRpb24iO3M6NjU6Im1vZHVsZXMvQWNjb3VudHMvRGFzaGxldHMvTXlBY2NvdW50c0Rhc2hsZXQvTXlBY2NvdW50c0Rhc2hsZXQucGhwIjtzOjc6Im9wdGlvbnMiO2E6MDp7fX1zOjM2OiIxZmY2ZDdkZS04NGY2LTQ5ZGMtNWUxYy00ZjMyYWQ0ZmU4OGQiO2E6NTp7czo5OiJjbGFzc05hbWUiO3M6MTQ6Ik15TGVhZHNEYXNobGV0IjtzOjY6Im1vZHVsZSI7czo1OiJMZWFkcyI7czoxMToiZm9yY2VDb2x1bW4iO2k6MDtzOjEyOiJmaWxlTG9jYXRpb24iO3M6NTY6Im1vZHVsZXMvTGVhZHMvRGFzaGxldHMvTXlMZWFkc0Rhc2hsZXQvTXlMZWFkc0Rhc2hsZXQucGhwIjtzOjc6Im9wdGlvbnMiO2E6MDp7fX19czo1OiJwYWdlcyI7YToxOntpOjA7YTozOntzOjc6ImNvbHVtbnMiO2E6Mjp7aTowO2E6Mjp7czo1OiJ3aWR0aCI7czozOiI2MCUiO3M6ODoiZGFzaGxldHMiO2E6Njp7aTowO3M6MzY6IjFjNzg0YWU1LTJkYzUtMzlhMS03MDQzLTRmMzJhZGE4Mjg4ZCI7aToxO3M6MzY6IjFkMjJkZGFiLTYwZmMtMjRlOS03NDc1LTRmMzJhZDFjZDA0ZiI7aToyO3M6MzY6IjFkZGVkYmE1LWQ2ZWQtNTA5MS01MjNmLTRmMzJhZDVjYmI5NCI7aTozO3M6MzY6IjFlNjc3MThkLTVlMDQtYmQ3NC01NDBhLTRmMzJhZDk4NDQ1YiI7aTo0O3M6MzY6IjFmMThjN2NiLTk0NmMtMGRlYy05NmI3LTRmMzJhZGU1ODIwYiI7aTo1O3M6MzY6IjFmZjZkN2RlLTg0ZjYtNDlkYy01ZTFjLTRmMzJhZDRmZTg4ZCI7fX1pOjE7YToyOntzOjU6IndpZHRoIjtzOjM6IjQwJSI7czo4OiJkYXNobGV0cyI7YToyOntpOjA7czozNjoiMWM3ZDBlZDgtM2I3NC04ZGM2LTQyMWMtNGYzMmFkNGZjZmJiIjtpOjE7czozNjoiMWM3ZjE2N2YtNjcwOC04OTA5LTI4NTgtNGYzMmFkMTA4Y2RmIjt9fX1zOjEwOiJudW1Db2x1bW5zIjtzOjE6IjIiO3M6OToicGFnZVRpdGxlIjtzOjg6Ik15IFN1Z2FyIjt9fX0='),('3b540df6-d2f1-cda9-ec57-4f32ad954452','Home2_CALL',0,'2012-02-08 17:15:32','2012-02-08 17:15:32','9106f88a-f272-8119-72a3-4f3165461fc6','YToxOntzOjEzOiJsaXN0dmlld09yZGVyIjthOjI6e3M6Nzoib3JkZXJCeSI7czoxMjoiZGF0ZV9lbnRlcmVkIjtzOjk6InNvcnRPcmRlciI7czo0OiJERVNDIjt9fQ=='),('3b9a59fa-5d94-845a-282c-4f32ad4c9d66','Home2_MEETING',0,'2012-02-08 17:15:32','2012-02-08 17:15:32','9106f88a-f272-8119-72a3-4f3165461fc6','YToxOntzOjEzOiJsaXN0dmlld09yZGVyIjthOjI6e3M6Nzoib3JkZXJCeSI7czoxMjoiZGF0ZV9lbnRlcmVkIjtzOjk6InNvcnRPcmRlciI7czo0OiJERVNDIjt9fQ=='),('3bdd5f5d-0495-2127-cdb2-4f32adfcf0fc','Home2_OPPORTUNITY',0,'2012-02-08 17:15:32','2012-02-08 17:15:32','9106f88a-f272-8119-72a3-4f3165461fc6','YToxOntzOjEzOiJsaXN0dmlld09yZGVyIjthOjI6e3M6Nzoib3JkZXJCeSI7czoxMjoiZGF0ZV9lbnRlcmVkIjtzOjk6InNvcnRPcmRlciI7czo0OiJERVNDIjt9fQ=='),('3c21d66e-8ad5-cddb-f7a2-4f32ad8e7d6d','Home2_ACCOUNT',0,'2012-02-08 17:15:32','2012-02-08 17:15:32','9106f88a-f272-8119-72a3-4f3165461fc6','YToxOntzOjEzOiJsaXN0dmlld09yZGVyIjthOjI6e3M6Nzoib3JkZXJCeSI7czoxMjoiZGF0ZV9lbnRlcmVkIjtzOjk6InNvcnRPcmRlciI7czo0OiJERVNDIjt9fQ=='),('3c64f084-b552-e691-2cf3-4f32ad454772','Home2_LEAD',0,'2012-02-08 17:15:32','2012-02-08 17:15:32','9106f88a-f272-8119-72a3-4f3165461fc6','YToxOntzOjEzOiJsaXN0dmlld09yZGVyIjthOjI6e3M6Nzoib3JkZXJCeSI7czoxMjoiZGF0ZV9lbnRlcmVkIjtzOjk6InNvcnRPcmRlciI7czo0OiJERVNDIjt9fQ=='),('3ca878a2-c074-a0c6-aa02-4f32ada46479','Home2_SUGARFEED',0,'2012-02-08 17:15:32','2012-02-08 17:15:32','9106f88a-f272-8119-72a3-4f3165461fc6','YToxOntzOjEzOiJsaXN0dmlld09yZGVyIjthOjI6e3M6Nzoib3JkZXJCeSI7czoxMjoiZGF0ZV9lbnRlcmVkIjtzOjk6InNvcnRPcmRlciI7czo0OiJERVNDIjt9fQ=='),('cb83c072-7a8e-28bd-ec8c-4f32d418b517','Calendar2_TASK',0,'2012-02-08 20:02:21','2012-02-08 20:02:21','1','YToxOntzOjEzOiJsaXN0dmlld09yZGVyIjthOjI6e3M6Nzoib3JkZXJCeSI7czoxMjoiZGF0ZV9lbnRlcmVkIjtzOjk6InNvcnRPcmRlciI7czo0OiJERVNDIjt9fQ=='),('f065cf70-5d94-843d-857e-4f32d9bdec86','Leads2_LEAD',0,'2012-02-08 20:20:37','2012-02-08 20:20:37','1','YToxOntzOjEzOiJsaXN0dmlld09yZGVyIjthOjI6e3M6Nzoib3JkZXJCeSI7czoxMjoiZGF0ZV9lbnRlcmVkIjtzOjk6InNvcnRPcmRlciI7czo0OiJERVNDIjt9fQ=='),('6d520f93-9362-f2d5-9e8d-4f3d42272068','Employees2_EMPLOYEE',0,'2012-02-16 17:52:43','2012-02-16 17:52:43','1','YToxOntzOjEzOiJsaXN0dmlld09yZGVyIjthOjI6e3M6Nzoib3JkZXJCeSI7czoxMjoiZGF0ZV9lbnRlcmVkIjtzOjk6InNvcnRPcmRlciI7czo0OiJERVNDIjt9fQ=='),('307e75a4-8bc7-e23d-5da2-4f3d53a19d5a','Bugs2_BUG',0,'2012-02-16 19:04:19','2012-02-16 19:04:19','1','YToxOntzOjEzOiJsaXN0dmlld09yZGVyIjthOjI6e3M6Nzoib3JkZXJCeSI7czoxMjoiZGF0ZV9lbnRlcmVkIjtzOjk6InNvcnRPcmRlciI7czo0OiJERVNDIjt9fQ=='),('9798b964-c8e9-2c24-7215-4f3d55cc1353','global',0,'2012-02-16 19:12:29','2012-02-16 19:18:21','9673dc31-3233-8829-d8af-4f3d55b2ff3c','YTozNDp7czoxMjoibWFpbG1lcmdlX29uIjtzOjI6Im9uIjtzOjg6Im1heF90YWJzIjtzOjE6IjciO3M6MTY6InN3YXBfbGFzdF92aWV3ZWQiO3M6MDoiIjtzOjE0OiJzd2FwX3Nob3J0Y3V0cyI7czowOiIiO3M6MTk6Im5hdmlnYXRpb25fcGFyYWRpZ20iO3M6MjoiZ20iO3M6MTM6InN1YnBhbmVsX3RhYnMiO3M6MDoiIjtzOjE0OiJtb2R1bGVfZmF2aWNvbiI7czowOiIiO3M6MTI6ImRpc3BsYXlfdGFicyI7YToyOntpOjA7czo0OiJIb21lIjtpOjE7czo0OiJCdWdzIjt9czo5OiJoaWRlX3RhYnMiO2E6MDp7fXM6MTE6InJlbW92ZV90YWJzIjthOjA6e31zOjc6Im5vX29wcHMiO3M6Mzoib2ZmIjtzOjEzOiJyZW1pbmRlcl90aW1lIjtpOjE4MDA7czo4OiJ0aW1lem9uZSI7czoxOToiQW1lcmljYS9Mb3NfQW5nZWxlcyI7czoyOiJ1dCI7czoxOiIxIjtzOjg6ImN1cnJlbmN5IjtzOjM6Ii05OSI7czozNToiZGVmYXVsdF9jdXJyZW5jeV9zaWduaWZpY2FudF9kaWdpdHMiO3M6MToiMiI7czoxMToibnVtX2dycF9zZXAiO3M6MToiLCI7czo3OiJkZWNfc2VwIjtzOjE6Ii4iO3M6NToiZGF0ZWYiO3M6NToibS9kL1kiO3M6NToidGltZWYiO3M6NDoiaDppYSI7czoyNjoiZGVmYXVsdF9sb2NhbGVfbmFtZV9mb3JtYXQiO3M6NToicyBmIGwiO3M6MTY6ImV4cG9ydF9kZWxpbWl0ZXIiO3M6MToiLCI7czoyMjoiZGVmYXVsdF9leHBvcnRfY2hhcnNldCI7czo1OiJVVEYtOCI7czoxNDoidXNlX3JlYWxfbmFtZXMiO3M6Mjoib24iO3M6MTc6Im1haWxfc210cGF1dGhfcmVxIjtzOjA6IiI7czoxMjoibWFpbF9zbXRwc3NsIjtpOjA7czoxNToiZW1haWxfbGlua190eXBlIjtzOjU6InN1Z2FyIjtzOjE3OiJlbWFpbF9zaG93X2NvdW50cyI7aTowO3M6MjA6ImNhbGVuZGFyX3B1Ymxpc2hfa2V5IjtzOjA6IiI7czoxNToibG9naW5leHBpcmF0aW9uIjtzOjE6IjAiO3M6NzoibG9ja291dCI7czowOiIiO3M6MTE6ImxvZ2luZmFpbGVkIjtzOjE6IjAiO3M6MTA6InVzZXJfdGhlbWUiO3M6NjoiU3VnYXI1IjtzOjE5OiJ0aGVtZV9jdXJyZW50X2dyb3VwIjtzOjM6IkFsbCI7fQ=='),('78982259-5def-51c5-b1bf-4f3d56bc6b4b','Home',0,'2012-02-16 19:18:22','2012-02-16 19:18:22','9673dc31-3233-8829-d8af-4f3d55b2ff3c','YToyOntzOjg6ImRhc2hsZXRzIjthOjg6e3M6MzY6IjRjMGQ0ZGNiLThmOWEtOTU2Yi01ZThmLTRmM2Q1NmE4MzAzNSI7YTo1OntzOjk6ImNsYXNzTmFtZSI7czoxMzoiaUZyYW1lRGFzaGxldCI7czo2OiJtb2R1bGUiO3M6NDoiSG9tZSI7czoxMToiZm9yY2VDb2x1bW4iO2k6MDtzOjEyOiJmaWxlTG9jYXRpb24iO3M6NTM6Im1vZHVsZXMvSG9tZS9EYXNobGV0cy9pRnJhbWVEYXNobGV0L2lGcmFtZURhc2hsZXQucGhwIjtzOjc6Im9wdGlvbnMiO2E6Mzp7czo1OiJ0aXRsZSI7czoxNDoiRGlzY292ZXIgU3VnYXIiO3M6MzoidXJsIjtzOjQxOiJodHRwOi8vd3d3LnN1Z2FyY3JtLmNvbS9jcm0vcHJvZHVjdC9nb3BybyI7czo2OiJoZWlnaHQiO2k6MzE1O319czozNjoiNGMxMmI0MDEtZmNmNS1iYTgxLWJkNGQtNGYzZDU2Y2Q2NmZmIjthOjQ6e3M6OToiY2xhc3NOYW1lIjtzOjE2OiJTdWdhckZlZWREYXNobGV0IjtzOjY6Im1vZHVsZSI7czo5OiJTdWdhckZlZWQiO3M6MTE6ImZvcmNlQ29sdW1uIjtpOjE7czoxMjoiZmlsZUxvY2F0aW9uIjtzOjY0OiJtb2R1bGVzL1N1Z2FyRmVlZC9EYXNobGV0cy9TdWdhckZlZWREYXNobGV0L1N1Z2FyRmVlZERhc2hsZXQucGhwIjt9czozNjoiNGMxNDk0NzQtMjEwZi03NWMzLWJjYWYtNGYzZDU2Mzg2YWY3IjthOjU6e3M6OToiY2xhc3NOYW1lIjtzOjEzOiJpRnJhbWVEYXNobGV0IjtzOjY6Im1vZHVsZSI7czo0OiJIb21lIjtzOjExOiJmb3JjZUNvbHVtbiI7aToxO3M6MTI6ImZpbGVMb2NhdGlvbiI7czo1MzoibW9kdWxlcy9Ib21lL0Rhc2hsZXRzL2lGcmFtZURhc2hsZXQvaUZyYW1lRGFzaGxldC5waHAiO3M6Nzoib3B0aW9ucyI7YTozOntzOjU6InRpdGxlIjtzOjEwOiJTdWdhciBOZXdzIjtzOjM6InVybCI7czo0MDoiaHR0cDovL3d3dy5zdWdhcmNybS5jb20vY3JtL3Byb2R1Y3QvbmV3cyI7czo2OiJoZWlnaHQiO2k6MzE1O319czozNjoiNGNjOWY2ZjctZWRmYS03YTM3LTc4MzEtNGYzZDU2ODUwZTE5IjthOjU6e3M6OToiY2xhc3NOYW1lIjtzOjE0OiJNeUNhbGxzRGFzaGxldCI7czo2OiJtb2R1bGUiO3M6NToiQ2FsbHMiO3M6MTE6ImZvcmNlQ29sdW1uIjtpOjA7czoxMjoiZmlsZUxvY2F0aW9uIjtzOjU2OiJtb2R1bGVzL0NhbGxzL0Rhc2hsZXRzL015Q2FsbHNEYXNobGV0L015Q2FsbHNEYXNobGV0LnBocCI7czo3OiJvcHRpb25zIjthOjA6e319czozNjoiNGQ5N2ZmODgtMTVjYS02NzdiLTMyNDgtNGYzZDU2MTYyYmY3IjthOjU6e3M6OToiY2xhc3NOYW1lIjtzOjE3OiJNeU1lZXRpbmdzRGFzaGxldCI7czo2OiJtb2R1bGUiO3M6ODoiTWVldGluZ3MiO3M6MTE6ImZvcmNlQ29sdW1uIjtpOjA7czoxMjoiZmlsZUxvY2F0aW9uIjtzOjY1OiJtb2R1bGVzL01lZXRpbmdzL0Rhc2hsZXRzL015TWVldGluZ3NEYXNobGV0L015TWVldGluZ3NEYXNobGV0LnBocCI7czo3OiJvcHRpb25zIjthOjA6e319czozNjoiNGUzZGVjMTEtYjQ5Yy1mMDIxLTVkNTMtNGYzZDU2YWRlMmE0IjthOjU6e3M6OToiY2xhc3NOYW1lIjtzOjIyOiJNeU9wcG9ydHVuaXRpZXNEYXNobGV0IjtzOjY6Im1vZHVsZSI7czoxMzoiT3Bwb3J0dW5pdGllcyI7czoxMToiZm9yY2VDb2x1bW4iO2k6MDtzOjEyOiJmaWxlTG9jYXRpb24iO3M6ODA6Im1vZHVsZXMvT3Bwb3J0dW5pdGllcy9EYXNobGV0cy9NeU9wcG9ydHVuaXRpZXNEYXNobGV0L015T3Bwb3J0dW5pdGllc0Rhc2hsZXQucGhwIjtzOjc6Im9wdGlvbnMiO2E6MDp7fX1zOjM2OiI0ZjBmNDA0Zi01MzMwLWI4NTUtNWQ4Yi00ZjNkNTYxZjhkNGYiO2E6NTp7czo5OiJjbGFzc05hbWUiO3M6MTc6Ik15QWNjb3VudHNEYXNobGV0IjtzOjY6Im1vZHVsZSI7czo4OiJBY2NvdW50cyI7czoxMToiZm9yY2VDb2x1bW4iO2k6MDtzOjEyOiJmaWxlTG9jYXRpb24iO3M6NjU6Im1vZHVsZXMvQWNjb3VudHMvRGFzaGxldHMvTXlBY2NvdW50c0Rhc2hsZXQvTXlBY2NvdW50c0Rhc2hsZXQucGhwIjtzOjc6Im9wdGlvbnMiO2E6MDp7fX1zOjM2OiI1MDA0ZjJhZi0zYmFkLTJlNWItNGU0OC00ZjNkNTY5NjQ2MmQiO2E6NTp7czo5OiJjbGFzc05hbWUiO3M6MTQ6Ik15TGVhZHNEYXNobGV0IjtzOjY6Im1vZHVsZSI7czo1OiJMZWFkcyI7czoxMToiZm9yY2VDb2x1bW4iO2k6MDtzOjEyOiJmaWxlTG9jYXRpb24iO3M6NTY6Im1vZHVsZXMvTGVhZHMvRGFzaGxldHMvTXlMZWFkc0Rhc2hsZXQvTXlMZWFkc0Rhc2hsZXQucGhwIjtzOjc6Im9wdGlvbnMiO2E6MDp7fX19czo1OiJwYWdlcyI7YToxOntpOjA7YTozOntzOjc6ImNvbHVtbnMiO2E6Mjp7aTowO2E6Mjp7czo1OiJ3aWR0aCI7czozOiI2MCUiO3M6ODoiZGFzaGxldHMiO2E6Njp7aTowO3M6MzY6IjRjMGQ0ZGNiLThmOWEtOTU2Yi01ZThmLTRmM2Q1NmE4MzAzNSI7aToxO3M6MzY6IjRjYzlmNmY3LWVkZmEtN2EzNy03ODMxLTRmM2Q1Njg1MGUxOSI7aToyO3M6MzY6IjRkOTdmZjg4LTE1Y2EtNjc3Yi0zMjQ4LTRmM2Q1NjE2MmJmNyI7aTozO3M6MzY6IjRlM2RlYzExLWI0OWMtZjAyMS01ZDUzLTRmM2Q1NmFkZTJhNCI7aTo0O3M6MzY6IjRmMGY0MDRmLTUzMzAtYjg1NS01ZDhiLTRmM2Q1NjFmOGQ0ZiI7aTo1O3M6MzY6IjUwMDRmMmFmLTNiYWQtMmU1Yi00ZTQ4LTRmM2Q1Njk2NDYyZCI7fX1pOjE7YToyOntzOjU6IndpZHRoIjtzOjM6IjQwJSI7czo4OiJkYXNobGV0cyI7YToyOntpOjA7czozNjoiNGMxMmI0MDEtZmNmNS1iYTgxLWJkNGQtNGYzZDU2Y2Q2NmZmIjtpOjE7czozNjoiNGMxNDk0NzQtMjEwZi03NWMzLWJjYWYtNGYzZDU2Mzg2YWY3Ijt9fX1zOjEwOiJudW1Db2x1bW5zIjtzOjE6IjIiO3M6OToicGFnZVRpdGxlIjtzOjg6Ik15IFN1Z2FyIjt9fX0='),('790c780e-a738-7d8f-67bc-4f3d566baedb','Home2_CALL',0,'2012-02-16 19:18:22','2012-02-16 19:18:22','9673dc31-3233-8829-d8af-4f3d55b2ff3c','YToxOntzOjEzOiJsaXN0dmlld09yZGVyIjthOjI6e3M6Nzoib3JkZXJCeSI7czoxMjoiZGF0ZV9lbnRlcmVkIjtzOjk6InNvcnRPcmRlciI7czo0OiJERVNDIjt9fQ=='),('7951308b-aa54-db25-d39d-4f3d56e8eaa0','Home2_MEETING',0,'2012-02-16 19:18:22','2012-02-16 19:18:22','9673dc31-3233-8829-d8af-4f3d55b2ff3c','YToxOntzOjEzOiJsaXN0dmlld09yZGVyIjthOjI6e3M6Nzoib3JkZXJCeSI7czoxMjoiZGF0ZV9lbnRlcmVkIjtzOjk6InNvcnRPcmRlciI7czo0OiJERVNDIjt9fQ=='),('7994e3b3-4fd5-0a2f-bab7-4f3d568b1a82','Home2_OPPORTUNITY',0,'2012-02-16 19:18:22','2012-02-16 19:18:22','9673dc31-3233-8829-d8af-4f3d55b2ff3c','YToxOntzOjEzOiJsaXN0dmlld09yZGVyIjthOjI6e3M6Nzoib3JkZXJCeSI7czoxMjoiZGF0ZV9lbnRlcmVkIjtzOjk6InNvcnRPcmRlciI7czo0OiJERVNDIjt9fQ=='),('79d9362e-8b1f-e585-1d97-4f3d56405da1','Home2_ACCOUNT',0,'2012-02-16 19:18:22','2012-02-16 19:18:22','9673dc31-3233-8829-d8af-4f3d55b2ff3c','YToxOntzOjEzOiJsaXN0dmlld09yZGVyIjthOjI6e3M6Nzoib3JkZXJCeSI7czoxMjoiZGF0ZV9lbnRlcmVkIjtzOjk6InNvcnRPcmRlciI7czo0OiJERVNDIjt9fQ=='),('7a2da06e-ff88-b570-bbf7-4f3d56b6cefd','Home2_LEAD',0,'2012-02-16 19:18:22','2012-02-16 19:18:22','9673dc31-3233-8829-d8af-4f3d55b2ff3c','YToxOntzOjEzOiJsaXN0dmlld09yZGVyIjthOjI6e3M6Nzoib3JkZXJCeSI7czoxMjoiZGF0ZV9lbnRlcmVkIjtzOjk6InNvcnRPcmRlciI7czo0OiJERVNDIjt9fQ=='),('7a7324e8-8845-9be8-17ef-4f3d56954b36','Home2_SUGARFEED',0,'2012-02-16 19:18:22','2012-02-16 19:18:22','9673dc31-3233-8829-d8af-4f3d55b2ff3c','YToxOntzOjEzOiJsaXN0dmlld09yZGVyIjthOjI6e3M6Nzoib3JkZXJCeSI7czoxMjoiZGF0ZV9lbnRlcmVkIjtzOjk6InNvcnRPcmRlciI7czo0OiJERVNDIjt9fQ=='),('2c19842b-5e23-aecd-86b3-4f3d56852fea','Bugs2_BUG',0,'2012-02-16 19:19:34','2012-02-16 19:19:34','9673dc31-3233-8829-d8af-4f3d55b2ff3c','YToxOntzOjEzOiJsaXN0dmlld09yZGVyIjthOjI6e3M6Nzoib3JkZXJCeSI7czoxMjoiZGF0ZV9lbnRlcmVkIjtzOjk6InNvcnRPcmRlciI7czo0OiJERVNDIjt9fQ=='),('9615cad9-00be-600f-7c78-4f3d5687ab7a','Users2_USER',0,'2012-02-16 19:20:03','2012-02-16 19:20:03','9673dc31-3233-8829-d8af-4f3d55b2ff3c','YToxOntzOjEzOiJsaXN0dmlld09yZGVyIjthOjI6e3M6Nzoib3JkZXJCeSI7czoxMjoiZGF0ZV9lbnRlcmVkIjtzOjk6InNvcnRPcmRlciI7czo0OiJERVNDIjt9fQ=='),('b48ee906-7cba-6e6a-4537-4f3d575ff26b','global',0,'2012-02-16 19:21:23','2012-02-16 19:59:34','b382dde4-a6f4-b9c9-76b7-4f3d574329b1','YTozMzp7czoxMjoibWFpbG1lcmdlX29uIjtzOjI6Im9uIjtzOjg6Im1heF90YWJzIjtzOjE6IjciO3M6MTY6InN3YXBfbGFzdF92aWV3ZWQiO3M6MDoiIjtzOjE0OiJzd2FwX3Nob3J0Y3V0cyI7czowOiIiO3M6MTk6Im5hdmlnYXRpb25fcGFyYWRpZ20iO3M6MjoiZ20iO3M6MTM6InN1YnBhbmVsX3RhYnMiO3M6MDoiIjtzOjE0OiJtb2R1bGVfZmF2aWNvbiI7czowOiIiO3M6OToiaGlkZV90YWJzIjthOjA6e31zOjExOiJyZW1vdmVfdGFicyI7YTowOnt9czo3OiJub19vcHBzIjtzOjM6Im9mZiI7czoxMzoicmVtaW5kZXJfdGltZSI7aToxODAwO3M6ODoidGltZXpvbmUiO3M6MTk6IkFtZXJpY2EvTG9zX0FuZ2VsZXMiO3M6MjoidXQiO3M6MToiMSI7czo4OiJjdXJyZW5jeSI7czozOiItOTkiO3M6MzU6ImRlZmF1bHRfY3VycmVuY3lfc2lnbmlmaWNhbnRfZGlnaXRzIjtzOjE6IjIiO3M6MTE6Im51bV9ncnBfc2VwIjtzOjE6IiwiO3M6NzoiZGVjX3NlcCI7czoxOiIuIjtzOjU6ImRhdGVmIjtzOjU6Im0vZC9ZIjtzOjU6InRpbWVmIjtzOjQ6Img6aWEiO3M6MjY6ImRlZmF1bHRfbG9jYWxlX25hbWVfZm9ybWF0IjtzOjU6InMgZiBsIjtzOjE2OiJleHBvcnRfZGVsaW1pdGVyIjtzOjE6IiwiO3M6MjI6ImRlZmF1bHRfZXhwb3J0X2NoYXJzZXQiO3M6NToiVVRGLTgiO3M6MTQ6InVzZV9yZWFsX25hbWVzIjtzOjI6Im9uIjtzOjE3OiJtYWlsX3NtdHBhdXRoX3JlcSI7czowOiIiO3M6MTI6Im1haWxfc210cHNzbCI7aTowO3M6MTU6ImVtYWlsX2xpbmtfdHlwZSI7czo1OiJzdWdhciI7czoxNzoiZW1haWxfc2hvd19jb3VudHMiO2k6MDtzOjIwOiJjYWxlbmRhcl9wdWJsaXNoX2tleSI7czowOiIiO3M6MTU6ImxvZ2luZXhwaXJhdGlvbiI7czoxOiIwIjtzOjc6ImxvY2tvdXQiO3M6MDoiIjtzOjExOiJsb2dpbmZhaWxlZCI7czoxOiIwIjtzOjEwOiJ1c2VyX3RoZW1lIjtzOjY6IlN1Z2FyNSI7czoxOToidGhlbWVfY3VycmVudF9ncm91cCI7czozOiJBbGwiO30='),('1036ed87-8b07-b008-55f5-4f3d5761989b','Home',0,'2012-02-16 19:23:03','2012-03-20 19:03:40','b382dde4-a6f4-b9c9-76b7-4f3d574329b1','YToyOntzOjg6ImRhc2hsZXRzIjthOjc6e3M6MzY6ImQ3YTkxMjExLWQ3MDMtOWU4Yy1jMGMwLTRmM2Q1N2Y3ODdjZSI7YTo0OntzOjk6ImNsYXNzTmFtZSI7czoxNjoiU3VnYXJGZWVkRGFzaGxldCI7czo2OiJtb2R1bGUiO3M6OToiU3VnYXJGZWVkIjtzOjExOiJmb3JjZUNvbHVtbiI7aToxO3M6MTI6ImZpbGVMb2NhdGlvbiI7czo2NDoibW9kdWxlcy9TdWdhckZlZWQvRGFzaGxldHMvU3VnYXJGZWVkRGFzaGxldC9TdWdhckZlZWREYXNobGV0LnBocCI7fXM6MzY6ImQ3YWIwNDU3LTk3YTktNmVlMi04MTJlLTRmM2Q1NzYzMTVlZSI7YTo1OntzOjk6ImNsYXNzTmFtZSI7czoxMzoiaUZyYW1lRGFzaGxldCI7czo2OiJtb2R1bGUiO3M6NDoiSG9tZSI7czoxMToiZm9yY2VDb2x1bW4iO2k6MTtzOjEyOiJmaWxlTG9jYXRpb24iO3M6NTM6Im1vZHVsZXMvSG9tZS9EYXNobGV0cy9pRnJhbWVEYXNobGV0L2lGcmFtZURhc2hsZXQucGhwIjtzOjc6Im9wdGlvbnMiO2E6Mzp7czo1OiJ0aXRsZSI7czoxMDoiU3VnYXIgTmV3cyI7czozOiJ1cmwiO3M6NDA6Imh0dHA6Ly93d3cuc3VnYXJjcm0uY29tL2NybS9wcm9kdWN0L25ld3MiO3M6NjoiaGVpZ2h0IjtpOjMxNTt9fXM6MzY6ImQ4NWQ3YzkxLTZhZTQtNGFlMi04YTBkLTRmM2Q1NzhiNWMyYSI7YTo1OntzOjk6ImNsYXNzTmFtZSI7czoxNDoiTXlDYWxsc0Rhc2hsZXQiO3M6NjoibW9kdWxlIjtzOjU6IkNhbGxzIjtzOjExOiJmb3JjZUNvbHVtbiI7aTowO3M6MTI6ImZpbGVMb2NhdGlvbiI7czo1NjoibW9kdWxlcy9DYWxscy9EYXNobGV0cy9NeUNhbGxzRGFzaGxldC9NeUNhbGxzRGFzaGxldC5waHAiO3M6Nzoib3B0aW9ucyI7YTowOnt9fXM6MzY6ImQ5MjkyOTg1LTUxYWItNTIxNi05YzE1LTRmM2Q1N2U1NGE0YiI7YTo1OntzOjk6ImNsYXNzTmFtZSI7czoxNzoiTXlNZWV0aW5nc0Rhc2hsZXQiO3M6NjoibW9kdWxlIjtzOjg6Ik1lZXRpbmdzIjtzOjExOiJmb3JjZUNvbHVtbiI7aTowO3M6MTI6ImZpbGVMb2NhdGlvbiI7czo2NToibW9kdWxlcy9NZWV0aW5ncy9EYXNobGV0cy9NeU1lZXRpbmdzRGFzaGxldC9NeU1lZXRpbmdzRGFzaGxldC5waHAiO3M6Nzoib3B0aW9ucyI7YTowOnt9fXM6MzY6ImQ5ZDJjYjQ1LTczMzQtMDc3Zi03NTA0LTRmM2Q1NzI5MTdmZCI7YTo1OntzOjk6ImNsYXNzTmFtZSI7czoyMjoiTXlPcHBvcnR1bml0aWVzRGFzaGxldCI7czo2OiJtb2R1bGUiO3M6MTM6Ik9wcG9ydHVuaXRpZXMiO3M6MTE6ImZvcmNlQ29sdW1uIjtpOjA7czoxMjoiZmlsZUxvY2F0aW9uIjtzOjgwOiJtb2R1bGVzL09wcG9ydHVuaXRpZXMvRGFzaGxldHMvTXlPcHBvcnR1bml0aWVzRGFzaGxldC9NeU9wcG9ydHVuaXRpZXNEYXNobGV0LnBocCI7czo3OiJvcHRpb25zIjthOjA6e319czozNjoiZGFhOWUzMDEtNGQ4Yi1kM2FiLWQwMTYtNGYzZDU3NzYyYmYzIjthOjU6e3M6OToiY2xhc3NOYW1lIjtzOjE3OiJNeUFjY291bnRzRGFzaGxldCI7czo2OiJtb2R1bGUiO3M6ODoiQWNjb3VudHMiO3M6MTE6ImZvcmNlQ29sdW1uIjtpOjA7czoxMjoiZmlsZUxvY2F0aW9uIjtzOjY1OiJtb2R1bGVzL0FjY291bnRzL0Rhc2hsZXRzL015QWNjb3VudHNEYXNobGV0L015QWNjb3VudHNEYXNobGV0LnBocCI7czo3OiJvcHRpb25zIjthOjA6e319czozNjoiZGI5ZGNiY2QtNDAzNS0zNTViLTM1ZjctNGYzZDU3MTJkZDg5IjthOjU6e3M6OToiY2xhc3NOYW1lIjtzOjE0OiJNeUxlYWRzRGFzaGxldCI7czo2OiJtb2R1bGUiO3M6NToiTGVhZHMiO3M6MTE6ImZvcmNlQ29sdW1uIjtpOjA7czoxMjoiZmlsZUxvY2F0aW9uIjtzOjU2OiJtb2R1bGVzL0xlYWRzL0Rhc2hsZXRzL015TGVhZHNEYXNobGV0L015TGVhZHNEYXNobGV0LnBocCI7czo3OiJvcHRpb25zIjthOjA6e319fXM6NToicGFnZXMiO2E6MTp7aTowO2E6Mzp7czo3OiJjb2x1bW5zIjthOjI6e2k6MDthOjI6e3M6NToid2lkdGgiO3M6MzoiNjAlIjtzOjg6ImRhc2hsZXRzIjthOjU6e2k6MTtzOjM2OiJkODVkN2M5MS02YWU0LTRhZTItOGEwZC00ZjNkNTc4YjVjMmEiO2k6MjtzOjM2OiJkOTI5Mjk4NS01MWFiLTUyMTYtOWMxNS00ZjNkNTdlNTRhNGIiO2k6MztzOjM2OiJkOWQyY2I0NS03MzM0LTA3N2YtNzUwNC00ZjNkNTcyOTE3ZmQiO2k6NDtzOjM2OiJkYWE5ZTMwMS00ZDhiLWQzYWItZDAxNi00ZjNkNTc3NjJiZjMiO2k6NTtzOjM2OiJkYjlkY2JjZC00MDM1LTM1NWItMzVmNy00ZjNkNTcxMmRkODkiO319aToxO2E6Mjp7czo1OiJ3aWR0aCI7czozOiI0MCUiO3M6ODoiZGFzaGxldHMiO2E6Mjp7aTowO3M6MzY6ImQ3YTkxMjExLWQ3MDMtOWU4Yy1jMGMwLTRmM2Q1N2Y3ODdjZSI7aToxO3M6MzY6ImQ3YWIwNDU3LTk3YTktNmVlMi04MTJlLTRmM2Q1NzYzMTVlZSI7fX19czoxMDoibnVtQ29sdW1ucyI7czoxOiIyIjtzOjk6InBhZ2VUaXRsZSI7czo4OiJNeSBTdWdhciI7fX19'),('e04e993d-5c64-273b-b7b3-4f6c0058adfd','Employees2_EMPLOYEE',0,'2012-03-23 04:47:29','2012-03-29 20:31:07','2bf53c62-efbb-f811-41f8-4f3d64001d45','YToxOntzOjEzOiJsaXN0dmlld09yZGVyIjthOjI6e3M6Nzoib3JkZXJCeSI7czoxMjoiZGF0ZV9lbnRlcmVkIjtzOjk6InNvcnRPcmRlciI7czo0OiJERVNDIjt9fQ=='),('99ecbc95-a209-e09f-f2ca-4f70ab7ef5f5','Accounts2_ACCOUNT',0,'2012-03-26 17:45:43','2012-03-26 17:45:43','9106f88a-f272-8119-72a3-4f3165461fc6','YToxOntzOjEzOiJsaXN0dmlld09yZGVyIjthOjI6e3M6Nzoib3JkZXJCeSI7czoxMjoiZGF0ZV9lbnRlcmVkIjtzOjk6InNvcnRPcmRlciI7czo0OiJERVNDIjt9fQ=='),('10b067f8-e6c2-0d44-2398-4f3d57088b66','Home2_CALL',0,'2012-02-16 19:23:03','2012-02-16 19:23:03','b382dde4-a6f4-b9c9-76b7-4f3d574329b1','YToxOntzOjEzOiJsaXN0dmlld09yZGVyIjthOjI6e3M6Nzoib3JkZXJCeSI7czoxMjoiZGF0ZV9lbnRlcmVkIjtzOjk6InNvcnRPcmRlciI7czo0OiJERVNDIjt9fQ=='),('10f58b4a-a6ba-5da9-b847-4f3d576dae9e','Home2_MEETING',0,'2012-02-16 19:23:03','2012-02-16 19:23:03','b382dde4-a6f4-b9c9-76b7-4f3d574329b1','YToxOntzOjEzOiJsaXN0dmlld09yZGVyIjthOjI6e3M6Nzoib3JkZXJCeSI7czoxMjoiZGF0ZV9lbnRlcmVkIjtzOjk6InNvcnRPcmRlciI7czo0OiJERVNDIjt9fQ=='),('11414dca-60ae-4358-c9b8-4f3d57be69dc','Home2_OPPORTUNITY',0,'2012-02-16 19:23:03','2012-02-16 19:23:03','b382dde4-a6f4-b9c9-76b7-4f3d574329b1','YToxOntzOjEzOiJsaXN0dmlld09yZGVyIjthOjI6e3M6Nzoib3JkZXJCeSI7czoxMjoiZGF0ZV9lbnRlcmVkIjtzOjk6InNvcnRPcmRlciI7czo0OiJERVNDIjt9fQ=='),('118896fc-3743-dff9-1319-4f3d57d8092f','Home2_ACCOUNT',0,'2012-02-16 19:23:03','2012-02-16 19:23:03','b382dde4-a6f4-b9c9-76b7-4f3d574329b1','YToxOntzOjEzOiJsaXN0dmlld09yZGVyIjthOjI6e3M6Nzoib3JkZXJCeSI7czoxMjoiZGF0ZV9lbnRlcmVkIjtzOjk6InNvcnRPcmRlciI7czo0OiJERVNDIjt9fQ=='),('11cf33f2-cca8-e4d9-f38f-4f3d57044370','Home2_LEAD',0,'2012-02-16 19:23:03','2012-02-16 19:23:03','b382dde4-a6f4-b9c9-76b7-4f3d574329b1','YToxOntzOjEzOiJsaXN0dmlld09yZGVyIjthOjI6e3M6Nzoib3JkZXJCeSI7czoxMjoiZGF0ZV9lbnRlcmVkIjtzOjk6InNvcnRPcmRlciI7czo0OiJERVNDIjt9fQ=='),('1215874a-ae54-a21a-2e28-4f3d57d37702','Home2_SUGARFEED',0,'2012-02-16 19:23:03','2012-02-16 19:23:03','b382dde4-a6f4-b9c9-76b7-4f3d574329b1','YToxOntzOjEzOiJsaXN0dmlld09yZGVyIjthOjI6e3M6Nzoib3JkZXJCeSI7czoxMjoiZGF0ZV9lbnRlcmVkIjtzOjk6InNvcnRPcmRlciI7czo0OiJERVNDIjt9fQ=='),('eafbf5e8-ee1a-9c96-2070-4f3d6181a203','global',0,'2012-02-16 20:04:32','2012-02-17 02:30:08','e9f79185-1406-a996-16f2-4f3d61458948','YTozMzp7czoxMjoibWFpbG1lcmdlX29uIjtzOjI6Im9uIjtzOjg6Im1heF90YWJzIjtzOjE6IjciO3M6MTY6InN3YXBfbGFzdF92aWV3ZWQiO3M6MDoiIjtzOjE0OiJzd2FwX3Nob3J0Y3V0cyI7czowOiIiO3M6MTk6Im5hdmlnYXRpb25fcGFyYWRpZ20iO3M6MjoiZ20iO3M6MTM6InN1YnBhbmVsX3RhYnMiO3M6MDoiIjtzOjE0OiJtb2R1bGVfZmF2aWNvbiI7czowOiIiO3M6OToiaGlkZV90YWJzIjthOjA6e31zOjExOiJyZW1vdmVfdGFicyI7YTowOnt9czo3OiJub19vcHBzIjtzOjM6Im9mZiI7czoxMzoicmVtaW5kZXJfdGltZSI7aToxODAwO3M6ODoidGltZXpvbmUiO3M6MTk6IkFtZXJpY2EvTG9zX0FuZ2VsZXMiO3M6MjoidXQiO3M6MToiMSI7czo4OiJjdXJyZW5jeSI7czozOiItOTkiO3M6MzU6ImRlZmF1bHRfY3VycmVuY3lfc2lnbmlmaWNhbnRfZGlnaXRzIjtzOjE6IjIiO3M6MTE6Im51bV9ncnBfc2VwIjtzOjE6IiwiO3M6NzoiZGVjX3NlcCI7czoxOiIuIjtzOjU6ImRhdGVmIjtzOjU6Im0vZC9ZIjtzOjU6InRpbWVmIjtzOjQ6Img6aWEiO3M6MjY6ImRlZmF1bHRfbG9jYWxlX25hbWVfZm9ybWF0IjtzOjU6InMgZiBsIjtzOjE2OiJleHBvcnRfZGVsaW1pdGVyIjtzOjE6IiwiO3M6MjI6ImRlZmF1bHRfZXhwb3J0X2NoYXJzZXQiO3M6NToiVVRGLTgiO3M6MTQ6InVzZV9yZWFsX25hbWVzIjtzOjI6Im9uIjtzOjE3OiJtYWlsX3NtdHBhdXRoX3JlcSI7czowOiIiO3M6MTI6Im1haWxfc210cHNzbCI7aTowO3M6MTU6ImVtYWlsX2xpbmtfdHlwZSI7czo1OiJzdWdhciI7czoxNzoiZW1haWxfc2hvd19jb3VudHMiO2k6MDtzOjIwOiJjYWxlbmRhcl9wdWJsaXNoX2tleSI7czowOiIiO3M6MTU6ImxvZ2luZXhwaXJhdGlvbiI7czoxOiIwIjtzOjc6ImxvY2tvdXQiO3M6MDoiIjtzOjExOiJsb2dpbmZhaWxlZCI7czoxOiIwIjtzOjEwOiJ1c2VyX3RoZW1lIjtzOjY6IlN1Z2FyNSI7czoxOToidGhlbWVfY3VycmVudF9ncm91cCI7czozOiJBbGwiO30='),('604a55d7-8a80-dd32-4f38-4f3d579e5859','Bugs2_BUG',0,'2012-02-16 19:24:01','2012-02-16 19:24:01','b382dde4-a6f4-b9c9-76b7-4f3d574329b1','YToxOntzOjEzOiJsaXN0dmlld09yZGVyIjthOjI6e3M6Nzoib3JkZXJCeSI7czoxMjoiZGF0ZV9lbnRlcmVkIjtzOjk6InNvcnRPcmRlciI7czo0OiJERVNDIjt9fQ=='),('53bc37c6-301c-2693-18b9-4f3d595d8932','global',0,'2012-02-16 19:29:37','2012-02-17 13:35:55','529b1975-f375-4559-0442-4f3d597ffd41','YTozMzp7czoxMjoibWFpbG1lcmdlX29uIjtzOjI6Im9uIjtzOjg6Im1heF90YWJzIjtzOjE6IjciO3M6MTY6InN3YXBfbGFzdF92aWV3ZWQiO3M6MDoiIjtzOjE0OiJzd2FwX3Nob3J0Y3V0cyI7czowOiIiO3M6MTk6Im5hdmlnYXRpb25fcGFyYWRpZ20iO3M6MjoiZ20iO3M6MTM6InN1YnBhbmVsX3RhYnMiO3M6MDoiIjtzOjE0OiJtb2R1bGVfZmF2aWNvbiI7czowOiIiO3M6OToiaGlkZV90YWJzIjthOjA6e31zOjExOiJyZW1vdmVfdGFicyI7YTowOnt9czo3OiJub19vcHBzIjtzOjM6Im9mZiI7czoxMzoicmVtaW5kZXJfdGltZSI7aToxODAwO3M6ODoidGltZXpvbmUiO3M6MTI6IkFzaWEvS29sa2F0YSI7czoyOiJ1dCI7czoxOiIxIjtzOjg6ImN1cnJlbmN5IjtzOjM6Ii05OSI7czozNToiZGVmYXVsdF9jdXJyZW5jeV9zaWduaWZpY2FudF9kaWdpdHMiO3M6MToiMiI7czoxMToibnVtX2dycF9zZXAiO3M6MToiLCI7czo3OiJkZWNfc2VwIjtzOjE6Ii4iO3M6NToiZGF0ZWYiO3M6NToibS9kL1kiO3M6NToidGltZWYiO3M6NDoiaDppYSI7czoyNjoiZGVmYXVsdF9sb2NhbGVfbmFtZV9mb3JtYXQiO3M6NToicyBmIGwiO3M6MTY6ImV4cG9ydF9kZWxpbWl0ZXIiO3M6MToiLCI7czoyMjoiZGVmYXVsdF9leHBvcnRfY2hhcnNldCI7czo1OiJVVEYtOCI7czoxNDoidXNlX3JlYWxfbmFtZXMiO3M6Mjoib24iO3M6MTc6Im1haWxfc210cGF1dGhfcmVxIjtzOjA6IiI7czoxMjoibWFpbF9zbXRwc3NsIjtpOjA7czoxNToiZW1haWxfbGlua190eXBlIjtzOjU6InN1Z2FyIjtzOjE3OiJlbWFpbF9zaG93X2NvdW50cyI7aTowO3M6MjA6ImNhbGVuZGFyX3B1Ymxpc2hfa2V5IjtzOjA6IiI7czoxNToibG9naW5leHBpcmF0aW9uIjtzOjE6IjAiO3M6NzoibG9ja291dCI7czowOiIiO3M6MTE6ImxvZ2luZmFpbGVkIjtzOjE6IjAiO3M6MTA6InVzZXJfdGhlbWUiO3M6NjoiU3VnYXI1IjtzOjE5OiJ0aGVtZV9jdXJyZW50X2dyb3VwIjtzOjM6IkFsbCI7fQ=='),('3b0723b5-0e18-2d07-ed6f-4f3d59ae9ab5','Users2_USER',0,'2012-02-16 19:30:28','2012-02-16 19:30:28','b382dde4-a6f4-b9c9-76b7-4f3d574329b1','YToxOntzOjEzOiJsaXN0dmlld09yZGVyIjthOjI6e3M6Nzoib3JkZXJCeSI7czoxMjoiZGF0ZV9lbnRlcmVkIjtzOjk6InNvcnRPcmRlciI7czo0OiJERVNDIjt9fQ=='),('107ae0c8-d870-f276-3d63-4f3d5a9cd2e9','Cases2_CASE',0,'2012-02-16 19:33:34','2012-02-16 19:33:34','9673dc31-3233-8829-d8af-4f3d55b2ff3c','YToxOntzOjEzOiJsaXN0dmlld09yZGVyIjthOjI6e3M6Nzoib3JkZXJCeSI7czoxMjoiZGF0ZV9lbnRlcmVkIjtzOjk6InNvcnRPcmRlciI7czo0OiJERVNDIjt9fQ=='),('2307e3ec-f49d-fa19-c8cb-4f3d5a8c0702','Employees2_EMPLOYEE',0,'2012-02-16 19:34:34','2012-02-16 19:34:34','9673dc31-3233-8829-d8af-4f3d55b2ff3c','YToxOntzOjEzOiJsaXN0dmlld09yZGVyIjthOjI6e3M6Nzoib3JkZXJCeSI7czoxMjoiZGF0ZV9lbnRlcmVkIjtzOjk6InNvcnRPcmRlciI7czo0OiJERVNDIjt9fQ=='),('ac93d60b-0397-607a-8691-4f3d5c0c5d79','global',0,'2012-02-16 19:43:18','2012-02-16 19:48:28','ab9d4000-9fcd-6b70-8ecf-4f3d5c657acf','YTozMTp7czoxMjoibWFpbG1lcmdlX29uIjtzOjM6Im9mZiI7czo4OiJtYXhfdGFicyI7czoxOiI3IjtzOjE2OiJzd2FwX2xhc3Rfdmlld2VkIjtzOjA6IiI7czoxNDoic3dhcF9zaG9ydGN1dHMiO3M6MDoiIjtzOjE5OiJuYXZpZ2F0aW9uX3BhcmFkaWdtIjtzOjI6ImdtIjtzOjEzOiJzdWJwYW5lbF90YWJzIjtzOjI6Im9uIjtzOjE0OiJtb2R1bGVfZmF2aWNvbiI7czowOiIiO3M6OToiaGlkZV90YWJzIjthOjA6e31zOjExOiJyZW1vdmVfdGFicyI7YTowOnt9czo3OiJub19vcHBzIjtzOjM6Im9mZiI7czoxMzoicmVtaW5kZXJfdGltZSI7aTotMTtzOjg6InRpbWV6b25lIjtzOjE5OiJBbWVyaWNhL0xvc19BbmdlbGVzIjtzOjI6InV0IjtzOjE6IjAiO3M6ODoiY3VycmVuY3kiO3M6MzoiLTk5IjtzOjM1OiJkZWZhdWx0X2N1cnJlbmN5X3NpZ25pZmljYW50X2RpZ2l0cyI7czoxOiIyIjtzOjExOiJudW1fZ3JwX3NlcCI7czoxOiIsIjtzOjc6ImRlY19zZXAiO3M6MToiLiI7czo1OiJkYXRlZiI7czo1OiJtL2QvWSI7czo1OiJ0aW1lZiI7czo0OiJoOmlhIjtzOjI2OiJkZWZhdWx0X2xvY2FsZV9uYW1lX2Zvcm1hdCI7czo1OiJzIGYgbCI7czoxNjoiZXhwb3J0X2RlbGltaXRlciI7czoxOiIsIjtzOjIyOiJkZWZhdWx0X2V4cG9ydF9jaGFyc2V0IjtzOjU6IlVURi04IjtzOjE0OiJ1c2VfcmVhbF9uYW1lcyI7czoyOiJvbiI7czoxNzoibWFpbF9zbXRwYXV0aF9yZXEiO3M6MDoiIjtzOjEyOiJtYWlsX3NtdHBzc2wiO2k6MDtzOjE1OiJlbWFpbF9saW5rX3R5cGUiO3M6NToic3VnYXIiO3M6MTc6ImVtYWlsX3Nob3dfY291bnRzIjtpOjA7czoyMDoiY2FsZW5kYXJfcHVibGlzaF9rZXkiO3M6MDoiIjtzOjE1OiJsb2dpbmV4cGlyYXRpb24iO3M6MToiMCI7czo3OiJsb2Nrb3V0IjtzOjA6IiI7czoxMToibG9naW5mYWlsZWQiO3M6MToiMCI7fQ=='),('91766f98-29d7-82d0-449c-4f3d5c3dfe44','global',0,'2012-02-16 19:44:15','2012-02-16 19:44:15','90898185-59a4-f2ee-7a0b-4f3d5c354c02','YTozMTp7czoxMjoibWFpbG1lcmdlX29uIjtzOjM6Im9mZiI7czo4OiJtYXhfdGFicyI7czoxOiI3IjtzOjE2OiJzd2FwX2xhc3Rfdmlld2VkIjtzOjA6IiI7czoxNDoic3dhcF9zaG9ydGN1dHMiO3M6MDoiIjtzOjE5OiJuYXZpZ2F0aW9uX3BhcmFkaWdtIjtzOjI6ImdtIjtzOjEzOiJzdWJwYW5lbF90YWJzIjtzOjI6Im9uIjtzOjE0OiJtb2R1bGVfZmF2aWNvbiI7czowOiIiO3M6OToiaGlkZV90YWJzIjthOjA6e31zOjExOiJyZW1vdmVfdGFicyI7YTowOnt9czo3OiJub19vcHBzIjtzOjM6Im9mZiI7czoxMzoicmVtaW5kZXJfdGltZSI7aTotMTtzOjg6InRpbWV6b25lIjtzOjE5OiJBbWVyaWNhL0xvc19BbmdlbGVzIjtzOjI6InV0IjtzOjE6IjAiO3M6ODoiY3VycmVuY3kiO3M6MzoiLTk5IjtzOjM1OiJkZWZhdWx0X2N1cnJlbmN5X3NpZ25pZmljYW50X2RpZ2l0cyI7czoxOiIyIjtzOjExOiJudW1fZ3JwX3NlcCI7czoxOiIsIjtzOjc6ImRlY19zZXAiO3M6MToiLiI7czo1OiJkYXRlZiI7czo1OiJtL2QvWSI7czo1OiJ0aW1lZiI7czo0OiJoOmlhIjtzOjI2OiJkZWZhdWx0X2xvY2FsZV9uYW1lX2Zvcm1hdCI7czo1OiJzIGYgbCI7czoxNjoiZXhwb3J0X2RlbGltaXRlciI7czoxOiIsIjtzOjIyOiJkZWZhdWx0X2V4cG9ydF9jaGFyc2V0IjtzOjU6IlVURi04IjtzOjE0OiJ1c2VfcmVhbF9uYW1lcyI7czoyOiJvbiI7czoxNzoibWFpbF9zbXRwYXV0aF9yZXEiO3M6MDoiIjtzOjEyOiJtYWlsX3NtdHBzc2wiO2k6MDtzOjE1OiJlbWFpbF9saW5rX3R5cGUiO3M6NjoibWFpbHRvIjtzOjE3OiJlbWFpbF9zaG93X2NvdW50cyI7aTowO3M6MjA6ImNhbGVuZGFyX3B1Ymxpc2hfa2V5IjtzOjA6IiI7czoxNToibG9naW5leHBpcmF0aW9uIjtzOjE6IjAiO3M6NzoibG9ja291dCI7czowOiIiO3M6MTE6ImxvZ2luZmFpbGVkIjtzOjE6IjAiO30='),('dc7dfcf5-4992-62e1-4fdc-4f3d5c4c42b6','global',0,'2012-02-16 19:45:15','2012-02-16 19:57:37','db9fb85d-36e5-a15b-ffdf-4f3d5c469648','YTozMTp7czoxMjoibWFpbG1lcmdlX29uIjtzOjM6Im9mZiI7czo4OiJtYXhfdGFicyI7czoxOiI3IjtzOjE2OiJzd2FwX2xhc3Rfdmlld2VkIjtzOjA6IiI7czoxNDoic3dhcF9zaG9ydGN1dHMiO3M6MDoiIjtzOjE5OiJuYXZpZ2F0aW9uX3BhcmFkaWdtIjtzOjI6ImdtIjtzOjEzOiJzdWJwYW5lbF90YWJzIjtzOjI6Im9uIjtzOjE0OiJtb2R1bGVfZmF2aWNvbiI7czowOiIiO3M6OToiaGlkZV90YWJzIjthOjA6e31zOjExOiJyZW1vdmVfdGFicyI7YTowOnt9czo3OiJub19vcHBzIjtzOjM6Im9mZiI7czoxMzoicmVtaW5kZXJfdGltZSI7aTotMTtzOjg6InRpbWV6b25lIjtzOjE5OiJBbWVyaWNhL0xvc19BbmdlbGVzIjtzOjI6InV0IjtzOjE6IjAiO3M6ODoiY3VycmVuY3kiO3M6MzoiLTk5IjtzOjM1OiJkZWZhdWx0X2N1cnJlbmN5X3NpZ25pZmljYW50X2RpZ2l0cyI7czoxOiIyIjtzOjExOiJudW1fZ3JwX3NlcCI7czoxOiIsIjtzOjc6ImRlY19zZXAiO3M6MToiLiI7czo1OiJkYXRlZiI7czo1OiJtL2QvWSI7czo1OiJ0aW1lZiI7czo0OiJoOmlhIjtzOjI2OiJkZWZhdWx0X2xvY2FsZV9uYW1lX2Zvcm1hdCI7czo1OiJzIGYgbCI7czoxNjoiZXhwb3J0X2RlbGltaXRlciI7czoxOiIsIjtzOjIyOiJkZWZhdWx0X2V4cG9ydF9jaGFyc2V0IjtzOjU6IlVURi04IjtzOjE0OiJ1c2VfcmVhbF9uYW1lcyI7czoyOiJvbiI7czoxNzoibWFpbF9zbXRwYXV0aF9yZXEiO3M6MDoiIjtzOjEyOiJtYWlsX3NtdHBzc2wiO2k6MDtzOjE1OiJlbWFpbF9saW5rX3R5cGUiO3M6NToic3VnYXIiO3M6MTc6ImVtYWlsX3Nob3dfY291bnRzIjtpOjA7czoyMDoiY2FsZW5kYXJfcHVibGlzaF9rZXkiO3M6MDoiIjtzOjE1OiJsb2dpbmV4cGlyYXRpb24iO3M6MToiMCI7czo3OiJsb2Nrb3V0IjtzOjA6IiI7czoxMToibG9naW5mYWlsZWQiO3M6MToiMCI7fQ=='),('298e6800-849c-1999-ab26-4f3d5da2fa6d','global',0,'2012-02-16 19:46:22','2012-02-16 19:46:22','289d9714-18dc-aea1-d498-4f3d5dd2d89b','YTozMTp7czoxMjoibWFpbG1lcmdlX29uIjtzOjM6Im9mZiI7czo4OiJtYXhfdGFicyI7czoxOiI3IjtzOjE2OiJzd2FwX2xhc3Rfdmlld2VkIjtzOjA6IiI7czoxNDoic3dhcF9zaG9ydGN1dHMiO3M6MDoiIjtzOjE5OiJuYXZpZ2F0aW9uX3BhcmFkaWdtIjtzOjI6ImdtIjtzOjEzOiJzdWJwYW5lbF90YWJzIjtzOjI6Im9uIjtzOjE0OiJtb2R1bGVfZmF2aWNvbiI7czowOiIiO3M6OToiaGlkZV90YWJzIjthOjA6e31zOjExOiJyZW1vdmVfdGFicyI7YTowOnt9czo3OiJub19vcHBzIjtzOjM6Im9mZiI7czoxMzoicmVtaW5kZXJfdGltZSI7aTotMTtzOjg6InRpbWV6b25lIjtzOjE5OiJBbWVyaWNhL0xvc19BbmdlbGVzIjtzOjI6InV0IjtzOjE6IjAiO3M6ODoiY3VycmVuY3kiO3M6MzoiLTk5IjtzOjM1OiJkZWZhdWx0X2N1cnJlbmN5X3NpZ25pZmljYW50X2RpZ2l0cyI7czoxOiIyIjtzOjExOiJudW1fZ3JwX3NlcCI7czoxOiIsIjtzOjc6ImRlY19zZXAiO3M6MToiLiI7czo1OiJkYXRlZiI7czo1OiJtL2QvWSI7czo1OiJ0aW1lZiI7czo0OiJoOmlhIjtzOjI2OiJkZWZhdWx0X2xvY2FsZV9uYW1lX2Zvcm1hdCI7czo1OiJzIGYgbCI7czoxNjoiZXhwb3J0X2RlbGltaXRlciI7czoxOiIsIjtzOjIyOiJkZWZhdWx0X2V4cG9ydF9jaGFyc2V0IjtzOjU6IlVURi04IjtzOjE0OiJ1c2VfcmVhbF9uYW1lcyI7czoyOiJvbiI7czoxNzoibWFpbF9zbXRwYXV0aF9yZXEiO3M6MDoiIjtzOjEyOiJtYWlsX3NtdHBzc2wiO2k6MDtzOjE1OiJlbWFpbF9saW5rX3R5cGUiO3M6NToic3VnYXIiO3M6MTc6ImVtYWlsX3Nob3dfY291bnRzIjtpOjA7czoyMDoiY2FsZW5kYXJfcHVibGlzaF9rZXkiO3M6MDoiIjtzOjE1OiJsb2dpbmV4cGlyYXRpb24iO3M6MToiMCI7czo3OiJsb2Nrb3V0IjtzOjA6IiI7czoxMToibG9naW5mYWlsZWQiO3M6MToiMCI7fQ=='),('1dd05dab-ea42-4776-33eb-4f3d5d60b9f1','global',0,'2012-02-16 19:47:55','2012-02-16 19:47:55','1ce8b12c-6526-b1ed-6a36-4f3d5d8c7325','YTozMTp7czoxMjoibWFpbG1lcmdlX29uIjtzOjM6Im9mZiI7czo4OiJtYXhfdGFicyI7czoxOiI3IjtzOjE2OiJzd2FwX2xhc3Rfdmlld2VkIjtzOjA6IiI7czoxNDoic3dhcF9zaG9ydGN1dHMiO3M6MDoiIjtzOjE5OiJuYXZpZ2F0aW9uX3BhcmFkaWdtIjtzOjI6ImdtIjtzOjEzOiJzdWJwYW5lbF90YWJzIjtzOjI6Im9uIjtzOjE0OiJtb2R1bGVfZmF2aWNvbiI7czowOiIiO3M6OToiaGlkZV90YWJzIjthOjA6e31zOjExOiJyZW1vdmVfdGFicyI7YTowOnt9czo3OiJub19vcHBzIjtzOjM6Im9mZiI7czoxMzoicmVtaW5kZXJfdGltZSI7aTotMTtzOjg6InRpbWV6b25lIjtzOjE5OiJBbWVyaWNhL0xvc19BbmdlbGVzIjtzOjI6InV0IjtzOjE6IjAiO3M6ODoiY3VycmVuY3kiO3M6MzoiLTk5IjtzOjM1OiJkZWZhdWx0X2N1cnJlbmN5X3NpZ25pZmljYW50X2RpZ2l0cyI7czoxOiIyIjtzOjExOiJudW1fZ3JwX3NlcCI7czoxOiIsIjtzOjc6ImRlY19zZXAiO3M6MToiLiI7czo1OiJkYXRlZiI7czo1OiJtL2QvWSI7czo1OiJ0aW1lZiI7czo0OiJoOmlhIjtzOjI2OiJkZWZhdWx0X2xvY2FsZV9uYW1lX2Zvcm1hdCI7czo1OiJzIGYgbCI7czoxNjoiZXhwb3J0X2RlbGltaXRlciI7czoxOiIsIjtzOjIyOiJkZWZhdWx0X2V4cG9ydF9jaGFyc2V0IjtzOjU6IlVURi04IjtzOjE0OiJ1c2VfcmVhbF9uYW1lcyI7czoyOiJvbiI7czoxNzoibWFpbF9zbXRwYXV0aF9yZXEiO3M6MDoiIjtzOjEyOiJtYWlsX3NtdHBzc2wiO2k6MDtzOjE1OiJlbWFpbF9saW5rX3R5cGUiO3M6NToic3VnYXIiO3M6MTc6ImVtYWlsX3Nob3dfY291bnRzIjtpOjA7czoyMDoiY2FsZW5kYXJfcHVibGlzaF9rZXkiO3M6MDoiIjtzOjE1OiJsb2dpbmV4cGlyYXRpb24iO3M6MToiMCI7czo3OiJsb2Nrb3V0IjtzOjA6IiI7czoxMToibG9naW5mYWlsZWQiO3M6MToiMCI7fQ=='),('a1746da5-b805-c416-776d-4f3d60349d04','Project2_PROJECT',0,'2012-02-16 20:00:00','2012-02-16 20:00:00','b382dde4-a6f4-b9c9-76b7-4f3d574329b1','YToxOntzOjEzOiJsaXN0dmlld09yZGVyIjthOjI6e3M6Nzoib3JkZXJCeSI7czoxMjoiZGF0ZV9lbnRlcmVkIjtzOjk6InNvcnRPcmRlciI7czo0OiJERVNDIjt9fQ=='),('40275551-509a-2e89-e94e-4f3d62a86805','global',0,'2012-02-16 20:09:02','2012-02-27 22:06:40','3f1eeaaf-26fa-30f4-f990-4f3d62566304','YTozMzp7czoxMjoibWFpbG1lcmdlX29uIjtzOjI6Im9uIjtzOjg6Im1heF90YWJzIjtzOjE6IjciO3M6MTY6InN3YXBfbGFzdF92aWV3ZWQiO3M6MDoiIjtzOjE0OiJzd2FwX3Nob3J0Y3V0cyI7czowOiIiO3M6MTk6Im5hdmlnYXRpb25fcGFyYWRpZ20iO3M6MjoiZ20iO3M6MTM6InN1YnBhbmVsX3RhYnMiO3M6MDoiIjtzOjE0OiJtb2R1bGVfZmF2aWNvbiI7czowOiIiO3M6OToiaGlkZV90YWJzIjthOjA6e31zOjExOiJyZW1vdmVfdGFicyI7YTowOnt9czo3OiJub19vcHBzIjtzOjM6Im9mZiI7czoxMzoicmVtaW5kZXJfdGltZSI7aToxODAwO3M6ODoidGltZXpvbmUiO3M6MTk6IkFtZXJpY2EvTG9zX0FuZ2VsZXMiO3M6MjoidXQiO3M6MToiMSI7czo4OiJjdXJyZW5jeSI7czozOiItOTkiO3M6MzU6ImRlZmF1bHRfY3VycmVuY3lfc2lnbmlmaWNhbnRfZGlnaXRzIjtzOjE6IjIiO3M6MTE6Im51bV9ncnBfc2VwIjtzOjE6IiwiO3M6NzoiZGVjX3NlcCI7czoxOiIuIjtzOjU6ImRhdGVmIjtzOjU6Im0vZC9ZIjtzOjU6InRpbWVmIjtzOjQ6Img6aWEiO3M6MjY6ImRlZmF1bHRfbG9jYWxlX25hbWVfZm9ybWF0IjtzOjU6InMgZiBsIjtzOjE2OiJleHBvcnRfZGVsaW1pdGVyIjtzOjE6IiwiO3M6MjI6ImRlZmF1bHRfZXhwb3J0X2NoYXJzZXQiO3M6NToiVVRGLTgiO3M6MTQ6InVzZV9yZWFsX25hbWVzIjtzOjI6Im9uIjtzOjE3OiJtYWlsX3NtdHBhdXRoX3JlcSI7czowOiIiO3M6MTI6Im1haWxfc210cHNzbCI7aTowO3M6MTU6ImVtYWlsX2xpbmtfdHlwZSI7czo1OiJzdWdhciI7czoxNzoiZW1haWxfc2hvd19jb3VudHMiO2k6MDtzOjIwOiJjYWxlbmRhcl9wdWJsaXNoX2tleSI7czowOiIiO3M6MTU6ImxvZ2luZXhwaXJhdGlvbiI7czoxOiIwIjtzOjc6ImxvY2tvdXQiO3M6MDoiIjtzOjExOiJsb2dpbmZhaWxlZCI7czoxOiIwIjtzOjEwOiJ1c2VyX3RoZW1lIjtzOjY6IlN1Z2FyNSI7czoxOToidGhlbWVfY3VycmVudF9ncm91cCI7czozOiJBbGwiO30='),('12490870-841f-0a72-a6a5-4f3d639ea0b2','global',0,'2012-02-16 20:12:17','2012-02-16 21:05:28','25a0041d-c499-73e9-10ac-4f3d633f9e36','YTozMTp7czoxMjoibWFpbG1lcmdlX29uIjtzOjM6Im9mZiI7czo4OiJtYXhfdGFicyI7czoxOiI3IjtzOjE2OiJzd2FwX2xhc3Rfdmlld2VkIjtzOjA6IiI7czoxNDoic3dhcF9zaG9ydGN1dHMiO3M6MDoiIjtzOjE5OiJuYXZpZ2F0aW9uX3BhcmFkaWdtIjtzOjI6ImdtIjtzOjEzOiJzdWJwYW5lbF90YWJzIjtzOjI6Im9uIjtzOjE0OiJtb2R1bGVfZmF2aWNvbiI7czowOiIiO3M6OToiaGlkZV90YWJzIjthOjA6e31zOjExOiJyZW1vdmVfdGFicyI7YTowOnt9czo3OiJub19vcHBzIjtzOjM6Im9mZiI7czoxMzoicmVtaW5kZXJfdGltZSI7aTotMTtzOjg6InRpbWV6b25lIjtzOjE5OiJBbWVyaWNhL0xvc19BbmdlbGVzIjtzOjI6InV0IjtzOjE6IjAiO3M6ODoiY3VycmVuY3kiO3M6MzoiLTk5IjtzOjM1OiJkZWZhdWx0X2N1cnJlbmN5X3NpZ25pZmljYW50X2RpZ2l0cyI7czoxOiIyIjtzOjExOiJudW1fZ3JwX3NlcCI7czoxOiIsIjtzOjc6ImRlY19zZXAiO3M6MToiLiI7czo1OiJkYXRlZiI7czo1OiJtL2QvWSI7czo1OiJ0aW1lZiI7czo0OiJoOmlhIjtzOjI2OiJkZWZhdWx0X2xvY2FsZV9uYW1lX2Zvcm1hdCI7czo1OiJzIGYgbCI7czoxNjoiZXhwb3J0X2RlbGltaXRlciI7czoxOiIsIjtzOjIyOiJkZWZhdWx0X2V4cG9ydF9jaGFyc2V0IjtzOjU6IlVURi04IjtzOjE0OiJ1c2VfcmVhbF9uYW1lcyI7czoyOiJvbiI7czoxNzoibWFpbF9zbXRwYXV0aF9yZXEiO3M6MDoiIjtzOjEyOiJtYWlsX3NtdHBzc2wiO2k6MDtzOjE1OiJlbWFpbF9saW5rX3R5cGUiO3M6NToic3VnYXIiO3M6MTc6ImVtYWlsX3Nob3dfY291bnRzIjtpOjA7czoyMDoiY2FsZW5kYXJfcHVibGlzaF9rZXkiO3M6MDoiIjtzOjE1OiJsb2dpbmV4cGlyYXRpb24iO3M6MToiMCI7czo3OiJsb2Nrb3V0IjtzOjA6IiI7czoxMToibG9naW5mYWlsZWQiO3M6MToiMCI7fQ=='),('35a32164-82a7-5420-7215-4f3d635805e6','global',0,'2012-02-16 20:14:24','2012-02-16 20:14:39','34a48a8a-cac7-add2-0b65-4f3d6311d045','YTozMTp7czoxMjoibWFpbG1lcmdlX29uIjtzOjM6Im9mZiI7czo4OiJtYXhfdGFicyI7czoxOiI3IjtzOjE2OiJzd2FwX2xhc3Rfdmlld2VkIjtzOjA6IiI7czoxNDoic3dhcF9zaG9ydGN1dHMiO3M6MDoiIjtzOjE5OiJuYXZpZ2F0aW9uX3BhcmFkaWdtIjtzOjI6ImdtIjtzOjEzOiJzdWJwYW5lbF90YWJzIjtzOjI6Im9uIjtzOjE0OiJtb2R1bGVfZmF2aWNvbiI7czowOiIiO3M6OToiaGlkZV90YWJzIjthOjA6e31zOjExOiJyZW1vdmVfdGFicyI7YTowOnt9czo3OiJub19vcHBzIjtzOjM6Im9mZiI7czoxMzoicmVtaW5kZXJfdGltZSI7aTotMTtzOjg6InRpbWV6b25lIjtzOjE5OiJBbWVyaWNhL0xvc19BbmdlbGVzIjtzOjI6InV0IjtzOjE6IjAiO3M6ODoiY3VycmVuY3kiO3M6MzoiLTk5IjtzOjM1OiJkZWZhdWx0X2N1cnJlbmN5X3NpZ25pZmljYW50X2RpZ2l0cyI7czoxOiIyIjtzOjExOiJudW1fZ3JwX3NlcCI7czoxOiIsIjtzOjc6ImRlY19zZXAiO3M6MToiLiI7czo1OiJkYXRlZiI7czo1OiJtL2QvWSI7czo1OiJ0aW1lZiI7czo0OiJoOmlhIjtzOjI2OiJkZWZhdWx0X2xvY2FsZV9uYW1lX2Zvcm1hdCI7czo1OiJzIGYgbCI7czoxNjoiZXhwb3J0X2RlbGltaXRlciI7czoxOiIsIjtzOjIyOiJkZWZhdWx0X2V4cG9ydF9jaGFyc2V0IjtzOjU6IlVURi04IjtzOjE0OiJ1c2VfcmVhbF9uYW1lcyI7czoyOiJvbiI7czoxNzoibWFpbF9zbXRwYXV0aF9yZXEiO3M6MDoiIjtzOjEyOiJtYWlsX3NtdHBzc2wiO2k6MDtzOjE1OiJlbWFpbF9saW5rX3R5cGUiO3M6NToic3VnYXIiO3M6MTc6ImVtYWlsX3Nob3dfY291bnRzIjtpOjA7czoyMDoiY2FsZW5kYXJfcHVibGlzaF9rZXkiO3M6MDoiIjtzOjE1OiJsb2dpbmV4cGlyYXRpb24iO3M6MToiMCI7czo3OiJsb2Nrb3V0IjtzOjA6IiI7czoxMToibG9naW5mYWlsZWQiO3M6MToiMCI7fQ=='),('8de291b9-6500-02e8-dedb-4f3d63c64e6e','global',0,'2012-02-16 20:15:37','2012-02-16 20:18:20','8ce9fd7e-e650-38b9-f948-4f3d637f4517','YTozMzp7czoxMjoibWFpbG1lcmdlX29uIjtzOjI6Im9uIjtzOjg6Im1heF90YWJzIjtzOjE6IjciO3M6MTY6InN3YXBfbGFzdF92aWV3ZWQiO3M6MDoiIjtzOjE0OiJzd2FwX3Nob3J0Y3V0cyI7czowOiIiO3M6MTk6Im5hdmlnYXRpb25fcGFyYWRpZ20iO3M6MjoiZ20iO3M6MTM6InN1YnBhbmVsX3RhYnMiO3M6MDoiIjtzOjE0OiJtb2R1bGVfZmF2aWNvbiI7czowOiIiO3M6OToiaGlkZV90YWJzIjthOjA6e31zOjExOiJyZW1vdmVfdGFicyI7YTowOnt9czo3OiJub19vcHBzIjtzOjM6Im9mZiI7czoxMzoicmVtaW5kZXJfdGltZSI7aToxODAwO3M6ODoidGltZXpvbmUiO3M6MTk6IkFtZXJpY2EvTG9zX0FuZ2VsZXMiO3M6MjoidXQiO3M6MToiMSI7czo4OiJjdXJyZW5jeSI7czozOiItOTkiO3M6MzU6ImRlZmF1bHRfY3VycmVuY3lfc2lnbmlmaWNhbnRfZGlnaXRzIjtzOjE6IjIiO3M6MTE6Im51bV9ncnBfc2VwIjtzOjE6IiwiO3M6NzoiZGVjX3NlcCI7czoxOiIuIjtzOjU6ImRhdGVmIjtzOjU6Im0vZC9ZIjtzOjU6InRpbWVmIjtzOjQ6Img6aWEiO3M6MjY6ImRlZmF1bHRfbG9jYWxlX25hbWVfZm9ybWF0IjtzOjU6InMgZiBsIjtzOjE2OiJleHBvcnRfZGVsaW1pdGVyIjtzOjE6IiwiO3M6MjI6ImRlZmF1bHRfZXhwb3J0X2NoYXJzZXQiO3M6NToiVVRGLTgiO3M6MTQ6InVzZV9yZWFsX25hbWVzIjtzOjI6Im9uIjtzOjE3OiJtYWlsX3NtdHBhdXRoX3JlcSI7czowOiIiO3M6MTI6Im1haWxfc210cHNzbCI7aTowO3M6MTU6ImVtYWlsX2xpbmtfdHlwZSI7czo1OiJzdWdhciI7czoxNzoiZW1haWxfc2hvd19jb3VudHMiO2k6MDtzOjIwOiJjYWxlbmRhcl9wdWJsaXNoX2tleSI7czowOiIiO3M6MTU6ImxvZ2luZXhwaXJhdGlvbiI7czoxOiIwIjtzOjc6ImxvY2tvdXQiO3M6MDoiIjtzOjExOiJsb2dpbmZhaWxlZCI7czoxOiIwIjtzOjEwOiJ1c2VyX3RoZW1lIjtzOjY6IlN1Z2FyNSI7czoxOToidGhlbWVfY3VycmVudF9ncm91cCI7czozOiJBbGwiO30='),('835c99cd-d4fe-1c20-a9e7-4f3d6416a786','global',0,'2012-02-16 20:17:04','2012-02-16 20:17:19','825f89e3-f7c9-2ddd-a2d3-4f3d644c3004','YTozMTp7czoxMjoibWFpbG1lcmdlX29uIjtzOjM6Im9mZiI7czo4OiJtYXhfdGFicyI7czoxOiI3IjtzOjE2OiJzd2FwX2xhc3Rfdmlld2VkIjtzOjA6IiI7czoxNDoic3dhcF9zaG9ydGN1dHMiO3M6MDoiIjtzOjE5OiJuYXZpZ2F0aW9uX3BhcmFkaWdtIjtzOjI6ImdtIjtzOjEzOiJzdWJwYW5lbF90YWJzIjtzOjI6Im9uIjtzOjE0OiJtb2R1bGVfZmF2aWNvbiI7czowOiIiO3M6OToiaGlkZV90YWJzIjthOjA6e31zOjExOiJyZW1vdmVfdGFicyI7YTowOnt9czo3OiJub19vcHBzIjtzOjM6Im9mZiI7czoxMzoicmVtaW5kZXJfdGltZSI7aTotMTtzOjg6InRpbWV6b25lIjtzOjE5OiJBbWVyaWNhL0xvc19BbmdlbGVzIjtzOjI6InV0IjtzOjE6IjAiO3M6ODoiY3VycmVuY3kiO3M6MzoiLTk5IjtzOjM1OiJkZWZhdWx0X2N1cnJlbmN5X3NpZ25pZmljYW50X2RpZ2l0cyI7czoxOiIyIjtzOjExOiJudW1fZ3JwX3NlcCI7czoxOiIsIjtzOjc6ImRlY19zZXAiO3M6MToiLiI7czo1OiJkYXRlZiI7czo1OiJtL2QvWSI7czo1OiJ0aW1lZiI7czo0OiJoOmlhIjtzOjI2OiJkZWZhdWx0X2xvY2FsZV9uYW1lX2Zvcm1hdCI7czo1OiJzIGYgbCI7czoxNjoiZXhwb3J0X2RlbGltaXRlciI7czoxOiIsIjtzOjIyOiJkZWZhdWx0X2V4cG9ydF9jaGFyc2V0IjtzOjU6IlVURi04IjtzOjE0OiJ1c2VfcmVhbF9uYW1lcyI7czoyOiJvbiI7czoxNzoibWFpbF9zbXRwYXV0aF9yZXEiO3M6MDoiIjtzOjEyOiJtYWlsX3NtdHBzc2wiO2k6MDtzOjE1OiJlbWFpbF9saW5rX3R5cGUiO3M6NToic3VnYXIiO3M6MTc6ImVtYWlsX3Nob3dfY291bnRzIjtpOjA7czoyMDoiY2FsZW5kYXJfcHVibGlzaF9rZXkiO3M6MDoiIjtzOjE1OiJsb2dpbmV4cGlyYXRpb24iO3M6MToiMCI7czo3OiJsb2Nrb3V0IjtzOjA6IiI7czoxMToibG9naW5mYWlsZWQiO3M6MToiMCI7fQ=='),('37010aa7-17c8-52cb-3b5f-4f3d64fc8d1d','Home',0,'2012-02-16 20:18:20','2012-02-16 20:18:20','8ce9fd7e-e650-38b9-f948-4f3d637f4517','YToyOntzOjg6ImRhc2hsZXRzIjthOjM6e3M6MzY6ImYwMmQ0OTdmLTA0ZjMtNjg5Yi1iMjBkLTRmM2Q2NDMxNTVjNCI7YTo1OntzOjk6ImNsYXNzTmFtZSI7czoxMzoiaUZyYW1lRGFzaGxldCI7czo2OiJtb2R1bGUiO3M6NDoiSG9tZSI7czoxMToiZm9yY2VDb2x1bW4iO2k6MDtzOjEyOiJmaWxlTG9jYXRpb24iO3M6NTM6Im1vZHVsZXMvSG9tZS9EYXNobGV0cy9pRnJhbWVEYXNobGV0L2lGcmFtZURhc2hsZXQucGhwIjtzOjc6Im9wdGlvbnMiO2E6Mzp7czo1OiJ0aXRsZSI7czoxNDoiRGlzY292ZXIgU3VnYXIiO3M6MzoidXJsIjtzOjQxOiJodHRwOi8vd3d3LnN1Z2FyY3JtLmNvbS9jcm0vcHJvZHVjdC9nb3BybyI7czo2OiJoZWlnaHQiO2k6MzE1O319czozNjoiZjAzMzJiNWItYjJhNi1iMGU5LWYwZGEtNGYzZDY0YWJlYWI2IjthOjQ6e3M6OToiY2xhc3NOYW1lIjtzOjE2OiJTdWdhckZlZWREYXNobGV0IjtzOjY6Im1vZHVsZSI7czo5OiJTdWdhckZlZWQiO3M6MTE6ImZvcmNlQ29sdW1uIjtpOjE7czoxMjoiZmlsZUxvY2F0aW9uIjtzOjY0OiJtb2R1bGVzL1N1Z2FyRmVlZC9EYXNobGV0cy9TdWdhckZlZWREYXNobGV0L1N1Z2FyRmVlZERhc2hsZXQucGhwIjt9czozNjoiZjAzNTE2NWYtMjAwMC1iZDliLTRmMzEtNGYzZDY0MzUxNmQxIjthOjU6e3M6OToiY2xhc3NOYW1lIjtzOjEzOiJpRnJhbWVEYXNobGV0IjtzOjY6Im1vZHVsZSI7czo0OiJIb21lIjtzOjExOiJmb3JjZUNvbHVtbiI7aToxO3M6MTI6ImZpbGVMb2NhdGlvbiI7czo1MzoibW9kdWxlcy9Ib21lL0Rhc2hsZXRzL2lGcmFtZURhc2hsZXQvaUZyYW1lRGFzaGxldC5waHAiO3M6Nzoib3B0aW9ucyI7YTozOntzOjU6InRpdGxlIjtzOjEwOiJTdWdhciBOZXdzIjtzOjM6InVybCI7czo0MDoiaHR0cDovL3d3dy5zdWdhcmNybS5jb20vY3JtL3Byb2R1Y3QvbmV3cyI7czo2OiJoZWlnaHQiO2k6MzE1O319fXM6NToicGFnZXMiO2E6MTp7aTowO2E6Mzp7czo3OiJjb2x1bW5zIjthOjI6e2k6MDthOjI6e3M6NToid2lkdGgiO3M6MzoiNjAlIjtzOjg6ImRhc2hsZXRzIjthOjE6e2k6MDtzOjM2OiJmMDJkNDk3Zi0wNGYzLTY4OWItYjIwZC00ZjNkNjQzMTU1YzQiO319aToxO2E6Mjp7czo1OiJ3aWR0aCI7czozOiI0MCUiO3M6ODoiZGFzaGxldHMiO2E6Mjp7aTowO3M6MzY6ImYwMzMyYjViLWIyYTYtYjBlOS1mMGRhLTRmM2Q2NGFiZWFiNiI7aToxO3M6MzY6ImYwMzUxNjVmLTIwMDAtYmQ5Yi00ZjMxLTRmM2Q2NDM1MTZkMSI7fX19czoxMDoibnVtQ29sdW1ucyI7czoxOiIyIjtzOjk6InBhZ2VUaXRsZSI7czo4OiJNeSBTdWdhciI7fX19'),('3e42013e-e52e-c92e-4316-4f3d64f6abe4','Home2_SUGARFEED',0,'2012-02-16 20:18:20','2012-02-16 20:18:20','8ce9fd7e-e650-38b9-f948-4f3d637f4517','YToxOntzOjEzOiJsaXN0dmlld09yZGVyIjthOjI6e3M6Nzoib3JkZXJCeSI7czoxMjoiZGF0ZV9lbnRlcmVkIjtzOjk6InNvcnRPcmRlciI7czo0OiJERVNDIjt9fQ=='),('2d3d4384-d818-e699-a17a-4f3d641beaeb','global',0,'2012-02-16 20:18:36','2012-06-20 06:52:27','2bf53c62-efbb-f811-41f8-4f3d64001d45','YTozNjp7czoxMjoibWFpbG1lcmdlX29uIjtzOjI6Im9uIjtzOjg6Im1heF90YWJzIjtzOjE6IjciO3M6MTY6InN3YXBfbGFzdF92aWV3ZWQiO3M6MDoiIjtzOjE0OiJzd2FwX3Nob3J0Y3V0cyI7czowOiIiO3M6MTk6Im5hdmlnYXRpb25fcGFyYWRpZ20iO3M6MjoiZ20iO3M6MTM6InN1YnBhbmVsX3RhYnMiO3M6MDoiIjtzOjE0OiJtb2R1bGVfZmF2aWNvbiI7czowOiIiO3M6OToiaGlkZV90YWJzIjthOjA6e31zOjExOiJyZW1vdmVfdGFicyI7YTowOnt9czo3OiJub19vcHBzIjtzOjM6Im9mZiI7czoxMzoicmVtaW5kZXJfdGltZSI7czo0OiIxODAwIjtzOjg6InRpbWV6b25lIjtzOjE5OiJBbWVyaWNhL0xvc19BbmdlbGVzIjtzOjI6InV0IjtzOjE6IjEiO3M6ODoiY3VycmVuY3kiO3M6MzoiLTk5IjtzOjM1OiJkZWZhdWx0X2N1cnJlbmN5X3NpZ25pZmljYW50X2RpZ2l0cyI7czoxOiIyIjtzOjExOiJudW1fZ3JwX3NlcCI7czoxOiIsIjtzOjc6ImRlY19zZXAiO3M6MToiLiI7czo1OiJkYXRlZiI7czo1OiJtL2QvWSI7czo1OiJ0aW1lZiI7czo0OiJoOmlhIjtzOjI2OiJkZWZhdWx0X2xvY2FsZV9uYW1lX2Zvcm1hdCI7czo1OiJzIGYgbCI7czoxNjoiZXhwb3J0X2RlbGltaXRlciI7czoxOiIsIjtzOjIyOiJkZWZhdWx0X2V4cG9ydF9jaGFyc2V0IjtzOjU6IlVURi04IjtzOjE0OiJ1c2VfcmVhbF9uYW1lcyI7czoyOiJvbiI7czoxNzoibWFpbF9zbXRwYXV0aF9yZXEiO3M6MDoiIjtzOjEyOiJtYWlsX3NtdHBzc2wiO2k6MDtzOjE1OiJlbWFpbF9saW5rX3R5cGUiO3M6NToic3VnYXIiO3M6MTc6ImVtYWlsX3Nob3dfY291bnRzIjtpOjA7czoyMDoiY2FsZW5kYXJfcHVibGlzaF9rZXkiO3M6MDoiIjtzOjE1OiJsb2dpbmV4cGlyYXRpb24iO3M6MToiMCI7czo3OiJsb2Nrb3V0IjtzOjA6IiI7czoxMToibG9naW5mYWlsZWQiO3M6MToiMCI7czoxMDoidXNlcl90aGVtZSI7czo2OiJTdWdhcjUiO3M6MTk6InRoZW1lX2N1cnJlbnRfZ3JvdXAiO3M6MzoiQWxsIjtzOjEzOiJBT1NfUHJvZHVjdHNRIjthOjIzOntzOjY6Im1vZHVsZSI7czoxMjoiQU9TX1Byb2R1Y3RzIjtzOjY6ImFjdGlvbiI7czo1OiJpbmRleCI7czoxMzoic2VhcmNoRm9ybVRhYiI7czoxNToiYWR2YW5jZWRfc2VhcmNoIjtzOjU6InF1ZXJ5IjtzOjQ6InRydWUiO3M6MTM6Im5hbWVfYWR2YW5jZWQiO3M6MDoiIjtzOjIwOiJwYXJ0X251bWJlcl9hZHZhbmNlZCI7czowOiIiO3M6MjY6ImNvc3RfYWR2YW5jZWRfcmFuZ2VfY2hvaWNlIjtzOjE6Ij0iO3M6MTk6InJhbmdlX2Nvc3RfYWR2YW5jZWQiO3M6MDoiIjtzOjI1OiJzdGFydF9yYW5nZV9jb3N0X2FkdmFuY2VkIjtzOjA6IiI7czoyMzoiZW5kX3JhbmdlX2Nvc3RfYWR2YW5jZWQiO3M6MDoiIjtzOjI3OiJwcmljZV9hZHZhbmNlZF9yYW5nZV9jaG9pY2UiO3M6MToiPSI7czoyMDoicmFuZ2VfcHJpY2VfYWR2YW5jZWQiO3M6MDoiIjtzOjI2OiJzdGFydF9yYW5nZV9wcmljZV9hZHZhbmNlZCI7czowOiIiO3M6MjQ6ImVuZF9yYW5nZV9wcmljZV9hZHZhbmNlZCI7czowOiIiO3M6MTc6ImNhdGVnb3J5X2FkdmFuY2VkIjthOjE6e2k6MDtzOjE6IjIiO31zOjk6InNob3dTU0RJViI7czoyOiJubyI7czoxNzoic2F2ZWRfc2VhcmNoX25hbWUiO3M6MDoiIjtzOjEzOiJzZWFyY2hfbW9kdWxlIjtzOjA6IiI7czoxOToic2F2ZWRfc2VhcmNoX2FjdGlvbiI7czowOiIiO3M6MTQ6ImRpc3BsYXlDb2x1bW5zIjtzOjc0OiJNQUlOQ09ERXxOQU1FfFBBUlRfTlVNQkVSfENBVEVHT1JZfENPU1R8UFJJQ0V8Q1JFQVRFRF9CWV9OQU1FfERBVEVfRU5URVJFRCI7czo4OiJoaWRlVGFicyI7czozMzoiSkJJTExJTkdfUkVMQVRJT05fSURfQ3xIT01JUl9JRF9DIjtzOjc6Im9yZGVyQnkiO3M6ODoiTUFJTkNPREUiO3M6OToic29ydE9yZGVyIjtzOjM6IkFTQyI7fXM6MjU6IkNvbnRhY3RzX0NPTlRBQ1RfT1JERVJfQlkiO3M6MDoiIjtzOjk6IkNvbnRhY3RzUSI7YToyMzp7czo2OiJtb2R1bGUiO3M6ODoiQ29udGFjdHMiO3M6NjoiYWN0aW9uIjtzOjU6ImluZGV4IjtzOjEzOiJzZWFyY2hGb3JtVGFiIjtzOjE1OiJhZHZhbmNlZF9zZWFyY2giO3M6NToicXVlcnkiO3M6NDoidHJ1ZSI7czoxNzoic2VhcmNoX25hbWVfYmFzaWMiO3M6NDoiZGF2ZSI7czoyMzoiY3VycmVudF91c2VyX29ubHlfYmFzaWMiO3M6MToiMCI7czoxOToiZmlyc3RfbmFtZV9hZHZhbmNlZCI7czowOiIiO3M6MTQ6ImVtYWlsX2FkdmFuY2VkIjtzOjQ6ImRhdmUiO3M6MTQ6InBob25lX2FkdmFuY2VkIjtzOjA6IiI7czoxODoibGFzdF9uYW1lX2FkdmFuY2VkIjtzOjA6IiI7czoyMzoiYWRkcmVzc19zdHJlZXRfYWR2YW5jZWQiO3M6MDoiIjtzOjIxOiJhZGRyZXNzX2NpdHlfYWR2YW5jZWQiO3M6MDoiIjtzOjIxOiJhY2NvdW50X25hbWVfYWR2YW5jZWQiO3M6MDoiIjtzOjIyOiJhZGRyZXNzX3N0YXRlX2FkdmFuY2VkIjtzOjA6IiI7czoyNzoiYWRkcmVzc19wb3N0YWxjb2RlX2FkdmFuY2VkIjtzOjA6IiI7czozMjoicHJpbWFyeV9hZGRyZXNzX2NvdW50cnlfYWR2YW5jZWQiO3M6MDoiIjtzOjk6InNob3dTU0RJViI7czoyOiJubyI7czoxNzoic2F2ZWRfc2VhcmNoX25hbWUiO3M6MDoiIjtzOjEzOiJzZWFyY2hfbW9kdWxlIjtzOjA6IiI7czoxOToic2F2ZWRfc2VhcmNoX2FjdGlvbiI7czowOiIiO3M6MTQ6ImRpc3BsYXlDb2x1bW5zIjtzOjczOiJOQU1FfFRJVExFfEFDQ09VTlRfTkFNRXxFTUFJTDF8UEhPTkVfV09SS3xBU1NJR05FRF9VU0VSX05BTUV8REFURV9FTlRFUkVEIjtzOjg6ImhpZGVUYWJzIjtzOjMyNToiREVQQVJUTUVOVHxET19OT1RfQ0FMTHxQSE9ORV9IT01FfFBIT05FX01PQklMRXxQSE9ORV9PVEhFUnxQSE9ORV9GQVh8RU1BSUwyfEVNQUlMX09QVF9PVVR8UFJJTUFSWV9BRERSRVNTX1NUUkVFVHxQUklNQVJZX0FERFJFU1NfQ0lUWXxQUklNQVJZX0FERFJFU1NfU1RBVEV8UFJJTUFSWV9BRERSRVNTX1BPU1RBTENPREV8QUxUX0FERFJFU1NfQ09VTlRSWXxBTFRfQUREUkVTU19TVFJFRVR8QUxUX0FERFJFU1NfQ0lUWXxBTFRfQUREUkVTU19TVEFURXxBTFRfQUREUkVTU19QT1NUQUxDT0RFfENSRUFURURfQllfTkFNRXxNT0RJRklFRF9CWV9OQU1FfFNZTkNfQ09OVEFDVCI7czo5OiJzb3J0T3JkZXIiO3M6MzoiQVNDIjt9fQ=='),('ace1c506-3b26-4dca-7376-4f3d640fa26b','Project2_PROJECT',0,'2012-02-16 20:18:51','2012-02-16 20:18:51','8ce9fd7e-e650-38b9-f948-4f3d637f4517','YToxOntzOjEzOiJsaXN0dmlld09yZGVyIjthOjI6e3M6Nzoib3JkZXJCeSI7czoxMjoiZGF0ZV9lbnRlcmVkIjtzOjk6InNvcnRPcmRlciI7czo0OiJERVNDIjt9fQ=='),('24fe185a-bd08-4217-b032-4f3dbb866b89','Home',0,'2012-02-17 02:30:09','2012-02-17 02:30:09','e9f79185-1406-a996-16f2-4f3d61458948','YToyOntzOjg6ImRhc2hsZXRzIjthOjM6e3M6MzY6IjFkMmM2NmRmLTE2MDktZjlmZC02ODI1LTRmM2RiYjA5Y2I4ZiI7YTo1OntzOjk6ImNsYXNzTmFtZSI7czoxMzoiaUZyYW1lRGFzaGxldCI7czo2OiJtb2R1bGUiO3M6NDoiSG9tZSI7czoxMToiZm9yY2VDb2x1bW4iO2k6MDtzOjEyOiJmaWxlTG9jYXRpb24iO3M6NTM6Im1vZHVsZXMvSG9tZS9EYXNobGV0cy9pRnJhbWVEYXNobGV0L2lGcmFtZURhc2hsZXQucGhwIjtzOjc6Im9wdGlvbnMiO2E6Mzp7czo1OiJ0aXRsZSI7czoxNDoiRGlzY292ZXIgU3VnYXIiO3M6MzoidXJsIjtzOjQxOiJodHRwOi8vd3d3LnN1Z2FyY3JtLmNvbS9jcm0vcHJvZHVjdC9nb3BybyI7czo2OiJoZWlnaHQiO2k6MzE1O319czozNjoiMWQzMTMxNDEtZjE3YS1jMjNmLWE4ZWMtNGYzZGJiNDBkNTMyIjthOjQ6e3M6OToiY2xhc3NOYW1lIjtzOjE2OiJTdWdhckZlZWREYXNobGV0IjtzOjY6Im1vZHVsZSI7czo5OiJTdWdhckZlZWQiO3M6MTE6ImZvcmNlQ29sdW1uIjtpOjE7czoxMjoiZmlsZUxvY2F0aW9uIjtzOjY0OiJtb2R1bGVzL1N1Z2FyRmVlZC9EYXNobGV0cy9TdWdhckZlZWREYXNobGV0L1N1Z2FyRmVlZERhc2hsZXQucGhwIjt9czozNjoiMWQzMzE5ZTYtOWEzMi03MDI2LWE0MWQtNGYzZGJiM2VlMmIyIjthOjU6e3M6OToiY2xhc3NOYW1lIjtzOjEzOiJpRnJhbWVEYXNobGV0IjtzOjY6Im1vZHVsZSI7czo0OiJIb21lIjtzOjExOiJmb3JjZUNvbHVtbiI7aToxO3M6MTI6ImZpbGVMb2NhdGlvbiI7czo1MzoibW9kdWxlcy9Ib21lL0Rhc2hsZXRzL2lGcmFtZURhc2hsZXQvaUZyYW1lRGFzaGxldC5waHAiO3M6Nzoib3B0aW9ucyI7YTozOntzOjU6InRpdGxlIjtzOjEwOiJTdWdhciBOZXdzIjtzOjM6InVybCI7czo0MDoiaHR0cDovL3d3dy5zdWdhcmNybS5jb20vY3JtL3Byb2R1Y3QvbmV3cyI7czo2OiJoZWlnaHQiO2k6MzE1O319fXM6NToicGFnZXMiO2E6MTp7aTowO2E6Mzp7czo3OiJjb2x1bW5zIjthOjI6e2k6MDthOjI6e3M6NToid2lkdGgiO3M6MzoiNjAlIjtzOjg6ImRhc2hsZXRzIjthOjE6e2k6MDtzOjM2OiIxZDJjNjZkZi0xNjA5LWY5ZmQtNjgyNS00ZjNkYmIwOWNiOGYiO319aToxO2E6Mjp7czo1OiJ3aWR0aCI7czozOiI0MCUiO3M6ODoiZGFzaGxldHMiO2E6Mjp7aTowO3M6MzY6IjFkMzEzMTQxLWYxN2EtYzIzZi1hOGVjLTRmM2RiYjQwZDUzMiI7aToxO3M6MzY6IjFkMzMxOWU2LTlhMzItNzAyNi1hNDFkLTRmM2RiYjNlZTJiMiI7fX19czoxMDoibnVtQ29sdW1ucyI7czoxOiIyIjtzOjk6InBhZ2VUaXRsZSI7czo4OiJNeSBTdWdhciI7fX19'),('256b6ee0-5d0c-64f1-bd31-4f3dbb1a3a42','Home2_SUGARFEED',0,'2012-02-17 02:30:09','2012-02-17 02:30:09','e9f79185-1406-a996-16f2-4f3d61458948','YToxOntzOjEzOiJsaXN0dmlld09yZGVyIjthOjI6e3M6Nzoib3JkZXJCeSI7czoxMjoiZGF0ZV9lbnRlcmVkIjtzOjk6InNvcnRPcmRlciI7czo0OiJERVNDIjt9fQ=='),('172b6519-57e6-2534-c30a-4f3e57d42199','Home',0,'2012-02-17 13:35:55','2012-02-17 13:35:55','529b1975-f375-4559-0442-4f3d597ffd41','YToyOntzOjg6ImRhc2hsZXRzIjthOjM6e3M6MzY6ImY0ZTkwYmVhLTcwNDYtNTYyMC0yZDQyLTRmM2U1N2NmMzNkZiI7YTo1OntzOjk6ImNsYXNzTmFtZSI7czoxMzoiaUZyYW1lRGFzaGxldCI7czo2OiJtb2R1bGUiO3M6NDoiSG9tZSI7czoxMToiZm9yY2VDb2x1bW4iO2k6MDtzOjEyOiJmaWxlTG9jYXRpb24iO3M6NTM6Im1vZHVsZXMvSG9tZS9EYXNobGV0cy9pRnJhbWVEYXNobGV0L2lGcmFtZURhc2hsZXQucGhwIjtzOjc6Im9wdGlvbnMiO2E6Mzp7czo1OiJ0aXRsZSI7czoxNDoiRGlzY292ZXIgU3VnYXIiO3M6MzoidXJsIjtzOjQxOiJodHRwOi8vd3d3LnN1Z2FyY3JtLmNvbS9jcm0vcHJvZHVjdC9nb3BybyI7czo2OiJoZWlnaHQiO2k6MzE1O319czozNjoiZjUzNDBjNTYtNjg2ZS0wZWViLWU3ZGYtNGYzZTU3Yjg1NDU4IjthOjQ6e3M6OToiY2xhc3NOYW1lIjtzOjE2OiJTdWdhckZlZWREYXNobGV0IjtzOjY6Im1vZHVsZSI7czo5OiJTdWdhckZlZWQiO3M6MTE6ImZvcmNlQ29sdW1uIjtpOjE7czoxMjoiZmlsZUxvY2F0aW9uIjtzOjY0OiJtb2R1bGVzL1N1Z2FyRmVlZC9EYXNobGV0cy9TdWdhckZlZWREYXNobGV0L1N1Z2FyRmVlZERhc2hsZXQucGhwIjt9czozNjoiZjU1NDBmMTEtZDY1ZS03YmYwLTZjOTUtNGYzZTU3MzYxMmZmIjthOjU6e3M6OToiY2xhc3NOYW1lIjtzOjEzOiJpRnJhbWVEYXNobGV0IjtzOjY6Im1vZHVsZSI7czo0OiJIb21lIjtzOjExOiJmb3JjZUNvbHVtbiI7aToxO3M6MTI6ImZpbGVMb2NhdGlvbiI7czo1MzoibW9kdWxlcy9Ib21lL0Rhc2hsZXRzL2lGcmFtZURhc2hsZXQvaUZyYW1lRGFzaGxldC5waHAiO3M6Nzoib3B0aW9ucyI7YTozOntzOjU6InRpdGxlIjtzOjEwOiJTdWdhciBOZXdzIjtzOjM6InVybCI7czo0MDoiaHR0cDovL3d3dy5zdWdhcmNybS5jb20vY3JtL3Byb2R1Y3QvbmV3cyI7czo2OiJoZWlnaHQiO2k6MzE1O319fXM6NToicGFnZXMiO2E6MTp7aTowO2E6Mzp7czo3OiJjb2x1bW5zIjthOjI6e2k6MDthOjI6e3M6NToid2lkdGgiO3M6MzoiNjAlIjtzOjg6ImRhc2hsZXRzIjthOjE6e2k6MDtzOjM2OiJmNGU5MGJlYS03MDQ2LTU2MjAtMmQ0Mi00ZjNlNTdjZjMzZGYiO319aToxO2E6Mjp7czo1OiJ3aWR0aCI7czozOiI0MCUiO3M6ODoiZGFzaGxldHMiO2E6Mjp7aTowO3M6MzY6ImY1MzQwYzU2LTY4NmUtMGVlYi1lN2RmLTRmM2U1N2I4NTQ1OCI7aToxO3M6MzY6ImY1NTQwZjExLWQ2NWUtN2JmMC02Yzk1LTRmM2U1NzM2MTJmZiI7fX19czoxMDoibnVtQ29sdW1ucyI7czoxOiIyIjtzOjk6InBhZ2VUaXRsZSI7czo4OiJNeSBTdWdhciI7fX19'),('17984dac-2f62-a360-f908-4f3e57f271a3','Home2_SUGARFEED',0,'2012-02-17 13:35:55','2012-02-17 13:35:55','529b1975-f375-4559-0442-4f3d597ffd41','YToxOntzOjEzOiJsaXN0dmlld09yZGVyIjthOjI6e3M6Nzoib3JkZXJCeSI7czoxMjoiZGF0ZV9lbnRlcmVkIjtzOjk6InNvcnRPcmRlciI7czo0OiJERVNDIjt9fQ=='),('19aa3417-3be4-355d-595f-4f3e57a1ce1e','Bugs2_BUG',0,'2012-02-17 13:36:15','2012-02-17 13:36:15','529b1975-f375-4559-0442-4f3d597ffd41','YToxOntzOjEzOiJsaXN0dmlld09yZGVyIjthOjI6e3M6Nzoib3JkZXJCeSI7czoxMjoiZGF0ZV9lbnRlcmVkIjtzOjk6InNvcnRPcmRlciI7czo0OiJERVNDIjt9fQ=='),('b4861f40-21e4-6c41-cf66-4f3e5aba7738','Users2_USER',0,'2012-02-17 13:49:23','2012-02-17 13:49:23','529b1975-f375-4559-0442-4f3d597ffd41','YToxOntzOjEzOiJsaXN0dmlld09yZGVyIjthOjI6e3M6Nzoib3JkZXJCeSI7czoxMjoiZGF0ZV9lbnRlcmVkIjtzOjk6InNvcnRPcmRlciI7czo0OiJERVNDIjt9fQ=='),('522283ec-bde3-8c4b-ca94-4f421d9bc667','Bugs2_BUG',0,'2012-02-20 10:17:17','2012-02-20 10:17:17','e9f79185-1406-a996-16f2-4f3d61458948','YToxOntzOjEzOiJsaXN0dmlld09yZGVyIjthOjI6e3M6Nzoib3JkZXJCeSI7czoxMjoiZGF0ZV9lbnRlcmVkIjtzOjk6InNvcnRPcmRlciI7czo0OiJERVNDIjt9fQ=='),('6d417563-1a20-cf8b-307f-4f4bfe5211ef','Home',0,'2012-02-27 22:06:40','2012-02-27 22:06:40','3f1eeaaf-26fa-30f4-f990-4f3d62566304','YToyOntzOjg6ImRhc2hsZXRzIjthOjM6e3M6MzY6IjY0Y2YzZGU0LTg0MWEtZDkwYy0zNWJmLTRmNGJmZTcyMjI3ZSI7YTo1OntzOjk6ImNsYXNzTmFtZSI7czoxMzoiaUZyYW1lRGFzaGxldCI7czo2OiJtb2R1bGUiO3M6NDoiSG9tZSI7czoxMToiZm9yY2VDb2x1bW4iO2k6MDtzOjEyOiJmaWxlTG9jYXRpb24iO3M6NTM6Im1vZHVsZXMvSG9tZS9EYXNobGV0cy9pRnJhbWVEYXNobGV0L2lGcmFtZURhc2hsZXQucGhwIjtzOjc6Im9wdGlvbnMiO2E6Mzp7czo1OiJ0aXRsZSI7czoxNDoiRGlzY292ZXIgU3VnYXIiO3M6MzoidXJsIjtzOjQxOiJodHRwOi8vd3d3LnN1Z2FyY3JtLmNvbS9jcm0vcHJvZHVjdC9nb3BybyI7czo2OiJoZWlnaHQiO2k6MzE1O319czozNjoiNjRkNTY5MjgtMzcyZi0zOGQwLWI3NWEtNGY0YmZlZmJiOTRmIjthOjQ6e3M6OToiY2xhc3NOYW1lIjtzOjE2OiJTdWdhckZlZWREYXNobGV0IjtzOjY6Im1vZHVsZSI7czo5OiJTdWdhckZlZWQiO3M6MTE6ImZvcmNlQ29sdW1uIjtpOjE7czoxMjoiZmlsZUxvY2F0aW9uIjtzOjY0OiJtb2R1bGVzL1N1Z2FyRmVlZC9EYXNobGV0cy9TdWdhckZlZWREYXNobGV0L1N1Z2FyRmVlZERhc2hsZXQucGhwIjt9czozNjoiNjRkN2M3MjgtMjY4OC1mYzkxLTFmYTgtNGY0YmZlOWY4NDI0IjthOjU6e3M6OToiY2xhc3NOYW1lIjtzOjEzOiJpRnJhbWVEYXNobGV0IjtzOjY6Im1vZHVsZSI7czo0OiJIb21lIjtzOjExOiJmb3JjZUNvbHVtbiI7aToxO3M6MTI6ImZpbGVMb2NhdGlvbiI7czo1MzoibW9kdWxlcy9Ib21lL0Rhc2hsZXRzL2lGcmFtZURhc2hsZXQvaUZyYW1lRGFzaGxldC5waHAiO3M6Nzoib3B0aW9ucyI7YTozOntzOjU6InRpdGxlIjtzOjEwOiJTdWdhciBOZXdzIjtzOjM6InVybCI7czo0MDoiaHR0cDovL3d3dy5zdWdhcmNybS5jb20vY3JtL3Byb2R1Y3QvbmV3cyI7czo2OiJoZWlnaHQiO2k6MzE1O319fXM6NToicGFnZXMiO2E6MTp7aTowO2E6Mzp7czo3OiJjb2x1bW5zIjthOjI6e2k6MDthOjI6e3M6NToid2lkdGgiO3M6MzoiNjAlIjtzOjg6ImRhc2hsZXRzIjthOjE6e2k6MDtzOjM2OiI2NGNmM2RlNC04NDFhLWQ5MGMtMzViZi00ZjRiZmU3MjIyN2UiO319aToxO2E6Mjp7czo1OiJ3aWR0aCI7czozOiI0MCUiO3M6ODoiZGFzaGxldHMiO2E6Mjp7aTowO3M6MzY6IjY0ZDU2OTI4LTM3MmYtMzhkMC1iNzVhLTRmNGJmZWZiYjk0ZiI7aToxO3M6MzY6IjY0ZDdjNzI4LTI2ODgtZmM5MS0xZmE4LTRmNGJmZTlmODQyNCI7fX19czoxMDoibnVtQ29sdW1ucyI7czoxOiIyIjtzOjk6InBhZ2VUaXRsZSI7czo4OiJNeSBTdWdhciI7fX19'),('6db0a58f-105c-6e1e-d0b9-4f4bfe81b05c','Home2_SUGARFEED',0,'2012-02-27 22:06:40','2012-02-27 22:06:40','3f1eeaaf-26fa-30f4-f990-4f3d62566304','YToxOntzOjEzOiJsaXN0dmlld09yZGVyIjthOjI6e3M6Nzoib3JkZXJCeSI7czoxMjoiZGF0ZV9lbnRlcmVkIjtzOjk6InNvcnRPcmRlciI7czo0OiJERVNDIjt9fQ=='),('4f750758-5608-df04-90ac-4f4d211737ba','Home',0,'2012-02-28 18:50:25','2012-06-21 20:37:59','2bf53c62-efbb-f811-41f8-4f3d64001d45','YToyOntzOjg6ImRhc2hsZXRzIjthOjQ6e3M6MzY6ImQzOTQ2YTRhLWI2YTctNWFhNS00MGY4LTRmZTM4MjZkMzA0YyI7YTo0OntzOjk6ImNsYXNzTmFtZSI7czoxNzoiTXlBY2NvdW50c0Rhc2hsZXQiO3M6NjoibW9kdWxlIjtzOjg6IkFjY291bnRzIjtzOjc6Im9wdGlvbnMiO2E6MDp7fXM6MTI6ImZpbGVMb2NhdGlvbiI7czo2NToibW9kdWxlcy9BY2NvdW50cy9EYXNobGV0cy9NeUFjY291bnRzRGFzaGxldC9NeUFjY291bnRzRGFzaGxldC5waHAiO31zOjM2OiI2YjhiNzFkNC0zNDM2LTNhZTctNDZkMC00ZmUzODIxMjY3N2EiO2E6NDp7czo5OiJjbGFzc05hbWUiO3M6MjI6Ik15T3Bwb3J0dW5pdGllc0Rhc2hsZXQiO3M6NjoibW9kdWxlIjtzOjEzOiJPcHBvcnR1bml0aWVzIjtzOjc6Im9wdGlvbnMiO2E6MDp7fXM6MTI6ImZpbGVMb2NhdGlvbiI7czo4MDoibW9kdWxlcy9PcHBvcnR1bml0aWVzL0Rhc2hsZXRzL015T3Bwb3J0dW5pdGllc0Rhc2hsZXQvTXlPcHBvcnR1bml0aWVzRGFzaGxldC5waHAiO31zOjM2OiI4YTliMGEwOS02MTg5LWQ0MWEtZTBmNi00ZmUzODJiOTkzNTkiO2E6NDp7czo5OiJjbGFzc05hbWUiO3M6MTQ6Ik15TGVhZHNEYXNobGV0IjtzOjY6Im1vZHVsZSI7czo1OiJMZWFkcyI7czo3OiJvcHRpb25zIjthOjA6e31zOjEyOiJmaWxlTG9jYXRpb24iO3M6NTY6Im1vZHVsZXMvTGVhZHMvRGFzaGxldHMvTXlMZWFkc0Rhc2hsZXQvTXlMZWFkc0Rhc2hsZXQucGhwIjt9czozNjoiMzQ5M2E2ZmYtODA1NS1mZWNmLTg1MTMtNGZlMzgyYzAyZTk3IjthOjQ6e3M6OToiY2xhc3NOYW1lIjtzOjI3OiJQaXBlbGluZUJ5U2FsZXNTdGFnZURhc2hsZXQiO3M6NjoibW9kdWxlIjtzOjEzOiJPcHBvcnR1bml0aWVzIjtzOjc6Im9wdGlvbnMiO2E6NTp7czoxNToicGJzc19kYXRlX3N0YXJ0IjtzOjEwOiIyMDEyLTA2LTAxIjtzOjEzOiJwYnNzX2RhdGVfZW5kIjtzOjEwOiIyMDEyLTA2LTMwIjtzOjE3OiJwYnNzX3NhbGVzX3N0YWdlcyI7YToxMDp7aTowO3M6MTE6IlByb3NwZWN0aW5nIjtpOjE7czoxMzoiUXVhbGlmaWNhdGlvbiI7aToyO3M6MTQ6Ik5lZWRzIEFuYWx5c2lzIjtpOjM7czoxNzoiVmFsdWUgUHJvcG9zaXRpb24iO2k6NDtzOjE5OiJJZC4gRGVjaXNpb24gTWFrZXJzIjtpOjU7czoxOToiUGVyY2VwdGlvbiBBbmFseXNpcyI7aTo2O3M6MjA6IlByb3Bvc2FsL1ByaWNlIFF1b3RlIjtpOjc7czoxODoiTmVnb3RpYXRpb24vUmV2aWV3IjtpOjg7czoxMDoiQ2xvc2VkIFdvbiI7aTo5O3M6MTE6IkNsb3NlZCBMb3N0Ijt9czo1OiJ0aXRsZSI7czoyMzoiUGlwZWxpbmUgQnkgU2FsZXMgU3RhZ2UiO3M6MTE6ImF1dG9SZWZyZXNoIjtzOjI6Ii0xIjt9czoxMjoiZmlsZUxvY2F0aW9uIjtzOjgzOiJtb2R1bGVzL0NoYXJ0cy9EYXNobGV0cy9QaXBlbGluZUJ5U2FsZXNTdGFnZURhc2hsZXQvUGlwZWxpbmVCeVNhbGVzU3RhZ2VEYXNobGV0LnBocCI7fX1zOjU6InBhZ2VzIjthOjE6e2k6MDthOjM6e3M6NzoiY29sdW1ucyI7YToyOntpOjA7YToyOntzOjU6IndpZHRoIjtzOjM6IjYwJSI7czo4OiJkYXNobGV0cyI7YTo0OntpOjA7czozNjoiNmI4YjcxZDQtMzQzNi0zYWU3LTQ2ZDAtNGZlMzgyMTI2NzdhIjtpOjE7czozNjoiMzQ5M2E2ZmYtODA1NS1mZWNmLTg1MTMtNGZlMzgyYzAyZTk3IjtpOjI7czozNjoiOGE5YjBhMDktNjE4OS1kNDFhLWUwZjYtNGZlMzgyYjk5MzU5IjtpOjM7czozNjoiZDM5NDZhNGEtYjZhNy01YWE1LTQwZjgtNGZlMzgyNmQzMDRjIjt9fWk6MTthOjI6e3M6NToid2lkdGgiO3M6MzoiNDAlIjtzOjg6ImRhc2hsZXRzIjthOjE6e2k6MDtzOjA6IiI7fX19czoxMDoibnVtQ29sdW1ucyI7czoxOiIyIjtzOjk6InBhZ2VUaXRsZSI7czo4OiJNeSBTdWdhciI7fX19'),('15b45828-af50-eaef-06d3-4fe382111867','Home2_ACCOUNT',0,'2012-06-21 20:22:29','2012-06-21 20:22:29','2bf53c62-efbb-f811-41f8-4f3d64001d45','YToxOntzOjEzOiJsaXN0dmlld09yZGVyIjthOjI6e3M6Nzoib3JkZXJCeSI7czoxMjoiZGF0ZV9lbnRlcmVkIjtzOjk6InNvcnRPcmRlciI7czo0OiJERVNDIjt9fQ=='),('566a0a5d-6054-69eb-15fc-4f4d21f64aa9','Home2_SUGARFEED',0,'2012-02-28 18:50:25','2012-02-28 18:50:25','2bf53c62-efbb-f811-41f8-4f3d64001d45','YToxOntzOjEzOiJsaXN0dmlld09yZGVyIjthOjI6e3M6Nzoib3JkZXJCeSI7czoxMjoiZGF0ZV9lbnRlcmVkIjtzOjk6InNvcnRPcmRlciI7czo0OiJERVNDIjt9fQ=='),('60943b5d-dd82-3c98-46da-4f4d21fb558d','Project2_PROJECT',0,'2012-02-28 18:50:34','2012-02-28 18:50:34','2bf53c62-efbb-f811-41f8-4f3d64001d45','YToxOntzOjEzOiJsaXN0dmlld09yZGVyIjthOjI6e3M6Nzoib3JkZXJCeSI7czoxMjoiZGF0ZV9lbnRlcmVkIjtzOjk6InNvcnRPcmRlciI7czo0OiJERVNDIjt9fQ=='),('5a1d139a-aabd-cb78-0caa-4f4d22900671','Bugs2_BUG',0,'2012-02-28 18:50:42','2012-02-28 18:50:42','2bf53c62-efbb-f811-41f8-4f3d64001d45','YToxOntzOjEzOiJsaXN0dmlld09yZGVyIjthOjI6e3M6Nzoib3JkZXJCeSI7czoxMjoiZGF0ZV9lbnRlcmVkIjtzOjk6InNvcnRPcmRlciI7czo0OiJERVNDIjt9fQ=='),('572ddfe7-6dab-e8e2-5e7c-4f4d250ce86c','Users2_USER',0,'2012-02-28 19:05:42','2012-03-29 20:31:31','2bf53c62-efbb-f811-41f8-4f3d64001d45','YToxOntzOjEzOiJsaXN0dmlld09yZGVyIjthOjI6e3M6Nzoib3JkZXJCeSI7czoxMjoiZGF0ZV9lbnRlcmVkIjtzOjk6InNvcnRPcmRlciI7czo0OiJERVNDIjt9fQ=='),('2fb68223-5c71-051f-a907-4f4d28d1487b','nli_Pricing2_NLI_PRICING',0,'2012-02-28 19:19:08','2012-03-01 19:52:15','1','YToxOntzOjEzOiJsaXN0dmlld09yZGVyIjthOjI6e3M6Nzoib3JkZXJCeSI7czoxMjoiZGF0ZV9lbnRlcmVkIjtzOjk6InNvcnRPcmRlciI7czo0OiJERVNDIjt9fQ=='),('64b46ec4-447b-7e10-cb7e-4f4d384be57a','Project2_PROJECT',0,'2012-02-28 20:28:45','2012-02-28 20:28:45','1','YToxOntzOjEzOiJsaXN0dmlld09yZGVyIjthOjI6e3M6Nzoib3JkZXJCeSI7czoxMjoiZGF0ZV9lbnRlcmVkIjtzOjk6InNvcnRPcmRlciI7czo0OiJERVNDIjt9fQ=='),('4b4c14a1-7dc5-4dbc-85d1-4f4d39bc1945','Calls2_CALL',0,'2012-02-28 20:28:56','2012-02-28 20:28:56','1','YToxOntzOjEzOiJsaXN0dmlld09yZGVyIjthOjI6e3M6Nzoib3JkZXJCeSI7czoxMjoiZGF0ZV9lbnRlcmVkIjtzOjk6InNvcnRPcmRlciI7czo0OiJERVNDIjt9fQ=='),('938c6da3-1b37-65aa-eb25-4f4d59527213','Bugs2_BUG',0,'2012-02-28 22:45:37','2012-02-28 22:45:37','3f1eeaaf-26fa-30f4-f990-4f3d62566304','YToxOntzOjEzOiJsaXN0dmlld09yZGVyIjthOjI6e3M6Nzoib3JkZXJCeSI7czoxMjoiZGF0ZV9lbnRlcmVkIjtzOjk6InNvcnRPcmRlciI7czo0OiJERVNDIjt9fQ=='),('d5d10a4e-17bd-54a7-102d-4f4d59f5c71f','Project2_PROJECT',0,'2012-02-28 22:47:33','2012-02-28 22:47:33','3f1eeaaf-26fa-30f4-f990-4f3d62566304','YToxOntzOjEzOiJsaXN0dmlld09yZGVyIjthOjI6e3M6Nzoib3JkZXJCeSI7czoxMjoiZGF0ZV9lbnRlcmVkIjtzOjk6InNvcnRPcmRlciI7czo0OiJERVNDIjt9fQ=='),('dc0c0f7c-3808-dd28-6229-4f4d595358d9','nli_Pricing2_NLI_PRICING',0,'2012-02-28 22:47:38','2012-02-28 22:47:38','3f1eeaaf-26fa-30f4-f990-4f3d62566304','YToxOntzOjEzOiJsaXN0dmlld09yZGVyIjthOjI6e3M6Nzoib3JkZXJCeSI7czoxMjoiZGF0ZV9lbnRlcmVkIjtzOjk6InNvcnRPcmRlciI7czo0OiJERVNDIjt9fQ=='),('7ecec193-4498-c14f-e6c2-4f4fecc923bd','AOS_Products2_AOS_PRODUCTS',0,'2012-03-01 21:37:33','2012-05-30 19:53:42','9106f88a-f272-8119-72a3-4f3165461fc6','YToxOntzOjEzOiJsaXN0dmlld09yZGVyIjthOjI6e3M6Nzoib3JkZXJCeSI7czoxMjoiZGF0ZV9lbnRlcmVkIjtzOjk6InNvcnRPcmRlciI7czo0OiJERVNDIjt9fQ=='),('9825a354-ae1e-736c-c78a-4f4feedda6b5','nli_Pricing2_NLI_PRICING',0,'2012-03-01 21:47:47','2012-03-01 21:47:53','9106f88a-f272-8119-72a3-4f3165461fc6','YToxOntzOjEzOiJsaXN0dmlld09yZGVyIjthOjI6e3M6Nzoib3JkZXJCeSI7czoyNToibmxpX3ByaWNpbmdfcHJvZHVjdHNfbmFtZSI7czo5OiJzb3J0T3JkZXIiO3M6MzoiQVNDIjt9fQ=='),('1b04f7de-37f6-665f-2d46-4f592fb08b1c','AOS_Products2_AOS_PRODUCTS',0,'2012-03-08 22:16:16','2012-06-20 06:38:43','2bf53c62-efbb-f811-41f8-4f3d64001d45','YToxOntzOjEzOiJsaXN0dmlld09yZGVyIjthOjI6e3M6Nzoib3JkZXJCeSI7czo4OiJtYWluY29kZSI7czo5OiJzb3J0T3JkZXIiO3M6MzoiQVNDIjt9fQ=='),('cc725e0a-ced4-868a-80cd-4f593628e97c','AOS_Contracts2_AOS_CONTRACTS',0,'2012-03-08 22:46:41','2012-03-08 22:46:41','2bf53c62-efbb-f811-41f8-4f3d64001d45','YToxOntzOjEzOiJsaXN0dmlld09yZGVyIjthOjI6e3M6Nzoib3JkZXJCeSI7czoxMjoiZGF0ZV9lbnRlcmVkIjtzOjk6InNvcnRPcmRlciI7czo0OiJERVNDIjt9fQ=='),('21187c43-73e3-8455-1bb1-4f593780d039','nli_Pricing2_NLI_PRICING',0,'2012-03-08 22:48:17','2012-03-08 22:48:17','2bf53c62-efbb-f811-41f8-4f3d64001d45','YToxOntzOjEzOiJsaXN0dmlld09yZGVyIjthOjI6e3M6Nzoib3JkZXJCeSI7czoxMjoiZGF0ZV9lbnRlcmVkIjtzOjk6InNvcnRPcmRlciI7czo0OiJERVNDIjt9fQ=='),('c9211ee5-e97d-34d0-fc52-4f5e4c0bcd7b','AOS_Products_Quotes2_AOS_PRODUCTS_QUOTES',0,'2012-03-12 19:21:35','2012-03-12 19:21:35','1','YToxOntzOjEzOiJsaXN0dmlld09yZGVyIjthOjI6e3M6Nzoib3JkZXJCeSI7czoxMjoiZGF0ZV9lbnRlcmVkIjtzOjk6InNvcnRPcmRlciI7czo0OiJERVNDIjt9fQ=='),('ab790041-4b27-3736-26ac-4f63bde27cfd','Prospects2_PROSPECT',0,'2012-03-16 22:24:40','2012-03-16 22:24:40','1','YToxOntzOjEzOiJsaXN0dmlld09yZGVyIjthOjI6e3M6Nzoib3JkZXJCeSI7czoxMjoiZGF0ZV9lbnRlcmVkIjtzOjk6InNvcnRPcmRlciI7czo0OiJERVNDIjt9fQ=='),('b610067b-ed71-8d14-f553-4f68b183b84c','Accounts2_ACCOUNT',0,'2012-03-20 16:34:43','2012-03-20 16:34:43','2bf53c62-efbb-f811-41f8-4f3d64001d45','YToxOntzOjEzOiJsaXN0dmlld09yZGVyIjthOjI6e3M6Nzoib3JkZXJCeSI7czoxMjoiZGF0ZV9lbnRlcmVkIjtzOjk6InNvcnRPcmRlciI7czo0OiJERVNDIjt9fQ=='),('8f720daa-db2c-8983-1306-4f68c39d905e','AOS_Quotes2_AOS_QUOTES',0,'2012-03-20 17:50:49','2012-03-20 17:50:49','b382dde4-a6f4-b9c9-76b7-4f3d574329b1','YToxOntzOjEzOiJsaXN0dmlld09yZGVyIjthOjI6e3M6Nzoib3JkZXJCeSI7czoxMjoiZGF0ZV9lbnRlcmVkIjtzOjk6InNvcnRPcmRlciI7czo0OiJERVNDIjt9fQ=='),('c87077e2-8b60-0090-867e-4f68c6a2cc44','Opportunities2_OPPORTUNITY',0,'2012-03-20 18:04:21','2012-03-20 18:04:21','b382dde4-a6f4-b9c9-76b7-4f3d574329b1','YToxOntzOjEzOiJsaXN0dmlld09yZGVyIjthOjI6e3M6Nzoib3JkZXJCeSI7czoxMjoiZGF0ZV9lbnRlcmVkIjtzOjk6InNvcnRPcmRlciI7czo0OiJERVNDIjt9fQ=='),('69cae012-69b3-b785-ef24-4f70adb3fef6','Opportunities2_OPPORTUNITY',0,'2012-03-26 17:55:27','2012-03-26 17:55:27','9106f88a-f272-8119-72a3-4f3165461fc6','YToxOntzOjEzOiJsaXN0dmlld09yZGVyIjthOjI6e3M6Nzoib3JkZXJCeSI7czoxMjoiZGF0ZV9lbnRlcmVkIjtzOjk6InNvcnRPcmRlciI7czo0OiJERVNDIjt9fQ=='),('886a86e2-ede8-4a43-c09f-4f70af987cb0','AOS_Quotes2_AOS_QUOTES',0,'2012-03-26 18:04:23','2012-03-26 18:04:23','9106f88a-f272-8119-72a3-4f3165461fc6','YToxOntzOjEzOiJsaXN0dmlld09yZGVyIjthOjI6e3M6Nzoib3JkZXJCeSI7czoxMjoiZGF0ZV9lbnRlcmVkIjtzOjk6InNvcnRPcmRlciI7czo0OiJERVNDIjt9fQ=='),('db2c48df-4916-b957-bafc-4f70dc353487','Opportunities2_OPPORTUNITY',0,'2012-03-26 21:13:59','2012-03-26 21:13:59','2bf53c62-efbb-f811-41f8-4f3d64001d45','YToxOntzOjEzOiJsaXN0dmlld09yZGVyIjthOjI6e3M6Nzoib3JkZXJCeSI7czoxMjoiZGF0ZV9lbnRlcmVkIjtzOjk6InNvcnRPcmRlciI7czo0OiJERVNDIjt9fQ=='),('9c30075e-bc35-ec62-1574-4f70dc1699ba','AOS_PDF_Templates2_AOS_PDF_TEMPLATES',0,'2012-03-26 21:14:28','2012-03-26 21:14:28','2bf53c62-efbb-f811-41f8-4f3d64001d45','YToxOntzOjEzOiJsaXN0dmlld09yZGVyIjthOjI6e3M6Nzoib3JkZXJCeSI7czoxMjoiZGF0ZV9lbnRlcmVkIjtzOjk6InNvcnRPcmRlciI7czo0OiJERVNDIjt9fQ=='),('2eaebee6-6509-1447-6d7e-4f720d04fdeb','Contacts2_CONTACT',0,'2012-03-27 18:56:23','2012-03-27 18:56:23','9106f88a-f272-8119-72a3-4f3165461fc6','YToxOntzOjEzOiJsaXN0dmlld09yZGVyIjthOjI6e3M6Nzoib3JkZXJCeSI7czoxMjoiZGF0ZV9lbnRlcmVkIjtzOjk6InNvcnRPcmRlciI7czo0OiJERVNDIjt9fQ=='),('7efea21f-b76c-30e2-d830-4f7213a66745','Emails',0,'2012-03-27 19:23:13','2012-03-27 19:23:43','9106f88a-f272-8119-72a3-4f3165461fc6','YToyOntzOjE1OiJlbWFpbDJQcmVmbGlnaHQiO2I6MTtzOjExOiJmb2N1c0ZvbGRlciI7czoxMDE6ImE6Mjp7czo0OiJpZUlkIjtzOjM2OiI1ZDQ2YWFjNi0zNTNjLTc1NTgtOGI2ZS00ZjcyMTM0ZjYyZDMiO3M6NjoiZm9sZGVyIjtzOjE5OiJTVUdBUi5NeSBTZW50IEVtYWlsIjt9Ijt9'),('64aa2fbf-8f25-e115-248c-4f7214803220','AOS_PDF_Templates2_AOS_PDF_TEMPLATES',0,'2012-03-27 19:25:08','2012-03-27 19:25:08','9106f88a-f272-8119-72a3-4f3165461fc6','YToxOntzOjEzOiJsaXN0dmlld09yZGVyIjthOjI6e3M6Nzoib3JkZXJCeSI7czoxMjoiZGF0ZV9lbnRlcmVkIjtzOjk6InNvcnRPcmRlciI7czo0OiJERVNDIjt9fQ=='),('9b3f2012-a171-1e4f-7b50-4f723d919487','Contacts2_CONTACT',0,'2012-03-27 22:23:17','2012-03-27 22:23:17','2bf53c62-efbb-f811-41f8-4f3d64001d45','YToxOntzOjEzOiJsaXN0dmlld09yZGVyIjthOjI6e3M6Nzoib3JkZXJCeSI7czoxMjoiZGF0ZV9lbnRlcmVkIjtzOjk6InNvcnRPcmRlciI7czo0OiJERVNDIjt9fQ=='),('b357edc2-b39f-c2f0-5d14-4f74c70434e5','global',0,'2012-03-29 20:34:19','2012-06-26 23:43:05','b13a4520-fde1-596b-17d8-4f74c7865de6','YTozMTp7czoxMjoibWFpbG1lcmdlX29uIjtzOjI6Im9uIjtzOjg6Im1heF90YWJzIjtzOjE6IjciO3M6MTY6InN3YXBfbGFzdF92aWV3ZWQiO3M6MDoiIjtzOjE0OiJzd2FwX3Nob3J0Y3V0cyI7czowOiIiO3M6MTk6Im5hdmlnYXRpb25fcGFyYWRpZ20iO3M6MjoiZ20iO3M6MTM6InN1YnBhbmVsX3RhYnMiO3M6MDoiIjtzOjE0OiJtb2R1bGVfZmF2aWNvbiI7czowOiIiO3M6OToiaGlkZV90YWJzIjthOjA6e31zOjExOiJyZW1vdmVfdGFicyI7YTowOnt9czo3OiJub19vcHBzIjtzOjM6Im9mZiI7czoxMzoicmVtaW5kZXJfdGltZSI7aToxODAwO3M6ODoidGltZXpvbmUiO3M6MTU6IkFtZXJpY2EvVGlqdWFuYSI7czoyOiJ1dCI7czoxOiIxIjtzOjg6ImN1cnJlbmN5IjtzOjM6Ii05OSI7czozNToiZGVmYXVsdF9jdXJyZW5jeV9zaWduaWZpY2FudF9kaWdpdHMiO3M6MToiMiI7czoxMToibnVtX2dycF9zZXAiO3M6MToiLCI7czo3OiJkZWNfc2VwIjtzOjE6Ii4iO3M6NToiZGF0ZWYiO3M6NToibS9kL1kiO3M6NToidGltZWYiO3M6NDoiaDppYSI7czoyNjoiZGVmYXVsdF9sb2NhbGVfbmFtZV9mb3JtYXQiO3M6NToicyBmIGwiO3M6MTY6ImV4cG9ydF9kZWxpbWl0ZXIiO3M6MToiLCI7czoyMjoiZGVmYXVsdF9leHBvcnRfY2hhcnNldCI7czo1OiJVVEYtOCI7czoxNDoidXNlX3JlYWxfbmFtZXMiO3M6Mjoib24iO3M6MTc6Im1haWxfc210cGF1dGhfcmVxIjtzOjA6IiI7czoxMjoibWFpbF9zbXRwc3NsIjtpOjA7czoxNToiZW1haWxfbGlua190eXBlIjtzOjU6InN1Z2FyIjtzOjE3OiJlbWFpbF9zaG93X2NvdW50cyI7aTowO3M6MjA6ImNhbGVuZGFyX3B1Ymxpc2hfa2V5IjtzOjA6IiI7czoxMDoidXNlcl90aGVtZSI7czo2OiJTdWdhcjUiO3M6MTk6InRoZW1lX2N1cnJlbnRfZ3JvdXAiO3M6MzoiQWxsIjtzOjEzOiJBT1NfUHJvZHVjdHNRIjthOjIzOntzOjY6Im1vZHVsZSI7czoxMjoiQU9TX1Byb2R1Y3RzIjtzOjY6ImFjdGlvbiI7czo1OiJpbmRleCI7czoxMzoic2VhcmNoRm9ybVRhYiI7czoxNToiYWR2YW5jZWRfc2VhcmNoIjtzOjU6InF1ZXJ5IjtzOjQ6InRydWUiO3M6MTM6Im5hbWVfYWR2YW5jZWQiO3M6MDoiIjtzOjIwOiJwYXJ0X251bWJlcl9hZHZhbmNlZCI7czowOiIiO3M6MjY6ImNvc3RfYWR2YW5jZWRfcmFuZ2VfY2hvaWNlIjtzOjE6Ij0iO3M6MTk6InJhbmdlX2Nvc3RfYWR2YW5jZWQiO3M6MDoiIjtzOjI1OiJzdGFydF9yYW5nZV9jb3N0X2FkdmFuY2VkIjtzOjA6IiI7czoyMzoiZW5kX3JhbmdlX2Nvc3RfYWR2YW5jZWQiO3M6MDoiIjtzOjI3OiJwcmljZV9hZHZhbmNlZF9yYW5nZV9jaG9pY2UiO3M6MToiPSI7czoyMDoicmFuZ2VfcHJpY2VfYWR2YW5jZWQiO3M6MDoiIjtzOjI2OiJzdGFydF9yYW5nZV9wcmljZV9hZHZhbmNlZCI7czowOiIiO3M6MjQ6ImVuZF9yYW5nZV9wcmljZV9hZHZhbmNlZCI7czowOiIiO3M6MTc6ImNhdGVnb3J5X2FkdmFuY2VkIjthOjE6e2k6MDtzOjg6IkludGVybmV0Ijt9czo5OiJzaG93U1NESVYiO3M6Mjoibm8iO3M6MTc6InNhdmVkX3NlYXJjaF9uYW1lIjtzOjA6IiI7czoxMzoic2VhcmNoX21vZHVsZSI7czowOiIiO3M6MTk6InNhdmVkX3NlYXJjaF9hY3Rpb24iO3M6MDoiIjtzOjE0OiJkaXNwbGF5Q29sdW1ucyI7czo3NDoiTUFJTkNPREV8TkFNRXxQQVJUX05VTUJFUnxDQVRFR09SWXxDT1NUfFBSSUNFfENSRUFURURfQllfTkFNRXxEQVRFX0VOVEVSRUQiO3M6ODoiaGlkZVRhYnMiO3M6MzM6IkpCSUxMSU5HX1JFTEFUSU9OX0lEX0N8SE9NSVJfSURfQyI7czo3OiJvcmRlckJ5IjtzOjg6Ik1BSU5DT0RFIjtzOjk6InNvcnRPcmRlciI7czozOiJBU0MiO319'),('1ab16fe3-9ce9-5676-451c-4f74ee4ea57b','Home',0,'2012-03-29 23:22:54','2012-03-29 23:22:54','b13a4520-fde1-596b-17d8-4f74c7865de6','YToyOntzOjg6ImRhc2hsZXRzIjthOjg6e3M6MzY6ImVkODE3MzJmLTI0M2ItMDRkNy1jNDc1LTRmNzRlZTgxMjMwNSI7YTo1OntzOjk6ImNsYXNzTmFtZSI7czoxMzoiaUZyYW1lRGFzaGxldCI7czo2OiJtb2R1bGUiO3M6NDoiSG9tZSI7czoxMToiZm9yY2VDb2x1bW4iO2k6MDtzOjEyOiJmaWxlTG9jYXRpb24iO3M6NTM6Im1vZHVsZXMvSG9tZS9EYXNobGV0cy9pRnJhbWVEYXNobGV0L2lGcmFtZURhc2hsZXQucGhwIjtzOjc6Im9wdGlvbnMiO2E6Mzp7czo1OiJ0aXRsZSI7czoxNDoiRGlzY292ZXIgU3VnYXIiO3M6MzoidXJsIjtzOjQxOiJodHRwOi8vd3d3LnN1Z2FyY3JtLmNvbS9jcm0vcHJvZHVjdC9nb3BybyI7czo2OiJoZWlnaHQiO2k6MzE1O319czozNjoiZWQ4NjE3NWUtMzFjMy05NzIzLTIyMzEtNGY3NGVlODg5OTc5IjthOjQ6e3M6OToiY2xhc3NOYW1lIjtzOjE2OiJTdWdhckZlZWREYXNobGV0IjtzOjY6Im1vZHVsZSI7czo5OiJTdWdhckZlZWQiO3M6MTE6ImZvcmNlQ29sdW1uIjtpOjE7czoxMjoiZmlsZUxvY2F0aW9uIjtzOjY0OiJtb2R1bGVzL1N1Z2FyRmVlZC9EYXNobGV0cy9TdWdhckZlZWREYXNobGV0L1N1Z2FyRmVlZERhc2hsZXQucGhwIjt9czozNjoiZWQ4ODRkNTgtNmY0ZS03NjE1LThkZjgtNGY3NGVlNmNhOWIzIjthOjU6e3M6OToiY2xhc3NOYW1lIjtzOjEzOiJpRnJhbWVEYXNobGV0IjtzOjY6Im1vZHVsZSI7czo0OiJIb21lIjtzOjExOiJmb3JjZUNvbHVtbiI7aToxO3M6MTI6ImZpbGVMb2NhdGlvbiI7czo1MzoibW9kdWxlcy9Ib21lL0Rhc2hsZXRzL2lGcmFtZURhc2hsZXQvaUZyYW1lRGFzaGxldC5waHAiO3M6Nzoib3B0aW9ucyI7YTozOntzOjU6InRpdGxlIjtzOjEwOiJTdWdhciBOZXdzIjtzOjM6InVybCI7czo0MDoiaHR0cDovL3d3dy5zdWdhcmNybS5jb20vY3JtL3Byb2R1Y3QvbmV3cyI7czo2OiJoZWlnaHQiO2k6MzE1O319czozNjoiZWUzNzM4YzQtNzdmMi1jNmVjLTM3ZWItNGY3NGVlN2RlNGNmIjthOjU6e3M6OToiY2xhc3NOYW1lIjtzOjE0OiJNeUNhbGxzRGFzaGxldCI7czo2OiJtb2R1bGUiO3M6NToiQ2FsbHMiO3M6MTE6ImZvcmNlQ29sdW1uIjtpOjA7czoxMjoiZmlsZUxvY2F0aW9uIjtzOjU2OiJtb2R1bGVzL0NhbGxzL0Rhc2hsZXRzL015Q2FsbHNEYXNobGV0L015Q2FsbHNEYXNobGV0LnBocCI7czo3OiJvcHRpb25zIjthOjA6e319czozNjoiZWYwYzFhNTAtMzgwOS1iYzAxLTRhYjktNGY3NGVlM2U4NjExIjthOjU6e3M6OToiY2xhc3NOYW1lIjtzOjE3OiJNeU1lZXRpbmdzRGFzaGxldCI7czo2OiJtb2R1bGUiO3M6ODoiTWVldGluZ3MiO3M6MTE6ImZvcmNlQ29sdW1uIjtpOjA7czoxMjoiZmlsZUxvY2F0aW9uIjtzOjY1OiJtb2R1bGVzL01lZXRpbmdzL0Rhc2hsZXRzL015TWVldGluZ3NEYXNobGV0L015TWVldGluZ3NEYXNobGV0LnBocCI7czo3OiJvcHRpb25zIjthOjA6e319czozNjoiZWZhYzMzMTEtNDBjYi1iNDM4LWQzMDgtNGY3NGVlNWJlODY5IjthOjU6e3M6OToiY2xhc3NOYW1lIjtzOjIyOiJNeU9wcG9ydHVuaXRpZXNEYXNobGV0IjtzOjY6Im1vZHVsZSI7czoxMzoiT3Bwb3J0dW5pdGllcyI7czoxMToiZm9yY2VDb2x1bW4iO2k6MDtzOjEyOiJmaWxlTG9jYXRpb24iO3M6ODA6Im1vZHVsZXMvT3Bwb3J0dW5pdGllcy9EYXNobGV0cy9NeU9wcG9ydHVuaXRpZXNEYXNobGV0L015T3Bwb3J0dW5pdGllc0Rhc2hsZXQucGhwIjtzOjc6Im9wdGlvbnMiO2E6MDp7fX1zOjM2OiJmMGZlMTZjZS0xODJjLTM4NzUtMTk4Yi00Zjc0ZWUxNTkzZWUiO2E6NTp7czo5OiJjbGFzc05hbWUiO3M6MTc6Ik15QWNjb3VudHNEYXNobGV0IjtzOjY6Im1vZHVsZSI7czo4OiJBY2NvdW50cyI7czoxMToiZm9yY2VDb2x1bW4iO2k6MDtzOjEyOiJmaWxlTG9jYXRpb24iO3M6NjU6Im1vZHVsZXMvQWNjb3VudHMvRGFzaGxldHMvTXlBY2NvdW50c0Rhc2hsZXQvTXlBY2NvdW50c0Rhc2hsZXQucGhwIjtzOjc6Im9wdGlvbnMiO2E6MDp7fX1zOjM2OiJmMjNhNGYyYS04YzYxLTJmNTEtMDQxNy00Zjc0ZWUxNGE0YWYiO2E6NTp7czo5OiJjbGFzc05hbWUiO3M6MTQ6Ik15TGVhZHNEYXNobGV0IjtzOjY6Im1vZHVsZSI7czo1OiJMZWFkcyI7czoxMToiZm9yY2VDb2x1bW4iO2k6MDtzOjEyOiJmaWxlTG9jYXRpb24iO3M6NTY6Im1vZHVsZXMvTGVhZHMvRGFzaGxldHMvTXlMZWFkc0Rhc2hsZXQvTXlMZWFkc0Rhc2hsZXQucGhwIjtzOjc6Im9wdGlvbnMiO2E6MDp7fX19czo1OiJwYWdlcyI7YToxOntpOjA7YTozOntzOjc6ImNvbHVtbnMiO2E6Mjp7aTowO2E6Mjp7czo1OiJ3aWR0aCI7czozOiI2MCUiO3M6ODoiZGFzaGxldHMiO2E6Njp7aTowO3M6MzY6ImVkODE3MzJmLTI0M2ItMDRkNy1jNDc1LTRmNzRlZTgxMjMwNSI7aToxO3M6MzY6ImVlMzczOGM0LTc3ZjItYzZlYy0zN2ViLTRmNzRlZTdkZTRjZiI7aToyO3M6MzY6ImVmMGMxYTUwLTM4MDktYmMwMS00YWI5LTRmNzRlZTNlODYxMSI7aTozO3M6MzY6ImVmYWMzMzExLTQwY2ItYjQzOC1kMzA4LTRmNzRlZTViZTg2OSI7aTo0O3M6MzY6ImYwZmUxNmNlLTE4MmMtMzg3NS0xOThiLTRmNzRlZTE1OTNlZSI7aTo1O3M6MzY6ImYyM2E0ZjJhLThjNjEtMmY1MS0wNDE3LTRmNzRlZTE0YTRhZiI7fX1pOjE7YToyOntzOjU6IndpZHRoIjtzOjM6IjQwJSI7czo4OiJkYXNobGV0cyI7YToyOntpOjA7czozNjoiZWQ4NjE3NWUtMzFjMy05NzIzLTIyMzEtNGY3NGVlODg5OTc5IjtpOjE7czozNjoiZWQ4ODRkNTgtNmY0ZS03NjE1LThkZjgtNGY3NGVlNmNhOWIzIjt9fX1zOjEwOiJudW1Db2x1bW5zIjtzOjE6IjIiO3M6OToicGFnZVRpdGxlIjtzOjg6Ik15IFN1Z2FyIjt9fX0='),('1b3153c8-968f-b6c7-5b5d-4f74ee814adc','Home2_CALL',0,'2012-03-29 23:22:54','2012-03-29 23:22:54','b13a4520-fde1-596b-17d8-4f74c7865de6','YToxOntzOjEzOiJsaXN0dmlld09yZGVyIjthOjI6e3M6Nzoib3JkZXJCeSI7czoxMjoiZGF0ZV9lbnRlcmVkIjtzOjk6InNvcnRPcmRlciI7czo0OiJERVNDIjt9fQ=='),('1b77df98-6e6f-ab4a-2ed5-4f74ee3fbf6b','Home2_MEETING',0,'2012-03-29 23:22:54','2012-03-29 23:22:54','b13a4520-fde1-596b-17d8-4f74c7865de6','YToxOntzOjEzOiJsaXN0dmlld09yZGVyIjthOjI6e3M6Nzoib3JkZXJCeSI7czoxMjoiZGF0ZV9lbnRlcmVkIjtzOjk6InNvcnRPcmRlciI7czo0OiJERVNDIjt9fQ=='),('1bbc538d-52f8-86cd-78c0-4f74ee4d535d','Home2_OPPORTUNITY',0,'2012-03-29 23:22:54','2012-03-29 23:22:54','b13a4520-fde1-596b-17d8-4f74c7865de6','YToxOntzOjEzOiJsaXN0dmlld09yZGVyIjthOjI6e3M6Nzoib3JkZXJCeSI7czoxMjoiZGF0ZV9lbnRlcmVkIjtzOjk6InNvcnRPcmRlciI7czo0OiJERVNDIjt9fQ=='),('1c02b46d-34f0-4b36-b698-4f74ee7efb45','Home2_ACCOUNT',0,'2012-03-29 23:22:54','2012-03-29 23:22:54','b13a4520-fde1-596b-17d8-4f74c7865de6','YToxOntzOjEzOiJsaXN0dmlld09yZGVyIjthOjI6e3M6Nzoib3JkZXJCeSI7czoxMjoiZGF0ZV9lbnRlcmVkIjtzOjk6InNvcnRPcmRlciI7czo0OiJERVNDIjt9fQ=='),('1c48a58c-052a-65e8-744c-4f74eed3a545','Home2_LEAD',0,'2012-03-29 23:22:54','2012-03-29 23:22:54','b13a4520-fde1-596b-17d8-4f74c7865de6','YToxOntzOjEzOiJsaXN0dmlld09yZGVyIjthOjI6e3M6Nzoib3JkZXJCeSI7czoxMjoiZGF0ZV9lbnRlcmVkIjtzOjk6InNvcnRPcmRlciI7czo0OiJERVNDIjt9fQ=='),('1c8c896f-a726-da47-500b-4f74eefda325','Home2_SUGARFEED',0,'2012-03-29 23:22:54','2012-03-29 23:22:54','b13a4520-fde1-596b-17d8-4f74c7865de6','YToxOntzOjEzOiJsaXN0dmlld09yZGVyIjthOjI6e3M6Nzoib3JkZXJCeSI7czoxMjoiZGF0ZV9lbnRlcmVkIjtzOjk6InNvcnRPcmRlciI7czo0OiJERVNDIjt9fQ=='),('4655f4ca-e598-9be2-9081-4f79e9e2b4e9','Leads2_LEAD',0,'2012-04-02 18:01:22','2012-04-02 22:12:48','9106f88a-f272-8119-72a3-4f3165461fc6','YToxOntzOjEzOiJsaXN0dmlld09yZGVyIjthOjI6e3M6Nzoib3JkZXJCeSI7czoxMjoiZGF0ZV9lbnRlcmVkIjtzOjk6InNvcnRPcmRlciI7czo0OiJERVNDIjt9fQ=='),('a361f075-7195-faf3-3ba4-4f7b4390bc80','AOS_Products',0,'2012-04-03 18:38:00','2012-04-03 18:38:00','2bf53c62-efbb-f811-41f8-4f3d64001d45','YToxOntzOjIyOiJMaXN0Vmlld0Rpc3BsYXlDb2x1bW5zIjthOjA6e319'),('4c2301e3-84a2-cade-5391-4f7a24d298c9','Leads2_LEAD',0,'2012-04-02 22:14:07','2012-04-02 22:14:07','b13a4520-fde1-596b-17d8-4f74c7865de6','YToxOntzOjEzOiJsaXN0dmlld09yZGVyIjthOjI6e3M6Nzoib3JkZXJCeSI7czoxMjoiZGF0ZV9lbnRlcmVkIjtzOjk6InNvcnRPcmRlciI7czo0OiJERVNDIjt9fQ=='),('e890bbfe-6305-7862-469c-4f7a24348080','Users2_USER',0,'2012-04-02 22:15:08','2012-04-02 22:15:08','9106f88a-f272-8119-72a3-4f3165461fc6','YToxOntzOjEzOiJsaXN0dmlld09yZGVyIjthOjI6e3M6Nzoib3JkZXJCeSI7czoxMjoiZGF0ZV9lbnRlcmVkIjtzOjk6InNvcnRPcmRlciI7czo0OiJERVNDIjt9fQ=='),('9c8b0daa-0782-882f-7b72-4f7a266c03e8','Accounts2_ACCOUNT',0,'2012-04-02 22:23:32','2012-04-02 22:23:32','b13a4520-fde1-596b-17d8-4f74c7865de6','YToxOntzOjEzOiJsaXN0dmlld09yZGVyIjthOjI6e3M6Nzoib3JkZXJCeSI7czoxMjoiZGF0ZV9lbnRlcmVkIjtzOjk6InNvcnRPcmRlciI7czo0OiJERVNDIjt9fQ=='),('544ee800-b811-60d4-c1a4-4f7a29efe800','Opportunities2_OPPORTUNITY',0,'2012-04-02 22:34:49','2012-04-02 22:34:49','b13a4520-fde1-596b-17d8-4f74c7865de6','YToxOntzOjEzOiJsaXN0dmlld09yZGVyIjthOjI6e3M6Nzoib3JkZXJCeSI7czoxMjoiZGF0ZV9lbnRlcmVkIjtzOjk6InNvcnRPcmRlciI7czo0OiJERVNDIjt9fQ=='),('4e227153-fa78-46bc-2ca1-4f7b6f9d4bff','AOS_Quotes2_AOS_QUOTES',0,'2012-04-03 21:46:34','2012-04-03 21:46:34','2bf53c62-efbb-f811-41f8-4f3d64001d45','YToxOntzOjEzOiJsaXN0dmlld09yZGVyIjthOjI6e3M6Nzoib3JkZXJCeSI7czoxMjoiZGF0ZV9lbnRlcmVkIjtzOjk6InNvcnRPcmRlciI7czo0OiJERVNDIjt9fQ=='),('22b83485-c974-4049-1792-4f8308709cf1','Cases2_CASE',0,'2012-04-09 16:03:23','2012-04-09 16:03:23','1','YToxOntzOjEzOiJsaXN0dmlld09yZGVyIjthOjI6e3M6Nzoib3JkZXJCeSI7czoxMjoiZGF0ZV9lbnRlcmVkIjtzOjk6InNvcnRPcmRlciI7czo0OiJERVNDIjt9fQ=='),('ad749b2e-ba68-44fe-981a-4f84911a9239','AOS_Products2_AOS_PRODUCTS',0,'2012-04-10 20:00:29','2012-04-11 22:33:39','b13a4520-fde1-596b-17d8-4f74c7865de6','YToxOntzOjEzOiJsaXN0dmlld09yZGVyIjthOjI6e3M6Nzoib3JkZXJCeSI7czo4OiJtYWluY29kZSI7czo5OiJzb3J0T3JkZXIiO3M6MzoiQVNDIjt9fQ=='),('ed8a97c3-22df-ac5e-1639-4f8491f184de','AOS_Products',0,'2012-04-10 20:00:54','2012-04-10 20:00:54','b13a4520-fde1-596b-17d8-4f74c7865de6','YToxOntzOjIyOiJMaXN0Vmlld0Rpc3BsYXlDb2x1bW5zIjthOjA6e319'),('42d5625f-521c-928e-09b2-4fe37f4079a5','Calendar2_TASK',0,'2012-06-21 20:08:03','2012-06-21 20:08:03','2bf53c62-efbb-f811-41f8-4f3d64001d45','YToxOntzOjEzOiJsaXN0dmlld09yZGVyIjthOjI6e3M6Nzoib3JkZXJCeSI7czoxMjoiZGF0ZV9lbnRlcmVkIjtzOjk6InNvcnRPcmRlciI7czo0OiJERVNDIjt9fQ=='),('7b77b51b-0231-af92-7de3-4fe381fed419','Tasks2_TASK',0,'2012-06-21 20:16:38','2012-06-21 20:16:38','2bf53c62-efbb-f811-41f8-4f3d64001d45','YToxOntzOjEzOiJsaXN0dmlld09yZGVyIjthOjI6e3M6Nzoib3JkZXJCeSI7czoxMjoiZGF0ZV9lbnRlcmVkIjtzOjk6InNvcnRPcmRlciI7czo0OiJERVNDIjt9fQ=='),('b68c3577-6f41-758a-f006-4f874507f66c','AOS_Products',0,'2012-04-12 21:13:08','2012-04-12 21:13:08','9106f88a-f272-8119-72a3-4f3165461fc6','YToxOntzOjIyOiJMaXN0Vmlld0Rpc3BsYXlDb2x1bW5zIjthOjA6e319'),('36fd20da-136c-bffb-144c-4f8eff9d13ea','Notes2_NOTE',0,'2012-04-18 17:54:31','2012-04-18 17:54:31','1','YToxOntzOjEzOiJsaXN0dmlld09yZGVyIjthOjI6e3M6Nzoib3JkZXJCeSI7czoxMjoiZGF0ZV9lbnRlcmVkIjtzOjk6InNvcnRPcmRlciI7czo0OiJERVNDIjt9fQ=='),('17f3b873-9396-a151-257f-4f906b41b62e','Cases2_CASE',0,'2012-04-19 19:44:38','2012-04-19 19:44:38','2bf53c62-efbb-f811-41f8-4f3d64001d45','YToxOntzOjEzOiJsaXN0dmlld09yZGVyIjthOjI6e3M6Nzoib3JkZXJCeSI7czoxMjoiZGF0ZV9lbnRlcmVkIjtzOjk6InNvcnRPcmRlciI7czo0OiJERVNDIjt9fQ=='),('7e75219a-9e82-6f6d-d0ae-4f97221a9f7c','Opportunities',0,'2012-04-24 21:58:28','2012-04-24 21:58:57','2bf53c62-efbb-f811-41f8-4f3d64001d45','YToxOntzOjE0OiJzdWJwYW5lbExheW91dCI7YTo4OntpOjA7czo4OiJjb250YWN0cyI7aToxO3M6NzoiaGlzdG9yeSI7aToyO3M6MTA6ImFjdGl2aXRpZXMiO2k6MztzOjIyOiJvcHBvcnR1bml0eV9hb3NfcXVvdGVzIjtpOjQ7czoyNzoib3Bwb3J0dW5pdGllc19hb3NfY29udHJhY3RzIjtpOjU7czo5OiJkb2N1bWVudHMiO2k6NjtzOjc6InByb2plY3QiO2k6NztzOjU6ImxlYWRzIjt9fQ=='),('1d2c1897-e70d-7f61-6427-4f9736ed8f73','Emails',0,'2012-04-24 23:25:17','2012-06-06 19:20:19','2bf53c62-efbb-f811-41f8-4f3d64001d45','YToyOntzOjE1OiJlbWFpbDJQcmVmbGlnaHQiO2I6MTtzOjExOiJmb2N1c0ZvbGRlciI7czo5NjoiYToyOntzOjQ6ImllSWQiO3M6MzY6ImU4YTBjNmMxLTBkODktY2Y2OS1iMTBmLTRmOTczNmE4YzNmMSI7czo2OiJmb2xkZXIiO3M6MTQ6IlNVR0FSLk15IEVtYWlsIjt9Ijt9'),('c028e8f1-d65d-a6d8-acef-4fa280434dda','search',0,'2012-05-03 12:55:15','2012-05-03 12:55:15','1','YToxOntzOjEyOiJnbG9iYWxTZWFyY2giO2E6OTp7czo4OiJBY2NvdW50cyI7czo3OiJBY2NvdW50IjtzOjU6IkNhbGxzIjtzOjQ6IkNhbGwiO3M6NToiQ2FzZXMiO3M6NToiYUNhc2UiO3M6ODoiQ29udGFjdHMiO3M6NzoiQ29udGFjdCI7czo5OiJEb2N1bWVudHMiO3M6ODoiRG9jdW1lbnQiO3M6NToiTGVhZHMiO3M6NDoiTGVhZCI7czo4OiJNZWV0aW5ncyI7czo3OiJNZWV0aW5nIjtzOjU6Ik5vdGVzIjtzOjQ6Ik5vdGUiO3M6MTM6Ik9wcG9ydHVuaXRpZXMiO3M6MTE6Ik9wcG9ydHVuaXR5Ijt9fQ=='),('c074ae98-326e-dfff-5c79-4fa280305636','Home2_CASE',0,'2012-05-03 12:55:15','2012-05-03 12:55:15','1','YToxOntzOjEzOiJsaXN0dmlld09yZGVyIjthOjI6e3M6Nzoib3JkZXJCeSI7czoxMjoiZGF0ZV9lbnRlcmVkIjtzOjk6InNvcnRPcmRlciI7czo0OiJERVNDIjt9fQ=='),('c0bb711d-3bc3-ef2b-fa8d-4fa280ecffed','Home2_CONTACT',0,'2012-05-03 12:55:15','2012-05-03 12:55:15','1','YToxOntzOjEzOiJsaXN0dmlld09yZGVyIjthOjI6e3M6Nzoib3JkZXJCeSI7czoxMjoiZGF0ZV9lbnRlcmVkIjtzOjk6InNvcnRPcmRlciI7czo0OiJERVNDIjt9fQ=='),('c1028760-0458-6049-69c8-4fa28068b369','Home2_DOCUMENT',0,'2012-05-03 12:55:15','2012-05-03 12:55:15','1','YToxOntzOjEzOiJsaXN0dmlld09yZGVyIjthOjI6e3M6Nzoib3JkZXJCeSI7czoxMjoiZGF0ZV9lbnRlcmVkIjtzOjk6InNvcnRPcmRlciI7czo0OiJERVNDIjt9fQ=='),('c14a9093-5e59-4114-4b85-4fa280407907','Home2_NOTE',0,'2012-05-03 12:55:15','2012-05-03 12:55:15','1','YToxOntzOjEzOiJsaXN0dmlld09yZGVyIjthOjI6e3M6Nzoib3JkZXJCeSI7czoxMjoiZGF0ZV9lbnRlcmVkIjtzOjk6InNvcnRPcmRlciI7czo0OiJERVNDIjt9fQ=='),('275cc4c8-489a-055e-bdff-4fa285f434b4','global',0,'2012-05-03 13:16:27','2012-06-25 09:57:55','25c40e1c-99ae-de9c-6c6e-4fa285018290','YTozMDp7czoxMjoibWFpbG1lcmdlX29uIjtzOjI6Im9uIjtzOjg6Im1heF90YWJzIjtzOjE6IjciO3M6MTY6InN3YXBfbGFzdF92aWV3ZWQiO3M6MDoiIjtzOjE0OiJzd2FwX3Nob3J0Y3V0cyI7czowOiIiO3M6MTk6Im5hdmlnYXRpb25fcGFyYWRpZ20iO3M6MjoiZ20iO3M6MTM6InN1YnBhbmVsX3RhYnMiO3M6MDoiIjtzOjE0OiJtb2R1bGVfZmF2aWNvbiI7czowOiIiO3M6OToiaGlkZV90YWJzIjthOjA6e31zOjExOiJyZW1vdmVfdGFicyI7YTowOnt9czo3OiJub19vcHBzIjtzOjM6Im9mZiI7czoxMzoicmVtaW5kZXJfdGltZSI7czo0OiIxODAwIjtzOjg6InRpbWV6b25lIjtzOjE5OiJBbWVyaWNhL0xvc19BbmdlbGVzIjtzOjI6InV0IjtzOjE6IjEiO3M6ODoiY3VycmVuY3kiO3M6MzoiLTk5IjtzOjM1OiJkZWZhdWx0X2N1cnJlbmN5X3NpZ25pZmljYW50X2RpZ2l0cyI7czoxOiIyIjtzOjExOiJudW1fZ3JwX3NlcCI7czoxOiIsIjtzOjc6ImRlY19zZXAiO3M6MToiLiI7czo1OiJkYXRlZiI7czo1OiJtL2QvWSI7czo1OiJ0aW1lZiI7czo0OiJoOmlhIjtzOjI2OiJkZWZhdWx0X2xvY2FsZV9uYW1lX2Zvcm1hdCI7czo1OiJzIGYgbCI7czoxNjoiZXhwb3J0X2RlbGltaXRlciI7czoxOiIsIjtzOjIyOiJkZWZhdWx0X2V4cG9ydF9jaGFyc2V0IjtzOjU6IlVURi04IjtzOjE0OiJ1c2VfcmVhbF9uYW1lcyI7czoyOiJvbiI7czoxNzoibWFpbF9zbXRwYXV0aF9yZXEiO3M6MDoiIjtzOjEyOiJtYWlsX3NtdHBzc2wiO2k6MDtzOjE1OiJlbWFpbF9saW5rX3R5cGUiO3M6NToic3VnYXIiO3M6MTc6ImVtYWlsX3Nob3dfY291bnRzIjtpOjA7czoyMDoiY2FsZW5kYXJfcHVibGlzaF9rZXkiO3M6MDoiIjtzOjEwOiJ1c2VyX3RoZW1lIjtzOjY6IlN1Z2FyNSI7czoxOToidGhlbWVfY3VycmVudF9ncm91cCI7czozOiJBbGwiO30='),('8f9b94d2-232d-1767-460a-4fa286e3af34','Home',0,'2012-05-03 13:22:21','2012-05-03 13:22:21','25c40e1c-99ae-de9c-6c6e-4fa285018290','YToyOntzOjg6ImRhc2hsZXRzIjthOjg6e3M6MzY6IjZmMTg4Y2ZkLWVlNmYtNWExYS1jYTdhLTRmYTI4NmU1OTljMCI7YTo1OntzOjk6ImNsYXNzTmFtZSI7czoxMzoiaUZyYW1lRGFzaGxldCI7czo2OiJtb2R1bGUiO3M6NDoiSG9tZSI7czoxMToiZm9yY2VDb2x1bW4iO2k6MDtzOjEyOiJmaWxlTG9jYXRpb24iO3M6NTM6Im1vZHVsZXMvSG9tZS9EYXNobGV0cy9pRnJhbWVEYXNobGV0L2lGcmFtZURhc2hsZXQucGhwIjtzOjc6Im9wdGlvbnMiO2E6Mzp7czo1OiJ0aXRsZSI7czoxNDoiRGlzY292ZXIgU3VnYXIiO3M6MzoidXJsIjtzOjQxOiJodHRwOi8vd3d3LnN1Z2FyY3JtLmNvbS9jcm0vcHJvZHVjdC9nb3BybyI7czo2OiJoZWlnaHQiO2k6MzE1O319czozNjoiNmYxZDViYTgtMTc4NS1jYTI4LTdhZWItNGZhMjg2NzE5MDBjIjthOjQ6e3M6OToiY2xhc3NOYW1lIjtzOjE2OiJTdWdhckZlZWREYXNobGV0IjtzOjY6Im1vZHVsZSI7czo5OiJTdWdhckZlZWQiO3M6MTE6ImZvcmNlQ29sdW1uIjtpOjE7czoxMjoiZmlsZUxvY2F0aW9uIjtzOjY0OiJtb2R1bGVzL1N1Z2FyRmVlZC9EYXNobGV0cy9TdWdhckZlZWREYXNobGV0L1N1Z2FyRmVlZERhc2hsZXQucGhwIjt9czozNjoiNmYxZjVmYjUtNjViYi1jNTM0LWZhOGItNGZhMjg2Mzc0M2NiIjthOjU6e3M6OToiY2xhc3NOYW1lIjtzOjEzOiJpRnJhbWVEYXNobGV0IjtzOjY6Im1vZHVsZSI7czo0OiJIb21lIjtzOjExOiJmb3JjZUNvbHVtbiI7aToxO3M6MTI6ImZpbGVMb2NhdGlvbiI7czo1MzoibW9kdWxlcy9Ib21lL0Rhc2hsZXRzL2lGcmFtZURhc2hsZXQvaUZyYW1lRGFzaGxldC5waHAiO3M6Nzoib3B0aW9ucyI7YTozOntzOjU6InRpdGxlIjtzOjEwOiJTdWdhciBOZXdzIjtzOjM6InVybCI7czo0MDoiaHR0cDovL3d3dy5zdWdhcmNybS5jb20vY3JtL3Byb2R1Y3QvbmV3cyI7czo2OiJoZWlnaHQiO2k6MzE1O319czozNjoiNmZkOTc2ZWQtMjBmOC03NjYyLWY5MjgtNGZhMjg2Nzk5YzU2IjthOjU6e3M6OToiY2xhc3NOYW1lIjtzOjE0OiJNeUNhbGxzRGFzaGxldCI7czo2OiJtb2R1bGUiO3M6NToiQ2FsbHMiO3M6MTE6ImZvcmNlQ29sdW1uIjtpOjA7czoxMjoiZmlsZUxvY2F0aW9uIjtzOjU2OiJtb2R1bGVzL0NhbGxzL0Rhc2hsZXRzL015Q2FsbHNEYXNobGV0L015Q2FsbHNEYXNobGV0LnBocCI7czo3OiJvcHRpb25zIjthOjA6e319czozNjoiNzBhNDRjNmMtNzZlOS05ZDI3LWQ2N2MtNGZhMjg2MjZhMDc5IjthOjU6e3M6OToiY2xhc3NOYW1lIjtzOjE3OiJNeU1lZXRpbmdzRGFzaGxldCI7czo2OiJtb2R1bGUiO3M6ODoiTWVldGluZ3MiO3M6MTE6ImZvcmNlQ29sdW1uIjtpOjA7czoxMjoiZmlsZUxvY2F0aW9uIjtzOjY1OiJtb2R1bGVzL01lZXRpbmdzL0Rhc2hsZXRzL015TWVldGluZ3NEYXNobGV0L015TWVldGluZ3NEYXNobGV0LnBocCI7czo3OiJvcHRpb25zIjthOjA6e319czozNjoiNzE0YjM3ZTgtMTY4Yy0xY2U4LWRkMzMtNGZhMjg2ZWE0NDg4IjthOjU6e3M6OToiY2xhc3NOYW1lIjtzOjIyOiJNeU9wcG9ydHVuaXRpZXNEYXNobGV0IjtzOjY6Im1vZHVsZSI7czoxMzoiT3Bwb3J0dW5pdGllcyI7czoxMToiZm9yY2VDb2x1bW4iO2k6MDtzOjEyOiJmaWxlTG9jYXRpb24iO3M6ODA6Im1vZHVsZXMvT3Bwb3J0dW5pdGllcy9EYXNobGV0cy9NeU9wcG9ydHVuaXRpZXNEYXNobGV0L015T3Bwb3J0dW5pdGllc0Rhc2hsZXQucGhwIjtzOjc6Im9wdGlvbnMiO2E6MDp7fX1zOjM2OiI3MjE5ZjA4Mi1kMTZkLWNiMDAtZjM3Ni00ZmEyODZlYmQzMWUiO2E6NTp7czo5OiJjbGFzc05hbWUiO3M6MTc6Ik15QWNjb3VudHNEYXNobGV0IjtzOjY6Im1vZHVsZSI7czo4OiJBY2NvdW50cyI7czoxMToiZm9yY2VDb2x1bW4iO2k6MDtzOjEyOiJmaWxlTG9jYXRpb24iO3M6NjU6Im1vZHVsZXMvQWNjb3VudHMvRGFzaGxldHMvTXlBY2NvdW50c0Rhc2hsZXQvTXlBY2NvdW50c0Rhc2hsZXQucGhwIjtzOjc6Im9wdGlvbnMiO2E6MDp7fX1zOjM2OiI3MzA1Y2YzNC05ZDJiLTY3OTQtZTc0Zi00ZmEyODYwNDU5NjYiO2E6NTp7czo5OiJjbGFzc05hbWUiO3M6MTQ6Ik15TGVhZHNEYXNobGV0IjtzOjY6Im1vZHVsZSI7czo1OiJMZWFkcyI7czoxMToiZm9yY2VDb2x1bW4iO2k6MDtzOjEyOiJmaWxlTG9jYXRpb24iO3M6NTY6Im1vZHVsZXMvTGVhZHMvRGFzaGxldHMvTXlMZWFkc0Rhc2hsZXQvTXlMZWFkc0Rhc2hsZXQucGhwIjtzOjc6Im9wdGlvbnMiO2E6MDp7fX19czo1OiJwYWdlcyI7YToxOntpOjA7YTozOntzOjc6ImNvbHVtbnMiO2E6Mjp7aTowO2E6Mjp7czo1OiJ3aWR0aCI7czozOiI2MCUiO3M6ODoiZGFzaGxldHMiO2E6Njp7aTowO3M6MzY6IjZmMTg4Y2ZkLWVlNmYtNWExYS1jYTdhLTRmYTI4NmU1OTljMCI7aToxO3M6MzY6IjZmZDk3NmVkLTIwZjgtNzY2Mi1mOTI4LTRmYTI4Njc5OWM1NiI7aToyO3M6MzY6IjcwYTQ0YzZjLTc2ZTktOWQyNy1kNjdjLTRmYTI4NjI2YTA3OSI7aTozO3M6MzY6IjcxNGIzN2U4LTE2OGMtMWNlOC1kZDMzLTRmYTI4NmVhNDQ4OCI7aTo0O3M6MzY6IjcyMTlmMDgyLWQxNmQtY2IwMC1mMzc2LTRmYTI4NmViZDMxZSI7aTo1O3M6MzY6IjczMDVjZjM0LTlkMmItNjc5NC1lNzRmLTRmYTI4NjA0NTk2NiI7fX1pOjE7YToyOntzOjU6IndpZHRoIjtzOjM6IjQwJSI7czo4OiJkYXNobGV0cyI7YToyOntpOjA7czozNjoiNmYxZDViYTgtMTc4NS1jYTI4LTdhZWItNGZhMjg2NzE5MDBjIjtpOjE7czozNjoiNmYxZjVmYjUtNjViYi1jNTM0LWZhOGItNGZhMjg2Mzc0M2NiIjt9fX1zOjEwOiJudW1Db2x1bW5zIjtzOjE6IjIiO3M6OToicGFnZVRpdGxlIjtzOjg6Ik15IFN1Z2FyIjt9fX0='),('901c331a-9054-86e4-955f-4fa286c442c6','Home2_CALL',0,'2012-05-03 13:22:21','2012-05-03 13:22:21','25c40e1c-99ae-de9c-6c6e-4fa285018290','YToxOntzOjEzOiJsaXN0dmlld09yZGVyIjthOjI6e3M6Nzoib3JkZXJCeSI7czoxMjoiZGF0ZV9lbnRlcmVkIjtzOjk6InNvcnRPcmRlciI7czo0OiJERVNDIjt9fQ=='),('9065a4d4-3e32-1f15-25fd-4fa2860fd3a7','Home2_MEETING',0,'2012-05-03 13:22:21','2012-05-03 13:22:21','25c40e1c-99ae-de9c-6c6e-4fa285018290','YToxOntzOjEzOiJsaXN0dmlld09yZGVyIjthOjI6e3M6Nzoib3JkZXJCeSI7czoxMjoiZGF0ZV9lbnRlcmVkIjtzOjk6InNvcnRPcmRlciI7czo0OiJERVNDIjt9fQ=='),('90ada5c1-0d03-24bb-19ab-4fa286594d57','Home2_OPPORTUNITY',0,'2012-05-03 13:22:21','2012-05-03 13:22:21','25c40e1c-99ae-de9c-6c6e-4fa285018290','YToxOntzOjEzOiJsaXN0dmlld09yZGVyIjthOjI6e3M6Nzoib3JkZXJCeSI7czoxMjoiZGF0ZV9lbnRlcmVkIjtzOjk6InNvcnRPcmRlciI7czo0OiJERVNDIjt9fQ=='),('90fad0ea-1ee5-c1d1-3fdc-4fa286a8c012','Home2_ACCOUNT',0,'2012-05-03 13:22:21','2012-05-03 13:22:21','25c40e1c-99ae-de9c-6c6e-4fa285018290','YToxOntzOjEzOiJsaXN0dmlld09yZGVyIjthOjI6e3M6Nzoib3JkZXJCeSI7czoxMjoiZGF0ZV9lbnRlcmVkIjtzOjk6InNvcnRPcmRlciI7czo0OiJERVNDIjt9fQ=='),('9147a62c-8806-7c4d-2fc0-4fa286d38392','Home2_LEAD',0,'2012-05-03 13:22:21','2012-05-03 13:22:21','25c40e1c-99ae-de9c-6c6e-4fa285018290','YToxOntzOjEzOiJsaXN0dmlld09yZGVyIjthOjI6e3M6Nzoib3JkZXJCeSI7czoxMjoiZGF0ZV9lbnRlcmVkIjtzOjk6InNvcnRPcmRlciI7czo0OiJERVNDIjt9fQ=='),('9191477d-87c1-2861-00c9-4fa28617445a','Home2_SUGARFEED',0,'2012-05-03 13:22:21','2012-05-03 13:22:21','25c40e1c-99ae-de9c-6c6e-4fa285018290','YToxOntzOjEzOiJsaXN0dmlld09yZGVyIjthOjI6e3M6Nzoib3JkZXJCeSI7czoxMjoiZGF0ZV9lbnRlcmVkIjtzOjk6InNvcnRPcmRlciI7czo0OiJERVNDIjt9fQ=='),('ade3539c-cf04-099c-42e7-4fa28622387e','Users2_USER',0,'2012-05-03 13:22:38','2012-05-03 13:22:38','25c40e1c-99ae-de9c-6c6e-4fa285018290','YToxOntzOjEzOiJsaXN0dmlld09yZGVyIjthOjI6e3M6Nzoib3JkZXJCeSI7czoxMjoiZGF0ZV9lbnRlcmVkIjtzOjk6InNvcnRPcmRlciI7czo0OiJERVNDIjt9fQ=='),('cb02af5f-ec92-7315-8e70-4fa2bbdeb151','Opportunities',0,'2012-05-03 17:10:12','2012-05-03 17:10:18','9106f88a-f272-8119-72a3-4f3165461fc6','YToxOntzOjE0OiJzdWJwYW5lbExheW91dCI7YTo4OntpOjA7czoyMjoib3Bwb3J0dW5pdHlfYW9zX3F1b3RlcyI7aToxO3M6MTA6ImFjdGl2aXRpZXMiO2k6MjtzOjc6Imhpc3RvcnkiO2k6MztzOjk6ImRvY3VtZW50cyI7aTo0O3M6ODoiY29udGFjdHMiO2k6NTtzOjU6ImxlYWRzIjtpOjY7czo3OiJwcm9qZWN0IjtpOjc7czoyNzoib3Bwb3J0dW5pdGllc19hb3NfY29udHJhY3RzIjt9fQ=='),('ead939c6-d372-9739-5150-4fa383c1e225','Accounts2_ACCOUNT',0,'2012-05-04 07:22:46','2012-05-04 07:22:46','25c40e1c-99ae-de9c-6c6e-4fa285018290','YToxOntzOjEzOiJsaXN0dmlld09yZGVyIjthOjI6e3M6Nzoib3JkZXJCeSI7czoxMjoiZGF0ZV9lbnRlcmVkIjtzOjk6InNvcnRPcmRlciI7czo0OiJERVNDIjt9fQ=='),('5eb66faa-6103-37c4-6ca6-4facef493318','nli_ServiceAddresses2_NLI_SERVICEADDRESSES',0,'2012-05-11 10:52:35','2012-05-11 10:52:35','1','YToxOntzOjEzOiJsaXN0dmlld09yZGVyIjthOjI6e3M6Nzoib3JkZXJCeSI7czoxMjoiZGF0ZV9lbnRlcmVkIjtzOjk6InNvcnRPcmRlciI7czo0OiJERVNDIjt9fQ=='),('91b3d3eb-78b9-9829-9f16-4fb2bb10e9af','nli_ServiceAddresses2_NLI_SERVICEADDRESSES',0,'2012-05-15 20:22:27','2012-05-15 20:22:27','2bf53c62-efbb-f811-41f8-4f3d64001d45','YToxOntzOjEzOiJsaXN0dmlld09yZGVyIjthOjI6e3M6Nzoib3JkZXJCeSI7czoxMjoiZGF0ZV9lbnRlcmVkIjtzOjk6InNvcnRPcmRlciI7czo0OiJERVNDIjt9fQ=='),('2a59ce87-d4b8-bd91-87a6-4fbefc53f22d','Contacts',0,'2012-05-25 03:29:22','2012-05-25 03:29:22','2bf53c62-efbb-f811-41f8-4f3d64001d45','YToxOntzOjIyOiJMaXN0Vmlld0Rpc3BsYXlDb2x1bW5zIjthOjA6e319'),('df1bfafd-6c64-5d42-4276-4fc6df22177c','KReports',0,'2012-05-31 03:04:14','2012-05-31 03:04:14','1','YToxOntzOjIyOiJMaXN0Vmlld0Rpc3BsYXlDb2x1bW5zIjthOjA6e319'),('a7eea925-b848-3c35-3612-4fcee9b413b2','AOS_Products2_AOS_PRODUCTS',0,'2012-06-06 05:25:42','2012-06-06 05:25:42','25c40e1c-99ae-de9c-6c6e-4fa285018290','YToxOntzOjEzOiJsaXN0dmlld09yZGVyIjthOjI6e3M6Nzoib3JkZXJCeSI7czoxMjoiZGF0ZV9lbnRlcmVkIjtzOjk6InNvcnRPcmRlciI7czo0OiJERVNDIjt9fQ=='),('47ff1c17-d412-2af0-ffc6-4fcef1e50c04','Contacts2_CONTACT',0,'2012-06-06 05:56:44','2012-06-06 05:56:44','25c40e1c-99ae-de9c-6c6e-4fa285018290','YToxOntzOjEzOiJsaXN0dmlld09yZGVyIjthOjI6e3M6Nzoib3JkZXJCeSI7czoxMjoiZGF0ZV9lbnRlcmVkIjtzOjk6InNvcnRPcmRlciI7czo0OiJERVNDIjt9fQ=='),('273a8239-6c8c-3507-2c31-4fe074c5a603','Contacts',0,'2012-06-19 12:43:49','2012-06-19 12:43:49','1','YToxOntzOjIyOiJMaXN0Vmlld0Rpc3BsYXlDb2x1bW5zIjthOjA6e319'),('637e0347-5158-cfdd-e5e0-4fe173df9aa2','AOS_Products',0,'2012-06-20 06:55:40','2012-06-20 06:55:40','1','YToxOntzOjIyOiJMaXN0Vmlld0Rpc3BsYXlDb2x1bW5zIjthOjA6e319'),('80d904d3-4d30-70d4-a534-4fe381b82c3a','Meetings2_MEETING',0,'2012-06-21 20:16:48','2012-06-21 20:16:48','2bf53c62-efbb-f811-41f8-4f3d64001d45','YToxOntzOjEzOiJsaXN0dmlld09yZGVyIjthOjI6e3M6Nzoib3JkZXJCeSI7czoxMjoiZGF0ZV9lbnRlcmVkIjtzOjk6InNvcnRPcmRlciI7czo0OiJERVNDIjt9fQ=='),('a6712ca7-defb-9a43-4a6b-4fe382e57a93','Home2_OPPORTUNITY',0,'2012-06-21 20:23:11','2012-06-21 20:23:11','2bf53c62-efbb-f811-41f8-4f3d64001d45','YToxOntzOjEzOiJsaXN0dmlld09yZGVyIjthOjI6e3M6Nzoib3JkZXJCeSI7czoxMjoiZGF0ZV9lbnRlcmVkIjtzOjk6InNvcnRPcmRlciI7czo0OiJERVNDIjt9fQ=='),('bfbc4ee7-cce8-c112-23c6-4fe3828bf9ba','Home2_LEAD',0,'2012-06-21 20:23:12','2012-06-21 20:23:12','2bf53c62-efbb-f811-41f8-4f3d64001d45','YToxOntzOjEzOiJsaXN0dmlld09yZGVyIjthOjI6e3M6Nzoib3JkZXJCeSI7czoxMjoiZGF0ZV9lbnRlcmVkIjtzOjk6InNvcnRPcmRlciI7czo0OiJERVNDIjt9fQ=='),('fbab01eb-26aa-918a-d8a7-4fec825ff5f1','EmailTemplates2_EMAILTEMPLATE',0,'2012-06-28 16:11:36','2012-06-28 16:11:36','1','YToxOntzOjEzOiJsaXN0dmlld09yZGVyIjthOjI6e3M6Nzoib3JkZXJCeSI7czoxMjoiZGF0ZV9lbnRlcmVkIjtzOjk6InNvcnRPcmRlciI7czo0OiJERVNDIjt9fQ=='),('c63fae55-7054-f98f-3f87-4fe83c86ee3c','global',0,'2012-06-25 10:23:24','2012-06-25 10:23:49','c4af8594-c3b6-bcb4-79bc-4fe83c04793d','YTozMDp7czoxMjoibWFpbG1lcmdlX29uIjtzOjI6Im9uIjtzOjg6Im1heF90YWJzIjtzOjE6IjciO3M6MTY6InN3YXBfbGFzdF92aWV3ZWQiO3M6MDoiIjtzOjE0OiJzd2FwX3Nob3J0Y3V0cyI7czowOiIiO3M6MTk6Im5hdmlnYXRpb25fcGFyYWRpZ20iO3M6MjoiZ20iO3M6MTM6InN1YnBhbmVsX3RhYnMiO3M6MDoiIjtzOjE0OiJtb2R1bGVfZmF2aWNvbiI7czowOiIiO3M6OToiaGlkZV90YWJzIjthOjA6e31zOjExOiJyZW1vdmVfdGFicyI7YTowOnt9czo3OiJub19vcHBzIjtzOjM6Im9mZiI7czoxMzoicmVtaW5kZXJfdGltZSI7aToxODAwO3M6ODoidGltZXpvbmUiO3M6MTk6IkFtZXJpY2EvTG9zX0FuZ2VsZXMiO3M6MjoidXQiO3M6MToiMSI7czo4OiJjdXJyZW5jeSI7czozOiItOTkiO3M6MzU6ImRlZmF1bHRfY3VycmVuY3lfc2lnbmlmaWNhbnRfZGlnaXRzIjtzOjE6IjIiO3M6MTE6Im51bV9ncnBfc2VwIjtzOjE6IiwiO3M6NzoiZGVjX3NlcCI7czoxOiIuIjtzOjU6ImRhdGVmIjtzOjU6Im0vZC9ZIjtzOjU6InRpbWVmIjtzOjQ6Img6aWEiO3M6MjY6ImRlZmF1bHRfbG9jYWxlX25hbWVfZm9ybWF0IjtzOjU6InMgZiBsIjtzOjE2OiJleHBvcnRfZGVsaW1pdGVyIjtzOjE6IiwiO3M6MjI6ImRlZmF1bHRfZXhwb3J0X2NoYXJzZXQiO3M6NToiVVRGLTgiO3M6MTQ6InVzZV9yZWFsX25hbWVzIjtzOjI6Im9uIjtzOjE3OiJtYWlsX3NtdHBhdXRoX3JlcSI7czowOiIiO3M6MTI6Im1haWxfc210cHNzbCI7aTowO3M6MTU6ImVtYWlsX2xpbmtfdHlwZSI7czo1OiJzdWdhciI7czoxNzoiZW1haWxfc2hvd19jb3VudHMiO2k6MDtzOjIwOiJjYWxlbmRhcl9wdWJsaXNoX2tleSI7czowOiIiO3M6MTA6InVzZXJfdGhlbWUiO3M6NjoiU3VnYXI1IjtzOjE5OiJ0aGVtZV9jdXJyZW50X2dyb3VwIjtzOjM6IkFsbCI7fQ=='),('ce94058d-7a7c-122b-0e7f-4fe83c7b9b1e','Home',0,'2012-06-25 10:23:49','2012-06-25 10:23:49','c4af8594-c3b6-bcb4-79bc-4fe83c04793d','YToyOntzOjg6ImRhc2hsZXRzIjthOjg6e3M6MzY6ImQxNTQ3OWE1LWNkZGEtNGFhYy01OWZlLTRmZTgzYzIxMDAwZCI7YTo1OntzOjk6ImNsYXNzTmFtZSI7czoxMzoiaUZyYW1lRGFzaGxldCI7czo2OiJtb2R1bGUiO3M6NDoiSG9tZSI7czoxMToiZm9yY2VDb2x1bW4iO2k6MDtzOjEyOiJmaWxlTG9jYXRpb24iO3M6NTM6Im1vZHVsZXMvSG9tZS9EYXNobGV0cy9pRnJhbWVEYXNobGV0L2lGcmFtZURhc2hsZXQucGhwIjtzOjc6Im9wdGlvbnMiO2E6Mzp7czo1OiJ0aXRsZSI7czoxNDoiRGlzY292ZXIgU3VnYXIiO3M6MzoidXJsIjtzOjQxOiJodHRwOi8vd3d3LnN1Z2FyY3JtLmNvbS9jcm0vcHJvZHVjdC9nb3BybyI7czo2OiJoZWlnaHQiO2k6MzE1O319czozNjoiZDE1OWEwOWQtYWFlOC1iNDYxLTE0MzAtNGZlODNjYTExZTIzIjthOjQ6e3M6OToiY2xhc3NOYW1lIjtzOjE2OiJTdWdhckZlZWREYXNobGV0IjtzOjY6Im1vZHVsZSI7czo5OiJTdWdhckZlZWQiO3M6MTE6ImZvcmNlQ29sdW1uIjtpOjE7czoxMjoiZmlsZUxvY2F0aW9uIjtzOjY0OiJtb2R1bGVzL1N1Z2FyRmVlZC9EYXNobGV0cy9TdWdhckZlZWREYXNobGV0L1N1Z2FyRmVlZERhc2hsZXQucGhwIjt9czozNjoiZDE1Yjk5MzItMzFjYS1jNzc3LTFiZjgtNGZlODNjOTU0YjkwIjthOjU6e3M6OToiY2xhc3NOYW1lIjtzOjEzOiJpRnJhbWVEYXNobGV0IjtzOjY6Im1vZHVsZSI7czo0OiJIb21lIjtzOjExOiJmb3JjZUNvbHVtbiI7aToxO3M6MTI6ImZpbGVMb2NhdGlvbiI7czo1MzoibW9kdWxlcy9Ib21lL0Rhc2hsZXRzL2lGcmFtZURhc2hsZXQvaUZyYW1lRGFzaGxldC5waHAiO3M6Nzoib3B0aW9ucyI7YTozOntzOjU6InRpdGxlIjtzOjEwOiJTdWdhciBOZXdzIjtzOjM6InVybCI7czo0MDoiaHR0cDovL3d3dy5zdWdhcmNybS5jb20vY3JtL3Byb2R1Y3QvbmV3cyI7czo2OiJoZWlnaHQiO2k6MzE1O319czozNjoiZDIxNjlhY2EtYTE4Ni03M2RhLTNhNjgtNGZlODNjNDY0NjcxIjthOjU6e3M6OToiY2xhc3NOYW1lIjtzOjE0OiJNeUNhbGxzRGFzaGxldCI7czo2OiJtb2R1bGUiO3M6NToiQ2FsbHMiO3M6MTE6ImZvcmNlQ29sdW1uIjtpOjA7czoxMjoiZmlsZUxvY2F0aW9uIjtzOjU2OiJtb2R1bGVzL0NhbGxzL0Rhc2hsZXRzL015Q2FsbHNEYXNobGV0L015Q2FsbHNEYXNobGV0LnBocCI7czo3OiJvcHRpb25zIjthOjA6e319czozNjoiZDJlYjNlMmMtODFhMi04MTMwLTZkY2UtNGZlODNjNTlmMWFkIjthOjU6e3M6OToiY2xhc3NOYW1lIjtzOjE3OiJNeU1lZXRpbmdzRGFzaGxldCI7czo2OiJtb2R1bGUiO3M6ODoiTWVldGluZ3MiO3M6MTE6ImZvcmNlQ29sdW1uIjtpOjA7czoxMjoiZmlsZUxvY2F0aW9uIjtzOjY1OiJtb2R1bGVzL01lZXRpbmdzL0Rhc2hsZXRzL015TWVldGluZ3NEYXNobGV0L015TWVldGluZ3NEYXNobGV0LnBocCI7czo3OiJvcHRpb25zIjthOjA6e319czozNjoiZDM4ZWYxZjctYmU3Mi1lY2EwLTRkOGEtNGZlODNjZjUyNTM3IjthOjU6e3M6OToiY2xhc3NOYW1lIjtzOjIyOiJNeU9wcG9ydHVuaXRpZXNEYXNobGV0IjtzOjY6Im1vZHVsZSI7czoxMzoiT3Bwb3J0dW5pdGllcyI7czoxMToiZm9yY2VDb2x1bW4iO2k6MDtzOjEyOiJmaWxlTG9jYXRpb24iO3M6ODA6Im1vZHVsZXMvT3Bwb3J0dW5pdGllcy9EYXNobGV0cy9NeU9wcG9ydHVuaXRpZXNEYXNobGV0L015T3Bwb3J0dW5pdGllc0Rhc2hsZXQucGhwIjtzOjc6Im9wdGlvbnMiO2E6MDp7fX1zOjM2OiJkNDY2MDIyYS0wY2E4LWZiZTgtODMwYi00ZmU4M2MwOWNkMmUiO2E6NTp7czo5OiJjbGFzc05hbWUiO3M6MTc6Ik15QWNjb3VudHNEYXNobGV0IjtzOjY6Im1vZHVsZSI7czo4OiJBY2NvdW50cyI7czoxMToiZm9yY2VDb2x1bW4iO2k6MDtzOjEyOiJmaWxlTG9jYXRpb24iO3M6NjU6Im1vZHVsZXMvQWNjb3VudHMvRGFzaGxldHMvTXlBY2NvdW50c0Rhc2hsZXQvTXlBY2NvdW50c0Rhc2hsZXQucGhwIjtzOjc6Im9wdGlvbnMiO2E6MDp7fX1zOjM2OiJkNTU1MTliNi1kYmIwLTI0ZDAtMTIzYi00ZmU4M2M3MDNkMTYiO2E6NTp7czo5OiJjbGFzc05hbWUiO3M6MTQ6Ik15TGVhZHNEYXNobGV0IjtzOjY6Im1vZHVsZSI7czo1OiJMZWFkcyI7czoxMToiZm9yY2VDb2x1bW4iO2k6MDtzOjEyOiJmaWxlTG9jYXRpb24iO3M6NTY6Im1vZHVsZXMvTGVhZHMvRGFzaGxldHMvTXlMZWFkc0Rhc2hsZXQvTXlMZWFkc0Rhc2hsZXQucGhwIjtzOjc6Im9wdGlvbnMiO2E6MDp7fX19czo1OiJwYWdlcyI7YToxOntpOjA7YTozOntzOjc6ImNvbHVtbnMiO2E6Mjp7aTowO2E6Mjp7czo1OiJ3aWR0aCI7czozOiI2MCUiO3M6ODoiZGFzaGxldHMiO2E6Njp7aTowO3M6MzY6ImQxNTQ3OWE1LWNkZGEtNGFhYy01OWZlLTRmZTgzYzIxMDAwZCI7aToxO3M6MzY6ImQyMTY5YWNhLWExODYtNzNkYS0zYTY4LTRmZTgzYzQ2NDY3MSI7aToyO3M6MzY6ImQyZWIzZTJjLTgxYTItODEzMC02ZGNlLTRmZTgzYzU5ZjFhZCI7aTozO3M6MzY6ImQzOGVmMWY3LWJlNzItZWNhMC00ZDhhLTRmZTgzY2Y1MjUzNyI7aTo0O3M6MzY6ImQ0NjYwMjJhLTBjYTgtZmJlOC04MzBiLTRmZTgzYzA5Y2QyZSI7aTo1O3M6MzY6ImQ1NTUxOWI2LWRiYjAtMjRkMC0xMjNiLTRmZTgzYzcwM2QxNiI7fX1pOjE7YToyOntzOjU6IndpZHRoIjtzOjM6IjQwJSI7czo4OiJkYXNobGV0cyI7YToyOntpOjA7czozNjoiZDE1OWEwOWQtYWFlOC1iNDYxLTE0MzAtNGZlODNjYTExZTIzIjtpOjE7czozNjoiZDE1Yjk5MzItMzFjYS1jNzc3LTFiZjgtNGZlODNjOTU0YjkwIjt9fX1zOjEwOiJudW1Db2x1bW5zIjtzOjE6IjIiO3M6OToicGFnZVRpdGxlIjtzOjg6Ik15IFN1Z2FyIjt9fX0='),('d66a0775-5ec1-f2d5-1976-4fe83c116624','Home2_CALL',0,'2012-06-25 10:23:49','2012-06-25 10:23:49','c4af8594-c3b6-bcb4-79bc-4fe83c04793d','YToxOntzOjEzOiJsaXN0dmlld09yZGVyIjthOjI6e3M6Nzoib3JkZXJCeSI7czoxMjoiZGF0ZV9lbnRlcmVkIjtzOjk6InNvcnRPcmRlciI7czo0OiJERVNDIjt9fQ=='),('db020c76-8f9f-4e90-b8c9-4fe83c7cea1b','Home2_MEETING',0,'2012-06-25 10:23:49','2012-06-25 10:23:49','c4af8594-c3b6-bcb4-79bc-4fe83c04793d','YToxOntzOjEzOiJsaXN0dmlld09yZGVyIjthOjI6e3M6Nzoib3JkZXJCeSI7czoxMjoiZGF0ZV9lbnRlcmVkIjtzOjk6InNvcnRPcmRlciI7czo0OiJERVNDIjt9fQ=='),('df9603a3-dabb-50dc-53af-4fe83c1c66df','Home2_OPPORTUNITY',0,'2012-06-25 10:23:49','2012-06-25 10:23:49','c4af8594-c3b6-bcb4-79bc-4fe83c04793d','YToxOntzOjEzOiJsaXN0dmlld09yZGVyIjthOjI6e3M6Nzoib3JkZXJCeSI7czoxMjoiZGF0ZV9lbnRlcmVkIjtzOjk6InNvcnRPcmRlciI7czo0OiJERVNDIjt9fQ=='),('e4500152-ea0c-84ca-e79d-4fe83c213c63','Home2_ACCOUNT',0,'2012-06-25 10:23:49','2012-06-25 10:23:49','c4af8594-c3b6-bcb4-79bc-4fe83c04793d','YToxOntzOjEzOiJsaXN0dmlld09yZGVyIjthOjI6e3M6Nzoib3JkZXJCeSI7czoxMjoiZGF0ZV9lbnRlcmVkIjtzOjk6InNvcnRPcmRlciI7czo0OiJERVNDIjt9fQ=='),('e8ea096a-547a-99e9-442a-4fe83c64dbac','Home2_LEAD',0,'2012-06-25 10:23:49','2012-06-25 10:23:49','c4af8594-c3b6-bcb4-79bc-4fe83c04793d','YToxOntzOjEzOiJsaXN0dmlld09yZGVyIjthOjI6e3M6Nzoib3JkZXJCeSI7czoxMjoiZGF0ZV9lbnRlcmVkIjtzOjk6InNvcnRPcmRlciI7czo0OiJERVNDIjt9fQ=='),('ed710047-d6a1-ae36-2883-4fe83ce24d8b','Home2_SUGARFEED',0,'2012-06-25 10:23:49','2012-06-25 10:23:49','c4af8594-c3b6-bcb4-79bc-4fe83c04793d','YToxOntzOjEzOiJsaXN0dmlld09yZGVyIjthOjI6e3M6Nzoib3JkZXJCeSI7czoxMjoiZGF0ZV9lbnRlcmVkIjtzOjk6InNvcnRPcmRlciI7czo0OiJERVNDIjt9fQ==');
/*!40000 ALTER TABLE `user_preferences` ENABLE KEYS */;
UNLOCK TABLES;

--
-- Table structure for table `users`
--

DROP TABLE IF EXISTS `users`;
/*!40101 SET @saved_cs_client     = @@character_set_client */;
/*!40101 SET character_set_client = utf8 */;
CREATE TABLE `users` (
  `id` char(36) NOT NULL,
  `user_name` varchar(60) DEFAULT NULL,
  `user_hash` varchar(32) DEFAULT NULL,
  `system_generated_password` tinyint(1) DEFAULT '0',
  `pwd_last_changed` datetime DEFAULT NULL,
  `authenticate_id` varchar(100) DEFAULT NULL,
  `sugar_login` tinyint(1) DEFAULT '1',
  `first_name` varchar(30) DEFAULT NULL,
  `last_name` varchar(30) DEFAULT NULL,
  `reports_to_id` char(36) DEFAULT NULL,
  `is_admin` tinyint(1) DEFAULT '0',
  `external_auth_only` tinyint(1) DEFAULT '0',
  `receive_notifications` tinyint(1) DEFAULT '1',
  `description` text,
  `date_entered` datetime DEFAULT NULL,
  `date_modified` datetime DEFAULT NULL,
  `modified_user_id` char(36) DEFAULT NULL,
  `created_by` char(36) DEFAULT NULL,
  `title` varchar(50) DEFAULT NULL,
  `department` varchar(50) DEFAULT NULL,
  `phone_home` varchar(50) DEFAULT NULL,
  `phone_mobile` varchar(50) DEFAULT NULL,
  `phone_work` varchar(50) DEFAULT NULL,
  `phone_other` varchar(50) DEFAULT NULL,
  `phone_fax` varchar(50) DEFAULT NULL,
  `status` varchar(100) DEFAULT NULL,
  `address_street` varchar(150) DEFAULT NULL,
  `address_city` varchar(100) DEFAULT NULL,
  `address_state` varchar(100) DEFAULT NULL,
  `address_country` varchar(100) DEFAULT NULL,
  `address_postalcode` varchar(20) DEFAULT NULL,
  `deleted` tinyint(1) DEFAULT '0',
  `portal_only` tinyint(1) DEFAULT '0',
  `employee_status` varchar(100) DEFAULT NULL,
  `messenger_id` varchar(100) DEFAULT NULL,
  `messenger_type` varchar(100) DEFAULT NULL,
  `is_group` tinyint(1) DEFAULT '0',
  PRIMARY KEY (`id`),
  KEY `idx_user_name` (`user_name`,`is_group`,`status`,`last_name`,`first_name`,`id`)
) ENGINE=MyISAM DEFAULT CHARSET=utf8;
/*!40101 SET character_set_client = @saved_cs_client */;

--
-- Dumping data for table `users`
--

LOCK TABLES `users` WRITE;
/*!40000 ALTER TABLE `users` DISABLE KEYS */;
INSERT INTO `users` VALUES ('1','admin','3d3f47356f23bbe08b457a20cb3ba94c',0,NULL,NULL,1,'Sugar','Admin',NULL,1,0,1,NULL,'2012-01-19 20:18:58','2012-05-11 07:14:50','1','1','Administrator',NULL,NULL,NULL,NULL,NULL,NULL,'Active','2300 Cabot Drive\r\nSuite 250','Lisle','IL','US','60532',0,0,'Active',NULL,NULL,0),('72f20144-3763-2903-8a91-4f1899fa87a2','dfchannel','d8ab67d01397b9651bbd0452c764ee9a',1,'2012-02-16 17:53:00',NULL,1,'df','Channel',NULL,0,0,1,NULL,'2012-01-19 22:31:30','2012-02-16 19:39:35','1','1',NULL,NULL,NULL,NULL,NULL,NULL,NULL,'Active',NULL,NULL,NULL,NULL,NULL,0,0,'Active',NULL,NULL,0),('9106f88a-f272-8119-72a3-4f3165461fc6','al.allen','35c698d2bc58ffc5163d00e81dd51607',0,'2012-03-23 16:21:26',NULL,1,'Al','Allen',NULL,1,0,1,NULL,'2012-02-07 17:55:42','2012-02-08 17:15:31','9106f88a-f272-8119-72a3-4f3165461fc6','1','Sales','Sales',NULL,NULL,NULL,NULL,NULL,'Active',NULL,NULL,NULL,NULL,NULL,0,0,'Active',NULL,NULL,0),('9673dc31-3233-8829-d8af-4f3d55b2ff3c','rakesh ','cc3728ce6118ebee8a20a45dd9cfaf4c',0,'2012-02-16 19:18:00',NULL,1,'Rakesh','Sahadevan',NULL,0,0,1,NULL,'2012-02-16 19:12:29','2012-02-16 19:18:21','9673dc31-3233-8829-d8af-4f3d55b2ff3c','1',NULL,NULL,NULL,NULL,NULL,NULL,NULL,'Active',NULL,NULL,NULL,NULL,NULL,0,0,'Active',NULL,NULL,0),('b382dde4-a6f4-b9c9-76b7-4f3d574329b1','ashu','28f6fc4a7c78f6900339b5610fb7d4fd',0,'2012-02-16 19:22:00',NULL,1,'Ashutosh','Singh',NULL,1,0,1,NULL,'2012-02-16 19:21:23','2012-02-16 19:59:34','b382dde4-a6f4-b9c9-76b7-4f3d574329b1','1',NULL,NULL,NULL,NULL,NULL,NULL,NULL,'Active',NULL,NULL,NULL,NULL,NULL,0,0,'Active',NULL,NULL,0),('529b1975-f375-4559-0442-4f3d597ffd41','hardik','3bfbc8e7b7c24e187caa4d5d79b8d565',0,'2012-02-17 13:34:00',NULL,1,'Hardik','Radixweb',NULL,0,0,1,NULL,'2012-02-16 19:29:37','2012-02-17 13:35:55','529b1975-f375-4559-0442-4f3d597ffd41','1',NULL,NULL,NULL,NULL,NULL,NULL,NULL,'Active',NULL,NULL,NULL,NULL,NULL,0,0,'Active',NULL,NULL,0),('ab9d4000-9fcd-6b70-8ecf-4f3d5c657acf','dfarcs','d2d7b3ea209e1664180947777dc2eb8a',1,'2012-02-16 19:43:00',NULL,1,'df','ARCs',NULL,0,0,1,NULL,'2012-02-16 19:43:18','2012-02-16 19:48:28','1','1',NULL,NULL,NULL,NULL,NULL,NULL,NULL,'Active',NULL,NULL,NULL,NULL,NULL,0,0,'Active',NULL,NULL,0),('90898185-59a4-f2ee-7a0b-4f3d5c354c02','dfclient','011248f810ca2021a50dc122c8f6edbf',1,'2012-02-16 19:44:15',NULL,1,'df','Client',NULL,0,0,1,NULL,'2012-02-16 19:44:15','2012-02-16 19:44:15','1','1',NULL,NULL,NULL,NULL,NULL,NULL,NULL,'Active',NULL,NULL,NULL,NULL,NULL,0,0,'Active',NULL,NULL,0),('db9fb85d-36e5-a15b-ffdf-4f3d5c469648','dfadmin','f120c0007c81a6269226712c20f8e21b',1,'2012-02-16 19:45:00',NULL,1,'df','admin',NULL,1,0,1,NULL,'2012-02-16 19:45:15','2012-02-16 19:57:37','1','1',NULL,NULL,NULL,NULL,NULL,NULL,NULL,'Active',NULL,NULL,NULL,NULL,NULL,0,0,'Active',NULL,NULL,0),('289d9714-18dc-aea1-d498-4f3d5dd2d89b','dfhelpdesk','26fa7f3dffe9a4e3986c6ea09f064319',1,'2012-02-16 19:46:22',NULL,1,'df','HelpDesk',NULL,0,0,1,NULL,'2012-02-16 19:46:22','2012-02-16 19:46:22','1','1',NULL,NULL,NULL,NULL,NULL,NULL,NULL,'Active',NULL,NULL,NULL,NULL,NULL,0,0,'Active',NULL,NULL,0),('1ce8b12c-6526-b1ed-6a36-4f3d5d8c7325','dfinsidesales','f1aa0d48cd3234f2ab1e739fc55aa59b',1,'2012-02-16 19:47:55',NULL,1,'df','InsideSales',NULL,0,0,1,NULL,'2012-02-16 19:47:55','2012-02-16 19:47:55','1','1',NULL,NULL,NULL,NULL,NULL,NULL,NULL,'Active',NULL,NULL,NULL,NULL,NULL,0,0,'Active',NULL,NULL,0),('e9f79185-1406-a996-16f2-4f3d61458948','Manish','9e1135ff4157f14358c7c94c79aad47d',0,'2012-02-17 02:29:00',NULL,1,'Manish','dahigavakar',NULL,0,0,1,NULL,'2012-02-16 20:04:32','2012-02-17 02:30:08','e9f79185-1406-a996-16f2-4f3d61458948','1',NULL,NULL,NULL,NULL,NULL,NULL,NULL,'Active',NULL,NULL,NULL,NULL,NULL,0,0,'Active',NULL,NULL,0),('3f1eeaaf-26fa-30f4-f990-4f3d62566304','bryan ','3bfbc8e7b7c24e187caa4d5d79b8d565',0,'2012-02-27 22:05:00',NULL,1,'Bryant','Cafferty',NULL,0,0,1,NULL,'2012-02-16 20:09:02','2012-02-27 22:06:40','3f1eeaaf-26fa-30f4-f990-4f3d62566304','1',NULL,NULL,NULL,NULL,NULL,NULL,NULL,'Active',NULL,NULL,NULL,NULL,NULL,0,0,'Active',NULL,NULL,0),('25a0041d-c499-73e9-10ac-4f3d633f9e36',' jack','3ac9775e55b7e864149e7b61246eaad9',1,'2012-02-16 21:05:28',NULL,1,NULL,'Jack',NULL,0,0,1,NULL,'2012-02-16 20:12:17','2012-02-16 20:12:35','1','1',NULL,NULL,NULL,NULL,NULL,NULL,NULL,'Active',NULL,NULL,NULL,NULL,NULL,0,0,'Active',NULL,NULL,0),('34a48a8a-cac7-add2-0b65-4f3d6311d045','Hayden','d03804a1e12ef2f4b7b933579a8a584b',1,'2012-02-16 20:14:00',NULL,1,NULL,'Hayden',NULL,0,0,1,NULL,'2012-02-16 20:14:24','2012-02-16 20:14:39','1','1',NULL,NULL,NULL,NULL,NULL,NULL,NULL,'Active',NULL,NULL,NULL,NULL,NULL,0,0,'Active',NULL,NULL,0),('8ce9fd7e-e650-38b9-f948-4f3d637f4517','matt','950dc2dc8b7fd2f02e04b6784932f608',0,'2012-02-16 20:17:00',NULL,1,'Matt','Spendlove',NULL,0,0,1,NULL,'2012-02-16 20:15:37','2012-02-16 20:18:20','8ce9fd7e-e650-38b9-f948-4f3d637f4517','1',NULL,NULL,NULL,NULL,NULL,NULL,NULL,'Active',NULL,NULL,NULL,NULL,NULL,0,0,'Active',NULL,NULL,0),('825f89e3-f7c9-2ddd-a2d3-4f3d644c3004','jeff ','fa03032fdd23eee0cb68fbaa2f23bd1b',1,'2012-02-16 20:17:00',NULL,1,NULL,'Jeff ',NULL,0,0,1,NULL,'2012-02-16 20:17:04','2012-02-16 20:17:19','1','1',NULL,NULL,NULL,NULL,NULL,NULL,NULL,'Active',NULL,NULL,NULL,NULL,NULL,0,0,'Active',NULL,NULL,0),('2bf53c62-efbb-f811-41f8-4f3d64001d45','dave','bf23767fb671fa453ed1a90545fe463f',0,'2012-02-28 18:48:00',NULL,1,'Dave','Ferrell',NULL,1,0,1,NULL,'2012-02-16 20:18:36','2012-02-29 00:04:36','1','1',NULL,NULL,NULL,NULL,NULL,NULL,NULL,'Active',NULL,NULL,NULL,NULL,NULL,0,0,'Active',NULL,NULL,0),('b13a4520-fde1-596b-17d8-4f74c7865de6','darrell','a08d875833468565f7c6aff313d6cc6c',0,'2012-03-29 20:34:00',NULL,1,'Darrell','Tang','9106f88a-f272-8119-72a3-4f3165461fc6',1,0,1,NULL,'2012-03-29 20:34:19','2012-03-29 23:22:54','b13a4520-fde1-596b-17d8-4f74c7865de6','2bf53c62-efbb-f811-41f8-4f3d64001d45',NULL,NULL,NULL,'619-987-5072','858-769-2594','858-430-8500option1',NULL,'Active',NULL,NULL,NULL,NULL,NULL,0,0,'Active',NULL,NULL,0),('25c40e1c-99ae-de9c-6c6e-4fa285018290','Shekhar','6809128975d4e72c490d5f8f37fdbd55',0,'2012-06-25 09:57:55',NULL,1,'Shekhar','Verma',NULL,0,0,1,NULL,'2012-05-03 13:16:27','2012-06-25 09:57:55','1','1',NULL,NULL,NULL,NULL,NULL,NULL,NULL,'Active',NULL,NULL,NULL,'admin',NULL,0,0,'Active',NULL,NULL,0),('c4af8594-c3b6-bcb4-79bc-4fe83c04793d','testSimple','6644e6a25d67a530f6cc7785c8784d3c',0,'2012-06-25 10:23:00',NULL,1,'testSimple','testSimple',NULL,0,0,1,NULL,'2012-06-25 10:23:24','2012-06-25 10:23:49','c4af8594-c3b6-bcb4-79bc-4fe83c04793d','1',NULL,NULL,NULL,NULL,NULL,NULL,NULL,'Active',NULL,NULL,NULL,NULL,NULL,0,0,'Active',NULL,NULL,0);
/*!40000 ALTER TABLE `users` ENABLE KEYS */;
UNLOCK TABLES;

--
-- Table structure for table `users_feeds`
--

DROP TABLE IF EXISTS `users_feeds`;
/*!40101 SET @saved_cs_client     = @@character_set_client */;
/*!40101 SET character_set_client = utf8 */;
CREATE TABLE `users_feeds` (
  `user_id` varchar(36) DEFAULT NULL,
  `feed_id` varchar(36) DEFAULT NULL,
  `rank` int(11) DEFAULT NULL,
  `date_modified` datetime DEFAULT NULL,
  `deleted` tinyint(1) DEFAULT '0',
  KEY `idx_ud_user_id` (`user_id`,`feed_id`)
) ENGINE=MyISAM DEFAULT CHARSET=utf8;
/*!40101 SET character_set_client = @saved_cs_client */;

--
-- Dumping data for table `users_feeds`
--

LOCK TABLES `users_feeds` WRITE;
/*!40000 ALTER TABLE `users_feeds` DISABLE KEYS */;
/*!40000 ALTER TABLE `users_feeds` ENABLE KEYS */;
UNLOCK TABLES;

--
-- Table structure for table `users_last_import`
--

DROP TABLE IF EXISTS `users_last_import`;
/*!40101 SET @saved_cs_client     = @@character_set_client */;
/*!40101 SET character_set_client = utf8 */;
CREATE TABLE `users_last_import` (
  `id` char(36) NOT NULL,
  `assigned_user_id` char(36) DEFAULT NULL,
  `import_module` varchar(36) DEFAULT NULL,
  `bean_type` varchar(36) DEFAULT NULL,
  `bean_id` char(36) DEFAULT NULL,
  `deleted` tinyint(1) DEFAULT '0',
  PRIMARY KEY (`id`),
  KEY `idx_user_id` (`assigned_user_id`)
) ENGINE=MyISAM DEFAULT CHARSET=utf8;
/*!40101 SET character_set_client = @saved_cs_client */;

--
-- Dumping data for table `users_last_import`
--

LOCK TABLES `users_last_import` WRITE;
/*!40000 ALTER TABLE `users_last_import` DISABLE KEYS */;
/*!40000 ALTER TABLE `users_last_import` ENABLE KEYS */;
UNLOCK TABLES;

--
-- Table structure for table `users_password_link`
--

DROP TABLE IF EXISTS `users_password_link`;
/*!40101 SET @saved_cs_client     = @@character_set_client */;
/*!40101 SET character_set_client = utf8 */;
CREATE TABLE `users_password_link` (
  `id` char(36) NOT NULL,
  `username` varchar(36) DEFAULT NULL,
  `date_generated` datetime DEFAULT NULL,
  `deleted` tinyint(1) DEFAULT '0',
  PRIMARY KEY (`id`),
  KEY `idx_username` (`username`)
) ENGINE=MyISAM DEFAULT CHARSET=utf8;
/*!40101 SET character_set_client = @saved_cs_client */;

--
-- Dumping data for table `users_password_link`
--

LOCK TABLES `users_password_link` WRITE;
/*!40000 ALTER TABLE `users_password_link` DISABLE KEYS */;
INSERT INTO `users_password_link` VALUES ('63060794-9727-7a0d-dbce-4f18aafa19da','dave.ferrell','2012-01-19 23:44:56',0),('dc29636a-eefb-a1e1-242f-4f4fe9592c5e','al.allen','2012-03-01 21:26:13',1),('f03d8d23-4e2e-2717-fe46-4f6ca2b3a9b3','al.allen','2012-03-23 16:20:47',1);
/*!40000 ALTER TABLE `users_password_link` ENABLE KEYS */;
UNLOCK TABLES;

--
-- Table structure for table `users_signatures`
--

DROP TABLE IF EXISTS `users_signatures`;
/*!40101 SET @saved_cs_client     = @@character_set_client */;
/*!40101 SET character_set_client = utf8 */;
CREATE TABLE `users_signatures` (
  `id` char(36) NOT NULL,
  `date_entered` datetime DEFAULT NULL,
  `date_modified` datetime DEFAULT NULL,
  `deleted` tinyint(1) DEFAULT '0',
  `user_id` varchar(36) DEFAULT NULL,
  `name` varchar(255) DEFAULT NULL,
  `signature` text,
  `signature_html` text,
  PRIMARY KEY (`id`),
  KEY `idx_usersig_uid` (`user_id`)
) ENGINE=MyISAM DEFAULT CHARSET=utf8;
/*!40101 SET character_set_client = @saved_cs_client */;

--
-- Dumping data for table `users_signatures`
--

LOCK TABLES `users_signatures` WRITE;
/*!40000 ALTER TABLE `users_signatures` DISABLE KEYS */;
/*!40000 ALTER TABLE `users_signatures` ENABLE KEYS */;
UNLOCK TABLES;

--
-- Table structure for table `vcals`
--

DROP TABLE IF EXISTS `vcals`;
/*!40101 SET @saved_cs_client     = @@character_set_client */;
/*!40101 SET character_set_client = utf8 */;
CREATE TABLE `vcals` (
  `id` char(36) NOT NULL,
  `deleted` tinyint(1) DEFAULT '0',
  `date_entered` datetime DEFAULT NULL,
  `date_modified` datetime DEFAULT NULL,
  `user_id` char(36) NOT NULL,
  `type` varchar(100) DEFAULT NULL,
  `source` varchar(100) DEFAULT NULL,
  `content` text,
  PRIMARY KEY (`id`),
  KEY `idx_vcal` (`type`,`user_id`)
) ENGINE=MyISAM DEFAULT CHARSET=utf8;
/*!40101 SET character_set_client = @saved_cs_client */;

--
-- Dumping data for table `vcals`
--

LOCK TABLES `vcals` WRITE;
/*!40000 ALTER TABLE `vcals` DISABLE KEYS */;
INSERT INTO `vcals` VALUES ('4c186359-dda0-103a-c674-4fe381a600ad',0,'2012-06-21 20:17:40','2012-06-21 20:17:40','2bf53c62-efbb-f811-41f8-4f3d64001d45','vfb','sugar','BEGIN:VCALENDAR\nVERSION:2.0\nPRODID:-//SugarCRM//SugarCRM Calendar//EN\nBEGIN:VFREEBUSY\nORGANIZER;CN=Dave Ferrell:dave@technologyconsulting.biz\nDTSTART:2012-06-20 20:17:40\nDTEND:2012-08-20 20:17:40\nDTSTAMP:2012-06-21 20:17:40\nEND:VFREEBUSY\nEND:VCALENDAR\n');
/*!40000 ALTER TABLE `vcals` ENABLE KEYS */;
UNLOCK TABLES;

--
-- Table structure for table `versions`
--

DROP TABLE IF EXISTS `versions`;
/*!40101 SET @saved_cs_client     = @@character_set_client */;
/*!40101 SET character_set_client = utf8 */;
CREATE TABLE `versions` (
  `id` char(36) NOT NULL,
  `deleted` tinyint(1) DEFAULT '0',
  `date_entered` datetime DEFAULT NULL,
  `date_modified` datetime DEFAULT NULL,
  `modified_user_id` char(36) DEFAULT NULL,
  `created_by` char(36) DEFAULT NULL,
  `name` varchar(255) DEFAULT NULL,
  `file_version` varchar(255) DEFAULT NULL,
  `db_version` varchar(255) DEFAULT NULL,
  PRIMARY KEY (`id`),
  KEY `idx_version` (`name`,`deleted`)
) ENGINE=MyISAM DEFAULT CHARSET=utf8;
/*!40101 SET character_set_client = @saved_cs_client */;

--
-- Dumping data for table `versions`
--

LOCK TABLES `versions` WRITE;
/*!40000 ALTER TABLE `versions` DISABLE KEYS */;
INSERT INTO `versions` VALUES ('8a3c07e1-976f-5726-e2ad-4f187ad06851',0,'2012-01-19 20:18:58','2012-01-19 20:18:58','1','1','Chart Data Cache','3.5.1','3.5.1'),('8a802faf-0a83-ebc9-8353-4f187a62b6fe',0,'2012-01-19 20:18:58','2012-01-19 20:18:58','1','1','htaccess','3.5.1','3.5.1'),('4beea6de-8bb5-ffbc-1680-4fe857dea03a',0,'2012-06-25 12:19:40','2012-06-25 12:19:40','1','1','Rebuild Relationships','4.0.0','4.0.0'),('7eb15575-77f0-0440-6e23-4fe81eb54ebc',0,'2012-06-25 08:17:43','2012-06-25 08:17:43','1','1','Rebuild Extensions','4.0.0','4.0.0');
/*!40000 ALTER TABLE `versions` ENABLE KEYS */;
UNLOCK TABLES;
/*!40103 SET TIME_ZONE=@OLD_TIME_ZONE */;

/*!40101 SET SQL_MODE=@OLD_SQL_MODE */;
/*!40014 SET FOREIGN_KEY_CHECKS=@OLD_FOREIGN_KEY_CHECKS */;
/*!40014 SET UNIQUE_CHECKS=@OLD_UNIQUE_CHECKS */;
/*!40101 SET CHARACTER_SET_CLIENT=@OLD_CHARACTER_SET_CLIENT */;
/*!40101 SET CHARACTER_SET_RESULTS=@OLD_CHARACTER_SET_RESULTS */;
/*!40101 SET COLLATION_CONNECTION=@OLD_COLLATION_CONNECTION */;
/*!40111 SET SQL_NOTES=@OLD_SQL_NOTES */;

-- Dump completed on 2012-07-02  1:25:54
